6.587040424346923828e-01 1.402902483940124512e+00 3.882188200950622559e-01 9.757901728153228760e-02 3.393031284213066101e-02 2.135257050395011902e-02 6.526733748614788055e-03 5.987189710140228271e-03 1.467499881982803345e-02 3.838589414954185486e-02 1.797317340970039368e-02 8.778311312198638916e-02 4.714332148432731628e-02 2.249837666749954224e-02 1.455316599458456039e-02 7.083681412041187286e-03 2.076951554045081139e-03 6.706581450998783112e-03 2.524830773472785950e-02 1.006712391972541809e-01 9.975749999284744263e-03 2.539044432342052460e-02 1.239180117845535278e-01 2.197382003068923950e-01 9.935815632343292236e-02 2.624617144465446472e-02 2.154595591127872467e-02 1.463341992348432541e-02 1.290746126323938370e-02 1.014496106654405594e-02 1.140292827039957047e-02 8.548570796847343445e-03 1.255936920642852783e-02 1.143967173993587494e-02 1.166883297264575958e-02 9.145162068307399750e-03 1.578889414668083191e-02 1.397591177374124527e-02 1.283784303814172745e-02 1.666202582418918610e-02 1.520873978734016418e-02 1.881342940032482147e-02 2.046493627130985260e-02 2.182829752564430237e-02 2.090198546648025513e-02 2.451054379343986511e-02 2.847589738667011261e-02 3.212216496467590332e-02 3.372435644268989563e-02 3.068821690976619720e-02 2.376504614949226379e-02 4.160865023732185364e-02 2.444672584533691406e-02 4.355313256382942200e-02 3.012836910784244537e-02 2.467298693954944611e-02 2.413054183125495911e-02 2.425334230065345764e-02 2.592515200376510620e-02 2.440031431615352631e-02 2.290061488747596741e-02 2.390911616384983063e-02 2.355232276022434235e-02 2.190565131604671478e-02 2.226631343364715576e-02 2.340534888207912445e-02 2.514871209859848022e-02 2.884622849524021149e-02 3.490883857011795044e-02 3.069982118904590607e-02 3.672858700156211853e-02 3.922131657600402832e-02 5.755708739161491394e-02 9.395015239715576172e-02 7.581356912851333618e-02 5.432079359889030457e-02 5.688120797276496887e-02 6.124493479728698730e-02 3.094251826405525208e-02 1.279239729046821594e-02 9.011726942844688892e-04 3.712986072059720755e-04 1.411708217347040772e-04 8.025464921956881881e-05
0.000000000000000000e+00 3.000000000000000000e+00 0.000000000000000000e+00 0.000000000000000000e+00 0.000000000000000000e+00 0.000000000000000000e+00 0.000000000000000000e+00 0.000000000000000000e+00 0.000000000000000000e+00 0.000000000000000000e+00 0.000000000000000000e+00 0.000000000000000000e+00 0.000000000000000000e+00 0.000000000000000000e+00 0.000000000000000000e+00 0.000000000000000000e+00 0.000000000000000000e+00 0.000000000000000000e+00 0.000000000000000000e+00 0.000000000000000000e+00 0.000000000000000000e+00 0.000000000000000000e+00 0.000000000000000000e+00 0.000000000000000000e+00 0.000000000000000000e+00 0.000000000000000000e+00 0.000000000000000000e+00 0.000000000000000000e+00 0.000000000000000000e+00 1.000000000000000000e+00 0.000000000000000000e+00 0.000000000000000000e+00 0.000000000000000000e+00 0.000000000000000000e+00 0.000000000000000000e+00 0.000000000000000000e+00 0.000000000000000000e+00 0.000000000000000000e+00 0.000000000000000000e+00 0.000000000000000000e+00 0.000000000000000000e+00 0.000000000000000000e+00 0.000000000000000000e+00 0.000000000000000000e+00 0.000000000000000000e+00 0.000000000000000000e+00 0.000000000000000000e+00 0.000000000000000000e+00 0.000000000000000000e+00 0.000000000000000000e+00 0.000000000000000000e+00 0.000000000000000000e+00 0.000000000000000000e+00 0.000000000000000000e+00 0.000000000000000000e+00 0.000000000000000000e+00 0.000000000000000000e+00 0.000000000000000000e+00 0.000000000000000000e+00 0.000000000000000000e+00 0.000000000000000000e+00 0.000000000000000000e+00 0.000000000000000000e+00 0.000000000000000000e+00 0.000000000000000000e+00 0.000000000000000000e+00 0.000000000000000000e+00 0.000000000000000000e+00 0.000000000000000000e+00 1.000000000000000000e+00 0.000000000000000000e+00 0.000000000000000000e+00 0.000000000000000000e+00 0.000000000000000000e+00 0.000000000000000000e+00 0.000000000000000000e+00 0.000000000000000000e+00 0.000000000000000000e+00 0.000000000000000000e+00 0.000000000000000000e+00 0.000000000000000000e+00 0.000000000000000000e+00 0.000000000000000000e+00 0.000000000000000000e+00
4.059193432331085205e-01 1.688504934310913086e+00 6.984849572181701660e-01 4.632746800780296326e-02 1.858595572412014008e-02 5.239109508693218231e-03 3.091933322139084339e-04 4.294351965654641390e-04 7.643946446478366852e-03 0.000000000000000000e+00 0.000000000000000000e+00 0.000000000000000000e+00 2.336127683520317078e-03 1.209289580583572388e-02 1.047821948304772377e-03 5.582657642662525177e-03 0.000000000000000000e+00 3.435481572523713112e-03 6.075649335980415344e-02 4.330424591898918152e-02 5.863794684410095215e-02 1.829966530203819275e-02 1.987426169216632843e-02 1.116531565785408020e-01 1.945799589157104492e-01 2.010443806648254395e-01 1.125005707144737244e-01 6.818285584449768066e-02 6.055609136819839478e-02 3.224772214889526367e-02 2.465530671179294586e-02 1.319224946200847626e-02 1.970821246504783630e-02 1.351289451122283936e-02 1.067289616912603378e-02 5.267738597467541695e-04 1.338692661374807358e-02 4.345884080976247787e-03 1.042096060700714588e-03 3.738949308171868324e-03 4.237093962728977203e-04 3.223626874387264252e-03 1.408547512255609035e-03 1.534515176899731159e-03 3.091933613177388906e-04 4.523384268395602703e-04 9.962896583601832390e-04 3.549997636582702398e-04 2.519353292882442474e-04 1.431450655218213797e-04 1.145160513260634616e-05 8.531446568667888641e-03 7.186455279588699341e-02 9.039324522018432617e-02 1.243644393980503082e-02 5.044432356953620911e-03 4.689432680606842041e-03 4.901287145912647247e-03 5.811689887195825577e-03 5.565480329096317291e-03 5.450964439660310745e-03 4.162658471614122391e-03 4.248545505106449127e-03 6.710640620440244675e-03 1.268265303224325180e-02 2.453506551682949066e-02 4.562319815158843994e-02 7.303833961486816406e-02 1.414559632539749146e-01 1.445650607347488403e-01 1.134396046400070190e-01 1.101186349987983704e-01 4.402569681406021118e-02 2.355595305562019348e-02 2.139159850776195526e-02 7.048462983220815659e-03 2.061289036646485329e-03 1.362741109915077686e-03 2.536530606448650360e-03 4.924190230667591095e-03 4.248545505106449127e-03 1.872337539680302143e-03 2.347579138586297631e-04 0.000000000000000000e+00
1.788428723812103271e-01 8.526833653450012207e-01 9.935200214385986328e-01 1.048540100455284119e-01 9.817668795585632324e-02 8.995099365711212158e-02 7.262866199016571045e-02 3.314737230539321899e-02 3.080265037715435028e-02 4.587299656122922897e-03 9.226346388459205627e-03 8.449542522430419922e-02 2.953479290008544922e-01 4.922845959663391113e-02 2.767635136842727661e-02 1.406162604689598083e-02 9.881578385829925537e-03 1.035805046558380127e-02 2.255276776850223541e-02 1.797756552696228027e-02 2.467930503189563751e-02 4.882591217756271362e-02 4.308585077524185181e-02 4.009911045432090759e-02 4.666868597269058228e-02 4.913975298404693604e-02 5.052346736192703247e-02 5.907800421118736267e-02 7.579304277896881104e-02 1.061559617519378662e-01 1.013477817177772522e-01 6.046665087342262268e-02 3.630772233009338379e-02 2.803566493093967438e-02 2.521088346838951111e-02 2.612462453544139862e-02 2.536522783339023590e-02 2.385046519339084625e-02 2.029719948768615723e-02 1.674079895019531250e-02 1.457841973751783371e-02 1.318775862455368042e-02 1.027158182114362717e-02 9.881802834570407867e-03 8.063728921115398407e-03 7.421264424920082092e-03 5.988489370793104172e-03 5.159200169146060944e-03 4.553474020212888718e-03 3.837310476228594780e-03 3.098073881119489670e-03 6.162770092487335205e-03 5.338185001164674759e-04 2.144906437024474144e-03 4.731114953756332397e-03 8.210231550037860870e-03 1.022879593074321747e-02 1.300944574177265167e-02 2.129494585096836090e-02 4.720205441117286682e-02 7.733917236328125000e-02 7.204690575599670410e-02 4.994865506887435913e-02 4.882994666695594788e-02 4.974547773599624634e-02 4.398615285754203796e-02 4.073149338364601135e-02 4.122208058834075928e-02 3.888810798525810242e-02 4.234773665666580200e-02 4.202224686741828918e-02 3.966116905212402344e-02 3.870934620499610901e-02 3.563120961189270020e-02 3.314961493015289307e-02 3.156428784132003784e-02 2.857956290245056152e-02 2.261549048125743866e-02 1.886868104338645935e-02 1.560819894075393677e-02 1.303610298782587051e-02 1.281791646033525467e-02 1.290662493556737900e-02 4.238850623369216919e-02
2.582558691501617432e-01 1.997903347015380859e+00 2.736544013023376465e-01 2.107870578765869141e-02 6.205557845532894135e-03 6.149930879473686218e-03 1.833647547755390406e-04 6.695904303342103958e-04 1.659966260194778442e-02 2.464092802256345749e-03 1.718066073954105377e-02 1.136140525341033936e-01 7.517543435096740723e-02 2.885007858276367188e-02 2.617995440959930420e-02 1.593419164419174194e-02 1.741347275674343109e-02 2.163704112172126770e-02 4.615229368209838867e-02 5.469832569360733032e-02 1.378532219678163528e-02 3.501442819833755493e-02 4.904423654079437256e-02 5.473541095852851868e-02 5.632320046424865723e-02 6.547701358795166016e-02 7.094430923461914062e-02 7.382045686244964600e-02 6.286527216434478760e-02 3.900106623768806458e-02 2.501521259546279907e-02 2.048328705132007599e-02 1.842300780117511749e-02 1.783720217645168304e-02 2.089808881282806396e-02 2.583795040845870972e-02 3.377688676118850708e-02 4.253925010561943054e-02 4.027912765741348267e-02 4.589063674211502075e-02 9.609892964363098145e-02 6.213593110442161560e-02 1.569931954145431519e-02 4.930245690047740936e-03 3.516894998028874397e-03 2.606251975521445274e-03 1.748489448800683022e-03 8.083158172667026520e-04 1.943529205163940787e-04 7.897733303252607584e-05 4.807315781363286078e-05 1.428459654562175274e-04 3.433797019170015119e-06 8.172437082976102829e-05 8.155267685651779175e-03 1.408886909484863281e-02 1.727131195366382599e-02 1.607909798622131348e-02 2.199827693402767181e-02 3.021535463631153107e-02 2.794012054800987244e-02 3.627119958400726318e-02 3.414018452167510986e-02 2.730967476963996887e-02 3.317528590559959412e-02 4.219793155789375305e-02 5.144102871417999268e-02 5.973158776760101318e-02 7.287616282701492310e-02 8.000747114419937134e-02 7.977328449487686157e-02 8.593901246786117554e-02 6.279934197664260864e-02 3.586875647306442261e-02 2.846480347216129303e-02 2.713729813694953918e-02 2.266649529337882996e-02 1.916745491325855255e-02 1.491641439497470856e-02 1.603308506309986115e-02 1.705498248338699341e-02 1.366925984621047974e-02 3.308806801214814186e-03 2.170159714296460152e-04
4.344234988093376160e-02 2.845950365066528320e+00 1.102657318115234375e-01 1.720751170068979263e-04 1.853116737038362771e-05 0.000000000000000000e+00 0.000000000000000000e+00 0.000000000000000000e+00 0.000000000000000000e+00 0.000000000000000000e+00 0.000000000000000000e+00 0.000000000000000000e+00 0.000000000000000000e+00 0.000000000000000000e+00 0.000000000000000000e+00 0.000000000000000000e+00 1.588385566719807684e-05 0.000000000000000000e+00 9.530314127914607525e-05 3.970964462496340275e-05 1.438371546100825071e-04 8.294903091154992580e-05 1.544263865798711777e-02 2.556400895118713379e-01 3.213948607444763184e-01 1.824605166912078857e-01 6.253739446401596069e-02 2.693549171090126038e-02 2.007454819977283478e-02 1.905533485114574432e-02 2.238741517066955566e-02 2.343927882611751556e-02 2.058724313974380493e-02 1.495376881211996078e-02 7.348048966377973557e-03 3.426501061767339706e-03 1.414545695297420025e-03 5.718188476748764515e-04 3.662111412268131971e-04 3.185595851391553879e-04 2.109023334924131632e-04 1.747224305290728807e-04 1.173640557681210339e-04 1.606034493306651711e-04 7.941928924992680550e-05 8.824365067994222045e-05 5.559350029216147959e-05 6.706517160637304187e-05 6.000568464514799416e-05 4.235695087118074298e-05 2.470822255418170244e-05 3.379731788299977779e-04 4.323938992456533015e-05 6.362367421388626099e-04 3.798889229074120522e-03 6.398546975106000900e-03 9.089978411793708801e-03 4.987531341612339020e-03 3.542100079357624054e-03 3.138826694339513779e-03 3.749472787603735924e-03 5.166665650904178619e-03 8.990263566374778748e-03 1.162963081151247025e-02 1.814818941056728363e-02 1.749077439308166504e-02 2.019367739558219910e-02 2.484676428139209747e-02 2.798559144139289856e-02 3.645080327987670898e-02 5.751986056566238403e-02 7.753616571426391602e-02 9.808988124132156372e-02 1.177117377519607544e-01 1.210058704018592834e-01 1.007689535617828369e-01 7.522329688072204590e-02 5.796107649803161621e-02 3.881308808922767639e-02 2.414875850081443787e-02 1.633654721081256866e-02 7.477766834199428558e-03 9.565611835569143295e-04 1.632507483009248972e-04
1.614941358566284180e-01 5.602443814277648926e-01 7.076895236968994141e-01 1.072960495948791504e-01 4.886388778686523438e-02 7.641044259071350098e-02 1.051873154938220978e-02 5.339724943041801453e-02 1.557720005512237549e-01 5.652571469545364380e-02 1.639243066310882568e-01 2.585097551345825195e-01 4.523110091686248779e-01 8.677953481674194336e-02 4.420305788516998291e-02 7.417977787554264069e-03 1.573930378071963787e-03 4.170361440628767014e-03 1.948570273816585541e-02 2.341221459209918976e-02 9.630532562732696533e-02 1.714632809162139893e-01 2.130015492439270020e-01 1.631872057914733887e-01 8.267752826213836670e-02 8.004137873649597168e-02 6.077089160680770874e-02 3.562957048416137695e-02 2.562624774873256683e-02 2.097465470433235168e-02 1.387072354555130005e-02 8.456180803477764130e-03 7.103007286787033081e-03 4.717173054814338684e-03 3.619855269789695740e-03 2.890157280489802361e-03 2.252826467156410217e-03 1.660755136981606483e-03 1.300524687394499779e-03 1.118562067858874798e-03 7.287741173058748245e-04 5.689795361831784248e-04 4.784600751008838415e-04 4.387423396110534668e-04 4.119559598620980978e-04 2.586270566098392010e-04 2.438483643345534801e-04 1.367028744425624609e-04 2.032069824053905904e-05 1.477868954680161551e-05 4.618340426532085985e-06 2.678637429198715836e-05 1.200768474518554285e-05 1.163821798400022089e-04 4.664523876272141933e-04 1.116714673116803169e-03 2.249131677672266960e-03 4.480713978409767151e-03 8.288997225463390350e-03 9.337360970675945282e-03 1.903402805328369141e-02 3.179819881916046143e-02 6.173058599233627319e-02 7.830950617790222168e-02 1.281238496303558350e-01 1.188733130693435669e-01 1.380209475755691528e-01 1.775881201028823853e-01 8.376191556453704834e-02 4.329601675271987915e-02 3.015960939228534698e-02 2.169511653482913971e-02 1.475282665342092514e-02 1.077920664101839066e-02 6.171026267111301422e-03 3.334441687911748886e-03 1.961871050298213959e-03 1.340242335572838783e-03 1.613648142665624619e-03 1.299600931815803051e-03 2.420010278001427650e-04 2.586270602478180081e-05 1.662602517171762884e-05 3.694672386700403877e-06
5.100409984588623047e-01 1.123103022575378418e+00 9.997637569904327393e-02 5.333659797906875610e-02 2.558759599924087524e-02 2.465368621051311493e-02 2.345656044781208038e-02 3.368653729557991028e-02 4.664990678429603577e-02 5.060320347547531128e-02 1.606146693229675293e-01 7.629203051328659058e-02 3.084937669336795807e-02 2.166720107197761536e-02 1.752408593893051147e-02 8.922250568866729736e-02 8.827846497297286987e-02 9.131556749343872070e-02 1.418225914239883423e-01 2.913189530372619629e-01 7.509238086640834808e-03 9.517100639641284943e-03 1.690907217562198639e-02 2.588877454400062561e-02 1.722315996885299683e-01 1.925945281982421875e-01 4.808493703603744507e-02 2.871834300458431244e-02 2.400661446154117584e-02 2.369362302124500275e-02 2.430694922804832458e-02 2.332073450088500977e-02 2.362613193690776825e-02 2.203671447932720184e-02 2.631396986544132233e-02 3.143908083438873291e-02 3.738083690404891968e-02 4.126495495438575745e-02 2.908954396843910217e-02 2.451111003756523132e-02 1.887475326657295227e-02 1.692172698676586151e-02 1.308485306799411774e-02 1.301061268895864487e-02 1.055055949836969376e-02 1.037845667451620102e-02 1.074797101318836212e-02 1.071000751107931137e-02 9.835152886807918549e-03 1.090235728770494461e-02 1.281826291233301163e-02 2.972142957150936127e-02 1.626031287014484406e-02 2.356960810720920563e-02 2.066073939204216003e-02 1.446420419961214066e-02 1.446336042135953903e-02 1.392933633178472519e-02 1.645772531628608704e-02 1.413687225431203842e-02 1.418833434581756592e-02 1.448529493063688278e-02 1.522094942629337311e-02 1.525806915014982224e-02 1.566639170050621033e-02 1.694113016128540039e-02 1.881654188036918640e-02 2.630468830466270447e-02 3.473433852195739746e-02 4.825619608163833618e-02 1.216444224119186401e-01 9.522331506013870239e-02 8.118177205324172974e-02 7.602291554212570190e-02 7.626503705978393555e-02 5.108829587697982788e-02 3.374727815389633179e-02 2.740479446947574615e-02 1.946192607283592224e-02 1.869168318808078766e-02 1.624597236514091492e-02 1.230195537209510803e-02 9.123120456933975220e-03 7.783420849591493607e-03
3.826040029525756836e-02 1.421185016632080078e+00 1.476570725440979004e+00 3.398634493350982666e-02 3.622434101998806000e-03 9.347545565105974674e-04 0.000000000000000000e+00 0.000000000000000000e+00 3.151934128254652023e-03 7.911062857601791620e-05 4.101261729374527931e-04 2.410792279988527298e-03 1.620518788695335388e-02 1.759170554578304291e-03 3.643252712208777666e-04 2.290044540131930262e-05 0.000000000000000000e+00 4.163717221672413871e-06 6.058208527974784374e-04 4.267810145393013954e-04 5.752869416028261185e-03 9.803472086787223816e-03 9.351015090942382812e-03 4.918668791651725769e-02 8.606889843940734863e-02 1.470666676759719849e-01 1.550138145685195923e-01 1.283611655235290527e-01 1.075425744056701660e-01 8.559631556272506714e-02 7.152433693408966064e-02 5.259954929351806641e-02 3.835824504494667053e-02 2.076584659516811371e-02 1.199428178369998932e-02 7.304548285901546478e-03 5.265714600682258606e-03 2.980527700856328011e-03 1.888939761556684971e-03 1.320592360571026802e-03 7.577965734526515007e-04 5.065856385044753551e-04 2.650899987202137709e-04 2.109616762027144432e-04 7.841667684260755777e-05 1.006231686915270984e-04 6.661947554675862193e-05 7.147714495658874512e-05 6.592552381334826350e-05 1.665486888668965548e-05 4.510693906922824681e-05 6.870133802294731140e-05 6.245576059882296249e-06 3.108909004367887974e-04 8.366989903151988983e-03 2.254930511116981506e-02 4.381549358367919922e-02 8.870314061641693115e-02 1.247297078371047974e-01 1.206943690776824951e-01 9.355179220438003540e-02 7.587403059005737305e-02 7.995516806840896606e-02 6.814548373222351074e-02 4.980222508311271667e-02 4.032490774989128113e-02 3.053462132811546326e-02 2.096778713166713715e-02 1.833145879209041595e-02 2.562004700303077698e-02 2.198928594589233398e-02 2.983095310628414154e-02 2.187200821936130524e-02 6.333013996481895447e-03 9.604308288544416428e-04 4.031866264995187521e-04 3.879196592606604099e-04 3.372610954102128744e-04 4.135959316045045853e-04 5.503046559169888496e-04 5.197707214392721653e-04 8.362132357433438301e-04 8.056793012656271458e-04 2.476717811077833176e-03
7.495076656341552734e-01 6.156255006790161133e-01 7.546408176422119141e-01 2.413801550865173340e-01 9.076674282550811768e-02 4.950766637921333313e-02 2.621468901634216309e-02 3.497982025146484375e-02 5.785311013460159302e-02 3.754640743136405945e-02 2.020984701812267303e-02 2.079903148114681244e-02 3.586763516068458557e-02 3.536723181605339050e-02 1.603712514042854309e-02 2.004842460155487061e-02 3.389830526430159807e-04 6.029055453836917877e-03 1.280710250139236450e-01 5.920903757214546204e-02 4.722087830305099487e-02 1.959375850856304169e-02 5.260694026947021484e-02 9.095238149166107178e-02 1.157573312520980835e-01 8.528114110231399536e-02 5.912294983863830566e-02 4.142588004469871521e-02 4.800914600491523743e-02 4.134786128997802734e-02 4.615550115704536438e-02 3.121603466570377350e-02 4.337906837463378906e-02 3.083131648600101471e-02 2.633575536310672760e-02 1.668818853795528412e-02 4.050578549504280090e-02 2.121603488922119141e-02 1.508743595331907272e-02 2.512779086828231812e-02 1.088781282305717468e-02 1.890503056347370148e-02 1.222222205251455307e-02 1.486682798713445663e-02 5.033629480749368668e-03 4.767285659909248352e-03 5.262308288365602493e-03 3.153080353513360023e-03 1.963949529454112053e-03 1.560398144647479057e-03 3.443637397140264511e-04 2.317191287875175476e-02 1.185794994235038757e-01 1.203416734933853149e-01 1.005891859531402588e-01 5.839924514293670654e-02 4.583266004920005798e-02 4.014796763658523560e-02 3.659402579069137573e-02 3.519235923886299133e-02 3.429916501045227051e-02 3.387409076094627380e-02 3.302125260233879089e-02 3.154963627457618713e-02 3.193435445427894592e-02 3.384449705481529236e-02 3.559860214591026306e-02 3.593220189213752747e-02 3.334947675466537476e-02 2.899112179875373840e-02 2.445520646870136261e-02 2.052730694413185120e-02 1.670971140265464783e-02 1.381490472704172134e-02 1.032015029340982437e-02 5.719666369259357452e-03 3.104654373601078987e-03 1.953188097104430199e-03 1.815980649553239346e-03 1.786386827006936073e-03 1.783696585334837437e-03 2.219531917944550514e-03 1.794457901269197464e-03 5.924132186919450760e-03
2.895398736000061035e-01 1.516391158103942871e+00 2.593989372253417969e-01 4.930440336465835571e-02 1.263067685067653656e-02 3.907515667378902435e-03 1.157545484602451324e-03 1.419752021320164204e-03 8.365025743842124939e-03 1.745911315083503723e-03 4.348790273070335388e-03 1.761259883642196655e-02 3.268563449382781982e-01 1.376456022262573242e-01 1.305692195892333984e-01 7.353612035512924194e-02 6.545568816363811493e-03 1.705940812826156616e-02 1.005593687295913696e-01 4.140623658895492554e-02 4.858493804931640625e-02 5.529252067208290100e-02 8.295103907585144043e-02 1.144680380821228027e-01 1.945891678333282471e-01 1.280910521745681763e-01 8.344027400016784668e-02 7.444211840629577637e-02 7.246278226375579834e-02 4.176330566406250000e-02 2.352290414273738861e-02 1.391826011240482330e-02 1.263174321502447128e-02 8.199813775718212128e-03 6.335590034723281860e-03 3.390563884750008583e-03 6.579676643013954163e-03 3.570697735995054245e-03 2.149879699572920799e-03 3.194442018866539001e-03 1.533801201730966568e-03 2.454721368849277496e-03 1.580699929036200047e-03 1.800271216779947281e-03 7.247983594425022602e-04 8.441768586635589600e-04 9.422378498129546642e-04 7.706311880610883236e-04 5.936950910836458206e-04 4.103637766093015671e-04 1.588161103427410126e-04 8.606980554759502411e-03 2.806888148188591003e-02 5.977134779095649719e-02 4.903367161750793457e-02 4.228665307164192200e-02 5.535434186458587646e-02 4.897398501634597778e-02 4.844104498624801636e-02 5.367344990372657776e-02 5.140312388539314270e-02 3.888862952589988708e-02 1.805813796818256378e-02 1.746444217860698700e-02 1.766482740640640259e-02 1.897266320884227753e-02 1.973050273954868317e-02 2.082729339599609375e-02 2.273095399141311646e-02 2.349625714123249054e-02 2.434469759464263916e-02 2.501939982175827026e-02 2.501513622701168060e-02 2.686017379164695740e-02 2.991711720824241638e-02 3.050335124135017395e-02 3.074743784964084625e-02 3.309876844286918640e-02 4.565163701772689819e-02 4.864569380879402161e-02 3.289945051074028015e-02 1.047440152615308762e-02 1.736318343318998814e-03 2.462182601448148489e-04
9.243134260177612305e-01 1.351141810417175293e+00 6.014328598976135254e-01 4.612611979246139526e-02 8.294776082038879395e-03 5.395522457547485828e-04 9.402984869666397572e-05 3.805970118264667690e-05 4.701492434833198786e-05 0.000000000000000000e+00 0.000000000000000000e+00 0.000000000000000000e+00 5.373134627006947994e-05 2.798507339321076870e-04 4.701492434833198786e-04 9.537313599139451981e-04 3.291044849902391434e-04 1.412686542607843876e-03 1.107985060662031174e-02 5.339328199625015259e-02 1.332089537754654884e-03 6.685074418783187866e-03 1.673529893159866333e-01 4.025552272796630859e-01 1.841529905796051025e-01 6.768806278705596924e-02 2.842462621629238129e-02 1.195970177650451660e-02 9.997014887630939484e-03 7.817164063453674316e-03 6.076865829527378082e-03 6.385820917785167694e-03 7.817164063453674316e-03 7.846268825232982635e-03 8.491790853440761566e-03 8.004477247595787048e-03 1.143059693276882172e-02 9.986567310988903046e-03 7.292537484318017960e-03 7.144029717892408371e-03 3.713432932272553444e-03 4.210447892546653748e-03 3.000746248289942741e-03 4.888806026428937912e-03 1.654477557167410851e-03 1.248507411219179630e-03 9.947761427611112595e-04 8.731343550607562065e-04 4.858208994846791029e-04 3.089552337769418955e-04 1.388059754390269518e-04 1.004104502499103546e-02 1.552611961960792542e-02 1.994402892887592316e-02 2.077164128422737122e-02 3.082462772727012634e-02 1.479179132729768753e-02 1.062910445034503937e-02 3.381865844130516052e-02 6.587836146354675293e-02 7.332760840654373169e-02 7.423358410596847534e-02 7.069104164838790894e-02 6.967686861753463745e-02 7.577238976955413818e-02 8.179850876331329346e-02 8.632387965917587280e-02 7.728731632232666016e-02 6.465298682451248169e-02 5.063208937644958496e-02 3.651268780231475830e-02 1.803806051611900330e-02 5.543283652514219284e-03 1.388059696182608604e-03 4.805970238521695137e-04 2.761193900369107723e-04 2.104477607645094395e-04 1.582089607836678624e-04 1.410447730449959636e-04 1.828358217608183622e-04 2.425373095320537686e-04 1.470149290980771184e-04 3.955224019591696560e-05 5.895522554055787623e-05
6.739982962608337402e-02 2.709700107574462891e+00 2.080018222332000732e-01 5.092075094580650330e-03 1.414783648215234280e-03 2.090672205667942762e-04 2.176590205635875463e-04 1.718360726954415441e-05 4.925967077724635601e-04 2.863934696506476030e-06 2.863934423658065498e-05 2.863934696506476030e-06 1.947475393535569310e-04 7.961737574078142643e-04 4.582295514410361648e-05 4.467737744562327862e-04 2.863934696506476030e-06 8.019016240723431110e-05 3.851992078125476837e-03 2.001890214160084724e-03 1.579937175847589970e-03 6.291109602898359299e-04 9.412798099219799042e-04 2.327424008399248123e-03 5.354602821171283722e-03 2.634533308446407318e-02 5.832402408123016357e-02 9.245067089796066284e-02 8.554381132125854492e-02 7.253391295671463013e-02 6.997641921043395996e-02 6.778360158205032349e-02 6.366335600614547729e-02 5.591927468776702881e-02 4.934654384851455688e-02 4.568262025713920593e-02 4.837185144424438477e-02 4.547546058893203735e-02 4.183444380760192871e-02 3.912898153066635132e-02 3.260971233248710632e-02 2.572004124522209167e-02 1.832440681755542755e-02 1.334497984498739243e-02 7.798493374139070511e-03 5.723095498979091644e-03 4.198527894914150238e-03 3.134099068120121956e-03 2.252007136121392250e-03 1.717406092211604118e-03 1.117889070883393288e-03 1.084667444229125977e-02 1.055837143212556839e-02 1.541846897453069687e-02 1.831295154988765717e-02 2.005804330110549927e-02 2.003513090312480927e-02 2.042653597891330719e-02 2.021746896207332611e-02 2.168571203947067261e-02 2.557875402271747589e-02 2.887132391333580017e-02 3.180017322301864624e-02 3.613903373479843140e-02 4.096380993723869324e-02 4.568357393145561218e-02 5.039570108056068420e-02 5.438898131251335144e-02 5.935313180088996887e-02 5.965670943260192871e-02 5.467155575752258301e-02 4.824393242597579956e-02 4.237286373972892761e-02 3.723687678575515747e-02 3.254766017198562622e-02 2.823934890329837799e-02 2.512147836387157440e-02 2.396922186017036438e-02 2.487613447010517120e-02 2.599497884511947632e-02 2.637874521315097809e-02 2.364082448184490204e-02 1.629101485013961792e-02 1.087149512022733688e-02
7.427878379821777344e-01 2.027493715286254883e+00 4.874875769019126892e-02 2.696834038943052292e-03 3.007033374160528183e-04 5.697536835214123130e-05 1.645955053390935063e-04 0.000000000000000000e+00 2.500585687812417746e-04 0.000000000000000000e+00 0.000000000000000000e+00 0.000000000000000000e+00 2.785462420433759689e-04 1.221805112436413765e-03 2.500585687812417746e-04 1.962484791874885559e-03 2.690503315534442663e-04 2.775966655462980270e-03 2.919354662299156189e-02 1.415489614009857178e-01 4.875297844409942627e-02 2.219728678464889526e-01 6.892015039920806885e-02 6.792729720473289490e-03 4.214067012071609497e-03 3.512425813823938370e-03 2.517467131838202477e-03 2.658850513398647308e-03 3.205392044037580490e-03 4.110667388886213303e-03 5.642671603709459305e-03 1.827115565538406372e-02 4.873820766806602478e-02 5.183808878064155579e-02 5.244371667504310608e-02 5.740268155932426453e-02 6.045719608664512634e-02 6.569154560565948486e-02 7.459025084972381592e-02 7.318802177906036377e-02 4.778334125876426697e-02 2.823656983673572540e-02 1.383340824395418167e-02 8.786867372691631317e-03 4.763773642480373383e-03 3.336224239319562912e-03 2.624032320454716682e-03 2.409846987575292587e-03 1.527783926576375961e-03 1.458147424273192883e-03 5.507618770934641361e-04 9.768110699951648712e-03 7.919576019048690796e-03 6.400233134627342224e-03 5.839975085109472275e-03 5.708087701350450516e-03 3.916529007256031036e-03 9.975965134799480438e-03 5.776458233594894409e-02 5.946012586355209351e-02 2.135732211172580719e-02 1.200703158974647522e-02 1.004982180893421173e-02 1.281523704528808594e-02 1.757162623107433319e-02 1.883985474705696106e-02 3.097244352102279663e-02 4.976587370038032532e-02 4.914652928709983826e-02 6.775742769241333008e-02 1.039631664752960205e-01 1.259978562593460083e-01 1.518551856279373169e-01 2.775966562330722809e-02 5.358849652111530304e-03 1.499401777982711792e-02 2.711289003491401672e-02 3.449330851435661316e-02 3.181652352213859558e-02 2.115052193403244019e-02 6.774793379008769989e-03 1.316764042712748051e-03 1.245017338078469038e-04 1.371629241475602612e-05
1.206648908555507660e-02 2.872039556503295898e+00 4.005526006221771240e-02 1.203712890855967999e-03 6.997192976996302605e-04 6.850398494862020016e-04 6.556810112670063972e-04 1.003094133920967579e-03 1.952363643795251846e-03 6.625314243137836456e-03 2.654040232300758362e-02 1.419011096004396677e-04 0.000000000000000000e+00 0.000000000000000000e+00 0.000000000000000000e+00 0.000000000000000000e+00 0.000000000000000000e+00 4.893141976936021820e-06 7.339712465181946754e-05 3.625328838825225830e-02 1.631047325645340607e-06 1.745220652082934976e-04 7.926889811642467976e-04 1.328814215958118439e-02 7.774712890386581421e-02 8.287514746189117432e-02 7.502165436744689941e-02 6.672125309705734253e-02 5.166668444871902466e-02 4.302213340997695923e-02 3.555030748248100281e-02 2.406447194516658783e-02 2.513280883431434631e-02 3.110896609723567963e-02 4.524851590394973755e-02 7.780584692955017090e-02 9.408370405435562134e-02 8.256851136684417725e-02 6.397946178913116455e-02 4.303518310189247131e-02 2.267808094620704651e-02 1.247261837124824524e-02 6.641624495387077332e-03 3.390947356820106506e-03 1.808831468224525452e-03 1.608212594874203205e-03 1.909956452436745167e-03 2.867381088435649872e-03 7.478351704776287079e-03 3.609507810324430466e-03 8.726103114895522594e-04 7.731164223514497280e-04 9.623179357731714845e-05 3.669856523629277945e-04 4.909452400170266628e-04 6.834088126197457314e-04 1.823510858230292797e-03 2.715693786740303040e-03 5.154109559953212738e-03 1.537751406431198120e-02 2.457172796130180359e-02 3.687634691596031189e-02 6.915477663278579712e-02 9.268262982368469238e-02 9.912526607513427734e-02 9.235805273056030273e-02 9.121794998645782471e-02 6.766889244318008423e-02 4.340869188308715820e-02 2.807521820068359375e-02 2.183320000767707825e-02 2.557156048715114594e-02 3.220666199922561646e-02 3.097685053944587708e-02 3.137808665633201599e-02 3.152814507484436035e-02 2.652898430824279785e-02 2.225890196859836578e-02 2.089045383036136627e-02 1.890057697892189026e-02 2.247746288776397705e-02 1.660079881548881531e-02 1.580321788787841797e-02 1.119713950902223587e-02
5.320144295692443848e-01 1.306976556777954102e+00 9.498358964920043945e-01 4.508296400308609009e-02 3.747827839106321335e-03 1.417360384948551655e-03 5.246959044598042965e-04 0.000000000000000000e+00 4.388365894556045532e-03 6.814232619944959879e-06 6.814232619944959879e-06 2.044269785983487964e-05 1.826214371249079704e-03 9.546739980578422546e-03 3.611543215811252594e-04 4.327037837356328964e-03 6.132809357950463891e-05 5.110674537718296051e-04 1.287072300910949707e-01 1.063701696693897247e-02 6.281586736440658569e-02 1.276760082691907883e-02 1.104428097605705261e-01 8.543912321329116821e-02 1.291319876909255981e-01 1.776470430195331573e-02 1.065064594149589539e-02 8.063508197665214539e-03 1.005780696868896484e-02 1.478007063269615173e-02 5.967450514435768127e-02 5.745987966656684875e-02 2.859251946210861206e-02 2.207357063889503479e-02 1.685841195285320282e-02 9.358213283121585846e-03 2.062213979661464691e-02 1.566137745976448059e-02 2.586682699620723724e-02 4.191888868808746338e-02 3.492975607514381409e-02 3.505014255642890930e-02 3.210185095667839050e-02 3.374408185482025146e-02 2.341143228113651276e-02 1.678572595119476318e-02 1.314692664891481400e-02 9.537653997540473938e-03 9.190128184854984283e-03 8.626818656921386719e-03 6.141894962638616562e-03 1.733313687145709991e-02 9.844749420881271362e-02 1.607704535126686096e-02 2.429955452680587769e-02 5.939058214426040649e-02 1.089845672249794006e-01 6.541208922863006592e-02 1.906849443912506104e-02 2.200088649988174438e-02 3.584059327840805054e-02 5.151332914829254150e-02 6.499642133712768555e-02 7.952209562063217163e-02 4.042429849505424500e-02 1.257907319813966751e-02 1.182496547698974609e-02 1.289479993283748627e-02 1.056206040084362030e-02 1.161599531769752502e-02 1.526161003857851028e-02 2.077205292880535126e-02 2.543525956571102142e-02 2.434725314378738403e-02 1.932743564248085022e-02 4.480357840657234192e-02 2.684580534696578979e-02 2.669134922325611115e-02 4.197794571518898010e-02 4.585978575050830841e-03 1.065291697159409523e-03 1.385560608468949795e-03 1.969313248991966248e-03 7.722796726739034057e-05
1.727168112993240356e-01 2.290423154830932617e+00 3.807009458541870117e-01 2.823665924370288849e-02 1.421404257416725159e-02 1.232386194169521332e-02 1.126411370933055878e-02 8.348129689693450928e-03 2.345654414966702461e-03 8.091185591183602810e-04 1.873602857813239098e-03 6.696343421936035156e-03 2.761738747358322144e-02 1.050946302711963654e-02 4.113874398171901703e-03 3.502102103084325790e-03 1.748485490679740906e-03 2.830730751156806946e-03 9.920582175254821777e-03 9.804937988519668579e-03 2.519976580515503883e-03 3.202925436198711395e-03 4.907468333840370178e-03 6.673715077340602875e-03 9.717185050249099731e-03 1.490475330501794815e-02 2.289726585149765015e-02 4.364148527383804321e-02 9.633851796388626099e-02 1.081473082304000854e-01 9.849735349416732788e-02 1.126131191849708557e-01 1.014086008071899414e-01 5.214222893118858337e-02 3.828999027609825134e-02 4.533287137746810913e-02 4.380159825086593628e-02 3.228475153446197510e-02 2.371335588395595551e-02 1.968078874051570892e-02 1.530168112367391586e-02 1.356437895447015762e-02 1.132108177989721298e-02 1.123109180480241776e-02 7.981987670063972473e-03 7.826084271073341370e-03 6.560701411217451096e-03 5.750662181526422501e-03 4.705517552793025970e-03 4.113611299544572830e-03 3.214371390640735626e-03 2.771355956792831421e-02 1.264158915728330612e-02 2.129665762186050415e-02 2.635634504258632660e-02 2.828836254775524139e-02 2.764764614403247833e-02 2.476547472178936005e-02 2.238666638731956482e-02 2.011258155107498169e-02 1.749130152165889740e-02 1.667705178260803223e-02 1.647089049220085144e-02 1.462899520993232727e-02 1.331756450235843658e-02 1.305680535733699799e-02 1.372567657381296158e-02 1.512854360044002533e-02 1.719712466001510620e-02 2.181278355419635773e-02 3.098463453352451324e-02 4.503790661692619324e-02 6.913095712661743164e-02 9.384472668170928955e-02 1.094253212213516235e-01 7.039660215377807617e-02 3.825315088033676147e-02 3.461435437202453613e-02 4.058104380965232849e-02 5.921300500631332397e-02 4.602450504899024963e-02 1.581057161092758179e-02 3.146747592836618423e-03 5.344129167497158051e-04
1.538403272628784180e+00 1.100669622421264648e+00 4.132057726383209229e-02 3.702948335558176041e-03 3.674717852845788002e-03 2.300815423950552940e-03 7.208281196653842926e-03 1.612923480570316315e-02 6.446047918871045113e-04 6.116688018664717674e-05 4.705144419858697802e-06 0.000000000000000000e+00 8.850376121699810028e-03 2.297051437199115753e-02 1.625627279281616211e-02 1.696204580366611481e-02 1.626097783446311951e-02 2.341750264167785645e-02 4.872647300362586975e-02 1.324357092380523682e-01 7.067126687616109848e-03 5.027132853865623474e-02 1.205065846443176270e-01 2.495294809341430664e-01 3.033438026905059814e-01 1.668428480625152588e-01 5.468632280826568604e-02 1.674717664718627930e-02 1.369197014719247818e-02 5.294855684041976929e-03 4.206398967653512955e-03 2.172208391129970551e-03 1.922835595905780792e-03 1.345671247690916061e-03 9.112296393141150475e-04 1.286072802031412721e-04 3.748431627172976732e-04 1.897741458378732204e-04 7.841907063266262412e-05 1.552697649458423257e-04 3.607277176342904568e-05 8.626098133390769362e-05 6.116687291068956256e-05 5.959849295322783291e-05 1.568381435390620027e-06 1.097866970667382702e-05 2.509410296624992043e-05 1.568381435390620027e-06 7.841907063266262412e-06 0.000000000000000000e+00 0.000000000000000000e+00 2.430991153232753277e-04 2.118883421644568443e-03 5.823400337249040604e-03 3.232434019446372986e-02 9.161072969436645508e-02 1.083328127861022949e-01 1.002430990338325500e-01 6.976160407066345215e-02 4.598023742437362671e-02 3.439773991703987122e-02 4.071361199021339417e-02 1.809441670775413513e-02 1.200282294303178787e-02 1.380018796771764755e-02 1.526819355785846710e-02 3.843318670988082886e-02 5.405897274613380432e-02 6.638174504041671753e-02 7.021800428628921509e-02 6.413895636796951294e-02 4.072145372629165649e-02 9.363236837089061737e-03 6.254705134779214859e-03 6.988707464188337326e-03 7.474905811250209808e-03 9.976474568247795105e-03 1.266624871641397476e-02 1.300031412392854691e-02 7.178481668233871460e-03 2.137703821063041687e-03 5.348180420696735382e-04 0.000000000000000000e+00 0.000000000000000000e+00
8.224117569625377655e-03 2.673472166061401367e+00 3.035952448844909668e-01 1.165258605033159256e-02 2.659241668879985809e-03 1.201917075377423316e-05 0.000000000000000000e+00 0.000000000000000000e+00 0.000000000000000000e+00 0.000000000000000000e+00 0.000000000000000000e+00 0.000000000000000000e+00 0.000000000000000000e+00 0.000000000000000000e+00 0.000000000000000000e+00 0.000000000000000000e+00 0.000000000000000000e+00 0.000000000000000000e+00 1.592540065757930279e-04 2.253594575449824333e-04 8.814058674033731222e-05 1.302076852880418301e-04 5.105142481625080109e-03 3.213144838809967041e-01 2.689129114151000977e-01 1.776723861694335938e-01 6.889488548040390015e-02 5.025115236639976501e-02 3.198401629924774170e-02 2.427471801638603210e-02 1.754198037087917328e-02 1.140919793397188187e-02 6.343117449432611465e-03 3.763001877814531326e-03 2.949704881757497787e-03 2.062289277091622353e-03 1.821905956603586674e-03 1.216941047459840775e-03 8.062859997153282166e-04 7.932652370072901249e-04 4.647412570193409920e-04 3.585719096008688211e-04 3.014808753505349159e-04 2.864568959921598434e-04 1.292060769628733397e-04 1.712731755105778575e-04 1.482364314142614603e-04 1.402236521244049072e-04 8.313259604619815946e-05 7.511981675634160638e-05 4.707508560386486351e-05 4.587316652759909630e-04 3.745974972844123840e-04 5.250374320894479752e-03 9.503157809376716614e-03 8.380366489291191101e-03 8.368347771465778351e-03 8.295230567455291748e-03 9.127558209002017975e-03 1.067102048546075821e-02 1.402036286890506744e-02 2.119680866599082947e-02 4.058974236249923706e-02 3.332114592194557190e-02 2.757798694074153900e-02 2.556878142058849335e-02 2.110566385090351105e-02 1.851052418351173401e-02 1.435790117830038071e-02 1.259008143097162247e-02 1.455922238528728485e-02 2.000791206955909729e-02 4.099238291382789612e-02 6.421241909265518188e-02 8.710493147373199463e-02 1.275264024734497070e-01 1.142021492123603821e-01 1.274312585592269897e-01 8.345711231231689453e-02 1.590637117624282837e-02 6.365152541548013687e-03 4.654423799365758896e-03 3.421457251533865929e-03 1.349151949398219585e-03
5.639632940292358398e-01 2.065924167633056641e+00 2.147512882947921753e-01 1.594195142388343811e-03 3.308706800453364849e-04 4.858940155827440321e-05 4.858940155827440321e-05 7.635477959411218762e-05 2.244367642560973763e-04 2.082403079839423299e-04 1.878790324553847313e-03 6.252762675285339355e-02 5.946417804807424545e-04 2.012989571085199714e-04 9.717880311654880643e-05 7.404099596897140145e-05 9.255124496121425182e-06 2.071296796202659607e-02 4.256200045347213745e-02 2.417207136750221252e-02 2.699411379580851644e-05 1.480819919379428029e-04 2.483458374626934528e-04 6.528718862682580948e-03 2.358822710812091827e-02 1.206019800156354904e-02 1.142468024045228958e-02 6.815627682954072952e-03 8.105946704745292664e-03 1.360734645277261734e-02 1.798810623586177826e-02 3.084038756787776947e-02 2.502662688493728638e-02 1.951828598976135254e-02 1.440791506320238113e-02 1.501566823571920395e-02 2.342549152672290802e-02 2.762423269450664520e-02 3.979934751987457275e-02 2.435871586203575134e-02 1.800815761089324951e-02 2.268045395612716675e-02 2.324193157255649567e-02 2.214596979320049286e-02 1.857040636241436005e-02 3.514633327722549438e-02 7.158144563436508179e-02 1.048196852207183838e-01 1.316749751567840576e-01 1.460049897432327271e-01 7.484541833400726318e-02 1.072129048407077789e-02 3.856301646010251716e-06 7.712603292020503432e-06 2.236655018350575119e-05 1.064339303411543369e-04 5.406535346992313862e-04 1.480819890275597572e-03 3.392774378880858421e-03 5.431986879557371140e-03 7.368621416389942169e-03 8.316500112414360046e-03 1.211264450103044510e-02 1.632295362651348114e-02 2.445049583911895752e-02 3.313797339797019958e-02 3.214459121227264404e-02 2.637633308768272400e-02 2.803300134837627411e-02 4.046186059713363647e-02 4.620698094367980957e-02 6.588722765445709229e-02 6.710582226514816284e-02 6.017913296818733215e-02 7.061274349689483643e-02 1.123556718230247498e-01 1.485262364149093628e-01 1.257447451353073120e-01 4.129250720143318176e-02 1.412563398480415344e-02 6.365211680531501770e-03 1.196996076032519341e-03 6.301196990534663200e-04 5.938704998698085546e-05
5.015019327402114868e-02 2.423011302947998047e+00 5.130494832992553711e-01 5.237139295786619186e-03 1.811375375837087631e-03 7.947409758344292641e-04 1.607595622772350907e-04 2.943485160358250141e-04 7.562492974102497101e-04 6.543593481183052063e-04 3.622750809881836176e-04 5.434126433101482689e-05 2.377430355409160256e-04 4.913355805911123753e-04 2.264219256176147610e-05 2.558567794039845467e-04 6.792658041376853362e-06 5.207704089116305113e-05 1.560047152452170849e-03 1.037012436427175999e-03 1.926850643940269947e-03 3.332930849865078926e-03 1.018898654729127884e-02 4.155521839857101440e-02 2.082093060016632080e-01 1.735675036907196045e-01 5.441069975495338440e-02 1.966625452041625977e-02 9.262921288609504700e-03 6.437175441533327103e-03 8.367044851183891296e-03 1.872962154448032379e-02 1.813186891376972198e-02 2.791027724742889404e-02 4.630781337618827820e-02 7.850727438926696777e-02 9.088123589754104614e-02 5.833836644887924194e-02 3.329987451434135437e-02 2.892389148473739624e-02 2.253954857587814331e-02 1.389626879245042801e-02 7.359467446804046631e-03 5.163929425179958344e-03 2.467999001964926720e-03 2.151763066649436951e-03 1.556273433379828930e-03 1.255132257938385010e-03 8.113452349789440632e-04 6.286982097662985325e-04 3.630298306234180927e-04 3.851437009871006012e-03 3.979742992669343948e-03 6.447741761803627014e-03 1.208111923187971115e-02 1.584953442215919495e-02 1.611897721886634827e-02 1.462836656719446182e-02 1.607142947614192963e-02 1.375890616327524185e-02 8.801020681858062744e-03 7.307390216737985611e-03 6.627369672060012817e-03 7.306635845452547073e-03 7.680986542254686356e-03 9.958036243915557861e-03 1.342455577105283737e-02 1.684352755546569824e-02 2.232671156525611877e-02 3.546144813299179077e-02 6.451666355133056641e-02 6.090221554040908813e-02 6.614162027835845947e-02 4.875769838690757751e-02 7.173424214124679565e-02 1.425726115703582764e-01 1.673688292503356934e-01 9.910714626312255859e-02 3.117452561855316162e-02 7.734572980552911758e-03 3.303495934233069420e-03 1.466459361836314201e-03 3.788793692365288734e-04 1.675522216828539968e-04
5.707137584686279297e-01 1.375589609146118164e+00 4.750055670738220215e-01 6.278927624225616455e-02 2.835725620388984680e-02 1.412160694599151611e-02 1.079216785728931427e-02 1.525923516601324081e-02 3.234590590000152588e-02 3.048787266016006470e-02 7.927235960960388184e-02 3.909101337194442749e-02 1.671395264565944672e-02 1.156263891607522964e-02 7.401535287499427795e-03 1.094793062657117844e-02 3.763351123780012131e-03 1.648586988449096680e-02 7.994826138019561768e-02 1.193508058786392212e-01 1.787939481437206268e-02 9.408099949359893799e-02 1.601487100124359131e-01 1.969218254089355469e-01 1.700943857431411743e-01 1.157877147197723389e-01 7.181148976087570190e-02 4.269118234515190125e-02 2.992879413068294525e-02 1.946762390434741974e-02 1.512757781893014908e-02 1.090249978005886078e-02 1.050474680960178375e-02 7.887368090450763702e-03 6.857291329652070999e-03 4.508789628744125366e-03 6.211986299604177475e-03 3.621495328843593597e-03 2.189957071095705032e-03 2.789830788969993591e-03 1.072726561687886715e-03 1.962802140042185783e-03 9.076917194761335850e-04 1.088488381356000900e-03 1.947040436789393425e-04 4.274217353668063879e-04 5.535157979466021061e-04 3.736463550012558699e-04 2.049028262263163924e-04 1.344385091215372086e-04 2.966918873426038772e-05 3.636329900473356247e-03 9.674936532974243164e-03 9.976265020668506622e-03 1.458518765866756439e-02 1.721091009676456451e-02 2.304368838667869568e-02 3.586077690124511719e-02 4.671321064233779907e-02 5.282135307788848877e-02 5.644284933805465698e-02 5.765928700566291809e-02 5.774829536676406860e-02 5.616841092705726624e-02 5.498349666595458984e-02 5.338136106729507446e-02 5.123127251863479614e-02 4.851005226373672485e-02 4.561823233962059021e-02 4.278389737010002136e-02 3.887220099568367004e-02 3.585150465369224548e-02 3.354565426707267761e-02 3.140947222709655762e-02 2.884679660201072693e-02 2.651869133114814758e-02 2.501761540770530701e-02 2.168261446058750153e-02 1.342159882187843323e-02 6.081256549805402756e-03 2.952084178104996681e-03 1.143190893344581127e-03 2.178831055061891675e-04 2.596054036985151470e-05
3.277049958705902100e-02 2.381304979324340820e+00 5.196605324745178223e-01 5.047656595706939697e-02 6.300645880401134491e-03 2.552386373281478882e-03 7.139542140066623688e-05 8.031984907574951649e-05 1.517152762971818447e-03 8.924427675083279610e-06 0.000000000000000000e+00 0.000000000000000000e+00 2.052618510788306594e-04 9.995358996093273163e-04 0.000000000000000000e+00 3.123549977317452431e-04 0.000000000000000000e+00 9.816870442591607571e-05 2.614857396110892296e-03 1.026309211738407612e-03 4.134985152631998062e-03 0.000000000000000000e+00 0.000000000000000000e+00 1.308916107518598437e-04 6.520782131701707840e-03 8.790561929345130920e-03 4.959007259458303452e-03 3.578695701435208321e-03 4.227204248309135437e-03 3.888075705617666245e-03 7.859446108341217041e-03 1.449029613286256790e-02 5.623877048492431641e-02 1.769981831312179565e-01 2.152691036462783813e-01 1.457864791154861450e-01 8.496055752038955688e-02 5.275527015328407288e-02 4.182581976056098938e-02 3.561144322156906128e-02 3.377003595232963562e-02 3.270207718014717102e-02 2.435773797333240509e-02 1.501386240124702454e-02 7.243660744279623032e-03 4.834065213799476624e-03 3.290139138698577881e-03 2.347124507650732994e-03 1.564749749377369881e-03 1.219671801663935184e-03 9.132664417847990990e-04 4.718047566711902618e-03 4.313473473303020000e-04 3.202977031469345093e-02 6.598127074539661407e-03 3.575720824301242828e-03 5.030402448028326035e-03 7.237710990011692047e-03 1.035233680158853531e-02 1.697426103055477142e-02 2.782934159040451050e-02 4.152833670377731323e-02 6.974142789840698242e-02 1.008400842547416687e-01 9.633027762174606323e-02 8.318459242582321167e-02 8.101000636816024780e-02 8.082556724548339844e-02 9.532776474952697754e-02 9.499458223581314087e-02 6.708492338657379150e-02 4.692464321851730347e-02 1.639119908213615417e-02 5.863348953425884247e-03 2.745748963207006454e-03 2.168636070564389229e-03 9.549137903377413750e-04 8.299718028865754604e-04 8.061733096837997437e-04 6.366092129610478878e-04 4.700198769569396973e-04 2.141862642019987106e-04 2.320351195521652699e-04 8.359214407391846180e-04
3.152294456958770752e-01 9.742303490638732910e-01 8.341804146766662598e-01 7.627326250076293945e-02 4.006583243608474731e-02 2.168189175426959991e-02 5.418664775788784027e-03 1.233896054327487946e-02 3.178058937191963196e-02 2.564804255962371826e-02 7.877357304096221924e-02 1.226208955049514771e-01 4.979597777128219604e-02 2.229411900043487549e-02 1.758553087711334229e-02 1.487315353006124496e-02 1.772792823612689972e-02 3.193174302577972412e-02 1.007684320211410522e-01 2.067811489105224609e-01 2.878671884536743164e-02 6.346574425697326660e-02 5.668035522103309631e-02 7.166087627410888672e-02 8.697822690010070801e-02 8.888572454452514648e-02 1.016863882541656494e-01 1.003742367029190063e-01 9.320151805877685547e-02 7.240902632474899292e-02 5.933993682265281677e-02 4.558526724576950073e-02 3.533909469842910767e-02 2.698849327862262726e-02 2.000347152352333069e-02 1.358955819159746170e-02 1.017522625625133514e-02 6.745410151779651642e-03 4.520884249359369278e-03 3.563327947631478310e-03 2.212596125900745392e-03 1.794418669305741787e-03 9.877615375444293022e-04 8.381314692087471485e-04 3.078902082052081823e-04 3.050981322303414345e-04 3.842916630674153566e-04 2.606787020340561867e-04 1.723474415484815836e-04 1.338928996119648218e-04 4.454635927686467767e-05 2.578866202384233475e-03 5.365234334021806717e-03 5.585808772593736649e-03 7.495590951293706894e-03 1.135526038706302643e-02 1.757626608014106750e-02 2.482463233172893524e-02 3.008440136909484863e-02 3.286505863070487976e-02 3.404483944177627563e-02 3.456746786832809448e-02 3.683971241116523743e-02 4.087426513433456421e-02 4.735480993986129761e-02 5.653744935989379883e-02 7.165402173995971680e-02 7.198488712310791016e-02 6.158565729856491089e-02 4.877483472228050232e-02 3.904037922620773315e-02 3.514441102743148804e-02 3.264638781547546387e-02 3.091567941009998322e-02 3.013681620359420776e-02 2.985938638448715210e-02 3.145975619554519653e-02 3.341027721762657166e-02 2.904257550835609436e-02 2.249489538371562958e-02 1.625383645296096802e-02 1.212930027395486832e-02 1.013842131942510605e-02 7.957680150866508484e-03
6.182578951120376587e-02 1.632456064224243164e+00 1.104250907897949219e+00 2.830927073955535889e-02 1.065395027399063110e-02 1.115787681192159653e-02 1.894194429041817784e-04 1.929933903738856316e-03 1.894909143447875977e-02 5.160786211490631104e-03 8.134313859045505524e-03 2.213705703616142273e-02 3.625773638486862183e-02 1.318430714309215546e-02 1.141877565532922745e-02 5.428832489997148514e-03 4.181523341685533524e-03 6.501018069684505463e-03 9.267256595194339752e-03 8.606076240539550781e-03 1.804964616894721985e-02 6.828153878450393677e-02 1.124746426939964294e-01 2.611605636775493622e-02 2.297097817063331604e-02 1.952807232737541199e-02 1.719904690980911255e-02 2.285184711217880249e-02 2.119710668921470642e-02 1.904439739882946014e-02 2.389305830001831055e-02 1.814376190304756165e-02 2.786252647638320923e-02 6.687816232442855835e-02 1.266417801380157471e-01 1.815376877784729004e-01 1.248131096363067627e-01 2.675460092723369598e-02 1.226818468421697617e-02 1.129368692636489868e-02 1.237063761800527573e-02 1.135325338691473007e-02 6.296111270785331726e-03 1.593982451595366001e-03 3.430993529036641121e-04 1.381928013870492578e-04 6.194849265739321709e-05 1.548712316434830427e-05 1.310448897129390389e-05 2.382634420428075828e-06 1.191317210214037914e-06 1.072185477823950350e-05 1.310448897129390389e-05 4.074304888490587473e-04 8.752607740461826324e-03 1.168801262974739075e-02 1.160819455981254578e-02 1.436013728380203247e-02 1.051694806665182114e-02 6.291346158832311630e-03 3.436950035393238068e-03 2.082422375679016113e-03 2.342129591852426529e-03 3.323775017634034157e-03 3.152225399389863014e-03 4.350690636783838272e-03 8.523874916136264801e-03 8.072365075349807739e-03 9.457867592573165894e-03 1.063369773328304291e-02 1.390505395829677582e-02 2.862854301929473877e-02 5.397620052099227905e-02 8.942265063524246216e-02 1.439182609319686890e-01 1.651499271392822266e-01 1.522896587848663330e-01 1.343341171741485596e-01 4.525218531489372253e-02 3.089919500052928925e-02 2.270888909697532654e-02 5.015445640310645103e-04 0.000000000000000000e+00 0.000000000000000000e+00
1.377578228712081909e-01 2.770256042480468750e+00 5.577706173062324524e-02 1.258210651576519012e-02 4.847608972340822220e-03 6.995533476583659649e-04 9.015370742417871952e-04 9.261692175641655922e-04 1.650354592129588127e-03 1.256240182556211948e-03 3.103652037680149078e-03 2.527259523048996925e-03 3.842616919428110123e-03 7.389648235403001308e-04 3.103652270510792732e-04 2.069101319648325443e-04 2.413951733615249395e-04 2.808066201396286488e-04 7.586705032736063004e-04 1.335063017904758453e-03 1.248029439011588693e-04 1.019771443679928780e-03 3.249802859500050545e-03 4.359892103821039200e-03 5.217091646045446396e-03 6.241789087653160095e-03 5.773778073489665985e-03 4.872241057455539703e-03 5.340252071619033813e-03 8.286258205771446228e-03 1.382520981132984161e-02 2.389647997915744781e-02 4.913294687867164612e-02 7.045125961303710938e-02 9.536751359701156616e-02 1.189815402030944824e-01 1.412424445152282715e-01 1.169387176632881165e-01 8.776110410690307617e-02 5.827476456761360168e-02 4.123423621058464050e-02 3.191178292036056519e-02 2.500328421592712402e-02 1.929355040192604065e-02 1.421932503581047058e-02 1.134721469134092331e-02 8.644245564937591553e-03 6.553796585649251938e-03 5.121847148984670639e-03 4.029821138828992844e-03 3.003481309860944748e-03 9.279755875468254089e-03 6.732790643582120538e-05 1.041119336150586605e-03 2.614293247461318970e-03 3.831121837720274925e-03 5.929782055318355560e-03 7.360089104622602463e-03 9.161521680653095245e-03 1.285470277070999146e-02 1.876313798129558563e-02 2.582107111811637878e-02 2.885575406253337860e-02 3.281167894601821899e-02 3.935069590806961060e-02 4.329841211438179016e-02 4.653507471084594727e-02 4.884228855371475220e-02 5.136626213788986206e-02 5.772957205772399902e-02 7.129039615392684937e-02 8.471656590700149536e-02 8.618464320898056030e-02 7.464037090539932251e-02 4.998029395937919617e-02 4.445119574666023254e-02 4.379762336611747742e-02 3.898942470550537109e-02 2.775059081614017487e-02 1.981739327311515808e-02 1.144574396312236786e-02 5.704808048903942108e-03 3.074093488976359367e-03 1.922950614243745804e-03
5.374416112899780273e-01 6.562842726707458496e-01 1.800680458545684814e-01 3.173115849494934082e-02 1.611822098493576050e-02 1.307637616991996765e-02 5.471765063703060150e-03 1.113904174417257309e-02 3.428041934967041016e-02 3.405697643756866455e-02 3.210821747779846191e-01 6.065838932991027832e-01 1.807662993669509888e-01 5.131525546312332153e-02 3.759140893816947937e-02 5.756906419992446899e-02 5.809465423226356506e-03 2.545957826077938080e-02 1.157424375414848328e-01 7.841255515813827515e-02 4.556164890527725220e-02 6.657779961824417114e-02 5.988895520567893982e-02 6.596925854682922363e-02 6.130493059754371643e-02 5.002116039395332336e-02 4.108098149299621582e-02 3.783093020319938660e-02 5.122807994484901428e-02 5.962235108017921448e-02 6.159946694970130920e-02 5.438249185681343079e-02 5.703077465295791626e-02 4.343049600720405579e-02 3.681359440088272095e-02 2.526575885713100433e-02 3.931291773915290833e-02 2.479941025376319885e-02 1.255585998296737671e-02 2.621199749410152435e-02 6.078610662370920181e-03 1.131677813827991486e-02 8.521227166056632996e-03 1.064645498991012573e-02 2.993601374328136444e-03 3.856896189972758293e-03 5.850937683135271072e-03 3.933069296181201935e-03 2.893730066716670990e-03 2.479010028764605522e-03 1.417665393091738224e-03 1.952315680682659149e-02 7.067590951919555664e-02 8.823972195386886597e-02 6.158507615327835083e-02 5.280655249953269958e-02 4.887602478265762329e-02 4.322906211018562317e-02 4.037765040993690491e-02 3.767604380846023560e-02 3.459018841385841370e-02 3.388093411922454834e-02 3.094488382339477539e-02 2.638888917863368988e-02 2.277405373752117157e-02 1.969666220247745514e-02 1.810549199581146240e-02 2.310498431324958801e-02 3.183949366211891174e-02 3.072567470371723175e-02 2.904732897877693176e-02 3.497105464339256287e-02 4.036072269082069397e-02 3.720969706773757935e-02 3.176247701048851013e-02 3.054793737828731537e-02 3.233969956636428833e-02 2.153581753373146057e-02 1.301966980099678040e-02 6.851343903690576553e-03 3.436251543462276459e-03 2.214097185060381889e-03 9.614733280614018440e-04 2.251337282359600067e-04
8.110122084617614746e-01 1.605715513229370117e+00 4.491830468177795410e-01 4.609502851963043213e-02 1.638693921267986298e-02 7.841804996132850647e-03 1.154179102741181850e-03 5.921179545111954212e-04 4.244012758135795593e-03 4.809079400729387999e-04 8.295662119053304195e-04 7.213619392132386565e-05 1.722251647152006626e-03 4.718909040093421936e-03 5.770895513705909252e-04 2.629965310916304588e-03 3.516639408189803362e-04 1.082042930647730827e-03 1.480595301836729050e-02 3.050459176301956177e-02 1.392629276961088181e-02 5.150724668055772781e-03 5.952237639576196671e-03 7.512182928621768951e-03 1.082543842494487762e-02 1.117710210382938385e-02 1.457151118665933609e-02 1.959699951112270355e-02 2.566545642912387848e-02 2.842466533184051514e-02 4.079001024365425110e-02 5.342686921358108521e-02 8.416791260242462158e-02 1.165009513497352600e-01 1.093274131417274475e-01 8.102598041296005249e-02 6.771985441446304321e-02 5.209134891629219055e-02 4.014379158616065979e-02 4.821603372693061829e-02 4.256837069988250732e-02 3.701889142394065857e-02 2.670742385089397430e-02 1.831557974219322205e-02 1.415572594851255417e-02 8.556153625249862671e-03 3.487584646791219711e-03 2.075919415801763535e-03 1.233328483067452908e-03 9.357667295262217522e-04 7.093392196111381054e-04 8.023147471249103546e-03 1.721950992941856384e-02 2.085737884044647217e-02 2.532581426203250885e-02 3.009081073105335236e-02 3.807288035750389099e-02 4.045037180185317993e-02 3.784845769405364990e-02 3.611819073557853699e-02 3.869806230068206787e-02 4.064673930406570435e-02 4.829417914152145386e-02 5.083698034286499023e-02 4.540773108601570129e-02 4.234394431114196777e-02 4.321358725428581238e-02 3.899562358856201172e-02 3.752885386347770691e-02 3.799673914909362793e-02 3.794063255190849304e-02 3.456425666809082031e-02 3.507321700453758240e-02 3.441197052597999573e-02 3.221181407570838928e-02 3.228195011615753174e-02 2.141543291509151459e-02 1.659432984888553619e-02 1.569262705743312836e-02 1.826047524809837341e-02 1.725758239626884460e-02 1.017420925199985504e-02 7.299781776964664459e-03 1.687586121261119843e-02
1.879770457744598389e-01 7.341157793998718262e-01 4.039729237556457520e-01 4.706110805273056030e-02 1.604127883911132812e-02 7.402381859719753265e-03 5.480770487338304520e-04 7.218575919978320599e-04 2.474367432296276093e-02 2.623417647555470467e-03 1.152632758021354675e-02 1.418951451778411865e-01 3.770435750484466553e-01 3.875372707843780518e-01 3.297853171825408936e-01 1.020359024405479431e-01 6.122087314724922180e-02 4.344513267278671265e-02 7.135027647018432617e-02 4.895263910293579102e-02 5.674602463841438293e-02 1.608606129884719849e-01 9.640920162200927734e-02 4.741423577070236206e-02 4.246706143021583557e-02 4.579005390405654907e-02 4.885794967412948608e-02 3.217947483062744141e-02 3.843000531196594238e-02 2.671207301318645477e-02 2.989916317164897919e-02 2.770685404539108276e-02 3.583889082074165344e-02 3.828630223870277405e-02 3.658191487193107605e-02 3.351513296365737915e-02 3.449877724051475525e-02 2.866376191377639771e-02 2.251460403203964233e-02 1.773898117244243622e-02 1.220362633466720581e-02 9.486634284257888794e-03 1.385565567761659622e-02 1.246763858944177628e-02 1.186497695744037628e-02 5.352662876248359680e-03 3.845451166853308678e-03 5.029609426856040955e-03 2.537641208618879318e-03 1.394700142554938793e-03 1.334545318968594074e-03 1.951577700674533844e-02 2.508343756198883057e-02 1.038160398602485657e-01 9.763903915882110596e-02 9.671777486801147461e-02 5.951983109116554260e-02 3.826402127742767334e-02 2.698165550827980042e-02 2.061415836215019226e-02 2.105640806257724762e-02 2.391598746180534363e-02 2.258478477597236633e-02 1.958595588803291321e-02 1.799853891134262085e-02 1.651917584240436554e-02 1.689792796969413757e-02 1.737805269658565521e-02 1.786708831787109375e-02 1.926401630043983459e-02 1.979092881083488464e-02 2.433373034000396729e-02 3.562166541814804077e-02 3.907499834895133972e-02 4.312096536159515381e-02 5.783326923847198486e-02 5.266775563359260559e-02 3.224074468016624451e-02 9.663756936788558960e-03 7.051479071378707886e-03 5.159944761544466019e-03 4.942719358950853348e-03 5.088650155812501907e-03 1.705499948002398014e-03
1.077421754598617554e-01 1.402965068817138672e+00 1.096322059631347656e+00 8.255381882190704346e-02 2.628635987639427185e-02 1.300778426229953766e-02 8.771794848144054413e-03 1.027878187596797943e-02 1.461767870932817459e-02 1.027317531406879425e-02 4.153005406260490417e-02 9.019760042428970337e-02 3.308280929923057556e-02 8.773113600909709930e-03 5.573115777224302292e-03 4.654212854802608490e-03 3.645596560090780258e-03 6.944213993847370148e-03 1.613060384988784790e-02 1.665008440613746643e-02 1.755337417125701904e-02 4.075583443045616150e-02 3.538721427321434021e-02 2.726419083774089813e-02 2.286185696721076965e-02 1.995441690087318420e-02 1.854703761637210846e-02 1.942647248506546021e-02 2.373557351529598236e-02 2.858900465071201324e-02 3.455659374594688416e-02 4.012992978096008301e-02 4.297558218240737915e-02 4.306485503911972046e-02 4.127685353159904480e-02 4.060851037502288818e-02 4.339050874114036560e-02 4.705622419714927673e-02 5.244111642241477966e-02 5.749101564288139343e-02 5.849919095635414124e-02 5.582010373473167419e-02 4.862213879823684692e-02 4.014455154538154602e-02 3.113605082035064697e-02 2.328744716942310333e-02 1.706390827894210815e-02 1.180061232298612595e-02 7.751304656267166138e-03 4.611445125192403793e-03 2.424131147563457489e-03 1.772939343936741352e-03 5.387202236306620762e-06 1.903111697174608707e-04 9.717853390611708164e-04 2.905681030824780464e-03 6.640661507844924927e-03 1.175520569086074829e-02 1.623856648802757263e-02 2.031634934246540070e-02 2.622270211577415466e-02 3.558082133531570435e-02 4.778360575437545776e-02 6.099203601479530334e-02 7.210759818553924561e-02 7.043382525444030762e-02 6.032116338610649109e-02 5.661334097385406494e-02 5.709027126431465149e-02 5.753850936889648438e-02 5.247827619314193726e-02 5.010922998189926147e-02 4.617810994386672974e-02 4.251184314489364624e-02 3.722930699586868286e-02 3.361658379435539246e-02 2.955452166497707367e-02 2.604217641055583954e-02 2.369797416031360626e-02 2.059802412986755371e-02 1.457754988223314285e-02 7.122211623936891556e-03 5.858967546373605728e-03 6.717401556670665741e-03
1.743721604347229004e+00 1.291757635772228241e-02 1.317777438089251518e-03 2.797828983602812514e-06 0.000000000000000000e+00 0.000000000000000000e+00 0.000000000000000000e+00 0.000000000000000000e+00 0.000000000000000000e+00 0.000000000000000000e+00 0.000000000000000000e+00 0.000000000000000000e+00 0.000000000000000000e+00 0.000000000000000000e+00 0.000000000000000000e+00 0.000000000000000000e+00 0.000000000000000000e+00 0.000000000000000000e+00 0.000000000000000000e+00 1.242040157318115234e+00 0.000000000000000000e+00 0.000000000000000000e+00 0.000000000000000000e+00 0.000000000000000000e+00 0.000000000000000000e+00 1.865219246610649861e-06 1.865219201135914773e-05 3.432003431953489780e-04 6.864006863906979561e-04 1.664708135649561882e-03 1.320575247518718243e-03 7.320985314436256886e-04 7.181094260886311531e-04 9.382052812725305557e-04 9.344748686999082565e-04 1.093018450774252415e-03 1.088355435058474541e-03 1.544401515275239944e-03 2.727883169427514076e-03 5.065002944320440292e-03 8.683527819812297821e-03 1.779325865209102631e-02 3.866972401738166809e-02 6.850764155387878418e-02 1.072417125105857849e-01 1.098222434520721436e-01 1.100330129265785217e-01 1.166200339794158936e-01 2.326823770999908447e-01 1.521850973367691040e-01 1.705742999911308289e-02 1.826982246711850166e-03 5.595657967205625027e-06 8.393486496061086655e-06 3.543916682247072458e-05 6.901311280671507120e-05 4.140786768402904272e-04 1.585436402820050716e-03 3.283718600869178772e-03 6.995504721999168396e-03 1.183761376887559891e-02 1.727845892310142517e-02 2.498367987573146820e-02 3.251916542649269104e-02 5.574207752943038940e-02 7.939118891954421997e-02 1.107744425535202026e-01 1.080670729279518127e-01 1.018652170896530151e-01 9.045287221670150757e-02 6.443866342306137085e-02 5.356350168585777283e-02 4.242627695202827454e-02 3.798798844218254089e-02 3.557252883911132812e-02 3.083393909037113190e-02 2.746535278856754303e-02 2.532967738807201385e-02 1.848152466118335724e-02 1.145058125257492065e-02 5.691716447472572327e-03 1.324305660091340542e-03 9.699140355223789811e-05 2.797828892653342336e-05
2.666907608509063721e-01 2.580023765563964844e+00 1.196518540382385254e-01 4.760241135954856873e-03 5.547606851905584335e-04 2.800365036819130182e-04 2.747241524048149586e-04 3.096338477917015553e-04 7.664955919608473778e-04 4.515493637882173061e-04 1.874499139375984669e-03 2.397765172645449638e-03 3.525500418618321419e-03 3.694736398756504059e-03 1.009725034236907959e-03 9.099289309233427048e-04 1.328086364082992077e-05 2.261541376356035471e-04 6.627530790865421295e-03 5.957036744803190231e-03 1.664914423599839211e-03 2.839701715856790543e-03 7.542392704635858536e-03 8.264238946139812469e-03 6.475243251770734787e-03 8.354675024747848511e-03 1.095544826239347458e-02 1.557339448481798172e-02 3.069169819355010986e-02 4.179450124502182007e-02 5.185709521174430847e-02 5.532770231366157532e-02 5.629378929734230042e-02 5.022569745779037476e-02 4.621690139174461365e-02 4.572677612304687500e-02 5.407348275184631348e-02 6.477469950914382935e-02 7.735066115856170654e-02 8.021502941846847534e-02 7.212065905332565308e-02 6.021771579980850220e-02 4.852461069822311401e-02 3.437403962016105652e-02 1.964492723345756531e-02 1.235183607786893845e-02 8.254752494394779205e-03 6.039883941411972046e-03 3.839561017230153084e-03 2.355898730456829071e-03 1.654542749747633934e-03 1.440353970974683762e-02 1.102311722934246063e-02 3.015211597084999084e-02 4.789914563298225403e-02 5.165029317140579224e-02 6.539510190486907959e-02 7.214861363172531128e-02 6.455992162227630615e-02 5.833625793457031250e-02 5.193968862295150757e-02 5.281837657094001770e-02 5.296522378921508789e-02 4.613671079277992249e-02 3.995807468891143799e-02 3.744773566722869873e-02 3.616935759782791138e-02 3.360362350940704346e-02 3.356542438268661499e-02 3.150752186775207520e-02 2.346273325383663177e-02 1.897873356938362122e-02 2.037385851144790649e-02 1.878609880805015564e-02 1.653113402426242828e-02 1.520557794719934464e-02 1.388609223067760468e-02 1.304876524955034256e-02 1.254092995077371597e-02 1.199932396411895752e-02 8.676957339048385620e-03 3.679937683045864105e-03 1.848063897341489792e-03 3.705487586557865143e-03
2.313511669635772705e-01 1.198605895042419434e+00 9.081028699874877930e-01 2.837103605270385742e-01 1.365790367126464844e-01 7.726640999317169189e-02 1.808014325797557831e-02 1.649759337306022644e-02 1.911698840558528900e-02 4.902749322354793549e-03 7.907011546194553375e-03 1.354502979665994644e-02 6.195214111357927322e-03 3.346047364175319672e-03 2.771618543192744255e-03 2.587801311165094376e-03 1.843916252255439758e-03 6.508277729153633118e-03 2.035200968384742737e-02 4.072986915707588196e-02 1.076479442417621613e-02 2.149512246251106262e-02 3.433073312044143677e-02 4.376189410686492920e-02 6.773567944765090942e-02 9.385878592729568481e-02 1.002674922347068787e-01 9.223315119743347168e-02 9.800998866558074951e-02 1.023957505822181702e-01 9.328243881464004517e-02 7.101088017225265503e-02 4.613907262682914734e-02 2.661232650279998779e-02 1.602177508175373077e-02 8.984065614640712738e-03 8.224861696362495422e-03 6.789747625589370728e-03 6.518808659166097641e-03 9.531687013804912567e-03 6.635609082877635956e-03 6.828042678534984589e-03 7.145893294364213943e-03 6.203830242156982422e-03 3.045429708436131477e-03 2.223039278760552406e-03 2.008585724979639053e-03 1.474367105402052402e-03 7.860100013203918934e-04 3.542310441844165325e-04 1.129709853557869792e-04 5.212940741330385208e-03 8.692064322531223297e-03 1.981013268232345581e-02 2.129407227039337158e-02 3.460837528109550476e-02 6.128867343068122864e-02 8.604750782251358032e-02 9.995538741350173950e-02 1.058892384171485901e-01 8.997564762830734253e-02 7.122724503278732300e-02 4.962489753961563110e-02 3.823397681117057800e-02 3.679407387971878052e-02 3.022739663720130920e-02 2.161766774952411652e-02 1.698585785925388336e-02 1.843246072530746460e-02 1.126359030604362488e-02 7.597777526825666428e-03 7.352687884122133255e-03 7.220569066703319550e-03 1.124348491430282593e-02 1.663928478956222534e-02 2.507285587489604950e-02 3.485154733061790466e-02 3.353897854685783386e-02 2.150373905897140503e-02 6.641353480517864227e-03 2.043051412329077721e-03 9.707845747470855713e-04 5.773008451797068119e-04 2.778320340439677238e-03
1.196763038635253906e+00 5.702819228172302246e-01 2.282820045948028564e-01 2.210496552288532257e-02 1.697030849754810333e-02 1.314764469861984253e-02 1.005274802446365356e-02 9.012722410261631012e-03 1.287315879017114639e-02 1.719694770872592926e-02 2.386772260069847107e-02 2.472870349884033203e-01 2.182468771934509277e-01 6.716857850551605225e-02 6.011251360177993774e-02 4.582915082573890686e-02 5.290787667036056519e-03 1.419522613286972046e-02 7.873729616403579712e-02 1.425793021917343140e-01 6.660701241344213486e-03 3.656376525759696960e-02 7.480298727750778198e-02 9.062667191028594971e-02 9.838363528251647949e-02 7.900003343820571899e-02 6.400820612907409668e-02 4.715457558631896973e-02 6.041470170021057129e-02 3.403715044260025024e-02 2.639350108802318573e-02 2.486829645931720734e-02 3.048981167376041412e-02 3.525345027446746826e-02 4.161280393600463867e-02 3.582005202770233154e-02 4.816773906350135803e-02 3.789758682250976562e-02 3.001134842634201050e-02 3.173885121941566467e-02 1.770646870136260986e-02 1.575652509927749634e-02 1.100799441337585449e-02 8.739074692130088806e-03 3.152815857902169228e-03 1.933995634317398071e-03 1.740931882523000240e-03 1.025756355375051498e-03 4.717472183983772993e-04 2.652528928592801094e-04 2.518223482184112072e-05 4.268388729542493820e-03 2.336911484599113464e-02 7.385949790477752686e-02 9.335390478372573853e-02 8.675868064165115356e-02 9.870260953903198242e-02 9.704393893480300903e-02 8.622985333204269409e-02 6.564001739025115967e-02 4.921783879399299622e-02 4.922203719615936279e-02 3.474057093262672424e-02 2.059403248131275177e-02 1.519496086984872818e-02 1.233509834855794907e-02 1.127408724278211594e-02 1.241232361644506454e-02 1.265911012887954712e-02 1.170554198324680328e-02 1.200101431459188461e-02 1.223436929285526276e-02 1.368906348943710327e-02 1.308720745146274567e-02 1.134207844734191895e-02 9.856326505541801453e-03 1.056982390582561493e-02 1.413059141486883163e-02 1.022398751229047775e-02 1.011738274246454239e-02 1.957247219979763031e-02 8.215284906327724457e-03 6.220012437552213669e-04 2.518223482184112072e-05
1.274249851703643799e-01 1.180837392807006836e+00 1.317441582679748535e+00 2.450150251388549805e-01 8.399461954832077026e-02 2.627709321677684784e-02 9.208192350342869759e-04 4.628201131708920002e-04 1.195618649944663048e-03 3.413298632949590683e-03 2.434626512695103884e-04 0.000000000000000000e+00 2.410521346973837353e-06 1.301681622862815857e-04 0.000000000000000000e+00 3.326519508846104145e-04 0.000000000000000000e+00 3.133677819278091192e-05 1.052433624863624573e-02 1.752448966726660728e-03 3.149748081341385841e-03 2.427395060658454895e-02 9.021617472171783447e-02 1.577742546796798706e-01 1.886249035596847534e-01 1.546767354011535645e-01 9.478732943534851074e-02 4.434234648942947388e-02 3.658528625965118408e-02 2.528958395123481750e-02 2.458330057561397552e-02 2.415262162685394287e-02 2.268059551715850830e-02 1.679169200360774994e-02 1.092850044369697571e-02 7.544931955635547638e-03 9.999646805226802826e-03 6.877217907458543777e-03 5.209940485656261444e-03 6.784814409911632538e-03 3.970932215452194214e-03 4.522138275206089020e-03 2.976190531626343727e-03 4.059317987412214279e-03 1.443098881281912327e-03 1.756466575898230076e-03 2.084297593683004379e-03 1.379621797241270542e-03 1.074289088137447834e-03 9.746541618369519711e-04 7.657423266209661961e-04 1.971967332065105438e-02 2.383523620665073395e-02 3.405745327472686768e-02 3.850325942039489746e-02 5.415477603673934937e-02 9.115547686815261841e-02 8.479008823633193970e-02 7.073996216058731079e-02 5.715426802635192871e-02 4.635995253920555115e-02 3.839076682925224304e-02 3.506746143102645874e-02 3.470668941736221313e-02 3.084342554211616516e-02 2.589783817529678345e-02 2.164326794445514679e-02 2.131543681025505066e-02 2.294334396719932556e-02 1.657153107225894928e-02 1.494041178375482559e-02 1.557678915560245514e-02 1.191199384629726410e-02 7.801251020282506943e-03 5.987735465168952942e-03 6.999350618571043015e-03 9.016957134008407593e-03 9.279703721404075623e-03 1.095340959727764130e-02 1.700140722095966339e-02 2.275451831519603729e-02 2.536511421203613281e-02 3.102019615471363068e-02 6.326092034578323364e-02
4.149716719985008240e-02 2.422493457794189453e+00 5.356664061546325684e-01 9.571667760610580444e-05 0.000000000000000000e+00 0.000000000000000000e+00 0.000000000000000000e+00 0.000000000000000000e+00 0.000000000000000000e+00 0.000000000000000000e+00 0.000000000000000000e+00 0.000000000000000000e+00 0.000000000000000000e+00 0.000000000000000000e+00 0.000000000000000000e+00 0.000000000000000000e+00 0.000000000000000000e+00 0.000000000000000000e+00 0.000000000000000000e+00 2.472680935170501471e-04 0.000000000000000000e+00 3.213155781850218773e-03 9.913855046033859253e-02 1.537515670061111450e-01 1.087368056178092957e-01 1.999029517173767090e-01 1.906343847513198853e-01 1.000093072652816772e-01 3.966525569558143616e-02 1.407301053404808044e-02 9.315093979239463806e-03 1.057137548923492432e-02 1.134508475661277771e-02 9.995745494961738586e-03 9.038578718900680542e-03 9.785700589418411255e-03 7.059105206280946732e-03 5.455850623548030853e-03 3.391295205801725388e-03 3.065592609345912933e-03 2.173566259443759918e-03 2.051261486485600471e-03 1.576666370965540409e-03 1.248304964974522591e-03 9.398846304975450039e-04 7.989683654159307480e-04 6.367817986756563187e-04 5.782882799394428730e-04 4.759246075991541147e-04 2.964558370877057314e-04 2.924676227848976851e-04 7.830156246200203896e-04 1.329398287452931982e-06 1.861157579696737230e-05 5.596766714006662369e-04 2.802371745929121971e-03 4.541224800050258636e-03 5.427933298051357269e-03 3.424530150368809700e-03 2.992475638166069984e-03 4.137087613344192505e-03 7.747733499854803085e-03 1.269841287285089493e-02 1.971098966896533966e-02 2.887054346501827240e-02 4.009997099637985229e-02 5.282098427414894104e-02 6.599664688110351562e-02 7.635132968425750732e-02 8.244529366493225098e-02 8.129802346229553223e-02 7.765813171863555908e-02 7.133950293064117432e-02 6.163223460316658020e-02 5.480710417032241821e-02 4.755922406911849976e-02 4.130041599273681641e-02 3.664353489875793457e-02 3.360984846949577332e-02 3.315652161836624146e-02 3.194145485758781433e-02 1.648055016994476318e-02 1.833240268751978874e-03 9.305788262281566858e-05
2.135076522827148438e-01 2.648068189620971680e+00 9.259124100208282471e-02 9.313782677054405212e-03 3.478700295090675354e-03 1.168474089354276657e-03 3.886815829901024699e-05 4.858519969275221229e-05 1.117459614761173725e-04 2.429259984637610614e-05 0.000000000000000000e+00 0.000000000000000000e+00 1.141752145485952497e-04 1.627604215173050761e-04 2.963697188533842564e-04 6.291783065535128117e-04 7.287779681064421311e-06 1.598453032784163952e-03 8.529132232069969177e-03 2.031104266643524170e-02 3.418778534978628159e-03 6.747512519359588623e-02 3.566323518753051758e-01 4.421649873256683350e-01 3.097792342305183411e-02 2.798912301659584045e-02 2.749112434685230255e-02 1.994017511606216431e-02 1.286536082625389099e-02 6.456163246184587479e-03 2.697288291528820992e-03 9.044944308698177338e-04 3.732962650246918201e-04 1.716677070362493396e-04 9.959965973393991590e-05 6.073149779695086181e-05 5.020470416639000177e-05 4.210717088426463306e-05 1.943407914950512350e-05 1.214629992318805307e-05 1.052679272106615826e-05 1.538531250844243914e-05 1.376580621581524611e-05 6.478026534750824794e-06 1.619506633687706199e-06 4.048766641062684357e-06 8.907286428438965231e-06 1.214629992318805307e-05 7.287779681064421311e-06 7.287779681064421311e-06 2.429259893688140437e-06 6.801927520427852869e-05 2.024383320531342179e-05 8.583385351812466979e-05 4.243107396177947521e-04 1.941788475960493088e-03 4.133790731430053711e-03 6.040759850293397903e-03 6.678845267742872238e-03 7.828694768249988556e-03 1.056080311536788940e-02 1.425489783287048340e-02 1.431400980800390244e-02 1.297710649669170380e-02 1.138351205736398697e-02 7.700753863900899887e-03 8.516984991729259491e-03 7.959875278174877167e-03 5.959784612059593201e-03 5.286879371851682663e-03 6.063432898372411728e-03 7.146073039621114731e-03 9.876561351120471954e-03 1.711899414658546448e-02 4.202052950859069824e-02 1.162716671824455261e-01 2.112322449684143066e-01 2.409477680921554565e-01 1.648900657892227173e-01 5.727223306894302368e-02 1.091547426767647266e-03 0.000000000000000000e+00 0.000000000000000000e+00 0.000000000000000000e+00
4.807097911834716797e-01 1.687556028366088867e+00 1.945123672485351562e-01 6.866474449634552002e-02 2.414388582110404968e-02 1.764023303985595703e-02 2.906548790633678436e-03 3.551819827407598495e-03 3.886624798178672791e-02 5.914982408285140991e-03 1.510726101696491241e-02 8.968698792159557343e-03 4.744155704975128174e-02 7.324673235416412354e-02 3.765777871012687683e-02 4.854531213641166687e-02 8.201732300221920013e-03 2.523348480463027954e-02 1.490207761526107788e-01 6.211014837026596069e-02 6.486764550209045410e-02 1.479972060769796371e-02 3.285409882664680481e-02 3.658798709511756897e-02 4.097847267985343933e-02 3.595026582479476929e-02 3.445123508572578430e-02 2.864474244415760040e-02 3.716722503304481506e-02 3.387294709682464600e-02 4.093413427472114563e-02 3.850304707884788513e-02 5.145846307277679443e-02 5.324144661426544189e-02 6.349597126245498657e-02 7.491839677095413208e-02 7.804381102323532104e-02 4.386898502707481384e-02 3.654082119464874268e-02 2.995509468019008636e-02 1.509216800332069397e-02 1.561008300632238388e-02 1.149600930511951447e-02 1.176770217716693878e-02 6.913077086210250854e-03 6.977227050811052322e-03 6.921567488461732864e-03 5.846116226166486740e-03 4.593309480696916580e-03 3.971623256802558899e-03 3.060319693759083748e-03 3.661629185080528259e-02 7.275994867086410522e-02 1.088121011853218079e-01 9.763306379318237305e-02 8.432671427726745605e-02 6.879587471485137939e-02 5.130374804139137268e-02 3.494462370872497559e-02 2.467311918735504150e-02 1.905813068151473999e-02 1.619592122733592987e-02 1.495160441845655441e-02 1.434595603495836258e-02 1.464028935879468918e-02 1.447991561144590378e-02 1.521952450275421143e-02 1.540159620344638824e-02 1.702515035867691040e-02 1.766570471227169037e-02 1.985056884586811066e-02 2.255240455269813538e-02 2.588441781699657440e-02 3.193147480487823486e-02 3.191920742392539978e-02 3.608422353863716125e-02 3.564366698265075684e-02 3.820305317640304565e-02 3.382294625043869019e-02 1.743174716830253601e-02 3.811248810961842537e-03 5.848946166224777699e-04 4.622554115485399961e-05 9.433784384782484267e-07
2.069365978240966797e-01 1.535494327545166016e+00 1.094713449478149414e+00 5.349001288414001465e-02 9.826855733990669250e-03 2.198219764977693558e-03 1.112679092329926789e-04 1.161528402008116245e-03 1.384606957435607910e-02 4.084346350282430649e-03 3.012375440448522568e-03 5.373426247388124466e-04 7.617780938744544983e-03 6.334129720926284790e-03 1.435627462342381477e-03 1.343356561847031116e-03 2.713851472435635515e-06 1.628310856176540256e-04 2.293204516172409058e-02 3.475900739431381226e-02 2.035207673907279968e-02 1.091239694505929947e-02 2.100792527198791504e-02 7.656227052211761475e-02 1.963552981615066528e-01 1.697803586721420288e-01 6.277590990066528320e-02 4.776197671890258789e-02 6.142531335353851318e-02 5.182099342346191406e-02 4.646837338805198669e-02 4.275039955973625183e-02 4.276396706700325012e-02 3.419995680451393127e-02 3.444148972630500793e-02 2.824757620692253113e-02 2.076277323067188263e-02 1.092687062919139862e-02 6.067267153412103653e-03 4.310500808060169220e-03 1.972065307199954987e-03 2.147561172023415565e-03 1.078303670510649681e-03 1.147054601460695267e-03 3.256621712353080511e-04 1.691634097369387746e-04 3.175206365995109081e-04 1.356925786240026355e-04 1.022217402351088822e-04 4.523085954133421183e-05 9.046171726367902011e-06 2.856781007722020149e-03 1.962386071681976318e-02 2.629902958869934082e-02 3.305833041667938232e-02 3.690657019615173340e-02 3.987733274698257446e-02 3.566814959049224854e-02 2.539441362023353577e-02 2.949142456054687500e-02 3.060591220855712891e-02 2.951403893530368805e-02 2.244897931814193726e-02 9.673071093857288361e-03 9.425206109881401062e-03 1.325535494834184647e-02 3.168331086635589600e-02 6.318479776382446289e-02 3.795321285724639893e-02 3.324196860194206238e-02 3.050640411674976349e-02 3.270372003316879272e-02 1.379088871181011200e-02 7.098530884832143784e-03 3.653567656874656677e-02 1.632815897464752197e-01 8.394033461809158325e-02 3.743305802345275879e-02 1.638171263039112091e-02 1.922582834959030151e-02 1.911817863583564758e-02 9.046171791851520538e-03 2.762700896710157394e-03 8.702417253516614437e-04
1.044389009475708008e-01 1.230650067329406738e+00 7.413808107376098633e-01 1.059666723012924194e-01 6.177709624171257019e-02 6.529594212770462036e-02 6.576319783926010132e-02 6.956524401903152466e-02 8.102192729711532593e-02 3.360025957226753235e-02 2.428631484508514404e-02 2.733790688216686249e-02 1.979883015155792236e-01 1.196218058466911316e-01 2.639904618263244629e-02 7.068105041980743408e-03 3.372309729456901550e-03 5.140224471688270569e-03 2.067504636943340302e-02 8.650775998830795288e-03 3.776238998398184776e-03 6.758443545550107956e-03 1.219542697072029114e-02 1.477659866213798523e-02 1.905458979308605194e-02 2.501373179256916046e-02 2.996766008436679840e-02 3.558317199349403381e-02 4.084807634353637695e-02 3.711041435599327087e-02 3.681141883134841919e-02 3.255778551101684570e-02 3.361697867512702942e-02 3.416863083839416504e-02 3.349572047591209412e-02 3.440087661147117615e-02 4.278978332877159119e-02 4.515634849667549133e-02 4.807680845260620117e-02 5.938156321644783020e-02 6.376751512289047241e-02 6.483368575572967529e-02 6.560046970844268799e-02 6.058992817997932434e-02 4.254647716879844666e-02 2.731512859463691711e-02 1.859378442168235779e-02 1.242517214268445969e-02 8.010256104171276093e-03 4.689161200076341629e-03 2.361959544941782951e-03 3.726208582520484924e-03 2.396585885435342789e-03 1.202427037060260773e-02 2.600696682929992676e-02 4.010499641299247742e-02 4.304507002234458923e-02 4.368519410490989685e-02 4.363081976771354675e-02 4.534238576889038086e-02 4.583294317126274109e-02 4.385806247591972351e-02 4.552433639764785767e-02 4.839357733726501465e-02 4.773186147212982178e-02 5.023377388715744019e-02 5.063875764608383179e-02 5.705646798014640808e-02 5.707845464348793030e-02 5.329036340117454529e-02 4.554329439997673035e-02 3.937165439128875732e-02 3.428251296281814575e-02 2.766244485974311829e-02 2.187722362577915192e-02 1.747744902968406677e-02 1.402008719742298126e-02 1.004780828952789307e-02 8.059759624302387238e-03 7.117740344256162643e-03 6.525802426040172577e-03 5.444224923849105835e-03 3.795197932049632072e-03 2.899917773902416229e-03
3.661568835377693176e-02 1.837211370468139648e+00 8.841384649276733398e-01 1.277721859514713287e-02 5.607547238469123840e-03 2.416721777990460396e-03 2.990340581163764000e-04 6.590033881366252899e-04 5.552253685891628265e-03 2.000330947339534760e-03 1.196926087141036987e-02 1.185882613062858582e-01 5.828155204653739929e-02 8.011856116354465485e-03 3.398080123588442802e-03 1.847616862505674362e-03 4.743169411085546017e-04 1.054330146871507168e-03 5.721894558519124985e-03 3.375135362148284912e-03 2.326171472668647766e-02 5.951153859496116638e-02 8.846016973257064819e-02 1.272137314081192017e-01 1.281449347734451294e-01 1.102036461234092712e-01 9.243537485599517822e-02 7.126740366220474243e-02 5.523955449461936951e-02 4.007156938314437866e-02 2.593396417796611786e-02 1.671681925654411316e-02 1.150547619909048080e-02 7.967972196638584137e-03 5.715374834835529327e-03 4.926350899040699005e-03 6.189440842717885971e-03 8.223248645663261414e-03 1.006447058171033859e-02 1.107128150761127472e-02 1.092872302979230881e-02 1.114663574844598770e-02 1.222228072583675385e-02 1.338832546025514603e-02 1.234427653253078461e-02 1.045377925038337708e-02 8.243435062468051910e-03 5.679891910403966904e-03 3.784379456192255020e-03 2.476904774084687233e-03 1.620426075533032417e-03 3.586904145777225494e-03 1.234879018738865852e-03 1.415804028511047363e-03 1.074516563676297665e-03 1.008942141197621822e-03 1.174194505438208580e-03 1.642367802560329437e-03 2.759764669463038445e-03 4.789434839040040970e-03 7.671697065234184265e-03 1.119478233158588409e-02 1.482908055186271667e-02 1.728529669344425201e-02 1.824283413589000702e-02 2.021721005439758301e-02 2.797579579055309296e-02 4.236491397023200989e-02 5.723800510168075562e-02 6.951858848333358765e-02 8.098569512367248535e-02 9.035455435514450073e-02 9.226159751415252686e-02 9.003333002328872681e-02 8.881136029958724976e-02 7.899627089500427246e-02 6.098226085305213928e-02 4.527889937162399292e-02 3.031754121184349060e-02 1.955845765769481659e-02 1.188500504940748215e-02 7.092060055583715439e-03 1.588830025866627693e-03 2.160317380912601948e-04
2.902622520923614502e-01 2.475232124328613281e+00 7.345514744520187378e-02 4.372658673673868179e-03 5.280271871015429497e-04 2.862797700800001621e-04 1.866120146587491035e-04 6.361773102980805561e-06 1.297801733016967773e-03 3.605004894779995084e-05 1.696472827461548150e-05 1.060295471688732505e-05 1.185410306788980961e-03 6.450837478041648865e-03 3.418392501771450043e-03 6.633208133280277252e-03 1.140877953730523586e-03 5.097900517284870148e-03 9.273344278335571289e-02 3.764897212386131287e-02 1.425814628601074219e-02 4.452745988965034485e-02 5.155227333307266235e-02 1.238418072462081909e-01 2.837428450584411621e-01 2.349381446838378906e-01 1.382413208484649658e-01 4.035767167806625366e-02 1.979147456586360931e-02 1.023538596928119659e-02 7.644023280590772629e-03 3.403548384085297585e-03 5.533328745514154434e-03 3.365377895534038544e-03 2.604792593047022820e-03 1.322541851550340652e-03 2.798473229631781578e-03 8.680285536684095860e-04 6.206262623891234398e-04 1.098466105759143829e-03 3.739308740478008986e-04 1.226408407092094421e-03 4.884427762590348721e-04 7.733088568784296513e-04 2.148865460185334086e-04 2.926415472757071257e-04 3.795857774093747139e-04 3.088994126301258802e-04 1.745953195495530963e-04 2.269032265758141875e-04 2.191277235397137702e-05 4.772743210196495056e-03 2.300417050719261169e-02 2.925001829862594604e-02 9.253552183508872986e-03 5.325510632246732712e-03 5.419523455202579498e-03 6.493249442428350449e-03 9.896798059344291687e-03 5.560896359384059906e-03 8.079451508820056915e-03 1.164487190544605255e-02 1.416272018104791641e-02 1.634268835186958313e-02 2.166466414928436279e-02 2.703824080526828766e-02 3.931363672018051147e-02 4.994274303317070007e-02 7.254329323768615723e-02 9.348271787166595459e-02 8.109281212091445923e-02 6.660775840282440186e-02 5.731179937720298767e-02 5.683537200093269348e-02 6.162861362099647522e-02 6.482646614313125610e-02 5.404537916183471680e-02 4.263024032115936279e-02 3.305365145206451416e-02 2.341061644256114960e-02 8.938997983932495117e-03 9.973846608772873878e-04 1.039089547703042626e-04 9.825404413277283311e-05
2.933714985847473145e-01 1.627539634704589844e+00 1.043603420257568359e+00 8.779509924352169037e-03 2.358466619625687599e-03 1.283651799894869328e-03 4.900709609501063824e-04 2.728804247453808784e-04 2.692605834454298019e-03 3.926136705558747053e-04 8.492706692777574062e-04 3.561367979273200035e-03 4.031947813928127289e-03 2.208103891462087631e-03 7.740893634036183357e-04 8.158567361533641815e-04 1.587161677889525890e-04 5.568987689912319183e-04 2.795631997287273407e-03 3.463910426944494247e-03 6.684642285108566284e-03 1.524046412669122219e-03 5.052928812801837921e-03 9.479438513517379761e-02 1.486437171697616577e-01 6.157815828919410706e-02 2.686387114226818085e-02 1.790522597730159760e-02 2.208567969501018524e-02 3.571763262152671814e-02 5.073255300521850586e-02 5.511163547635078430e-02 5.651594698429107666e-02 5.871755629777908325e-02 5.970976129174232483e-02 5.869620665907859802e-02 5.596554651856422424e-02 4.633769392967224121e-02 3.891701623797416687e-02 3.128379210829734802e-02 2.256275527179241180e-02 1.488590519875288010e-02 9.234310127794742584e-03 5.703572183847427368e-03 3.595710033550858498e-03 2.472630701959133148e-03 1.826628111302852631e-03 1.210326794534921646e-03 9.170267148874700069e-04 6.654940661974251270e-04 5.114187370054423809e-04 3.576218616217374802e-03 8.719178847968578339e-03 2.464277204126119614e-03 1.117510255426168442e-03 1.713391975499689579e-03 3.912214189767837524e-03 3.562296042218804359e-03 4.275126382708549500e-03 6.912970449775457382e-03 1.245132926851511002e-02 2.233813889324665070e-02 1.857071928679943085e-02 2.012075483798980713e-02 2.311408519744873047e-02 2.420932054519653320e-02 2.747181802988052368e-02 3.316239640116691589e-02 4.230574518442153931e-02 5.216935276985168457e-02 5.769193172454833984e-02 7.369442284107208252e-02 9.103625267744064331e-02 1.118753999471664429e-01 1.114438101649284363e-01 7.209333777427673340e-02 4.751089587807655334e-02 3.084662556648254395e-02 2.228709124028682709e-02 3.425855934619903564e-02 3.597102314233779907e-02 2.080017002299427986e-03 4.557288775686174631e-04 1.642851566430181265e-04
1.367096304893493652e-01 9.117831587791442871e-01 6.590284109115600586e-01 4.899864643812179565e-02 3.851497918367385864e-02 3.581290543079376221e-01 7.585942745208740234e-02 4.515361040830612183e-03 9.469669312238693237e-03 2.344449283555150032e-03 2.994361799210309982e-03 6.665857508778572083e-03 6.142967343330383301e-01 5.074082314968109131e-02 1.499222591519355774e-02 1.167801115661859512e-02 3.504764288663864136e-03 7.305562030524015427e-03 2.614282071590423584e-02 1.632607728242874146e-02 6.880226545035839081e-03 1.209086971357464790e-03 2.750502666458487511e-03 4.768294282257556915e-03 7.879481650888919830e-03 1.086703781038522720e-02 1.617522537708282471e-02 1.934312283992767334e-02 2.865286543965339661e-02 2.770465239882469177e-02 2.305318228900432587e-02 1.914349943399429321e-02 2.512088045477867126e-02 3.758944943547248840e-02 5.475598946213722229e-02 8.655520528554916382e-02 8.870456367731094360e-02 4.666327312588691711e-02 3.320905938744544983e-02 3.966395184397697449e-02 4.759220406413078308e-02 5.646526813507080078e-02 4.720543324947357178e-02 2.469327673316001892e-02 1.799339242279529572e-02 1.798885501921176910e-02 1.730945333838462830e-02 1.302660815417766571e-02 1.850379444658756256e-02 3.985450044274330139e-02 4.123258963227272034e-02 7.744508236646652222e-02 2.730426937341690063e-02 5.718436837196350098e-02 4.560390114784240723e-02 2.960561774671077728e-02 2.040362544357776642e-02 1.462700311094522476e-02 1.540394965559244156e-02 1.789584755897521973e-02 2.201309613883495331e-02 1.975371316075325012e-02 1.272263471037149429e-02 1.082734018564224243e-02 1.159407757222652435e-02 1.301072910428047180e-02 1.946788839995861053e-02 3.426956385374069214e-02 4.815705120563507080e-02 6.229973956942558289e-02 7.867004722356796265e-02 6.124490499496459961e-02 4.319253563880920410e-02 6.067552417516708374e-02 6.571149826049804688e-02 5.471061915159225464e-02 5.153591558337211609e-02 3.500114008784294128e-02 2.715341746807098389e-02 1.449429895728826523e-02 1.003564894199371338e-02 7.295354269444942474e-03 6.828051991760730743e-03 1.306630554609000683e-03
3.870952427387237549e-01 7.777361869812011719e-01 8.000541478395462036e-02 1.624649390578269958e-02 4.270779900252819061e-03 1.458120881579816341e-03 3.107470693066716194e-04 4.780724120792001486e-04 1.999936299398541451e-03 1.067694975063204765e-03 3.625382203608751297e-03 7.458726316690444946e-02 1.397995352745056152e+00 7.559121400117874146e-02 3.313041850924491882e-02 1.792771555483341217e-02 1.525847800076007843e-02 1.859701611101627350e-02 3.719403222203254700e-02 5.542453005909919739e-02 5.874978844076395035e-03 2.476415038108825684e-02 6.500987708568572998e-02 3.118174076080322266e-01 1.572512984275817871e-01 4.693608731031417847e-02 3.797754272818565369e-02 3.396704420447349548e-02 3.248767554759979248e-02 3.192726895213127136e-02 3.322603181004524231e-02 3.294450044631958008e-02 3.213443234562873840e-02 2.701374702155590057e-02 2.544407546520233154e-02 1.890245266258716583e-02 1.275390945374965668e-02 1.030511688441038132e-02 8.432665839791297913e-03 7.357003167271614075e-03 5.843107122927904129e-03 5.646566394716501236e-03 4.653238225728273392e-03 4.435449372977018356e-03 3.835203126072883606e-03 3.532423870638012886e-03 2.488632453605532646e-03 1.883074059151113033e-03 1.513895927928388119e-03 1.365162315778434277e-03 1.171277370303869247e-03 7.104687392711639404e-03 5.418154178187251091e-04 4.076895304024219513e-03 7.662438321858644485e-03 1.238207519054412842e-02 1.582950912415981293e-02 1.933006197214126587e-02 2.107502520084381104e-02 2.157169021666049957e-02 2.237644419074058533e-02 2.238441258668899536e-02 2.622227184474468231e-02 2.881448715925216675e-02 2.760336920619010925e-02 2.690750919282436371e-02 2.603369951248168945e-02 2.496600337326526642e-02 2.459151297807693481e-02 2.251720987260341644e-02 2.179479040205478668e-02 2.305371500551700592e-02 2.378144674003124237e-02 2.556359395384788513e-02 3.087816573679447174e-02 3.270280733704566956e-02 4.168525710701942444e-02 5.252688005566596985e-02 1.482210457324981689e-01 2.344493716955184937e-01 5.999808665364980698e-03 3.099502762779593468e-03 1.195181044749915600e-03 1.620134280528873205e-04
1.086843386292457581e-01 3.817943334579467773e-01 4.049962759017944336e-01 1.819472014904022217e-01 5.472243949770927429e-02 5.232801288366317749e-02 1.342770294286310673e-03 6.844853516668081284e-03 8.761121332645416260e-02 2.394425123929977417e-02 1.060242652893066406e-01 1.305471062660217285e-01 1.334149599075317383e+00 7.927803695201873779e-02 1.099688839167356491e-02 5.119994282722473145e-03 2.467203885316848755e-03 3.449718933552503586e-03 1.669183745980262756e-02 7.059550844132900238e-03 3.016805835068225861e-02 3.390404209494590759e-02 6.462764739990234375e-02 5.561883375048637390e-02 4.515565559267997742e-02 4.762528464198112488e-02 6.784325838088989258e-02 5.599970743060112000e-02 2.967801317572593689e-02 2.142246253788471222e-02 2.927773073315620422e-02 2.166020683944225311e-02 2.055760659277439117e-02 1.863381825387477875e-02 4.415252059698104858e-02 2.942571416497230530e-02 2.163958735764026642e-02 3.170126676559448242e-02 6.142537295818328857e-02 7.679142057895660400e-02 8.450598269701004028e-02 5.116233974695205688e-02 1.283698156476020813e-02 1.071305107325315475e-02 2.256145328283309937e-02 9.625006467103958130e-03 5.640363087877631187e-04 2.256145235151052475e-04 5.458416126202791929e-05 2.547260737628675997e-05 1.091683225240558386e-05 4.063487576786428690e-04 5.925413686782121658e-03 2.758925966918468475e-02 8.725944906473159790e-02 6.393503397703170776e-02 4.620973765850067139e-02 3.852064907550811768e-02 2.093848399817943573e-02 1.673671603202819824e-02 1.621998660266399384e-02 1.752394065260887146e-02 1.677067950367927551e-02 1.807342097163200378e-02 2.667224593460559845e-02 7.587319612503051758e-02 1.276335269212722778e-01 7.702188938856124878e-02 4.961093515157699585e-02 3.580963611602783203e-02 2.908729203045368195e-02 9.329039603471755981e-03 1.085011754184961319e-02 1.684831082820892334e-02 2.436272986233234406e-02 2.826610393822193146e-02 2.731512673199176788e-02 2.552112750709056854e-02 1.268293242901563644e-02 3.416968509554862976e-03 1.536847325041890144e-03 1.859500422142446041e-03 3.505516098812222481e-03 3.709418326616287231e-02
5.234332680702209473e-01 2.104332208633422852e+00 3.508273959159851074e-01 4.673108458518981934e-03 1.732662087306380272e-03 7.337005808949470520e-05 3.386309981578961015e-05 5.643850727210519835e-06 2.821925227181054652e-05 0.000000000000000000e+00 0.000000000000000000e+00 0.000000000000000000e+00 4.515080581768415868e-05 1.185208675451576710e-04 0.000000000000000000e+00 1.015893067233264446e-04 0.000000000000000000e+00 1.241647114511579275e-04 5.451959557831287384e-03 9.018873795866966248e-03 9.237101767212152481e-04 1.220952952280640602e-03 1.133285183459520340e-02 7.169571518898010254e-02 1.544891148805618286e-01 1.712231338024139404e-01 1.392563730478286743e-01 9.561058878898620605e-02 8.205030113458633423e-02 7.363155484199523926e-02 5.648929998278617859e-02 4.132051020860671997e-02 3.535496070981025696e-02 2.731247432529926300e-02 1.494303438812494278e-02 6.633405573666095734e-03 4.262988455593585968e-03 2.509632147848606110e-03 1.612260006368160248e-03 1.446707057766616344e-03 7.995454943738877773e-04 7.205315632745623589e-04 7.224128348752856255e-04 6.565679213963449001e-04 3.311058972030878067e-04 3.160556370858103037e-04 2.953615039587020874e-04 2.897176600527018309e-04 2.445668505970388651e-04 1.185208602692000568e-04 2.445668542350176722e-05 2.161594806239008904e-03 2.823806600645184517e-03 9.479787200689315796e-03 1.813745498657226562e-02 3.071383386850357056e-02 4.723150283098220825e-02 6.617978960275650024e-02 8.322986215353012085e-02 9.394753724336624146e-02 9.553157538175582886e-02 9.047468751668930054e-02 7.925470918416976929e-02 6.667269021272659302e-02 5.130636319518089294e-02 3.839135169982910156e-02 3.055956959724426270e-02 2.644332125782966614e-02 2.765863016247749329e-02 3.005914762616157532e-02 2.824559062719345093e-02 2.363832667469978333e-02 1.848737336695194244e-02 1.309185195714235306e-02 9.270965121686458588e-03 6.021988578140735626e-03 3.405123017728328705e-03 2.063767984509468079e-03 1.723255729302763939e-03 2.675185212865471840e-03 3.241451457142829895e-03 3.574438596842810512e-05 3.762567075682454742e-06 0.000000000000000000e+00
8.073005080223083496e-02 2.364734411239624023e+00 4.204303622245788574e-01 6.756897270679473877e-02 1.811699825339019299e-03 4.441728233359754086e-04 6.564129762409720570e-06 1.312825952481944114e-05 1.297509763389825821e-03 6.782934360671788454e-05 6.060879677534103394e-04 5.559818353503942490e-03 4.338890314102172852e-03 2.155222697183489799e-03 1.061201095581054688e-03 8.314565056934952736e-04 6.804814911447465420e-04 1.958298729732632637e-03 1.732930354773998260e-02 2.837454713881015778e-02 5.281936842948198318e-03 1.013282872736454010e-02 2.008259110152721405e-02 1.483872681856155396e-01 3.731591403484344482e-01 1.634074598550796509e-01 2.718862704932689667e-02 2.189502120018005371e-02 2.238368429243564606e-02 2.413047105073928833e-02 2.624995633959770203e-02 2.283077314496040344e-02 2.230199612677097321e-02 2.019199356436729431e-02 1.864796504378318787e-02 1.624111644923686981e-02 1.463363412767648697e-02 1.144930161535739899e-02 9.063605219125747681e-03 7.408714853227138519e-03 5.248386878520250320e-03 3.427934600040316582e-03 2.111461944878101349e-03 1.522878184914588928e-03 7.811315008439123631e-04 5.572217050939798355e-04 3.311238833703100681e-04 2.392260794294998050e-04 1.765021588653326035e-04 1.152369513874873519e-04 1.064847747329622507e-04 3.143489011563360691e-04 1.677499858487863094e-05 5.076260422356426716e-04 2.542506437748670578e-03 5.998885724693536758e-03 1.192556601017713547e-02 1.169873867183923721e-02 1.313263643532991409e-02 1.713237911462783813e-02 2.280232869088649750e-02 3.691010177135467529e-02 3.562499210238456726e-02 2.343321591615676880e-02 2.327786386013031006e-02 1.956913061439990997e-02 1.699890941381454468e-02 1.157037355005741119e-02 1.026265230029821396e-02 1.248862221837043762e-02 1.479627843946218491e-02 3.453899547457695007e-02 1.259510666131973267e-01 1.139700710773468018e-01 1.002276986837387085e-01 1.203693673014640808e-01 9.335140883922576904e-02 6.576310098171234131e-02 3.873055428266525269e-02 1.571744447574019432e-03 1.364609692245721817e-03 2.350687980651855469e-03 3.217882476747035980e-03 7.903212681412696838e-03
2.468837425112724304e-02 4.589560925960540771e-01 1.016242504119873047e+00 4.787027239799499512e-01 4.728676378726959229e-01 2.451640963554382324e-01 9.630391001701354980e-02 1.319034397602081299e-01 3.768637776374816895e-02 2.800001017749309540e-02 4.205039702355861664e-03 2.463015698594972491e-05 2.239105233456939459e-04 9.493805700913071632e-04 3.112356062047183514e-04 6.874052342027425766e-04 4.926031397189944983e-05 2.328669361304491758e-04 1.757697435095906258e-03 1.043422962538897991e-03 7.799549493938684464e-04 3.640784882009029388e-03 5.963035300374031067e-02 1.609797179698944092e-01 1.649123281240463257e-01 7.418229430913925171e-02 7.005562633275985718e-02 5.962513014674186707e-02 5.895638465881347656e-02 5.558056011795997620e-02 3.834840655326843262e-02 2.653638087213039398e-02 2.075650356709957123e-02 1.317116245627403259e-02 1.027002837508916855e-02 8.702655322849750519e-03 8.525765500962734222e-03 8.463816717267036438e-03 8.966869674623012543e-03 1.021927595138549805e-02 1.208071783185005188e-02 1.494677271693944931e-02 1.722842082381248474e-02 1.830393821001052856e-02 1.688285171985626221e-02 1.530801504850387573e-02 1.190681476145982742e-02 8.836255408823490143e-03 6.275465246289968491e-03 4.093830473721027374e-03 2.836199710145592690e-03 8.996724151074886322e-03 4.048301838338375092e-03 5.102173890918493271e-03 5.616421811282634735e-03 5.781369283795356750e-03 6.791205611079931259e-03 8.288420736789703369e-03 9.858033619821071625e-03 1.116641703993082047e-02 1.167991850525140762e-02 1.177619956433773041e-02 1.327789295464754105e-02 1.771953143179416656e-02 2.702151983976364136e-02 4.445892572402954102e-02 6.734481453895568848e-02 7.722225785255432129e-02 8.275955915451049805e-02 9.897963702678680420e-02 1.227559521794319153e-01 1.137510165572166443e-01 7.723867893218994141e-02 4.196008294820785522e-02 2.894864231348037720e-02 3.678178042173385620e-02 3.321189805865287781e-02 2.290081977844238281e-02 1.025136932730674744e-02 2.767533762380480766e-03 4.754366527777165174e-04 5.299215263221412897e-05 8.210052328649908304e-06 2.985473429362173192e-06
8.175935745239257812e-01 2.043877124786376953e+00 8.018716424703598022e-02 1.631016028113663197e-03 1.069518766598775983e-04 0.000000000000000000e+00 2.673796916496939957e-05 0.000000000000000000e+00 4.278075066395103931e-04 0.000000000000000000e+00 3.208556154277175665e-04 5.614972906187176704e-04 5.294117610901594162e-03 5.267379805445671082e-03 1.871657674200832844e-03 9.358288371004164219e-04 1.069518766598775983e-04 9.090909152291715145e-04 1.074866298586130142e-02 3.013369068503379822e-02 4.518716596066951752e-03 3.095365501940250397e-02 2.769072949886322021e-01 2.596524059772491455e-01 1.215240657329559326e-01 8.074866235256195068e-02 6.398395448923110962e-02 5.900178104639053345e-02 5.155971646308898926e-02 2.513368986546993256e-02 1.148841343820095062e-02 6.782531272619962692e-03 3.894830588251352310e-03 1.996434992179274559e-03 9.180035558529198170e-04 3.832442162092775106e-04 3.565062361303716898e-04 1.247771870112046599e-04 2.673796734597999603e-05 0.000000000000000000e+00 0.000000000000000000e+00 8.912656085158232599e-06 0.000000000000000000e+00 0.000000000000000000e+00 0.000000000000000000e+00 0.000000000000000000e+00 1.782531217031646520e-05 0.000000000000000000e+00 0.000000000000000000e+00 0.000000000000000000e+00 0.000000000000000000e+00 1.782531217031646520e-05 4.456327951629646122e-05 7.130124868126586080e-05 9.803921420825645328e-05 1.069518693839199841e-04 1.604278077138587832e-04 1.782531151548027992e-03 6.105169188231229782e-03 1.467023137956857681e-02 2.743315510451793671e-02 3.284313902258872986e-02 3.688057139515876770e-02 4.505347460508346558e-02 5.880570411682128906e-02 5.344028398394584656e-02 5.108734220266342163e-02 4.785205051302909851e-02 3.752228245139122009e-02 4.037433117628097534e-02 4.885917901992797852e-02 5.043672025203704834e-02 6.469696760177612305e-02 9.469696879386901855e-02 1.093850284814834595e-01 8.584669977426528931e-02 6.657753884792327881e-02 1.918894797563552856e-02 4.821747075766324997e-03 9.982174960896372795e-04 1.426024973625317216e-04 1.782531217031646520e-05 0.000000000000000000e+00 0.000000000000000000e+00
8.204283565282821655e-02 2.770729064941406250e+00 1.261847317218780518e-01 4.338166676461696625e-03 2.532622776925563812e-03 1.206642249599099159e-03 1.045314595103263855e-03 1.754714176058769226e-03 1.555817085318267345e-03 7.712786318734288216e-04 6.187908729771152139e-05 6.629902600252535194e-06 1.303880853811278939e-04 2.475163491908460855e-04 5.966912431176751852e-05 3.602247161325067282e-04 1.546977182442788035e-05 2.895057550631463528e-04 2.846438204869627953e-03 3.821033751592040062e-03 8.221079478971660137e-04 3.454179270192980766e-03 5.376114509999752045e-03 4.244611132889986038e-03 3.958788700401782990e-03 4.478130955249071121e-03 4.360266029834747314e-03 5.202263593673706055e-03 8.263068273663520813e-03 1.137322932481765747e-02 1.659611985087394714e-02 2.018068730831146240e-02 4.571980983018875122e-02 7.525233924388885498e-02 8.734381198883056641e-02 8.821158856153488159e-02 1.050567030906677246e-01 1.178443059325218201e-01 9.777633100748062134e-02 7.802290469408035278e-02 6.133028119802474976e-02 4.502956196665763855e-02 3.216313198208808899e-02 2.583894133567810059e-02 1.236403174698352814e-02 1.083768066018819809e-02 7.217017468065023422e-03 5.284032318741083145e-03 3.351047402247786522e-03 1.577180111780762672e-03 1.627272809855639935e-03 9.842459112405776978e-03 7.339301984757184982e-03 2.029707841575145721e-02 3.033843450248241425e-02 3.574180603027343750e-02 4.841081053018569946e-02 6.021719425916671753e-02 9.279211610555648804e-02 9.470668435096740723e-02 4.527855291962623596e-02 3.292556852102279663e-02 2.039284445345401764e-02 1.315741054713726044e-02 1.155002694576978683e-02 1.157507300376892090e-02 1.240381132811307907e-02 1.725984737277030945e-02 2.684963308274745941e-02 5.009922757744789124e-02 4.874598979949951172e-02 4.300302267074584961e-02 3.758786618709564209e-02 4.091460257768630981e-02 4.777360334992408752e-02 5.246020853519439697e-02 5.048523470759391785e-02 2.496453002095222473e-02 8.820717222988605499e-03 6.324190646409988403e-03 4.260080866515636444e-03 2.720470074564218521e-03 5.804848042316734791e-04 2.357298762944992632e-05
1.883122622966766357e-01 1.700156927108764648e+00 6.367342472076416016e-01 7.924882322549819946e-02 4.525500535964965820e-02 1.934560388326644897e-02 2.084358036518096924e-02 2.911657840013504028e-02 4.070188105106353760e-02 5.991195142269134521e-02 9.282538294792175293e-02 6.118544191122055054e-02 6.945811212062835693e-03 3.716314677149057388e-03 1.472746254876255989e-03 1.897458685562014580e-03 1.067441771738231182e-04 7.750274380668997765e-04 5.390904843807220459e-03 6.057247519493103027e-03 6.238604430109262466e-03 3.478005900979042053e-02 3.273843973875045776e-02 3.526860103011131287e-02 3.677973151206970215e-02 4.830939695239067078e-02 5.048158764839172363e-02 5.113714933395385742e-02 4.868009313941001892e-02 3.969589620828628540e-02 4.242552816867828369e-02 5.132443830370903015e-02 4.548628628253936768e-02 4.170775413513183594e-02 4.596221074461936951e-02 4.837754368782043457e-02 5.399810895323753357e-02 4.739927127957344055e-02 3.545977175235748291e-02 3.240742534399032593e-02 3.120563738048076630e-02 2.985850535333156586e-02 2.561817318201065063e-02 2.163327299058437347e-02 1.661489345133304596e-02 1.360449194908142090e-02 1.038200408220291138e-02 7.177845574915409088e-03 4.763486329466104507e-03 3.034014720469713211e-03 1.859720912761986256e-03 5.590052809566259384e-03 4.898048471659421921e-03 5.405892152339220047e-03 6.089809816330671310e-03 1.025046035647392273e-02 1.575155928730964661e-02 1.971640624105930328e-02 2.481090649962425232e-02 2.885769680142402649e-02 3.156080469489097595e-02 3.546969220042228699e-02 4.285056516528129578e-02 5.129327625036239624e-02 6.176822260022163391e-02 7.388702780008316040e-02 8.427097648382186890e-02 8.690334856510162354e-02 7.549897581338882446e-02 7.039994746446609497e-02 6.416846066713333130e-02 5.470262095332145691e-02 4.528972506523132324e-02 3.307139500975608826e-02 2.460701391100883484e-02 1.801971159875392914e-02 1.129924878478050232e-02 6.513228174299001694e-03 4.186528269201517105e-03 3.068949095904827118e-03 1.781334052793681622e-03 1.272520050406455994e-03 9.572473354637622833e-04 1.378401648253202438e-03
5.793825164437294006e-02 2.384254455566406250e+00 5.055034160614013672e-01 3.993895649909973145e-02 7.502078544348478317e-03 1.352367107756435871e-03 0.000000000000000000e+00 5.694177161785773933e-06 2.904030261561274529e-04 0.000000000000000000e+00 0.000000000000000000e+00 0.000000000000000000e+00 0.000000000000000000e+00 0.000000000000000000e+00 0.000000000000000000e+00 0.000000000000000000e+00 0.000000000000000000e+00 3.131797348032705486e-05 9.281508391723036766e-04 2.254894236102700233e-03 9.034760878421366215e-04 8.250862360000610352e-03 3.162830695509910583e-02 1.827327907085418701e-01 1.699844747781753540e-01 1.504325717687606812e-01 2.132962793111801147e-01 6.952115893363952637e-02 5.659063160419464111e-02 4.226977378129959106e-02 3.003963083028793335e-02 1.742323301732540131e-02 1.156961917877197266e-02 6.253155414015054703e-03 3.619598690420389175e-03 1.792716793715953827e-03 1.520345336757600307e-03 7.820003083907067776e-04 4.517380439210683107e-04 2.552889345679432154e-04 1.366602518828585744e-04 6.738109368598088622e-05 1.660801644902676344e-04 4.365535642136819661e-05 5.694177161785773933e-05 1.328641337750013918e-05 4.650244591175578535e-05 4.840050678467378020e-05 1.898059053928591311e-06 6.643206688750069588e-06 1.898059053928591311e-06 9.300489182351157069e-05 1.992962061194702983e-04 2.608882263302803040e-03 7.422360125929117203e-03 4.388692229986190796e-02 7.981243729591369629e-02 4.237227141857147217e-02 2.749718166887760162e-02 5.891575478017330170e-03 5.317412316799163818e-03 1.479821745306253433e-02 1.192075945436954498e-02 1.172241289168596268e-02 2.049713954329490662e-02 1.358440890908241272e-02 1.090529840439558029e-02 9.961013682186603546e-03 8.147418498992919922e-03 1.116058696061372757e-02 1.697624102234840393e-02 1.842445880174636841e-02 3.490815311670303345e-02 5.538536235690116882e-02 8.411723375320434570e-02 1.455564498901367188e-01 1.731741577386856079e-01 9.719485789537429810e-02 3.804089874029159546e-02 6.347109563648700714e-03 1.202420447953045368e-03 7.459372282028198242e-04 2.211238752352073789e-04 0.000000000000000000e+00
2.051637042313814163e-03 4.617210105061531067e-02 6.594450026750564575e-02 2.735364064574241638e-02 3.474090248346328735e-02 3.496112823486328125e-01 1.974722385406494141e+00 2.415705621242523193e-01 1.427268385887145996e-01 1.110052019357681274e-01 4.100992344319820404e-03 0.000000000000000000e+00 0.000000000000000000e+00 0.000000000000000000e+00 0.000000000000000000e+00 0.000000000000000000e+00 0.000000000000000000e+00 0.000000000000000000e+00 0.000000000000000000e+00 0.000000000000000000e+00 2.905915316659957170e-04 9.052458335645496845e-04 3.199549624696373940e-03 4.713363945484161377e-03 1.409597136080265045e-02 1.638951450586318970e-01 3.344434499740600586e-01 2.498607933521270752e-01 1.687964051961898804e-01 4.621394351124763489e-02 1.216528750956058502e-02 1.231590751558542252e-03 4.868549149250611663e-05 1.673563747317530215e-05 6.846397354820510373e-06 1.064995103661203757e-05 1.369279470964102075e-05 8.367818736587651074e-06 6.846397354820510373e-06 4.564265054796123877e-06 5.324975518306018785e-06 8.367818736587651074e-06 1.521421609140816145e-06 1.521421609140816145e-06 6.846397354820510373e-06 7.607108045704080723e-07 2.282132527398061939e-06 4.564265054796123877e-06 0.000000000000000000e+00 5.324975518306018785e-06 0.000000000000000000e+00 3.575340815586969256e-05 1.141066240961663425e-05 2.890701034630183131e-05 3.118914173683151603e-05 1.977848114620428532e-05 3.727482908288948238e-05 2.738558941928204149e-05 4.868549149250611663e-05 1.964155351743102074e-03 7.038781046867370605e-02 3.060993850231170654e-01 2.123029828071594238e-01 1.718537062406539917e-01 7.182402908802032471e-02 4.627860337495803833e-02 2.908577769994735718e-02 2.074306271970272064e-02 1.443220581859350204e-02 6.653176620602607727e-03 4.533075727522373199e-03 3.274860093370079994e-03 3.206396009773015976e-03 3.326588310301303864e-03 2.889940282329916954e-03 3.046646714210510254e-03 3.496226854622364044e-03 3.459712723270058632e-03 2.968293614685535431e-03 2.661727136000990868e-03 2.764423144981265068e-03 2.557509811595082283e-03 2.781919436529278755e-03 7.203170564025640488e-03
1.640696972608566284e-01 2.101370990276336670e-01 1.770606279373168945e+00 5.257204174995422363e-02 7.434881292283535004e-03 1.272073667496442795e-02 3.732226323336362839e-04 1.275909831747412682e-03 1.069007068872451782e-01 9.782508015632629395e-03 9.583468735218048096e-02 2.042918205261230469e-01 2.924866378307342529e-01 3.846670314669609070e-02 7.282636128365993500e-03 3.852903842926025391e-03 1.027760794386267662e-03 1.300285104662179947e-03 1.695046015083789825e-02 2.632937626913189888e-03 1.733882725238800049e-01 1.131844818592071533e-01 4.463633149862289429e-02 8.410295471549034119e-03 1.789923408068716526e-03 5.507763708010315895e-04 5.586351035162806511e-04 1.038816175423562527e-03 2.393712755292654037e-03 3.551741829141974449e-03 4.975102376192808151e-03 6.705885753035545349e-03 9.872017428278923035e-03 1.118642184883356094e-02 1.167659275233745575e-02 1.069997996091842651e-02 9.927161969244480133e-03 7.381469011306762695e-03 4.815264139324426651e-03 3.478748956695199013e-03 1.985059352591633797e-03 1.832280540838837624e-03 1.098622451536357403e-03 1.359292189590632915e-03 5.719549953937530518e-04 6.569357356056571007e-04 7.074180175550282001e-04 7.231354247778654099e-04 8.932300843298435211e-04 1.716264523565769196e-03 1.852446794509887695e-02 5.397096872329711914e-01 8.096479810774326324e-03 3.616476431488990784e-03 2.883617533370852470e-03 3.702256362885236740e-03 4.202550277113914490e-03 5.553850438445806503e-03 7.911333814263343811e-03 1.019782107323408127e-02 1.584331318736076355e-02 2.251057140529155731e-02 2.813102118670940399e-02 2.857137471437454224e-02 2.677039615809917450e-02 3.001444973051548004e-02 3.118753060698509216e-02 3.587052598595619202e-02 5.370768904685974121e-02 6.480127573013305664e-02 5.946440249681472778e-02 7.058449089527130127e-02 9.964177757501602173e-02 1.331127285957336426e-01 1.552294343709945679e-01 6.708416342735290527e-02 5.319687537848949432e-03 4.440576303750276566e-03 3.666292643174529076e-03 2.923976629972457886e-03 2.420618897303938866e-03 2.121454803273081779e-03 2.067509340122342110e-03 8.350356481969356537e-03
2.080599591135978699e-02 1.643937826156616211e+00 6.290401816368103027e-01 2.824830263853073120e-02 7.977019064128398895e-03 3.611275851726531982e-01 1.094811595976352692e-02 5.958837457001209259e-03 4.381742794066667557e-03 2.590346615761518478e-03 5.224385764449834824e-03 9.194169193506240845e-03 6.806889921426773071e-02 1.615543961524963379e-01 1.345731876790523529e-02 8.472202345728874207e-03 6.805641576647758484e-03 3.903205040842294693e-03 5.014245398342609406e-03 3.289428073912858963e-03 1.718020439147949219e-02 1.270344760268926620e-02 1.035237032920122147e-02 8.255819790065288544e-03 1.170059852302074432e-02 2.621278166770935059e-02 1.020277515053749084e-01 1.900454461574554443e-01 2.251416891813278198e-01 1.914519220590591431e-01 1.058505102992057800e-01 6.115853413939476013e-02 8.932707831263542175e-03 4.625172819942235947e-03 4.158425144851207733e-03 4.640430677682161331e-03 6.662080064415931702e-03 7.867440581321716309e-03 9.716400527395308018e-04 1.456419795431429520e-05 4.161199285590555519e-06 3.467666147116688080e-06 1.387066390634572599e-06 4.161199285590555519e-06 2.774132781269145198e-06 2.774132781269145198e-06 2.080599642795277759e-06 1.387066390634572599e-06 0.000000000000000000e+00 4.854732651438098401e-06 0.000000000000000000e+00 1.941893060575239360e-05 7.628865205333568156e-06 1.803186387405730784e-05 2.843486254278104752e-05 1.941893060575239360e-05 2.427366234769579023e-05 4.382436629384756088e-03 1.060530170798301697e-01 1.947240084409713745e-01 2.150043100118637085e-01 1.314127594232559204e-01 7.572619616985321045e-02 2.372785285115242004e-02 1.111733727157115936e-03 1.788691617548465729e-02 4.415309801697731018e-02 4.190396890044212341e-02 2.097660489380359650e-02 7.772426586598157883e-03 2.937806770205497742e-03 2.708247164264321327e-03 2.517525572329759598e-03 2.515444997698068619e-03 3.365716664120554924e-03 4.691752139478921890e-03 6.175220012664794922e-03 8.629634045064449310e-03 1.399688702076673508e-02 1.174983941018581390e-02 9.168509393930435181e-03 9.520130231976509094e-03 9.760786779224872589e-03 2.732937037944793701e-02
8.169127702713012695e-01 6.394032835960388184e-01 8.193571567535400391e-01 1.798999458551406860e-01 3.275319933891296387e-02 1.909954100847244263e-02 1.617589732632040977e-04 2.672018716111779213e-03 5.399155616760253906e-02 4.247670993208885193e-03 6.410448695532977581e-04 1.138303923653438687e-04 2.458137273788452148e-02 2.268220335245132446e-01 2.731929346919059753e-02 1.610400527715682983e-02 2.396429335931316018e-04 1.995027530938386917e-03 1.155198663473129272e-01 1.816493272781372070e-02 4.711499810218811035e-01 1.430728286504745483e-01 4.614524543285369873e-02 4.525456950068473816e-02 4.242678359150886536e-02 3.108568303287029266e-02 1.594424247741699219e-02 1.177245937287807465e-02 1.185833103954792023e-02 1.048038434237241745e-02 1.434063259512186050e-02 1.552686467766761780e-02 1.806907728314399719e-02 1.882195472717285156e-02 1.835664920508861542e-02 1.513345073908567429e-02 1.293073315173387527e-02 1.307851262390613556e-02 1.567464508116245270e-02 8.772928267717361450e-03 4.449370317161083221e-03 4.746926948428153992e-03 3.758399980142712593e-03 3.331036772578954697e-03 2.302569104358553886e-03 7.528782007284462452e-04 2.176756679546087980e-04 1.038452683133073151e-04 5.791370858787558973e-05 6.789882900193333626e-05 3.994048893218860030e-05 2.755893801804631948e-04 4.002036992460489273e-03 3.909375146031379700e-02 5.054468661546707153e-02 4.381471499800682068e-02 2.369469404220581055e-02 1.563270762562751770e-02 1.305055432021617889e-02 1.161469426006078720e-02 1.322828978300094604e-02 1.082986313849687576e-02 9.030544199049472809e-03 6.975606549531221390e-03 6.184784695506095886e-03 6.092921365052461624e-03 7.125383242964744568e-03 8.473374880850315094e-03 1.158074475824832916e-02 2.080699801445007324e-02 2.977164089679718018e-02 2.262828312814235687e-02 3.157495334744453430e-02 3.474023565649986267e-02 4.951621964573860168e-02 6.207750365138053894e-02 6.167011335492134094e-02 9.730501472949981689e-02 9.551368653774261475e-02 1.658848375082015991e-01 4.679827019572257996e-02 7.428930839523673058e-04 0.000000000000000000e+00 0.000000000000000000e+00
6.021635532379150391e-01 1.060007810592651367e+00 4.749096930027008057e-01 9.818733483552932739e-02 4.574208706617355347e-02 1.973218284547328949e-02 1.705293660052120686e-03 2.720007440075278282e-03 2.843216992914676666e-02 4.554178100079298019e-03 1.404411904513835907e-02 5.242273584008216858e-02 2.439253032207489014e-01 9.529729932546615601e-02 5.295260623097419739e-02 2.697414904832839966e-02 9.651813656091690063e-03 1.805212162435054779e-02 9.573090076446533203e-02 5.279462039470672607e-02 5.171792209148406982e-02 4.224907234311103821e-02 6.086367368698120117e-02 6.412248313426971436e-02 6.812983751296997070e-02 6.534487009048461914e-02 6.115131825208663940e-02 5.377335846424102783e-02 5.880862474441528320e-02 5.433855578303337097e-02 5.476646497845649719e-02 5.091464146971702576e-02 5.153858289122581482e-02 4.525245353579521179e-02 3.960450366139411926e-02 3.229589760303497314e-02 3.074717149138450623e-02 2.314807660877704620e-02 1.868576928973197937e-02 1.619970612227916718e-02 1.146308239549398422e-02 1.138013973832130432e-02 6.881472188979387283e-03 5.860547535121440887e-03 3.418997861444950104e-03 2.545194933190941811e-03 1.898868125863373280e-03 1.333542400971055031e-03 9.862468577921390533e-04 6.944616907276213169e-04 4.751375818159431219e-04 9.409327991306781769e-03 3.960670158267021179e-02 3.087669610977172852e-02 4.434539750218391418e-02 5.742707848548889160e-02 7.957480102777481079e-02 8.159452676773071289e-02 8.222700655460357666e-02 7.858661562204360962e-02 6.855515390634536743e-02 5.941005423665046692e-02 5.588844418525695801e-02 5.264439061284065247e-02 4.603710398077964783e-02 4.093687981367111206e-02 3.649786487221717834e-02 3.000147081911563873e-02 2.346082404255867004e-02 1.819277368485927582e-02 1.429475750774145126e-02 1.178126409649848938e-02 9.176935069262981415e-03 7.065471727401018143e-03 5.456059705466032028e-03 4.312468692660331726e-03 3.648673649877309799e-03 3.665883094072341919e-03 3.652814077213406563e-03 2.150023356080055237e-03 1.297570648603141308e-03 1.125993207097053528e-03 1.133498153649270535e-03 5.374799482524394989e-03
2.227617502212524414e-01 1.370825052261352539e+00 7.491766214370727539e-01 8.511704951524734497e-02 4.844333976507186890e-03 3.235805081203579903e-03 1.814750488847494125e-03 2.380172722041606903e-03 5.054305307567119598e-03 7.165265269577503204e-03 2.392546087503433228e-02 4.931171983480453491e-02 6.058716773986816406e-02 4.754458367824554443e-02 4.212808236479759216e-02 1.841484382748603821e-02 2.117183990776538849e-02 4.088062793016433716e-02 7.330504804849624634e-02 1.703555732965469360e-01 7.091024890542030334e-03 2.055392414331436157e-02 4.064515978097915649e-02 8.030108362436294556e-02 5.479846522212028503e-02 4.695666953921318054e-02 4.087562859058380127e-02 3.164415061473846436e-02 4.163177683949470520e-02 5.117221549153327942e-02 4.971041530370712280e-02 5.447775870561599731e-02 5.064703524112701416e-02 4.594368115067481995e-02 4.557235911488533020e-02 4.559010639786720276e-02 4.501993581652641296e-02 4.364874958992004395e-02 3.902925923466682434e-02 3.346752375364303589e-02 2.863443829119205475e-02 2.478921599686145782e-02 2.043594047427177429e-02 1.584007218480110168e-02 1.052130293101072311e-02 7.879541255533695221e-03 5.792328622192144394e-03 4.599742591381072998e-03 3.161190310493111610e-03 2.513404469937086105e-03 1.508417539298534393e-03 5.547487176954746246e-03 1.306695281527936459e-03 5.552486516535282135e-03 1.426228880882263184e-02 1.859369315207004547e-02 2.037944830954074860e-02 1.860181801021099091e-02 1.792803406715393066e-02 1.724350452423095703e-02 1.755158603191375732e-02 1.888665370643138885e-02 2.028233557939529419e-02 2.139068394899368286e-02 2.319968491792678833e-02 2.709027566015720367e-02 2.911587245762348175e-02 3.437989950180053711e-02 3.756396099925041199e-02 3.902900964021682739e-02 3.561122715473175049e-02 3.860094398260116577e-02 4.659321904182434082e-02 5.002024769783020020e-02 4.558323323726654053e-02 4.547412320971488953e-02 5.635187774896621704e-02 6.902050971984863281e-02 5.813425779342651367e-02 5.521053448319435120e-02 4.280199110507965088e-02 2.232405543327331543e-02 2.097561582922935486e-02 3.094024583697319031e-02
1.247461587190628052e-01 1.794968128204345703e+00 9.957191944122314453e-01 3.124044090509414673e-02 1.910028629936277866e-03 2.487736346665769815e-04 6.081133324187248945e-05 0.000000000000000000e+00 1.105660630855709314e-04 0.000000000000000000e+00 0.000000000000000000e+00 1.105660612665815279e-05 1.581094786524772644e-02 1.766845583915710449e-02 2.493264619261026382e-03 1.453943667002022266e-03 4.699057899415493011e-04 1.224519102834165096e-03 4.710114095360040665e-03 7.153623737394809723e-03 5.742064211517572403e-03 1.261374447494745255e-03 1.096999645233154297e-02 2.131437323987483978e-02 8.503727614879608154e-02 1.840639263391494751e-01 1.601678431034088135e-01 1.034354716539382935e-01 1.073172613978385925e-01 8.535791933536529541e-02 7.425985485315322876e-02 3.994475305080413818e-02 4.011060297489166260e-02 2.635526284575462341e-02 1.053510326892137527e-02 4.203353077173233032e-03 1.818074658513069153e-02 2.731902990490198135e-03 1.496327342465519905e-03 6.850488949567079544e-03 6.762957200407981873e-04 3.638544818386435509e-03 6.274624029174447060e-04 2.220534952357411385e-03 2.091541391564533114e-04 1.695346290944144130e-04 2.699654723983258009e-04 1.759843144100159407e-04 6.449686770793050528e-05 5.067610982223413885e-05 1.474214150221087039e-05 2.546704839915037155e-03 4.649395123124122620e-02 8.664509654045104980e-02 6.104997172951698303e-02 5.248478800058364868e-02 4.490364342927932739e-02 4.121810570359230042e-02 3.538298234343528748e-02 3.645363077521324158e-02 3.974942117929458618e-02 3.228713199496269226e-02 3.184486925601959229e-02 3.041672334074974060e-02 2.524499595165252686e-02 2.355794236063957214e-02 2.522288262844085693e-02 3.038908168673515320e-02 2.994589693844318390e-02 2.888077683746814728e-02 3.375950455665588379e-02 4.130287468433380127e-02 4.764107242226600647e-02 4.817916080355644226e-02 4.238273575901985168e-02 3.300581127405166626e-02 2.136597037315368652e-02 1.211527641862630844e-02 7.393184117972850800e-03 5.312699358910322189e-03 3.948129713535308838e-03 1.360883936285972595e-03 6.081133324187248945e-05 0.000000000000000000e+00
4.913196563720703125e-01 9.155266284942626953e-01 8.580452799797058105e-01 1.472415924072265625e-01 8.841907978057861328e-02 6.099650636315345764e-02 3.413346409797668457e-02 2.583367936313152313e-02 4.173250496387481689e-02 1.302867010235786438e-02 2.052771113812923431e-02 7.178515940904617310e-02 6.632576137781143188e-02 4.825332760810852051e-02 3.156597167253494263e-02 1.155580766499042511e-02 1.520571182481944561e-03 5.314747802913188934e-03 2.725234627723693848e-02 3.962149098515510559e-02 2.234026044607162476e-02 3.618379309773445129e-02 5.375992879271507263e-02 5.787508934736251831e-02 3.928384184837341309e-02 2.867419272661209106e-02 2.852508611977100372e-02 2.997924759984016418e-02 3.877087682485580444e-02 4.334518685936927795e-02 5.928408354520797729e-02 6.918115913867950439e-02 8.424730598926544189e-02 8.679112792015075684e-02 7.416296005249023438e-02 5.585974454879760742e-02 4.610872641205787659e-02 3.439859673380851746e-02 2.730310894548892975e-02 2.257485873997211456e-02 1.597566716372966766e-02 1.116485055536031723e-02 7.001472171396017075e-03 5.497567355632781982e-03 4.089588299393653870e-03 3.846337785944342613e-03 3.449147101491689682e-03 2.859213389456272125e-03 1.612299121916294098e-03 9.894145186990499496e-04 5.905699217692017555e-04 4.274698439985513687e-03 9.658273309469223022e-03 1.511462032794952393e-02 2.372559346258640289e-02 2.641076408326625824e-02 3.077884577214717865e-02 4.384567961096763611e-02 3.825982287526130676e-02 3.116127848625183105e-02 2.515341900289058685e-02 2.056435123085975647e-02 2.023980580270290375e-02 2.170579880475997925e-02 2.438320964574813843e-02 2.844671718776226044e-02 3.601967543363571167e-02 4.503038525581359863e-02 5.211836844682693481e-02 5.214521288871765137e-02 4.605389386415481567e-02 4.313526675105094910e-02 4.353449493646621704e-02 4.037783294916152954e-02 4.222129657864570618e-02 5.006880313158035278e-02 5.471588298678398132e-02 4.830676317214965820e-02 3.640783205628395081e-02 2.720476500689983368e-02 1.326873991638422012e-02 4.652805626392364502e-03 1.720693311654031277e-03 3.569118678569793701e-03
2.974767088890075684e-01 1.019986271858215332e+00 7.173400521278381348e-01 1.518424749374389648e-01 8.218303322792053223e-02 5.169500783085823059e-02 5.221684277057647705e-02 5.487602204084396362e-02 7.228017598390579224e-02 5.786424130201339722e-02 1.317450851202011108e-01 9.919881820678710938e-02 4.103521257638931274e-02 1.800179295241832733e-02 1.549257151782512665e-02 1.327722799032926559e-02 1.090368628501892090e-02 1.646319217979907990e-02 4.883862286806106567e-02 4.728299751877784729e-02 2.151678875088691711e-02 5.172906443476676941e-02 6.948129087686538696e-02 7.899267226457595825e-02 1.033583357930183411e-01 1.139443367719650269e-01 1.107904165983200073e-01 8.061568439006805420e-02 6.987422704696655273e-02 6.155336648225784302e-02 4.772958159446716309e-02 3.391183540225028992e-02 3.019158169627189636e-02 2.358986251056194305e-02 1.835975609719753265e-02 1.220004353672266006e-02 1.078595127910375595e-02 6.271587684750556946e-03 5.404968746006488800e-03 6.730989087373018265e-03 5.557126365602016449e-03 7.898077368736267090e-03 6.225079763680696487e-03 5.951343569904565811e-03 2.749450039118528366e-03 2.215343294665217400e-03 1.688743825070559978e-03 1.116552040912210941e-03 8.232236723415553570e-04 6.716157658956944942e-04 2.642152539920061827e-04 7.806892506778240204e-03 2.072213031351566315e-02 8.284420706331729889e-03 7.196615915745496750e-03 9.096109308302402496e-03 1.485959067940711975e-02 2.986254915595054626e-02 4.045349732041358948e-02 4.019422829151153564e-02 4.773580655455589294e-02 5.085731670260429382e-02 4.748404026031494141e-02 4.592548310756683350e-02 4.520662501454353333e-02 4.822102561593055725e-02 4.987003281712532043e-02 4.764993116259574890e-02 4.446231946349143982e-02 4.083489999175071716e-02 4.062579572200775146e-02 3.634030744433403015e-02 3.442891314625740051e-02 3.517267107963562012e-02 3.482093289494514465e-02 3.416744619607925415e-02 3.517084196209907532e-02 3.129641711711883545e-02 2.559885196387767792e-02 1.902386546134948730e-02 1.428300421684980392e-02 9.001811966300010681e-03 6.315532140433788300e-03 4.836988635361194611e-03
2.723979949951171875e-01 8.359003067016601562e-01 9.480507373809814453e-01 7.134683430194854736e-02 6.400091573596000671e-03 2.585258800536394119e-03 1.050918126566102728e-05 1.506315893493592739e-04 7.286366075277328491e-03 7.006121450103819370e-05 2.802448580041527748e-04 2.157885348424315453e-03 1.358696967363357544e-01 1.713206768035888672e-01 4.136168956756591797e-01 2.018113248050212860e-02 2.457396872341632843e-02 1.139545626938343048e-02 3.310742601752281189e-02 4.329782724380493164e-02 1.410215348005294800e-02 2.284228987991809845e-02 2.505622431635856628e-02 8.882827311754226685e-02 1.318960636854171753e-01 6.937344372272491455e-02 4.294051602482795715e-02 3.553154319524765015e-02 3.941877186298370361e-02 4.670747369527816772e-02 5.047910287976264954e-02 4.991861060261726379e-02 4.899497330188751221e-02 4.180435463786125183e-02 3.882442042231559753e-02 3.375315666198730469e-02 2.899483218789100647e-02 2.455178275704383850e-02 2.145741321146488190e-02 1.918392628431320190e-02 1.677031815052032471e-02 1.645971275866031647e-02 1.522430125623941422e-02 1.555709168314933777e-02 1.427847426384687424e-02 1.337935589253902435e-02 1.106383278965950012e-02 8.136441931128501892e-03 5.861788056790828705e-03 3.951452206820249557e-03 2.062134910374879837e-03 2.595767844468355179e-03 1.179363680421374738e-04 1.449099392630159855e-03 2.303145453333854675e-02 9.321644157171249390e-02 2.231799811124801636e-01 1.522383391857147217e-01 5.994437262415885925e-02 2.528158761560916901e-02 1.946650631725788116e-02 1.730628684163093567e-02 1.656013540923595428e-02 1.618880964815616608e-02 1.574508845806121826e-02 1.506432797759771347e-02 1.444778963923454285e-02 1.381140016019344330e-02 1.352064590901136398e-02 1.344591379165649414e-02 1.392583362758159637e-02 1.430533174425363541e-02 1.392933633178472519e-02 1.290410757064819336e-02 1.206921134144067764e-02 1.216729637235403061e-02 1.284805871546268463e-02 1.445713080465793610e-02 1.421074848622083664e-02 1.463929004967212677e-02 1.733898185193538666e-02 2.289016544818878174e-02 3.434750810265541077e-02 5.595088377594947815e-02
9.577321261167526245e-02 3.482378423213958740e-01 1.081846714019775391e+00 1.893774121999740601e-01 4.099076241254806519e-02 1.967342011630535126e-02 1.364037208259105682e-02 1.550374738872051239e-02 2.770362421870231628e-02 5.142546445131301880e-02 3.043570518493652344e-01 5.598249435424804688e-01 1.475879848003387451e-01 2.517185732722282410e-02 2.226030081510543823e-02 8.626443333923816681e-03 7.463524118065834045e-03 8.737173862755298615e-03 1.685355603694915771e-02 1.494458410888910294e-02 8.138094097375869751e-03 1.390408724546432495e-02 2.636767737567424774e-02 3.462351858615875244e-02 3.566334769129753113e-02 4.142282530665397644e-02 4.741011187434196472e-02 5.755605176091194153e-02 7.195516675710678101e-02 8.220966160297393799e-02 8.587679266929626465e-02 7.979397475719451904e-02 6.779601424932479858e-02 5.560465902090072632e-02 4.635141044855117798e-02 3.970725834369659424e-02 3.507412225008010864e-02 3.071672469377517700e-02 2.693034894764423370e-02 2.364050596952438354e-02 1.917454972863197327e-02 1.609197072684764862e-02 1.293239928781986237e-02 1.060789730399847031e-02 8.161309175193309784e-03 6.403652951121330261e-03 4.670714959502220154e-03 3.302702913060784340e-03 2.236318308860063553e-03 1.479744561947882175e-03 9.205814567394554615e-04 3.275813767686486244e-03 6.699434947222471237e-03 1.983792986720800400e-03 1.647259690798819065e-03 4.181196913123130798e-03 1.493322756141424179e-02 4.434857890009880066e-02 6.482500582933425903e-02 7.062857598066329956e-02 6.334275007247924805e-02 5.886944755911827087e-02 5.718411132693290710e-02 5.309543758630752563e-02 5.211740359663963318e-02 5.311163887381553650e-02 4.899524524807929993e-02 3.789649158716201782e-02 2.943606115877628326e-02 2.841577120125293732e-02 2.932048588991165161e-02 3.044332191348075867e-02 3.249208256602287292e-02 3.273442015051841736e-02 3.045701794326305389e-02 2.671924233436584473e-02 2.268167771399021149e-02 1.825797744095325470e-02 1.532521005719900131e-02 1.398091390728950500e-02 1.247160788625478745e-02 1.028773188591003418e-02 9.002725593745708466e-03 2.411415800452232361e-02
3.562120795249938965e-01 1.000261068344116211e+00 9.452433586120605469e-01 9.460046887397766113e-02 2.627700380980968475e-02 2.039778605103492737e-02 1.714001409709453583e-02 1.106228306889533997e-02 1.742282509803771973e-02 1.104324869811534882e-02 2.461004629731178284e-02 7.073824107646942139e-02 9.465758502483367920e-02 9.345018863677978516e-02 2.487382292747497559e-02 2.364739961922168732e-02 3.534600883722305298e-02 2.235299162566661835e-02 5.222496762871742249e-02 5.843866243958473206e-02 1.567791402339935303e-02 3.638570383191108704e-02 7.003846764564514160e-02 8.806771039962768555e-02 1.013544127345085144e-01 1.047481521964073181e-01 1.084809005260467529e-01 1.001470237970352173e-01 9.681855142116546631e-02 7.008016854524612427e-02 4.688327014446258545e-02 3.184349462389945984e-02 2.623258717358112335e-02 2.028810605406761169e-02 1.591087132692337036e-02 1.226695254445075989e-02 1.124447956681251526e-02 8.807042613625526428e-03 6.485631223767995834e-03 5.931791849434375763e-03 4.631946329027414322e-03 3.900442970916628838e-03 3.190694842487573624e-03 2.406617859378457069e-03 1.618008594959974289e-03 1.334290485829114914e-03 9.916534181684255600e-04 8.058317471295595169e-04 5.801263032481074333e-04 4.332818498369306326e-04 2.483665884938091040e-04 2.165502868592739105e-03 3.565964056178927422e-03 1.238750945776700974e-02 1.946686394512653351e-02 3.728852421045303345e-02 5.182250216603279114e-02 5.177989974617958069e-02 5.682790651917457581e-02 6.185324862599372864e-02 5.735908448696136475e-02 5.225397273898124695e-02 4.922009259462356567e-02 4.760842770338058472e-02 4.600854963064193726e-02 4.306984692811965942e-02 3.955917805433273315e-02 3.851041570305824280e-02 3.446584939956665039e-02 3.135764226317405701e-02 3.542215004563331604e-02 4.125785827636718750e-02 3.916124626994132996e-02 3.126246482133865356e-02 2.882865257561206818e-02 2.397734671831130981e-02 1.859486103057861328e-02 1.429920736700296402e-02 1.021656859666109085e-02 6.862713024020195007e-03 5.564680323004722595e-03 3.781698411330580711e-03 2.501794835552573204e-03 3.863278776407241821e-03
5.047207325696945190e-02 4.745221734046936035e-01 9.035497903823852539e-01 4.376105070114135742e-01 2.858425378799438477e-01 1.298630088567733765e-01 1.164159774780273438e-01 1.297820210456848145e-01 1.586407124996185303e-01 1.112741231918334961e-01 1.302124261856079102e-01 2.827787399291992188e-02 6.354422308504581451e-03 4.642014391720294952e-03 4.336557351052761078e-03 4.026472568511962891e-03 1.254223170690238476e-03 3.033739048987627029e-03 8.015920408070087433e-03 1.187346689403057098e-02 8.305410295724868774e-02 3.063752353191375732e-01 2.441816627979278564e-01 1.612224429845809937e-01 7.592523843050003052e-02 4.564416036009788513e-02 2.710078470408916473e-02 1.581277698278427124e-02 1.180250197649002075e-02 8.292065933346748352e-03 6.110674235969781876e-03 3.894571214914321899e-03 2.964317100122570992e-03 2.586353104561567307e-03 1.828111242502927780e-03 1.184801221825182438e-03 7.590132881887257099e-04 4.543280811049044132e-04 2.236929431091994047e-04 1.635272492421790957e-04 8.947717287810519338e-05 6.633652810705825686e-05 3.702503818203695118e-05 4.396723306854255497e-05 1.696980871201958507e-05 2.236929321952629834e-05 2.082658465951681137e-05 1.234167939401231706e-05 9.256259545509237796e-06 1.619845352252013981e-05 2.314064886377309449e-06 8.253497799159958959e-05 6.865058821858838201e-05 3.563659847714006901e-04 1.730920514091849327e-03 4.028786905109882355e-03 5.249842070043087006e-03 4.175344482064247131e-03 3.838262287899851799e-03 4.345813766121864319e-03 5.935576278716325760e-03 9.703645482659339905e-03 1.598015986382961273e-02 2.121380344033241272e-02 2.630629017949104309e-02 3.364727646112442017e-02 4.032875224947929382e-02 4.732802510261535645e-02 6.142145395278930664e-02 7.478594779968261719e-02 7.689483463764190674e-02 7.941176742315292358e-02 8.934219181537628174e-02 9.703182429075241089e-02 1.010837554931640625e-01 8.218632638454437256e-02 5.584995448589324951e-02 2.832646854221820831e-02 1.333981286734342575e-02 7.023186888545751572e-03 4.154517780989408493e-03 2.852470614016056061e-03 1.546566723845899105e-03 5.114083178341388702e-04
1.708787679672241211e-01 2.026415109634399414e+00 4.819222390651702881e-01 4.319313168525695801e-02 9.533236734569072723e-03 9.981220588088035583e-03 1.092809718102216721e-03 1.859812648035585880e-03 2.912575379014015198e-02 1.018145587295293808e-02 5.062220245599746704e-02 5.486447364091873169e-02 5.529548972845077515e-02 4.218516405671834946e-03 2.307796850800514221e-03 7.262771832756698132e-04 1.357527507934719324e-04 7.534277974627912045e-04 6.366804242134094238e-03 4.052558913826942444e-02 5.176704842597246170e-03 2.655663155019283295e-02 2.122154831886291504e-02 4.737544804811477661e-02 6.544413417577743530e-02 3.829132393002510071e-02 2.783723175525665283e-02 2.004163153469562531e-02 1.795895770192146301e-02 1.747250929474830627e-02 1.668401248753070831e-02 1.641929522156715393e-02 1.940924860537052155e-02 2.354178950190544128e-02 3.318362683057785034e-02 5.165844783186912537e-02 4.202226176857948303e-02 5.754898488521575928e-02 6.502895802259445190e-02 8.853568136692047119e-02 8.773473650217056274e-02 5.968596041202545166e-02 3.919860720634460449e-02 2.990067377686500549e-02 2.778293192386627197e-02 2.405199408531188965e-02 1.614326424896717072e-02 7.926829159259796143e-03 3.560115816071629524e-03 1.296438742429018021e-03 5.599801079370081425e-04 7.500339415855705738e-04 1.244400209543528035e-05 8.258291927631944418e-05 4.332775133661925793e-04 3.884791163727641106e-03 1.895108446478843689e-02 3.082379326224327087e-02 5.130435898900032043e-02 4.273835942149162292e-02 2.344789355993270874e-02 2.209149673581123352e-02 4.006516188383102417e-02 4.089212045073509216e-02 2.917665988206863403e-02 2.854767255485057831e-02 4.232544451951980591e-02 5.752070248126983643e-02 7.440947741270065308e-02 9.028915315866470337e-02 7.569120824337005615e-02 8.407280594110488892e-02 7.404407113790512085e-02 3.961378335952758789e-02 2.257002517580986023e-02 1.539436168968677521e-02 1.936060376465320587e-02 2.599099464714527130e-02 2.550680935382843018e-02 1.258314866572618484e-02 6.669985130429267883e-03 1.188967842608690262e-03 2.613240503706037998e-04 5.543237421079538763e-05
3.240257129073143005e-02 2.048353195190429688e+00 4.616379439830780029e-01 9.194433689117431641e-02 6.067558191716670990e-03 3.323210775852203369e-02 2.253327965736389160e-01 5.413711071014404297e-02 3.658646950498223305e-03 2.209677913924679160e-04 3.368853358551859856e-04 2.897938247770071030e-05 2.119117416441440582e-03 1.019349787384271622e-02 1.064992276951670647e-03 1.836568349972367287e-03 1.883659861050546169e-04 1.851058099418878555e-03 5.589398555457592010e-03 1.980378478765487671e-02 4.447127692401409149e-03 7.498415070585906506e-04 3.312101820483803749e-03 2.767627537250518799e-01 2.329869866371154785e-01 2.276692725718021393e-02 2.066592127084732056e-02 6.413137167692184448e-02 4.033809155225753784e-02 1.922661252319812775e-02 2.778881229460239410e-02 4.031152650713920593e-02 5.599178746342658997e-02 4.448939114809036255e-02 4.479005187749862671e-02 4.746581241488456726e-02 3.208742290735244751e-02 9.174389764666557312e-03 2.631086390465497971e-03 1.937996246851980686e-03 1.126573537476360798e-03 1.477948506362736225e-03 7.377667934633791447e-04 6.725631537847220898e-04 2.040631516138091683e-04 1.605940778972581029e-04 2.366649569012224674e-04 1.364445924991741776e-04 1.171250041807070374e-04 1.122951071010902524e-04 4.467654798645526171e-05 2.917257836088538170e-03 8.175808005034923553e-03 5.444501526653766632e-03 3.057324793189764023e-03 4.721224308013916016e-03 1.571286283433437347e-02 1.615721359848976135e-02 1.452712249010801315e-02 2.270534634590148926e-02 6.285265833139419556e-02 5.251305550336837769e-02 3.202463313937187195e-02 6.961089093238115311e-03 4.392791539430618286e-03 7.498415187001228333e-03 1.346696075052022934e-02 2.360732853412628174e-02 4.461013525724411011e-02 3.345186635851860046e-02 1.429287251085042953e-02 2.366166561841964722e-02 4.298004508018493652e-02 8.770731091499328613e-02 1.328680515289306641e-01 7.999396324157714844e-02 8.024028688669204712e-02 8.074018359184265137e-02 7.276602089405059814e-02 1.223533693701028824e-02 6.278866203501820564e-04 6.037371349520981312e-06 0.000000000000000000e+00 0.000000000000000000e+00
6.829657405614852905e-02 2.634315252304077148e+00 2.525886595249176025e-01 9.683098644018173218e-03 2.498481422662734985e-03 6.335180951282382011e-04 2.111726789735257626e-04 0.000000000000000000e+00 9.348544408567249775e-04 4.745454134535975754e-06 4.745454134535975754e-06 0.000000000000000000e+00 4.270908539183437824e-04 2.882863162085413933e-03 2.586272312328219414e-04 2.012072363868355751e-03 6.880908040329813957e-05 1.210090704262256622e-03 1.543221529573202133e-02 8.537071757018566132e-03 5.114808212965726852e-03 8.399453014135360718e-03 3.974080458283424377e-02 2.464812397956848145e-01 2.731760144233703613e-01 1.847397238016128540e-01 8.035872131586074829e-02 3.746614977717399597e-02 2.784948609769344330e-02 1.802956126630306244e-02 1.560700684785842896e-02 1.215706206858158112e-02 1.076822541654109955e-02 6.600926164537668228e-03 5.222371779382228851e-03 2.133872359991073608e-03 4.510554019361734390e-03 2.111726906150579453e-03 1.461599837057292461e-03 2.039754297584295273e-03 7.347544305957853794e-04 2.064272528514266014e-03 1.040836214087903500e-03 1.820672419853508472e-03 3.851726651191711426e-04 5.512635689228773117e-04 7.750907680019736290e-04 4.974817275069653988e-04 3.163635847158730030e-04 2.285726950503885746e-04 4.270908539183437824e-05 7.573744282126426697e-03 1.613137871026992798e-02 1.791250705718994141e-02 9.326398372650146484e-03 4.081090446561574936e-03 3.987763077020645142e-03 5.292763002216815948e-03 6.419808138161897659e-03 8.935689926147460938e-03 1.120164338499307632e-02 1.274787075817584991e-02 1.485643442720174789e-02 1.649836078286170959e-02 2.110145054757595062e-02 2.597345039248466492e-02 3.763935714960098267e-02 4.519570246338844299e-02 5.658795684576034546e-02 5.939963832497596741e-02 6.526422500610351562e-02 7.725836336612701416e-02 9.134998917579650879e-02 8.607620745897293091e-02 7.914784550666809082e-02 7.373406738042831421e-02 5.524419993162155151e-02 4.401250183582305908e-02 3.395609557628631592e-02 2.019744180142879486e-02 4.682181170210242271e-04 1.581817969054100104e-06 0.000000000000000000e+00 0.000000000000000000e+00
1.319361031055450439e-01 4.619902074337005615e-01 6.789247989654541016e-01 1.040093153715133667e-01 4.371304064989089966e-02 3.308732062578201294e-02 1.986481249332427979e-02 4.179739579558372498e-02 6.490057706832885742e-02 1.025907397270202637e-01 4.324509501457214355e-01 5.792151093482971191e-01 2.071533948183059692e-01 3.243304044008255005e-02 1.843134686350822449e-02 7.490469142794609070e-03 4.867170937359333038e-03 7.174583617597818375e-03 1.678692921996116638e-02 1.118269283324480057e-02 2.238523401319980621e-02 3.477240726351737976e-02 3.721246495842933655e-02 3.838620334863662720e-02 4.337597638368606567e-02 4.546626284718513489e-02 4.627340286970138550e-02 4.662753269076347351e-02 5.658468976616859436e-02 5.724151432514190674e-02 5.496362969279289246e-02 5.207612738013267517e-02 5.490614101290702820e-02 5.174293369054794312e-02 4.596659541130065918e-02 3.836199641227722168e-02 3.469276800751686096e-02 3.036332875490188599e-02 3.004417568445205688e-02 2.916441671550273895e-02 2.359249629080295563e-02 2.083933353424072266e-02 2.142245136201381683e-02 2.155945450067520142e-02 1.632617227733135223e-02 1.213652081787586212e-02 8.964841254055500031e-03 6.695794407278299332e-03 4.829167854040861130e-03 3.550499211996793747e-03 2.473827451467514038e-03 7.001633755862712860e-03 5.280121229588985443e-03 1.760726235806941986e-02 4.728254303336143494e-02 6.292743980884552002e-02 6.578844040632247925e-02 5.495879054069519043e-02 4.473282769322395325e-02 4.604732245206832886e-02 4.664121195673942566e-02 4.466348141431808472e-02 4.058844223618507385e-02 3.935915231704711914e-02 3.958293423056602478e-02 3.961452469229698181e-02 3.985428065061569214e-02 4.118511453270912170e-02 3.939449414610862732e-02 3.602142259478569031e-02 3.381288796663284302e-02 3.202541545033454895e-02 2.961319126188755035e-02 2.511733770370483398e-02 2.096193656325340271e-02 2.031443268060684204e-02 1.888229884207248688e-02 1.509676221758127213e-02 1.174741331487894058e-02 1.019546110183000565e-02 7.867594249546527863e-03 4.809197969734668732e-03 3.168290480971336365e-03 1.485797297209501266e-02
2.501486837863922119e-01 1.298008680343627930e+00 6.596524119377136230e-01 5.262655019760131836e-02 2.301135845482349396e-02 1.734728924930095673e-02 1.654311269521713257e-02 1.292525511234998703e-02 2.725622430443763733e-02 2.070183306932449341e-02 8.083415776491165161e-02 3.080295622348785400e-01 8.592140674591064453e-02 4.276443272829055786e-02 1.880956441164016724e-02 1.223681680858135223e-02 1.651801750995218754e-03 3.153780009597539902e-03 5.032489076256752014e-02 1.805220730602741241e-02 3.131468966603279114e-02 7.320553064346313477e-02 8.087535947561264038e-02 6.390624493360519409e-02 5.569156259298324585e-02 4.998029768466949463e-02 4.204378277063369751e-02 3.739401698112487793e-02 4.391582682728767395e-02 5.152410268783569336e-02 5.337741598486900330e-02 4.961198195815086365e-02 4.876473173499107361e-02 4.817692562937736511e-02 3.896678984165191650e-02 3.325178101658821106e-02 3.136288374662399292e-02 2.878117747604846954e-02 2.438835985958576202e-02 2.557358518242835999e-02 2.232579141855239868e-02 1.748974621295928955e-02 1.227402314543724060e-02 8.781891316175460815e-03 5.654206033796072006e-03 4.009395837783813477e-03 3.653690451756119728e-03 4.130128305405378342e-03 3.632090985774993896e-03 2.008630894124507904e-03 1.031158724799752235e-03 2.902201842516660690e-03 3.378265304490923882e-03 6.833814550191164017e-03 8.926846086978912354e-03 1.128593832254409790e-02 1.662289351224899292e-02 2.088611572980880737e-02 2.562365122139453888e-02 2.760056965053081512e-02 2.890428155660629272e-02 3.096497617661952972e-02 3.302142769098281860e-02 3.534955531358718872e-02 3.558939695358276367e-02 3.460668027400970459e-02 3.757855296134948730e-02 4.247802123427391052e-02 5.027170479297637939e-02 6.565031409263610840e-02 7.064567506313323975e-02 8.873995393514633179e-02 9.319632500410079956e-02 7.919421792030334473e-02 5.723186954855918884e-02 3.988595306873321533e-02 2.300698868930339813e-02 1.071923132985830307e-02 6.061600521206855774e-03 4.593956284224987030e-03 2.905572764575481415e-03 1.814235118217766285e-03 1.268004416488111019e-03 5.163409747183322906e-03
6.502752900123596191e-01 1.087719321250915527e+00 1.147844046354293823e-01 3.135404363274574280e-02 9.236233308911323547e-03 5.535303615033626556e-03 1.571066561155021191e-03 8.045500144362449646e-04 1.100039202719926834e-02 1.617876812815666199e-03 1.900200545787811279e-02 1.969245821237564087e-02 2.058184891939163208e-02 2.311398684978485107e-01 4.555508121848106384e-02 3.673516511917114258e-01 5.023317411541938782e-03 4.365634173154830933e-02 2.087236642837524414e-01 1.253752112388610840e-01 7.731480896472930908e-02 7.934325374662876129e-03 1.527864765375852585e-02 4.460620135068893433e-02 1.165544167160987854e-01 7.905946671962738037e-02 7.408978790044784546e-02 5.268875882029533386e-02 5.637506023049354553e-02 4.478271305561065674e-02 4.191461578011512756e-02 2.866830863058567047e-02 3.344099596142768860e-02 2.812804095447063446e-02 2.482499741017818451e-02 1.980948261916637421e-02 2.683296054601669312e-02 1.919022202491760254e-02 1.662443950772285461e-02 2.055942080914974213e-02 2.262882143259048462e-02 2.974396757781505585e-02 2.913348563015460968e-02 2.606839314103126526e-02 1.521818432956933975e-02 8.875405415892601013e-03 6.496862974017858505e-03 4.862407222390174866e-03 4.020799417048692703e-03 4.068584647029638290e-03 2.859321655705571175e-03 1.734609715640544891e-02 7.063168287277221680e-02 1.875878870487213135e-01 1.774017959833145142e-01 4.255240410566329956e-02 2.097583562135696411e-02 1.802484504878520966e-02 1.422249246388673782e-02 1.265825238078832626e-02 1.235691178590059280e-02 1.216577086597681046e-02 1.297909766435623169e-02 1.351546403020620346e-02 1.441655959933996201e-02 1.492172013968229294e-02 1.557413674890995026e-02 1.675511896610260010e-02 1.704280637204647064e-02 1.712082326412200928e-02 1.883817091584205627e-02 2.073495835065841675e-02 2.231772802770137787e-02 2.663596719503402710e-02 3.242677450180053711e-02 2.873949892818927765e-02 3.246285766363143921e-02 3.812884166836738586e-02 2.838354744017124176e-02 1.947791129350662231e-02 1.480664499104022980e-02 1.090774685144424438e-02 8.830545470118522644e-03 6.405192892998456955e-03
3.834659457206726074e-01 1.296352267265319824e+00 7.524873018264770508e-01 1.180426776409149170e-01 2.464146912097930908e-02 1.741613447666168213e-02 2.892957767471671104e-03 3.975956700742244720e-03 5.581603944301605225e-02 9.915660135447978973e-03 1.879487745463848114e-02 3.824840486049652100e-02 6.791219860315322876e-02 5.896352604031562805e-02 7.539397105574607849e-03 6.110280752182006836e-03 1.521464553661644459e-03 2.892576158046722412e-03 1.080938130617141724e-01 2.491698786616325378e-02 8.068341761827468872e-02 6.938290596008300781e-02 6.888287514448165894e-02 6.150426343083381653e-02 5.148849263787269592e-02 3.353213146328926086e-02 2.687030285596847534e-02 1.942580007016658783e-02 2.348850853741168976e-02 2.378870546817779541e-02 3.126208484172821045e-02 2.802148275077342987e-02 3.293479233980178833e-02 3.391793742775917053e-02 3.652596101164817810e-02 3.698923438787460327e-02 4.321832209825515747e-02 3.945033997297286987e-02 3.803203627467155457e-02 3.800443187355995178e-02 3.605785965919494629e-02 3.782978281378746033e-02 3.128866851329803467e-02 2.571759745478630066e-02 1.593244820833206177e-02 1.048463489860296249e-02 6.514783948659896851e-03 4.061436746269464493e-03 2.691596979275345802e-03 1.860458287410438061e-03 1.393244834616780281e-03 8.763463236391544342e-03 2.865380421280860901e-02 3.096328675746917725e-02 5.960322543978691101e-02 6.342679262161254883e-02 4.953988268971443176e-02 4.140149429440498352e-02 4.149574786424636841e-02 4.258637875318527222e-02 3.926017135381698608e-02 3.719707950949668884e-02 3.648347780108451843e-02 3.539780527353286743e-02 3.228135406970977783e-02 3.201410174369812012e-02 3.125699609518051147e-02 3.132657706737518311e-02 3.557372838258743286e-02 3.294077143073081970e-02 2.993116900324821472e-02 3.296735510230064392e-02 4.245727136731147766e-02 4.768909513950347900e-02 3.709506615996360779e-02 3.800710290670394897e-02 2.846872620284557343e-02 1.791629195213317871e-02 6.899570580571889877e-03 3.871651133522391319e-03 3.087958786636590958e-03 2.372065093368291855e-03 1.998981460928916931e-03 5.835015792399644852e-03
3.516477048397064209e-01 2.065014123916625977e+00 4.269174635410308838e-01 2.583357691764831543e-02 2.546903677284717560e-03 6.561679765582084656e-04 1.020705676637589931e-04 1.944201358128339052e-05 3.689122153446078300e-03 2.916302037192508578e-05 1.215125957969576120e-04 2.673277049325406551e-04 1.153883524239063263e-02 2.837562002241611481e-02 6.994264200329780579e-03 1.212695613503456116e-02 1.992806501220911741e-04 7.193545461632311344e-04 5.555069446563720703e-02 7.650432642549276352e-03 5.573539435863494873e-02 1.730015315115451813e-02 3.323126211762428284e-02 1.328343152999877930e-01 2.057775259017944336e-01 2.593321800231933594e-01 1.218933314085006714e-01 6.927351653575897217e-02 4.555911943316459656e-02 1.946793682873249054e-02 1.251903735101222992e-02 5.255824420601129532e-03 5.485888570547103882e-03 3.225754247978329659e-03 1.688214950263500214e-03 3.645377582870423794e-04 2.966527361422777176e-03 7.161141838878393173e-04 2.883898850996047258e-04 1.396584673784673214e-03 1.782184699550271034e-04 8.165645995177328587e-04 3.872201195918023586e-04 7.517578778788447380e-04 1.409546093782410026e-04 2.592268538137432188e-05 2.754285233095288277e-04 8.748906111577525735e-05 2.592268538137432188e-05 9.721006790641695261e-06 0.000000000000000000e+00 2.989209722727537155e-03 4.311590641736984253e-02 3.966819122433662415e-02 4.209844022989273071e-02 7.419072836637496948e-02 8.920320123434066772e-02 9.761997312307357788e-02 6.244450807571411133e-02 2.212339267134666443e-02 1.400797162204980850e-02 1.261624693870544434e-02 1.004017982631921768e-02 8.645216003060340881e-03 9.048637002706527710e-03 9.912187233567237854e-03 1.039499696344137192e-02 1.048410590738058090e-02 1.027996465563774109e-02 9.665921330451965332e-03 1.255468092858791351e-02 1.855902187526226044e-02 2.952593937516212463e-02 3.774991258978843689e-02 5.419137328863143921e-02 5.426428094506263733e-02 5.192152038216590881e-02 5.559929832816123962e-02 4.200609028339385986e-02 3.919510170817375183e-02 2.185282483696937561e-02 5.976799409836530685e-03 5.265545332804322243e-04 5.168335628695785999e-04
1.338177174329757690e-02 1.368738651275634766e+00 1.567981719970703125e+00 4.851719364523887634e-02 5.911442567594349384e-04 1.734631805447861552e-04 0.000000000000000000e+00 0.000000000000000000e+00 3.880097210640087724e-05 0.000000000000000000e+00 2.282410150655778125e-06 0.000000000000000000e+00 0.000000000000000000e+00 3.195374301867559552e-05 0.000000000000000000e+00 4.564820301311556250e-06 1.141205120802624151e-05 0.000000000000000000e+00 5.226719658821821213e-04 4.564820301311556250e-06 2.695526462048292160e-03 1.008064486086368561e-03 6.065885536372661591e-03 6.986913830041885376e-02 1.668472290039062500e-01 1.918943971395492554e-01 1.669446080923080444e-01 1.173866391181945801e-01 7.325471937656402588e-02 3.763770684599876404e-02 2.508368901908397675e-02 2.614196576178073883e-02 2.666235528886318207e-02 2.311016432940959930e-02 2.044506929814815521e-02 2.182592824101448059e-02 1.641965843737125397e-02 5.664181429892778397e-03 8.817711495794355869e-04 9.357881936011835933e-05 1.369446090393466875e-05 4.564820301311556250e-06 6.086427219997858629e-06 3.804017069342080504e-06 6.847230451967334375e-06 4.564820301311556250e-06 2.282410150655778125e-06 7.608034024997323286e-07 7.608034024997323286e-07 3.043213609998929314e-06 2.282410150655778125e-06 1.902008443721570075e-05 8.368837370653636754e-06 1.825928120524622500e-05 1.978088948817458004e-05 1.825928120524622500e-05 1.666159514570608735e-04 6.191418040543794632e-03 5.221317708492279053e-02 1.134122014045715332e-01 1.224109828472137451e-01 1.076757460832595825e-01 1.065847501158714294e-01 1.110430583357810974e-01 9.306070953607559204e-02 7.603316754102706909e-02 7.112523168325424194e-02 4.982425272464752197e-02 3.348752111196517944e-02 2.278225868940353394e-02 1.384586095809936523e-02 7.224589120596647263e-03 3.797930665314197540e-03 1.538344542495906353e-03 5.683201598003506660e-04 2.662811893969774246e-04 2.191113744629547000e-04 3.431223449297249317e-04 4.640900879167020321e-04 5.234327400103211403e-04 4.587644652929157019e-04 2.921484992839396000e-04 3.324710996821522713e-04 4.049756564199924469e-03
4.335620999336242676e-01 1.821918487548828125e+00 5.855919122695922852e-01 4.478628933429718018e-02 2.324878703802824020e-03 1.646532211452722549e-03 0.000000000000000000e+00 6.166786988615058362e-06 4.261249676346778870e-03 6.783465505577623844e-05 9.096011053770780563e-04 9.472184814512729645e-03 5.816204845905303955e-02 1.050820481032133102e-02 5.044431425631046295e-03 2.031956333667039871e-03 1.347442972473800182e-03 1.251857727766036987e-03 8.482415229082107544e-03 8.624251000583171844e-03 1.075076498091220856e-02 3.256269171833992004e-02 2.289059907197952271e-01 2.308392822742462158e-01 1.452638059854507446e-01 1.067481115460395813e-01 9.259841591119766235e-02 4.633826389908790588e-02 2.766215056180953979e-02 1.757431402802467346e-02 1.252782717347145081e-02 8.447470143437385559e-03 6.251066457480192184e-03 4.305445123463869095e-03 4.064940381795167923e-03 3.529457608237862587e-03 3.145061433315277100e-03 2.314600627869367599e-03 1.463584136217832565e-03 1.494418014772236347e-03 9.794912766665220261e-04 9.630465647205710411e-04 1.115160644985735416e-03 1.017519854940474033e-03 7.102083181962370872e-04 9.579075849615037441e-04 1.687644049525260925e-03 3.378371475264430046e-03 1.859286217950284481e-03 1.480028877267614007e-04 8.427941793343052268e-05 3.114227438345551491e-04 9.044620674103498459e-04 1.913759508170187473e-03 3.246813314035534859e-03 8.137075230479240417e-03 1.510040555149316788e-02 2.807635255157947540e-02 4.452009126543998718e-02 7.061073929071426392e-02 7.952380180358886719e-02 6.352613121271133423e-02 3.379604965448379517e-02 1.490204036235809326e-02 2.662613056600093842e-02 3.883020207285881042e-02 5.583717301487922668e-02 3.430275246500968933e-02 1.622584462165832520e-02 8.788699284195899963e-03 6.451487075537443161e-03 1.063873525708913803e-02 1.383415888994932175e-02 1.764420606195926666e-02 4.275124892592430115e-02 6.167609244585037231e-02 8.223102241754531860e-02 1.043111979961395264e-01 5.749706551432609558e-02 5.299017205834388733e-02 5.094793625175952911e-03 1.130577584262937307e-05 0.000000000000000000e+00 0.000000000000000000e+00
1.787564158439636230e-01 8.678637742996215820e-01 4.663347601890563965e-01 5.027258768677711487e-02 1.784560643136501312e-02 6.547450274229049683e-02 1.582104563713073730e-01 1.463549435138702393e-01 1.321419179439544678e-01 1.927370950579643250e-02 7.208514027297496796e-03 1.206236053258180618e-02 5.348978042602539062e-01 2.384561896324157715e-01 1.879200711846351624e-02 8.934137411415576935e-03 5.015357863157987595e-03 6.961996667087078094e-03 1.382765360176563263e-02 5.131532251834869385e-02 1.862577279098331928e-03 3.462580265477299690e-03 7.778999395668506622e-03 1.074287761002779007e-02 1.498279068619012833e-02 1.812140457332134247e-02 1.754619553685188293e-02 1.710983179509639740e-02 2.314715087413787842e-02 2.677596546709537506e-02 2.944137714803218842e-02 4.113443568348884583e-02 3.058801591396331787e-02 2.492472156882286072e-02 2.573228068649768829e-02 2.611575089395046234e-02 3.490632399916648865e-02 4.525628313422203064e-02 5.703717842698097229e-02 5.992927402257919312e-02 5.684733390808105469e-02 5.934084579348564148e-02 6.976636499166488647e-02 4.323219507932662964e-02 3.310891613364219666e-02 3.306641429662704468e-02 2.697053551673889160e-02 2.438918501138687134e-02 2.582389675080776215e-02 2.964728139340877533e-02 2.939509600400924683e-02 5.181591957807540894e-02 2.545459428802132607e-03 2.089260146021842957e-02 4.371767491102218628e-02 3.853891417384147644e-02 2.593818306922912598e-02 2.101916633546352386e-02 1.954572834074497223e-02 2.213841304183006287e-02 2.294597029685974121e-02 2.250204980373382568e-02 2.983523905277252197e-02 4.039204865694046021e-02 4.915617406368255615e-02 4.507399350404739380e-02 4.306785017251968384e-02 4.286289215087890625e-02 4.181164875626564026e-02 4.417859762907028198e-02 5.340930819511413574e-02 4.850446060299873352e-02 4.445628076791763306e-02 4.445722699165344238e-02 3.674812242388725281e-02 4.184754192829132080e-02 3.074574843049049377e-02 2.313959598541259766e-02 1.961845532059669495e-02 1.517358236014842987e-02 9.353500790894031525e-03 8.671563118696212769e-03 1.197735406458377838e-02 3.573466092348098755e-02
3.046494126319885254e-01 2.433401346206665039e+00 5.886413902044296265e-02 2.264423994347453117e-03 2.367847191635519266e-04 2.449497151246760041e-05 5.171161319594830275e-05 0.000000000000000000e+00 2.748880360741168261e-04 5.443327154353028163e-06 0.000000000000000000e+00 0.000000000000000000e+00 2.993829912156797945e-05 1.211140304803848267e-03 3.946412180084735155e-04 4.809179343283176422e-03 1.077778870239853859e-03 1.370085496455430984e-02 1.102709174156188965e-01 6.873288750648498535e-02 3.656101413071155548e-03 5.388893769122660160e-04 8.191300556063652039e-03 2.404381185770034790e-01 2.236082553863525391e-01 3.201121091842651367e-01 9.883540123701095581e-02 3.368965908885002136e-02 2.398874238133430481e-02 1.242893096059560776e-02 1.085218042135238647e-02 5.228315945714712143e-03 5.446956027299165726e-03 2.875891281291842461e-03 2.258073538541793823e-03 4.254867380950599909e-04 2.072093309834599495e-03 8.954273071140050888e-04 3.774040087591856718e-04 7.829319220036268234e-04 1.877947943285107613e-04 5.370749277062714100e-04 3.701462410390377045e-04 3.184346423950046301e-04 1.152170952991582453e-04 1.088665449060499668e-04 1.914236781885847449e-04 9.888711065286770463e-05 8.164990867953747511e-05 5.443327154353028163e-06 0.000000000000000000e+00 1.282810815609991550e-03 9.983969852328300476e-03 2.101487293839454651e-02 2.620780654251575470e-02 1.575208269059658051e-02 3.054341673851013184e-02 3.026489913463592529e-02 2.655255049467086792e-02 3.742105886340141296e-02 1.708116009831428528e-02 1.234546583145856857e-02 8.848128840327262878e-03 1.353936921805143356e-02 1.277548912912607193e-02 5.815288051962852478e-03 7.147995755076408386e-03 9.489533491432666779e-03 9.940423071384429932e-03 1.131939888000488281e-02 1.267569512128829956e-02 1.872776821255683899e-02 2.391707338392734528e-02 3.577989712357521057e-02 5.177602171897888184e-02 6.638228148221969604e-02 7.637895643711090088e-02 1.317593604326248169e-01 1.253861337900161743e-01 1.066792383790016174e-01 4.189275205135345459e-02 1.079593203030526638e-03 8.754684822633862495e-04 6.468486972153186798e-04
3.603079915046691895e-02 1.402779482305049896e-02 1.464441232383251190e-02 1.289536431431770325e-02 5.413347855210304260e-03 4.856229294091463089e-03 3.839351702481508255e-03 1.152789033949375153e-02 4.149282723665237427e-02 6.938369572162628174e-02 4.230234622955322266e-01 1.682993650436401367e+00 4.112148284912109375e-01 1.330609619617462158e-01 6.904342770576477051e-02 2.463075891137123108e-02 1.072982791811227798e-02 1.014812290668487549e-02 1.296961307525634766e-02 8.073554374277591705e-03 1.756572164595127106e-02 2.867220714688301086e-02 4.126663878560066223e-02 5.271667242050170898e-02 6.781068444252014160e-02 8.237838745117187500e-02 9.157174825668334961e-02 9.422359615564346313e-02 9.680824726819992065e-02 8.627460896968841553e-02 6.961759179830551147e-02 5.403677746653556824e-02 4.822333157062530518e-02 4.245873168110847473e-02 3.708717972040176392e-02 2.769302949309349060e-02 1.949523203074932098e-02 1.360639091581106186e-02 9.608705528080463409e-03 6.681822706013917923e-03 4.419745411723852158e-03 3.059647278860211372e-03 1.980485161766409874e-03 1.035562832839787006e-03 4.571359313558787107e-04 3.042109310626983643e-04 2.120953286066651344e-04 1.550557790324091911e-04 1.127678406191989779e-04 9.195168968290090561e-05 5.179453364689834416e-05 3.222406667191535234e-04 5.376141634769737720e-04 2.948026871308684349e-03 8.830640465021133423e-03 1.458507869392633438e-02 1.636543311178684235e-02 2.080402895808219910e-02 2.851223573088645935e-02 3.112048283219337463e-02 3.300376981496810913e-02 3.371135517954826355e-02 3.514013066887855530e-02 3.598949685692787170e-02 3.680493310093879700e-02 4.044005647301673889e-02 4.636610671877861023e-02 4.914432391524314880e-02 4.851737990975379944e-02 4.484587162733078003e-02 4.058741033077239990e-02 3.720929101109504700e-02 3.667282313108444214e-02 3.791327029466629028e-02 3.976738452911376953e-02 4.151250049471855164e-02 4.090686142444610596e-02 3.924517706036567688e-02 3.583132848143577576e-02 3.236928954720497131e-02 2.724556252360343933e-02 2.109774947166442871e-02 1.598500646650791168e-02 2.598938159644603729e-02
2.311283051967620850e-01 2.541821956634521484e+00 1.194217801094055176e-01 2.571590989828109741e-02 9.665688499808311462e-03 2.164748497307300568e-02 2.945926971733570099e-03 6.298188818618655205e-04 2.570067299529910088e-03 4.215723020024597645e-04 1.437409198842942715e-03 1.127578900195658207e-03 2.316107973456382751e-03 6.658811122179031372e-03 7.517193444073200226e-03 3.022114746272563934e-03 1.726922782836481929e-04 1.076787128113210201e-03 1.293160300701856613e-02 7.771152071654796600e-03 2.105491235852241516e-02 9.083274751901626587e-03 1.118774991482496262e-02 1.462974399328231812e-02 4.164592549204826355e-02 8.095543086528778076e-02 1.455982029438018799e-01 1.739976257085800171e-01 1.016547977924346924e-01 7.343823462724685669e-02 6.316981464624404907e-02 5.443531274795532227e-02 4.664215072989463806e-02 3.131147846579551697e-02 2.123437635600566864e-02 1.470423862338066101e-02 1.224591396749019623e-02 8.399277925491333008e-03 6.064546294510364532e-03 6.220308132469654083e-03 4.720255266875028610e-03 6.040843203663825989e-03 4.334237426519393921e-03 4.459524061530828476e-03 2.505731070414185524e-03 2.830798737704753876e-03 3.382736817002296448e-03 3.475855337455868721e-03 4.518781322985887527e-03 5.228173919022083282e-03 3.191420808434486389e-03 1.763831451535224915e-02 3.886253386735916138e-02 1.483460515737533569e-02 1.402024179697036743e-02 1.393389608711004257e-02 1.642777584493160248e-02 2.069259807467460632e-02 2.944572642445564270e-02 3.151126205921173096e-02 3.626537695527076721e-02 4.307317733764648438e-02 4.850452020764350891e-02 6.010876223444938660e-02 6.398079544305801392e-02 6.437020003795623779e-02 6.177642941474914551e-02 6.185938790440559387e-02 6.482224911451339722e-02 6.434310972690582275e-02 6.396216899156570435e-02 5.834290012717247009e-02 4.501850530505180359e-02 3.437930718064308167e-02 2.547718957066535950e-02 1.449937839061021805e-02 7.881200872361660004e-03 1.494973315857350826e-03 1.117420615628361702e-04 0.000000000000000000e+00 0.000000000000000000e+00 0.000000000000000000e+00 0.000000000000000000e+00 0.000000000000000000e+00
1.836134493350982666e-01 1.266149759292602539e+00 5.504260659217834473e-01 2.224523574113845825e-02 1.770031824707984924e-02 8.444786071777343750e-03 1.555213704705238342e-02 3.015149757266044617e-02 2.236951142549514771e-02 4.379216581583023071e-03 2.810983452945947647e-03 3.592140972614288330e-03 8.039116859436035156e-01 5.066871643066406250e-02 5.817256867885589600e-03 2.609776332974433899e-03 1.219079131260514259e-03 1.301929238252341747e-03 3.509291214868426323e-03 3.527044784277677536e-03 1.828618813306093216e-03 1.258531585335731506e-02 2.488262951374053955e-02 1.222235336899757385e-02 1.465262193232774734e-02 6.225194409489631653e-02 2.008857131004333496e-01 1.564425826072692871e-01 6.809681653976440430e-02 3.406123071908950806e-02 2.553359419107437134e-02 1.909890770912170410e-02 1.417919248342514038e-02 1.074486132711172104e-02 1.115516666322946548e-02 9.869017638266086578e-03 1.562512293457984924e-02 2.229060605168342590e-02 3.046908974647521973e-02 4.787154123187065125e-02 6.147867441177368164e-02 5.248155444860458374e-02 3.145934268832206726e-02 1.741034351289272308e-02 8.991202339529991150e-03 7.716889493167400360e-03 6.797648500651121140e-03 6.194026675075292587e-03 4.337791353464126587e-03 2.925395499914884567e-03 1.801002072170376778e-03 3.659210167825222015e-03 2.035743789747357368e-03 2.062176913022994995e-02 6.023395434021949768e-02 7.102812826633453369e-02 8.951552212238311768e-02 1.149702146649360657e-01 8.997119963169097900e-02 7.946502417325973511e-02 7.650806754827499390e-02 6.625241786241531372e-02 6.900619715452194214e-02 5.543456971645355225e-02 4.804513230919837952e-02 4.842979460954666138e-02 4.467392712831497192e-02 4.269933328032493591e-02 1.537262834608554840e-02 2.290211850777268410e-03 1.252613728865981102e-03 7.495956378988921642e-04 4.754014371428638697e-04 3.728251904249191284e-04 3.294275375083088875e-04 1.795084244804456830e-04 8.482266275677829981e-05 1.972620111700962298e-06 0.000000000000000000e+00 0.000000000000000000e+00 0.000000000000000000e+00 0.000000000000000000e+00 0.000000000000000000e+00 0.000000000000000000e+00
6.288847923278808594e-01 1.229169726371765137e+00 3.842841386795043945e-01 3.634102642536163330e-02 1.845587044954299927e-02 1.040950324386358261e-02 3.522978629916906357e-03 5.415548570454120636e-03 2.926855906844139099e-02 1.104870624840259552e-02 2.858553826808929443e-02 8.542744815349578857e-02 2.060666382312774658e-01 7.222584635019302368e-02 4.416463151574134827e-02 2.479819022119045258e-02 1.072100363671779633e-02 1.750958710908889771e-02 4.572913050651550293e-02 1.079711169004440308e-01 3.253465145826339722e-02 4.595140367746353149e-02 4.041348770260810852e-02 4.061808809638023376e-02 4.691928997635841370e-02 4.370719939470291138e-02 4.559350758790969849e-02 4.639226570725440979e-02 4.776296764612197876e-02 4.508710652589797974e-02 4.979950562119483948e-02 4.787600785493850708e-02 4.695795103907585144e-02 4.781918227672576904e-02 5.264020338654518127e-02 4.992972686886787415e-02 5.474964529275894165e-02 4.948002845048904419e-02 3.853797912597656250e-02 3.206396475434303284e-02 1.979969441890716553e-02 1.650279387831687927e-02 1.474253088235855103e-02 9.058929979801177979e-03 4.975667223334312439e-03 2.968462882563471794e-03 5.132276564836502075e-03 2.831736346706748009e-03 1.194700133055448532e-03 6.905057816766202450e-04 3.831779176834970713e-04 1.688535697758197784e-02 3.343785926699638367e-02 4.955587908625602722e-02 3.586935624480247498e-02 3.269788995385169983e-02 3.076064586639404297e-02 2.885727398097515106e-02 2.636269107460975647e-02 2.432750165462493896e-02 2.333703264594078064e-02 2.166845463216304779e-02 2.043423242866992950e-02 2.020054683089256287e-02 2.283578366041183472e-02 2.656053937971591949e-02 2.809729985892772675e-02 2.965210378170013428e-02 3.157069534063339233e-02 3.321423381567001343e-02 3.564990684390068054e-02 3.938362002372741699e-02 4.203886538743972778e-02 4.237699881196022034e-02 3.995053470134735107e-02 4.123445972800254822e-02 4.551459103822708130e-02 4.252317547798156738e-02 3.860891982913017273e-02 3.488625213503837585e-02 2.790362574160099030e-02 2.068350650370121002e-02 1.704564876854419708e-02 1.275987364351749420e-02
3.762074708938598633e-01 1.557170867919921875e+00 2.789795100688934326e-01 1.854747980833053589e-01 1.414001882076263428e-01 9.433941543102264404e-02 4.761959612369537354e-02 2.967922016978263855e-02 2.320676483213901520e-02 6.466444116085767746e-03 7.469144649803638458e-03 3.352131322026252747e-02 9.507013857364654541e-02 3.516736999154090881e-02 2.512444928288459778e-02 1.307259500026702881e-02 2.549723722040653229e-03 6.532229483127593994e-03 2.386745065450668335e-02 1.708127371966838837e-02 2.476805262267589569e-02 4.010093584656715393e-02 2.952135913074016571e-02 2.468045614659786224e-02 2.653554081916809082e-02 3.391626477241516113e-02 4.271267354488372803e-02 3.838638588786125183e-02 4.398547112941741943e-02 4.554687812924385071e-02 5.099081620573997498e-02 4.775128513574600220e-02 5.324532836675643921e-02 5.075160786509513855e-02 5.746610090136528015e-02 6.109492108225822449e-02 6.706750392913818359e-02 5.997185036540031433e-02 4.798955470323562622e-02 4.136984422802925110e-02 3.406009450554847717e-02 2.705074287950992584e-02 1.626555435359477997e-02 1.075253076851367950e-02 5.929430481046438217e-03 4.282314330339431763e-03 3.023191355168819427e-03 1.933602266944944859e-03 1.123778871260583401e-03 6.761300610378384590e-04 3.535682626534253359e-04 6.696222350001335144e-03 2.188386023044586182e-02 2.695902064442634583e-02 2.525955811142921448e-02 2.438618987798690796e-02 3.141640871763229370e-02 4.056084901094436646e-02 4.859801009297370911e-02 4.770294949412345886e-02 4.867086932063102722e-02 5.274675041437149048e-02 5.450598523020744324e-02 5.345270782709121704e-02 4.899697005748748779e-02 4.941255226731300354e-02 4.617149010300636292e-02 4.238044470548629761e-02 4.294928908348083496e-02 4.065009579062461853e-02 3.401682898402214050e-02 3.060187026858329773e-02 2.780963480472564697e-02 2.742293849587440491e-02 2.480589784681797028e-02 2.515345253050327301e-02 2.762100286781787872e-02 2.146179415285587311e-02 1.459332648664712906e-02 9.354174137115478516e-03 4.798224195837974548e-03 2.798247151076793671e-03 1.748270704410970211e-03 1.110338722355663776e-03
4.461151063442230225e-01 1.604628086090087891e+00 1.149946600198745728e-01 8.307755924761295319e-03 1.293237146455794573e-04 1.344966731267049909e-04 2.017450169660151005e-04 0.000000000000000000e+00 2.384729450568556786e-03 0.000000000000000000e+00 1.034589786286232993e-05 5.172948931431164965e-06 5.379866925068199635e-04 1.769148511812090874e-03 5.172948931431164965e-06 3.434837795794010162e-03 1.758802682161331177e-04 8.912990801036357880e-03 4.285477995872497559e-01 3.797048330307006836e-01 6.970548629760742188e-02 1.083215512335300446e-02 7.067455351352691650e-02 1.244852915406227112e-01 4.391609430313110352e-01 1.046401336789131165e-01 3.358450904488563538e-02 2.281787805259227753e-02 2.684415690600872040e-02 1.979859918355941772e-02 2.374900877475738525e-02 1.690692082047462463e-02 1.665172167122364044e-02 3.943511284887790680e-03 1.981239533051848412e-03 8.345691021531820297e-04 4.448736086487770081e-03 3.914198023267090321e-04 3.827982291113585234e-04 9.225092362612485886e-04 9.656171459937468171e-05 1.879504765383899212e-03 2.448529121465981007e-04 5.224678316153585911e-04 4.655653901863843203e-05 2.431285975035279989e-04 1.776045828592032194e-04 9.311307803727686405e-05 4.655653901863843203e-05 4.828085729968734086e-05 1.724316280160564929e-05 3.827982116490602493e-03 9.090078622102737427e-02 1.005845442414283752e-01 6.755526363849639893e-02 5.994930490851402283e-02 5.653170868754386902e-02 4.443908110260963440e-02 2.936683036386966705e-02 1.483774185180664062e-02 5.717833060771226883e-03 5.495395977050065994e-03 1.184605294838547707e-03 5.741973291151225567e-04 4.397006705403327942e-04 6.569644901901483536e-04 1.141497399657964706e-03 2.426113002002239227e-03 9.764803573489189148e-03 1.599648222327232361e-02 6.985205225646495819e-03 1.123392116278409958e-02 2.722178213298320770e-02 4.456150531768798828e-02 5.682484433054924011e-02 7.875470072031021118e-02 8.380521833896636963e-02 7.761320471763610840e-02 6.586026400327682495e-02 3.148601576685905457e-02 6.564472336322069168e-03 1.294961548410356045e-03 2.069179608952254057e-04 2.414042864984367043e-05
1.299315989017486572e-01 6.553593873977661133e-01 3.277703225612640381e-01 1.375942677259445190e-01 7.874323427677154541e-02 8.880650997161865234e-02 6.814648211002349854e-02 4.661780595779418945e-02 8.211203664541244507e-02 7.492557913064956665e-02 3.072517514228820801e-01 6.057299375534057617e-01 2.183224558830261230e-01 5.714403092861175537e-02 3.134388849139213562e-02 1.916540786623954773e-02 4.938096739351749420e-03 5.996319931000471115e-03 4.034852981567382812e-02 1.975238695740699768e-02 2.278435602784156799e-02 6.962990015745162964e-02 9.135119616985321045e-02 9.117765724658966064e-02 9.380047023296356201e-02 8.378364890813827515e-02 7.692739367485046387e-02 5.180466175079345703e-02 4.366189241409301758e-02 3.385815396904945374e-02 3.075967542827129364e-02 2.897121943533420563e-02 2.923850528895854950e-02 2.535130269825458527e-02 2.110195718705654144e-02 1.684140972793102264e-02 1.617754995822906494e-02 1.708961464464664459e-02 1.836451515555381775e-02 1.998828537762165070e-02 2.026967518031597137e-02 2.033120952546596527e-02 1.788539066910743713e-02 1.420504786074161530e-02 9.845219552516937256e-03 8.029385469853878021e-03 6.051353178918361664e-03 4.418180789798498154e-03 3.159734886139631271e-03 2.196230692788958549e-03 1.508586341515183449e-03 9.436615742743015289e-03 7.977670058608055115e-03 1.167502067983150482e-02 1.426505949348211288e-02 2.277592010796070099e-02 2.956746332347393036e-02 3.611453250050544739e-02 4.089347645640373230e-02 4.433778300881385803e-02 4.986313357949256897e-02 5.712315440177917480e-02 5.789376422762870789e-02 5.363197252154350281e-02 4.756070673465728760e-02 4.139444977045059204e-02 3.892470896244049072e-02 3.878615796566009521e-02 3.969421237707138062e-02 4.414875805377960205e-02 4.873218014836311340e-02 5.024878680706024170e-02 4.422536492347717285e-02 3.650087490677833557e-02 2.956552803516387939e-02 2.513089217245578766e-02 2.184878289699554443e-02 1.934544183313846588e-02 1.581167243421077728e-02 1.054683048278093338e-02 4.970453213900327682e-03 2.489789621904492378e-03 2.077866811305284500e-03 1.187759358435869217e-02
2.365796593949198723e-03 2.293749809265136719e+00 7.032917737960815430e-01 4.726591287180781364e-04 1.000336778815835714e-04 7.502525477320887148e-06 0.000000000000000000e+00 0.000000000000000000e+00 1.250420973519794643e-05 0.000000000000000000e+00 0.000000000000000000e+00 0.000000000000000000e+00 0.000000000000000000e+00 0.000000000000000000e+00 0.000000000000000000e+00 0.000000000000000000e+00 0.000000000000000000e+00 0.000000000000000000e+00 0.000000000000000000e+00 0.000000000000000000e+00 9.253115422325208783e-05 2.025682042585685849e-04 3.417817351873964071e-04 6.402155268006026745e-04 3.966502100229263306e-02 1.625222116708755493e-01 1.931725293397903442e-01 1.533499658107757568e-01 1.119585260748863220e-01 9.263285249471664429e-02 6.155738979578018188e-02 4.322372004389762878e-02 3.334789350628852844e-02 2.599458396434783936e-02 2.213078364729881287e-02 1.769262365996837616e-02 1.311358157545328140e-02 9.119736962020397186e-03 5.961173679679632187e-03 4.111384041607379913e-03 2.691739471629261971e-03 1.873130677267909050e-03 1.103704911656677723e-03 1.028679660521447659e-03 4.659902187995612621e-04 4.909986164420843124e-04 3.009346546605229378e-04 2.475833462085574865e-04 1.783933985279873013e-04 1.150387324742041528e-04 9.836645040195435286e-05 5.743600195273756981e-04 6.668912101304158568e-05 1.374629442580044270e-03 6.944004446268081665e-03 1.753840409219264984e-02 3.157896548509597778e-02 3.731506317853927612e-02 4.074038192629814148e-02 4.315202683210372925e-02 3.958499431610107422e-02 4.111134260892868042e-02 4.346796870231628418e-02 4.534193128347396851e-02 4.265185818076133728e-02 3.929906338453292847e-02 3.714417293667793274e-02 3.700412437319755554e-02 3.718752041459083557e-02 3.670652583241462708e-02 3.719085454940795898e-02 3.843877464532852173e-02 4.247930273413658142e-02 4.866721853613853455e-02 5.463589355349540710e-02 5.084878578782081604e-02 4.172571375966072083e-02 3.573786467313766479e-02 3.409564495086669922e-02 2.934404648840427399e-02 7.725100964307785034e-03 2.209077065344899893e-04 1.367126969853416085e-04 5.435163038782775402e-04
1.950783729553222656e-01 1.215226888656616211e+00 1.473141193389892578e+00 6.193401664495468140e-02 7.074405439198017120e-03 1.632011495530605316e-03 9.231581352651119232e-04 2.512779785320162773e-03 3.573469817638397217e-02 8.713481656741350889e-05 0.000000000000000000e+00 0.000000000000000000e+00 4.709990207629743963e-06 7.535984332207590342e-05 4.709990207629743963e-06 1.059747810359112918e-04 4.709990207629743963e-06 1.436547026969492435e-04 2.571654738858342171e-03 3.744442481547594070e-03 1.419277046807110310e-03 7.849983376218006015e-06 4.741390235722064972e-03 8.789626881480216980e-03 1.676991954445838928e-02 1.460410933941602707e-02 1.838780194520950317e-02 4.184276610612869263e-02 7.890097051858901978e-02 7.569582015275955200e-02 6.996768712997436523e-02 6.925098598003387451e-02 7.104156911373138428e-02 6.153366714715957642e-02 5.558023974299430847e-02 4.179723933339118958e-02 4.648995772004127502e-02 3.499365597963333130e-02 2.651331946253776550e-02 2.892797440290451050e-02 2.697097323834896088e-02 3.814307227730751038e-02 4.760229960083961487e-02 4.226274043321609497e-02 3.106474131345748901e-02 2.087860181927680969e-02 1.081413775682449341e-02 5.019279662519693375e-03 2.218405483290553093e-03 1.549586770124733448e-03 7.355434936471283436e-04 5.484783556312322617e-03 1.727624423801898956e-02 6.162080168724060059e-02 4.972886294126510620e-02 3.968637809157371521e-02 3.348959982395172119e-02 3.500464558601379395e-02 3.691454976797103882e-02 3.350372985005378723e-02 3.039278090000152588e-02 3.757708519697189331e-02 4.865498468279838562e-02 4.249510169029235840e-02 4.324163496494293213e-02 4.209082573652267456e-02 4.448742792010307312e-02 3.293853253126144409e-02 3.381537646055221558e-02 3.330355510115623474e-02 3.390015289187431335e-02 3.419531509280204773e-02 4.088506847620010376e-02 3.927660733461380005e-02 2.723787352442741394e-02 1.927798986434936523e-02 1.649124547839164734e-02 1.659329608082771301e-02 1.365426182746887207e-02 1.569839753210544586e-02 1.604144088923931122e-02 2.226726338267326355e-02 8.254257962107658386e-03 4.709990207629743963e-06
3.016653358936309814e-01 7.949067950248718262e-01 1.749157756567001343e-01 4.707740619778633118e-02 2.568493038415908813e-02 1.733732782304286957e-02 1.533418335020542145e-02 2.181125245988368988e-02 4.334332048892974854e-02 4.090046137571334839e-02 3.418748080730438232e-01 9.321675896644592285e-01 8.785921335220336914e-02 2.815571054816246033e-02 1.705814525485038757e-02 6.190905813127756119e-03 2.296288730576634407e-03 4.704250954091548920e-03 2.223700843751430511e-02 7.447932660579681396e-02 7.091274484992027283e-03 2.218349836766719818e-02 4.436699673533439636e-02 7.082433998584747314e-02 6.353995949029922485e-02 6.606192141771316528e-02 6.336779892444610596e-02 5.453394725918769836e-02 5.114419013261795044e-02 4.497189447283744812e-02 4.865014553070068359e-02 4.758226498961448669e-02 4.042584821581840515e-02 3.460020944476127625e-02 3.027750924229621887e-02 2.330256067216396332e-02 2.181590534746646881e-02 1.971737295389175415e-02 1.802365668118000031e-02 1.902406476438045502e-02 1.634389907121658325e-02 1.899847388267517090e-02 1.474324334412813187e-02 1.766071654856204987e-02 1.046242192387580872e-02 1.317050680518150330e-02 1.141397375613451004e-02 1.127438247203826904e-02 8.552337996661663055e-03 9.234012104570865631e-03 8.682623505592346191e-03 6.795804947614669800e-02 2.910958975553512573e-02 4.377372935414314270e-02 5.650684982538223267e-02 3.432567790150642395e-02 2.679701521992683411e-02 2.610370703041553497e-02 2.588501386344432831e-02 2.340260148048400879e-02 2.355382591485977173e-02 2.351194992661476135e-02 2.306758053600788116e-02 2.464497089385986328e-02 3.335318714380264282e-02 5.053463578224182129e-02 5.988264828920364380e-02 6.946331262588500977e-02 9.230755269527435303e-02 1.326077580451965332e-01 4.755434766411781311e-02 1.825165562331676483e-02 1.396618131548166275e-02 1.451524347066879272e-02 1.613451167941093445e-02 1.843777857720851898e-02 2.088994532823562622e-02 1.964292302727699280e-02 1.413834467530250549e-02 8.924582973122596741e-03 5.130006931722164154e-03 2.787187229841947556e-03 7.235519587993621826e-04 7.212254422483965755e-05
2.964259088039398193e-01 1.084232330322265625e+00 7.598909139633178711e-01 1.263598650693893433e-01 7.601462304592132568e-02 5.537665635347366333e-02 4.634709283709526062e-02 6.156096607446670532e-02 9.953585267066955566e-02 1.081950590014457703e-01 1.036853343248367310e-01 4.374455288052558899e-02 4.461915791034698486e-02 2.020240202546119690e-02 8.981091901659965515e-03 7.032759021967649460e-03 2.739243442192673683e-03 6.582205183804035187e-03 2.732931450009346008e-02 2.114465832710266113e-02 1.417350769042968750e-02 2.705242671072483063e-02 3.870278596878051758e-02 4.811676219105720520e-02 5.488821119070053101e-02 5.424701794981956482e-02 5.299672111868858337e-02 4.929522424936294556e-02 4.936834052205085754e-02 4.052697122097015381e-02 3.644850477576255798e-02 3.309364244341850281e-02 3.113124333322048187e-02 2.867423556745052338e-02 2.783903665840625763e-02 2.526032365858554840e-02 2.719157002866268158e-02 2.597172558307647705e-02 2.474944107234477997e-02 2.635985799133777618e-02 2.326654084026813507e-02 2.378602698445320129e-02 2.550443261861801147e-02 2.915884926915168762e-02 2.717087790369987488e-02 2.752669528126716614e-02 2.597009763121604919e-02 2.446976117789745331e-02 2.069886960089206696e-02 1.718301326036453247e-02 1.246219221502542496e-02 2.671509236097335815e-02 1.420338172465562820e-02 2.465598098933696747e-02 3.176941350102424622e-02 4.538042470812797546e-02 5.923984572291374207e-02 6.553365290164947510e-02 6.589911878108978271e-02 6.541241705417633057e-02 6.209312379360198975e-02 6.193247810006141663e-02 6.205894798040390015e-02 6.040691584348678589e-02 5.303217470645904541e-02 4.711557179689407349e-02 4.109586030244827271e-02 3.528468683362007141e-02 2.944317832589149475e-02 2.404431626200675964e-02 2.064284123480319977e-02 1.681720092892646790e-02 1.358834467828273773e-02 1.241918280720710754e-02 1.208359189331531525e-02 1.190690416842699051e-02 1.123025920242071152e-02 1.045108865946531296e-02 9.898008778691291809e-03 8.370356634259223938e-03 6.677523721009492874e-03 5.283665377646684647e-03 4.042549058794975281e-03 7.986989803612232208e-03
1.004150152206420898e+00 1.204933166503906250e+00 6.170802116394042969e-01 7.706119120121002197e-02 1.510533317923545837e-02 5.660874769091606140e-03 3.058506990782916546e-04 5.695151630789041519e-04 1.444881036877632141e-02 5.088723264634609222e-04 4.165897553320974112e-04 8.015398634597659111e-04 6.850001402199268341e-03 9.861048310995101929e-04 2.452079206705093384e-04 1.766551577020436525e-04 0.000000000000000000e+00 3.163972723996266723e-05 2.401982899755239487e-03 4.826640710234642029e-02 1.015107962302863598e-03 3.093662380706518888e-04 1.219008467160165310e-03 2.680236659944057465e-02 1.239679753780364990e-01 1.165748238563537598e-01 4.780587181448936462e-02 2.003761567175388336e-02 1.249857153743505478e-02 1.398212369531393051e-02 1.837301440536975861e-02 2.236577309668064117e-02 2.541197650134563446e-02 2.356280945241451263e-02 2.775243669748306274e-02 3.408038243651390076e-02 3.507615625858306885e-02 2.911997586488723755e-02 3.309867158532142639e-02 4.141025245189666748e-02 4.020442813634872437e-02 4.598219320178031921e-02 4.931403324007987976e-02 4.555330052971839905e-02 4.539158567786216736e-02 4.986069723963737488e-02 3.885886073112487793e-02 1.528111007064580917e-02 6.036157254129648209e-03 2.597094513475894928e-03 7.066206308081746101e-04 5.749641917645931244e-03 3.366115503013134003e-03 3.516228497028350830e-02 3.870330005884170532e-02 2.805477194488048553e-02 3.295101970434188843e-02 3.692883625626564026e-02 4.579323530197143555e-02 6.420667469501495361e-02 7.093275338411331177e-02 4.708431288599967957e-02 4.398098215460777283e-02 3.763281926512718201e-02 3.044708631932735443e-02 2.988284453749656677e-02 2.709591202437877655e-02 2.795897424221038818e-02 2.718731574714183807e-02 2.862868085503578186e-02 2.766454778611660004e-02 2.917446754872798920e-02 3.560436144471168518e-02 4.150077700614929199e-02 5.374974757432937622e-02 6.184512376785278320e-02 5.733733996748924255e-02 1.670489832758903503e-02 1.085506379604339600e-02 4.978863056749105453e-03 3.757217898964881897e-03 5.334810120984911919e-04 7.997820648597553372e-05 2.162048185709863901e-04
8.127532899379730225e-02 2.078299045562744141e+00 7.363998889923095703e-01 2.528034895658493042e-02 8.194597437977790833e-03 6.421548314392566681e-03 8.145666215568780899e-04 3.597909235395491123e-04 8.108248002827167511e-03 3.338859823998063803e-04 5.180989392101764679e-04 1.381597248837351799e-04 8.183084428310394287e-03 1.307911891490221024e-02 4.855738021433353424e-03 6.441696546971797943e-03 2.964677114505320787e-04 1.534148468635976315e-03 1.343027595430612564e-02 6.035852245986461639e-03 7.755173370242118835e-03 1.185870845802128315e-03 4.193722736090421677e-03 1.428705733269453049e-02 1.310272216796875000e-01 1.458563655614852905e-01 4.373042657971382141e-02 2.692867070436477661e-02 3.449291363358497620e-02 8.959465473890304565e-02 2.464126497507095337e-01 1.527250111103057861e-01 3.906945511698722839e-02 1.050589513033628464e-02 6.113567389547824860e-03 4.295423626899719238e-03 6.888796575367450714e-03 4.162061493843793869e-03 3.346535377204418182e-03 3.712082747370004654e-03 2.049369039013981819e-03 2.962758298963308334e-03 1.755779725499451160e-03 1.992761855944991112e-03 8.356743492186069489e-04 1.016049529425799847e-03 1.122547662816941738e-03 8.500660187564790249e-04 6.063676555640995502e-04 6.610558484680950642e-04 2.513739163987338543e-04 9.612654335796833038e-03 2.066734991967678070e-02 2.256320789456367493e-02 1.379582285881042480e-02 1.006167288869619370e-02 8.772182278335094452e-03 6.727610249072313309e-03 6.350549403578042984e-03 7.574798073619604111e-03 9.186661802232265472e-03 8.720372803509235382e-03 8.137990720570087433e-03 8.470917120575904846e-03 9.351685643196105957e-03 1.156607829034328461e-02 1.580969244241714478e-02 2.819033712148666382e-02 1.295727025717496872e-02 1.126577332615852356e-02 1.329691335558891296e-02 1.805286854505538940e-02 3.250111266970634460e-02 6.353715807199478149e-02 1.303843855857849121e-01 1.371810883283615112e-01 1.154669821262359619e-01 1.355797648429870605e-01 9.408196806907653809e-02 3.420891985297203064e-02 4.209074191749095917e-03 9.527263464406132698e-04 3.530748072080314159e-04 2.398606193310115486e-05
4.234278798103332520e-01 1.570306062698364258e+00 1.269982755184173584e-01 9.786618500947952271e-02 5.188038945198059082e-02 3.768124803900718689e-02 2.936065942049026489e-02 4.130621999502182007e-02 8.947341889142990112e-02 1.557694822549819946e-01 2.335700094699859619e-01 2.781683765351772308e-02 1.243878155946731567e-02 6.929147522896528244e-03 5.786319263279438019e-03 5.200870335102081299e-03 3.653040155768394470e-03 8.132124319672584534e-03 2.692663483321666718e-02 4.547653719782829285e-02 4.852007143199443817e-03 8.495690301060676575e-03 1.964461430907249451e-02 3.730565309524536133e-02 4.255063086748123169e-02 5.119335278868675232e-02 9.964793175458908081e-02 1.003389731049537659e-01 7.891796529293060303e-02 4.606332629919052124e-02 3.798867762088775635e-02 3.777347505092620850e-02 3.502534329891204834e-02 2.543895319104194641e-02 1.589800976216793060e-02 8.149500936269760132e-03 7.908904924988746643e-03 8.045242168009281158e-03 8.271135389804840088e-03 1.105268485844135284e-02 1.456938777118921280e-02 1.931579969823360443e-02 2.440973930060863495e-02 3.216626867651939392e-02 4.098141565918922424e-02 4.687867686152458191e-02 4.382444918155670166e-02 3.556801751255989075e-02 2.454474009573459625e-02 1.445042621344327927e-02 7.533309049904346466e-03 1.119570527225732803e-02 6.723304744809865952e-03 9.554310701787471771e-03 1.147105358541011810e-02 1.502785552293062210e-02 1.885332167148590088e-02 2.297953329980373383e-02 2.722470462322235107e-02 3.965413197875022888e-02 5.132835358381271362e-02 7.229357212781906128e-02 8.325269073247909546e-02 8.666647225618362427e-02 9.027807414531707764e-02 8.407472074031829834e-02 8.468155562877655029e-02 6.508105248212814331e-02 3.283458948135375977e-02 2.137556485831737518e-02 1.649281382560729980e-02 7.799300830811262131e-03 3.796060569584369659e-03 7.093554362654685974e-03 2.496444620192050934e-02 3.551722690463066101e-02 3.439712151885032654e-02 3.933066502213478088e-02 7.064147852361202240e-03 1.857931056292727590e-04 4.009923031844664365e-06 0.000000000000000000e+00 0.000000000000000000e+00 0.000000000000000000e+00
6.166527867317199707e-01 2.248624801635742188e+00 9.544534981250762939e-02 3.221600502729415894e-02 7.918552728369832039e-04 1.309835643041878939e-04 5.358418638934381306e-05 0.000000000000000000e+00 1.964753464562818408e-04 1.786139546311460435e-05 0.000000000000000000e+00 0.000000000000000000e+00 5.953798790869768709e-06 4.643962893169373274e-04 4.167659062659367919e-05 6.846868200227618217e-04 0.000000000000000000e+00 5.953798245172947645e-05 2.447011182084679604e-03 2.167182508856058121e-03 6.013336242176592350e-04 1.905215467559173703e-04 7.343018078245222569e-04 3.359926864504814148e-03 6.096689496189355850e-03 8.126934990286827087e-03 5.725569557398557663e-03 4.203381948173046112e-03 5.729538854211568832e-03 1.002421230077743530e-02 2.090378664433956146e-02 4.342700541019439697e-02 9.362745285034179688e-02 1.595280617475509644e-01 2.028756886720657349e-01 2.092522084712982178e-01 1.297511309385299683e-01 5.598753690719604492e-02 1.895094104111194611e-02 7.593077607452869415e-03 3.240850986912846565e-03 2.143367426469922066e-03 1.012145774438977242e-03 1.010161126032471657e-03 3.869968932121992111e-04 4.743192694149911404e-04 3.909661027137190104e-04 3.691354941111057997e-04 2.222751500084996223e-04 2.163213503081351519e-04 3.969198951381258667e-05 3.804477164521813393e-03 5.354449618607759476e-03 3.998967818915843964e-03 4.139874596148729324e-03 3.979121800512075424e-03 5.618401337414979935e-03 1.263197604566812515e-02 5.224061384797096252e-02 1.132035404443740845e-01 1.624295413494110107e-01 1.791914701461791992e-01 1.171171739697456360e-01 8.586766570806503296e-02 6.751210242509841919e-02 4.853735119104385376e-02 3.749305382370948792e-02 3.567317500710487366e-02 3.198976069688796997e-02 1.755576767027378082e-02 6.989759393036365509e-03 3.375803818926215172e-03 1.561879762448370457e-03 5.021036486141383648e-04 6.529332604259252548e-04 4.247042816132307053e-04 6.311026518233120441e-04 8.275780128315091133e-04 2.540287387091666460e-04 1.627371530048549175e-04 6.549178215209394693e-05 1.587679616932291538e-05 1.984599521165364422e-06 0.000000000000000000e+00
5.589505285024642944e-02 2.774152278900146484e+00 1.074812784790992737e-01 4.113272204995155334e-02 1.319690048694610596e-02 5.954857449978590012e-03 1.209174166433513165e-03 9.283336694352328777e-04 4.940711733070202172e-05 0.000000000000000000e+00 0.000000000000000000e+00 0.000000000000000000e+00 0.000000000000000000e+00 0.000000000000000000e+00 0.000000000000000000e+00 0.000000000000000000e+00 0.000000000000000000e+00 0.000000000000000000e+00 0.000000000000000000e+00 0.000000000000000000e+00 0.000000000000000000e+00 5.114069790579378605e-05 7.827127119526267052e-04 4.029713571071624756e-03 1.761060208082199097e-02 4.367935657501220703e-02 6.518792361021041870e-02 7.292836904525756836e-02 6.896453350782394409e-02 6.134629994630813599e-02 5.253536626696586609e-02 4.530978947877883911e-02 4.016278311610221863e-02 3.663667663931846619e-02 3.376499563455581665e-02 3.260349482297897339e-02 3.082137182354927063e-02 3.073989413678646088e-02 3.102680109441280365e-02 3.232265263795852661e-02 3.360897302627563477e-02 3.798800334334373474e-02 4.104951024055480957e-02 4.356407374143600464e-02 3.581149131059646606e-02 3.161101788282394409e-02 2.371801622211933136e-02 1.718500815331935883e-02 1.174935884773731232e-02 7.385930046439170837e-03 5.327300634235143661e-03 1.049684453755617142e-02 9.534705895930528641e-06 8.927952148951590061e-05 3.621454816311597824e-03 2.018757350742816925e-02 4.316274821758270264e-02 6.197299063205718994e-02 5.214270949363708496e-02 6.104725599288940430e-02 6.109666451811790466e-02 5.469627678394317627e-02 4.903612658381462097e-02 4.357360675930976868e-02 4.222748056054115295e-02 3.936620056629180908e-02 3.421226143836975098e-02 3.018428012728691101e-02 2.922214195132255554e-02 2.990777418017387390e-02 3.098952956497669220e-02 3.205568343400955200e-02 3.255408629775047302e-02 3.304295986890792847e-02 3.280892595648765564e-02 3.197767212986946106e-02 3.069481998682022095e-02 2.852437458932399750e-02 2.527650631964206696e-02 2.119651809334754944e-02 1.678108237683773041e-02 1.259534712880849838e-02 8.914950303733348846e-03 6.831183563917875290e-03
2.027404308319091797e-01 4.128847718238830566e-01 8.298542499542236328e-01 6.937617063522338867e-02 5.290383100509643555e-02 5.442255735397338867e-02 2.510212734341621399e-02 2.344353869557380676e-02 3.863497823476791382e-02 2.233400195837020874e-02 8.080627024173736572e-02 4.421352744102478027e-01 3.432583212852478027e-01 1.452104747295379639e-01 8.650591969490051270e-02 4.441909492015838623e-02 2.336460538208484650e-02 3.281104937195777893e-02 3.984802216291427612e-02 2.994426339864730835e-02 1.150926668196916580e-02 6.754887104034423828e-02 1.043097004294395447e-01 8.621246367692947388e-02 6.564414501190185547e-02 6.548605114221572876e-02 6.333598494529724121e-02 5.175783112645149231e-02 4.630086198449134827e-02 4.392266273498535156e-02 4.486510157585144043e-02 4.425361752510070801e-02 4.317789524793624878e-02 4.439220950007438660e-02 4.203616455197334290e-02 3.265018761157989502e-02 3.254437074065208435e-02 2.999503724277019501e-02 1.978120952844619751e-02 1.234785001724958420e-02 9.087909013032913208e-03 7.633917033672332764e-03 6.469685584306716919e-03 6.324517074972391129e-03 6.007408257573843002e-03 4.507835488766431808e-03 2.626185771077871323e-03 1.412910525687038898e-03 7.941563380882143974e-04 4.720856668427586555e-04 2.801818773150444031e-04 2.311731223016977310e-03 4.688892047852277756e-03 5.308915395289659500e-03 1.049643382430076599e-02 2.181945182383060455e-02 3.914180025458335876e-02 4.773442819714546204e-02 3.377368673682212830e-02 2.397482097148895264e-02 2.136594429612159729e-02 2.324678562581539154e-02 2.372037246823310852e-02 2.531722374260425568e-02 3.277723863720893860e-02 3.959288075566291809e-02 4.038784652948379517e-02 3.537180647253990173e-02 3.911548852920532227e-02 5.363809317350387573e-02 6.527891010046005249e-02 6.263022124767303467e-02 5.747167021036148071e-02 6.952121853828430176e-02 6.305857747793197632e-02 4.326778650283813477e-02 2.900817058980464935e-02 1.831590943038463593e-02 1.431904733180999756e-02 1.181056536734104156e-02 9.523183107376098633e-03 7.625724188983440399e-03 6.795795168727636337e-03 1.990110613405704498e-02
3.927754759788513184e-01 2.299593687057495117e+00 2.467527389526367188e-01 2.263429760932922363e-02 1.768939383327960968e-02 1.322314026765525341e-03 4.269972559995949268e-04 8.780991774983704090e-04 2.482782350853085518e-03 9.882920421659946442e-04 4.063360684085637331e-04 4.648760077543556690e-04 5.130853969603776932e-04 4.097796336282044649e-04 1.721763110253959894e-04 2.892562188208103180e-04 4.476583853829652071e-05 2.134986279997974634e-04 2.217630855739116669e-03 9.724518284201622009e-03 9.871441870927810669e-04 1.263774116523563862e-03 1.775711658410727978e-03 1.416207570582628250e-02 8.844811469316482544e-02 1.892803013324737549e-01 8.875803649425506592e-02 3.657598793506622314e-02 2.497359924018383026e-02 1.989439874887466431e-02 1.839875988662242889e-02 1.994375512003898621e-02 2.668158896267414093e-02 3.419191762804985046e-02 4.100551083683967590e-02 4.625114798545837402e-02 4.610881581902503967e-02 4.014347866177558899e-02 3.480027616024017334e-02 2.932047657668590546e-02 2.583677694201469421e-02 2.362258918583393097e-02 2.049127593636512756e-02 1.861340738832950592e-02 1.720844767987728119e-02 1.802456378936767578e-02 1.704086363315582275e-02 1.553604193031787872e-02 1.332185510545969009e-02 1.012281887233257294e-02 6.364784203469753265e-03 1.085169892758131027e-02 5.704775103367865086e-04 6.439393851906061172e-03 1.078168023377656937e-02 1.133264508098363876e-02 1.844352670013904572e-02 2.289141342043876648e-02 1.814967952668666840e-02 2.176652848720550537e-02 2.798898145556449890e-02 2.932277321815490723e-02 3.290404006838798523e-02 3.081611543893814087e-02 2.607323229312896729e-02 2.539830096065998077e-02 2.629476599395275116e-02 2.758264541625976562e-02 3.125000000000000000e-02 4.699265211820602417e-02 5.587350949645042419e-02 6.737603247165679932e-02 6.328167766332626343e-02 7.086547464132308960e-02 8.549701422452926636e-02 7.973599433898925781e-02 5.761937424540519714e-02 3.948232159018516541e-02 2.463613450527191162e-02 1.685606129467487335e-02 1.303374674171209335e-02 6.248852238059043884e-03 2.832874190062284470e-03 1.662075286731123924e-03
1.799049675464630127e-01 7.220366597175598145e-01 1.060347795486450195e+00 1.252649724483489990e-01 6.469494849443435669e-02 4.404565691947937012e-02 3.628384321928024292e-02 5.296923965215682983e-02 1.445931047201156616e-01 1.024589315056800842e-01 1.193287819623947144e-01 2.507016658782958984e-01 4.772485792636871338e-02 8.793356828391551971e-03 3.576498944312334061e-03 2.971789101138710976e-03 1.571753527969121933e-03 3.360413946211338043e-03 1.377358846366405487e-02 1.559716835618019104e-02 1.814116723835468292e-02 3.730086609721183777e-02 4.306327924132347107e-02 4.259167239069938660e-02 4.282870888710021973e-02 4.115493595600128174e-02 3.502580896019935608e-02 2.582849189639091492e-02 2.299678884446620941e-02 2.008210122585296631e-02 1.884515769779682159e-02 1.629704795777797699e-02 1.661090552806854248e-02 1.729613542556762695e-02 1.800395734608173370e-02 1.864386163651943207e-02 2.078965120017528534e-02 2.149815857410430908e-02 2.280877530574798584e-02 2.478161454200744629e-02 2.485049329698085785e-02 2.650249190628528595e-02 2.666366472840309143e-02 2.869744040071964264e-02 2.792347781360149384e-02 3.060605749487876892e-02 3.222464397549629211e-02 3.386842459440231323e-02 3.497829288244247437e-02 3.597998246550559998e-02 3.352307155728340149e-02 1.395928710699081421e-01 1.786003820598125458e-02 2.651467919349670410e-02 2.320807985961437225e-02 2.397136203944683075e-02 2.604101598262786865e-02 3.102343901991844177e-02 3.859135508537292480e-02 4.637425765395164490e-02 4.893469065427780151e-02 4.675165563821792603e-02 4.427968338131904602e-02 4.078383743762969971e-02 3.655908256769180298e-02 3.409026190638542175e-02 3.299326449632644653e-02 3.282168507575988770e-02 3.325700387358665466e-02 3.738426044583320618e-02 4.393775388598442078e-02 4.959650337696075439e-02 5.179145559668540955e-02 4.802557080984115601e-02 4.130994901061058044e-02 3.200431168079376221e-02 2.447583526372909546e-02 2.012277208268642426e-02 1.512761320918798447e-02 1.161821279674768448e-02 8.867712691426277161e-03 7.457544095814228058e-03 6.614565383642911911e-03 1.761054061353206635e-02
4.096822440624237061e-02 2.854623317718505859e+00 5.239969491958618164e-02 5.930812098085880280e-03 3.402069909498095512e-03 3.402069909498095512e-03 3.063166514039039612e-03 3.571521490812301636e-03 5.657081492245197296e-03 1.626736856997013092e-02 1.342579256743192673e-03 5.344247911125421524e-04 5.969915539026260376e-03 7.951197912916541100e-04 3.389035118743777275e-04 2.476602676324546337e-04 1.694517559371888638e-04 2.997992560267448425e-04 4.171120235696434975e-04 5.995985120534896851e-04 1.216576711158268154e-04 1.194852171465754509e-03 1.837899792008101940e-03 3.619315801188349724e-03 1.305213011801242828e-02 8.391772210597991943e-02 3.935278058052062988e-01 2.983132898807525635e-01 1.007195189595222473e-01 3.320819884538650513e-02 1.645419932901859283e-02 1.082318834960460663e-02 8.138028904795646667e-03 5.861293058842420578e-03 5.926466546952724457e-03 4.744649399071931839e-03 3.488968359306454659e-03 2.580880653113126755e-03 2.072525443509221077e-03 1.764036249369382858e-03 1.525065861642360687e-03 2.133354078978300095e-03 2.463567769154906273e-03 1.425132737495005131e-03 6.778070237487554550e-04 2.476602676324546337e-04 1.173127529909834266e-04 4.344916760601336136e-06 4.344916760601336136e-06 1.737966704240534455e-05 0.000000000000000000e+00 1.737966704240534455e-05 8.689833521202672273e-06 0.000000000000000000e+00 4.344916760601336136e-06 3.475933408481068909e-05 2.693848509807139635e-04 5.822188686579465866e-04 1.264370861463248730e-03 2.689503598958253860e-03 3.458553925156593323e-03 4.614301957190036774e-03 5.400731693953275681e-03 6.960556842386722565e-03 9.623991325497627258e-03 1.256984472274780273e-02 1.160092838108539581e-02 1.097091473639011383e-02 1.416008453816175461e-02 1.690172590315341949e-02 1.979544200003147125e-02 2.279777824878692627e-02 3.714469447731971741e-02 6.224093586206436157e-02 8.961390703916549683e-02 1.586807072162628174e-01 2.595044970512390137e-01 1.507381945848464966e-01 6.239300593733787537e-02 2.840272150933742523e-02 6.347923539578914642e-03 1.099264016374945641e-03 1.260025892406702042e-04 0.000000000000000000e+00
5.593576282262802124e-02 1.248715877532958984e+00 1.378503084182739258e+00 1.344630867242813110e-01 3.655359894037246704e-02 1.314397342503070831e-02 1.532186986878514290e-03 3.783954307436943054e-03 1.958189532160758972e-02 6.440657190978527069e-03 1.648468896746635437e-02 5.141581222414970398e-02 1.548329554498195648e-02 5.469359923154115677e-03 3.316089976578950882e-03 1.808527857065200806e-03 6.156107992865145206e-04 1.173764583654701710e-03 3.004180733114480972e-03 2.574621234089136124e-03 2.117792330682277679e-02 5.893903225660324097e-02 7.673155516386032104e-02 1.521470695734024048e-01 1.519482433795928955e-01 1.380737423896789551e-01 8.173213899135589600e-02 5.048190802335739136e-02 4.198556765913963318e-02 3.374732658267021179e-02 2.859808504581451416e-02 2.631895802915096283e-02 2.538779005408287048e-02 2.277942374348640442e-02 1.850571669638156891e-02 1.443174108862876892e-02 1.198115386068820953e-02 9.557927958667278290e-03 7.227726746350526810e-03 5.389102734625339508e-03 4.648545291274785995e-03 4.447902087122201920e-03 3.906164551153779030e-03 3.644415875896811485e-03 2.813569270074367523e-03 1.793023431673645973e-03 8.481748518534004688e-04 3.730145399458706379e-04 1.805791689548641443e-04 8.846555283525958657e-05 3.739265594049356878e-05 7.660934352315962315e-05 2.371241498622111976e-05 4.377676668809726834e-05 5.563297308981418610e-04 1.420920947566628456e-03 6.043930072337388992e-03 1.754353940486907959e-02 3.408842161297798157e-02 4.386340826749801636e-02 5.459692701697349548e-02 5.511403828859329224e-02 5.977991223335266113e-02 5.923999845981597900e-02 4.705728963017463684e-02 4.534634575247764587e-02 5.199676752090454102e-02 7.051434367895126343e-02 7.716293632984161377e-02 6.355930864810943604e-02 4.911023750901222229e-02 5.929471924901008606e-02 7.972478866577148438e-02 5.249837785959243774e-02 3.527313098311424255e-02 2.940521948039531708e-02 5.794949829578399658e-03 8.463508565910160542e-04 9.940974268829450011e-05 9.120159916164993774e-07 0.000000000000000000e+00 0.000000000000000000e+00 0.000000000000000000e+00 0.000000000000000000e+00
2.942227423191070557e-01 4.193463921546936035e-01 2.267741560935974121e-01 1.075581312179565430e-01 4.300527274608612061e-02 5.077844113111495972e-02 6.414454430341720581e-02 3.321970105171203613e-01 5.673512220382690430e-01 2.669810950756072998e-01 1.585201323032379150e-01 1.006690487265586853e-01 5.502652376890182495e-02 2.425602450966835022e-02 1.250824145972728729e-02 1.687619835138320923e-02 1.683499105274677277e-02 5.372662469744682312e-02 8.658370375633239746e-02 1.026394963264465332e-01 3.034219332039356232e-02 1.149179879575967789e-02 1.925872080028057098e-02 2.412740699946880341e-02 2.778610214591026306e-02 2.402376569807529449e-02 2.479171752929687500e-02 2.136278338730335236e-02 2.681835927069187164e-02 2.437340095639228821e-02 2.896987088024616241e-02 2.385394275188446045e-02 3.375864028930664062e-02 2.474926039576530457e-02 2.229306474328041077e-02 2.119795419275760651e-02 3.165083378553390503e-02 1.818608678877353668e-02 1.414029393345117569e-02 1.900773122906684875e-02 1.693363860249519348e-02 2.163624763488769531e-02 1.866683736443519592e-02 2.220690436661243439e-02 2.288994379341602325e-02 3.213283047080039978e-02 4.080131649971008301e-02 3.631847724318504333e-02 4.196885228157043457e-02 5.389145389199256897e-02 6.489375978708267212e-02 1.554758101701736450e-01 7.380948960781097412e-02 6.653205305337905884e-02 4.747312888503074646e-02 4.409538954496383667e-02 5.586564913392066956e-02 4.583108425140380859e-02 2.745769359171390533e-02 2.050991915166378021e-02 1.894904300570487976e-02 1.873051933944225311e-02 1.826475374400615692e-02 1.831720024347305298e-02 1.846454665064811707e-02 1.918130181729793549e-02 1.926496438682079315e-02 1.936860755085945129e-02 1.956839859485626221e-02 2.184228412806987762e-02 2.612907625734806061e-02 3.301441669464111328e-02 4.558758810162544250e-02 4.742318019270896912e-02 5.008166655898094177e-02 2.731034718453884125e-02 2.334447205066680908e-02 2.271137945353984833e-02 1.929992809891700745e-02 1.809493079781532288e-02 1.753676123917102814e-02 1.735570095479488373e-02 2.185726910829544067e-02 5.672725290060043335e-02
1.488956968387356028e-05 1.352325201034545898e+00 1.645426273345947266e+00 2.233435399830341339e-03 0.000000000000000000e+00 0.000000000000000000e+00 0.000000000000000000e+00 0.000000000000000000e+00 0.000000000000000000e+00 0.000000000000000000e+00 0.000000000000000000e+00 0.000000000000000000e+00 0.000000000000000000e+00 0.000000000000000000e+00 0.000000000000000000e+00 0.000000000000000000e+00 0.000000000000000000e+00 0.000000000000000000e+00 0.000000000000000000e+00 0.000000000000000000e+00 8.271982778751407750e-07 4.632310447050258517e-05 1.288030482828617096e-02 7.001075148582458496e-02 1.235131099820137024e-01 7.371660321950912476e-02 5.365869775414466858e-02 4.010257124900817871e-02 4.205724224448204041e-02 3.092232532799243927e-02 2.052775211632251740e-02 1.558524277061223984e-02 1.394739001989364624e-02 2.885681204497814178e-02 3.786334767937660217e-02 6.555876880884170532e-02 1.116271018981933594e-01 1.112656146287918091e-01 9.787492454051971436e-02 3.778889775276184082e-02 7.419141475111246109e-03 1.953015103936195374e-03 1.101828063838183880e-03 6.840929854661226273e-04 3.606584505178034306e-04 2.365787076996639371e-04 1.679212437011301517e-04 1.265613391296938062e-04 5.045909347245469689e-05 4.466870814212597907e-05 2.647034489200450480e-05 2.398875039943959564e-05 2.481594947312260047e-06 5.790388058812823147e-06 3.308793111500563100e-06 4.135991275688866153e-06 6.617586223001126200e-06 1.902555959532037377e-05 4.582678375300019979e-04 3.332781838253140450e-03 9.362230077385902405e-03 2.106625773012638092e-02 2.500951290130615234e-02 2.086359448730945587e-02 1.806518249213695526e-02 2.005790360271930695e-02 1.913888566195964813e-02 1.468359678983688354e-02 1.094796881079673767e-02 1.590040512382984161e-02 2.728017233312129974e-02 5.120274797081947327e-02 8.624452352523803711e-02 1.147522553801536560e-01 1.282422095537185669e-01 1.678310930728912354e-01 7.244023680686950684e-02 9.233848750591278076e-02 5.144759640097618103e-02 1.580610498785972595e-02 7.644966710358858109e-03 4.676152020692825317e-03 1.070394529961049557e-03 9.512780525255948305e-05
4.942892789840698242e-01 5.653094649314880371e-01 1.924783587455749512e+00 1.121820136904716492e-02 2.052189782261848450e-03 1.285077305510640144e-03 9.179124026559293270e-05 0.000000000000000000e+00 0.000000000000000000e+00 0.000000000000000000e+00 0.000000000000000000e+00 0.000000000000000000e+00 0.000000000000000000e+00 0.000000000000000000e+00 0.000000000000000000e+00 0.000000000000000000e+00 0.000000000000000000e+00 0.000000000000000000e+00 8.523472206434234977e-05 8.851298480294644833e-04 0.000000000000000000e+00 4.808112571481615305e-04 1.346271485090255737e-03 4.381938837468624115e-03 6.329224444925785065e-03 8.919267356395721436e-02 1.538377553224563599e-01 1.637096703052520752e-01 1.514424383640289307e-01 8.626846969127655029e-02 4.223708435893058777e-02 1.582961715757846832e-02 9.445755742490291595e-03 7.605560123920440674e-03 6.893084850162267685e-03 7.955241017043590546e-03 9.823848493397235870e-03 1.262348145246505737e-02 1.660547219216823578e-02 2.248666808009147644e-02 2.947591617703437805e-02 4.198138043284416199e-02 4.630431160330772400e-02 3.799501806497573853e-02 1.947722770273685455e-02 9.635894559323787689e-03 2.762479241937398911e-03 9.485094924457371235e-04 4.523996904026716948e-04 2.425911370664834976e-04 1.507998968008905649e-04 2.078416058793663979e-03 3.518664161674678326e-04 1.735291560180485249e-03 1.053195167332887650e-02 1.872759871184825897e-02 4.946236684918403625e-02 2.792639285326004028e-02 6.970233470201492310e-02 7.656481862068176270e-02 4.418655484914779663e-02 2.738875709474086761e-02 2.811653167009353638e-02 4.061543941497802734e-02 5.762523040175437927e-02 5.258108302950859070e-02 3.832284361124038696e-02 2.526881732046604156e-02 2.423070184886455536e-02 1.731357723474502563e-02 6.612466275691986084e-02 6.898767501115798950e-02 1.003387570381164551e-01 1.231182813644409180e-01 2.171081304550170898e-02 1.486143912188708782e-03 2.316636033356189728e-03 2.843342954292893410e-03 1.481772866100072861e-03 6.010140641592442989e-04 3.103418275713920593e-04 2.841157402144744992e-05 0.000000000000000000e+00 0.000000000000000000e+00
4.064409434795379639e-01 9.028993248939514160e-01 1.085259079933166504e+00 3.200514018535614014e-01 8.339329063892364502e-02 2.006382122635841370e-02 5.669291131198406219e-03 5.527559202164411545e-03 2.200331538915634155e-02 1.785578206181526184e-02 1.068711187690496445e-02 1.158474944531917572e-02 1.641110633499920368e-03 3.411520738154649734e-03 1.636137487366795540e-03 8.752590045332908630e-03 3.844177350401878357e-03 9.215084835886955261e-03 3.573891520500183105e-02 4.432490468025207520e-02 8.888106048107147217e-02 3.051885589957237244e-02 8.551015704870223999e-02 9.045752137899398804e-02 9.137091040611267090e-02 1.045006215572357178e-01 1.178897619247436523e-01 8.099212497472763062e-02 5.594612658023834229e-02 4.541400820016860962e-02 3.686862811446189880e-02 3.185163810849189758e-02 2.678988873958587646e-02 2.285951189696788788e-02 1.967592164874076843e-02 1.594198122620582581e-02 1.257024426013231277e-02 1.071446295827627182e-02 8.758392184972763062e-03 6.673021242022514343e-03 5.097389221191406250e-03 3.329465398564934731e-03 1.972648082301020622e-03 1.484459149651229382e-03 8.429341251030564308e-04 7.111479644663631916e-04 5.503522697836160660e-04 4.508910060394555330e-04 2.975549141410738230e-04 2.353916352149099112e-04 2.130128414137288928e-04 6.299212691374123096e-04 2.320762541785370559e-05 7.252382929436862469e-04 1.193617936223745346e-02 3.141897916793823242e-02 3.649067506194114685e-02 4.148860275745391846e-02 3.895151242613792419e-02 3.375051915645599365e-02 3.042934089899063110e-02 2.879734709858894348e-02 2.282387018203735352e-02 2.171404846012592316e-02 2.139825932681560516e-02 2.331371791660785675e-02 2.009117230772972107e-02 2.009365893900394440e-02 1.863240823149681091e-02 1.798425242304801941e-02 1.722171530127525330e-02 1.156817283481359482e-02 1.588644832372665405e-02 3.354993835091590881e-02 4.612101241946220398e-02 2.548528835177421570e-02 1.653791964054107666e-02 2.227351814508438110e-02 2.529631182551383972e-02 2.951595559716224670e-02 3.359884023666381836e-02 3.272026404738426208e-02 5.341152101755142212e-02 2.167501002550125122e-01
2.458989024162292480e-01 9.481408596038818359e-01 1.032545089721679688e+00 1.921207755804061890e-01 9.681686758995056152e-02 5.316652357578277588e-02 2.725964225828647614e-02 3.328633308410644531e-02 5.708638206124305725e-02 3.491407632827758789e-02 7.303895801305770874e-02 1.010224074125289917e-01 5.246523022651672363e-02 1.302117202430963516e-02 6.350396201014518738e-03 3.791413269937038422e-03 1.538785174489021301e-03 2.716589020565152168e-03 1.159717701375484467e-02 1.322233211249113083e-02 1.283256057649850845e-02 3.682146966457366943e-02 5.833886936306953430e-02 5.543588474392890930e-02 4.858744889497756958e-02 4.526147246360778809e-02 4.494527354836463928e-02 4.213923960924148560e-02 4.255398735404014587e-02 3.990272805094718933e-02 3.793935477733612061e-02 3.462211415171623230e-02 3.402207791805267334e-02 3.193000704050064087e-02 3.235607594251632690e-02 3.184093162417411804e-02 3.233577311038970947e-02 3.232334926724433899e-02 3.356156125664710999e-02 3.773782402276992798e-02 4.107696563005447388e-02 4.160121083259582520e-02 3.408322483301162720e-02 2.586283721029758453e-02 1.976392231881618500e-02 1.519727241247892380e-02 1.154882460832595825e-02 8.633536286652088165e-03 7.030158303678035736e-03 6.417695432901382446e-03 5.518317222595214844e-03 1.777803152799606323e-02 5.311005283147096634e-03 1.013221219182014465e-02 1.433049887418746948e-02 2.245418168604373932e-02 3.258061036467552185e-02 4.118671268224716187e-02 4.798507317900657654e-02 5.600405484437942505e-02 5.847088620066642761e-02 6.105902791023254395e-02 6.285285949707031250e-02 5.828325822949409485e-02 5.144860222935676575e-02 4.860897734761238098e-02 4.678192362189292908e-02 4.374827817082405090e-02 3.894884884357452393e-02 3.545837476849555969e-02 3.261579945683479309e-02 2.893905341625213623e-02 2.508267946541309357e-02 2.243535779416561127e-02 2.013708464801311493e-02 1.809324510395526886e-02 1.854871585965156555e-02 1.698975451290607452e-02 1.578512787818908691e-02 1.430429238826036453e-02 1.333441585302352905e-02 8.253853768110275269e-03 6.576901301741600037e-03 2.325833216309547424e-02
4.539489150047302246e-01 2.001044273376464844e+00 1.123739406466484070e-01 2.049012109637260437e-02 1.716416887938976288e-02 1.447896938771009445e-02 1.980142109096050262e-02 3.142658993601799011e-02 4.379846528172492981e-02 4.107111692428588867e-02 9.497543424367904663e-02 1.193653494119644165e-01 4.991441033780574799e-03 5.142638459801673889e-03 1.081968657672405243e-03 1.740121282637119293e-03 2.428435982437804341e-04 7.076493347994983196e-04 6.434194743633270264e-03 9.720317088067531586e-03 8.076353929936885834e-03 3.314273804426193237e-02 3.866562247276306152e-02 1.818040013313293457e-02 1.230072416365146637e-02 8.408008143305778503e-03 8.303858339786529541e-03 1.114773284643888474e-02 1.478767953813076019e-02 2.082409523427486420e-02 2.948126383125782013e-02 3.523332998156547546e-02 3.934104740619659424e-02 4.411078616976737976e-02 4.865404963493347168e-02 5.340393632650375366e-02 5.976414307951927185e-02 6.388513743877410889e-02 6.638202071189880371e-02 6.741578131914138794e-02 6.305567920207977295e-02 5.809517204761505127e-02 4.719080030918121338e-02 3.743916004896163940e-02 2.556521631777286530e-02 1.988894119858741760e-02 1.405863277614116669e-02 1.065302267670631409e-02 7.483681663870811462e-03 6.233758758753538132e-03 3.951879683881998062e-03 2.487535588443279266e-02 1.525764074176549911e-02 1.349083799868822098e-02 1.644053682684898376e-02 2.016246318817138672e-02 2.559305913746356964e-02 3.117253258824348450e-02 3.675600141286849976e-02 3.933318704366683960e-02 3.947316855192184448e-02 4.068790376186370850e-02 4.241642355918884277e-02 4.208631440997123718e-02 4.121264442801475525e-02 4.004779458045959473e-02 3.991631790995597839e-02 4.227399080991744995e-02 4.894445464015007019e-02 6.320378184318542480e-02 7.367647439241409302e-02 7.495127618312835693e-02 6.431346386671066284e-02 4.943194612860679626e-02 3.589457646012306213e-02 2.428938634693622589e-02 1.440704427659511566e-02 8.701895363628864288e-03 5.732346326112747192e-03 3.772840602323412895e-03 2.359217731282114983e-03 1.707767951302230358e-03 1.437726896256208420e-03 8.549795602448284626e-04
5.628295540809631348e-01 1.783552050590515137e+00 5.392585992813110352e-01 1.080675888806581497e-02 4.458912182599306107e-03 2.214464824646711349e-03 2.998308045789599419e-04 6.639111088588833809e-04 5.435504019260406494e-03 1.374938408844172955e-03 5.101406946778297424e-03 1.174480095505714417e-02 2.093247324228286743e-02 7.568586152046918869e-03 4.788726102560758591e-03 3.580836579203605652e-03 6.810442428104579449e-04 2.090249210596084595e-03 1.135930418968200684e-02 2.125800400972366333e-02 6.469206884503364563e-03 1.061401050537824631e-02 1.036843471229076385e-02 1.094239670783281326e-02 1.228592451661825180e-02 1.341528724879026413e-02 1.493585761636495590e-02 1.720315031707286835e-02 2.169204503297805786e-02 2.866382524371147156e-02 3.476181253790855408e-02 4.515309259295463562e-02 5.259317904710769653e-02 5.872686207294464111e-02 6.745622307062149048e-02 7.370840758085250854e-02 7.428950816392898560e-02 7.138971239328384399e-02 6.695079058408737183e-02 6.094132736325263977e-02 5.112686380743980408e-02 4.412510246038436890e-02 3.464330732822418213e-02 2.857102081179618835e-02 2.029140666127204895e-02 1.670343242585659027e-02 1.166912913322448730e-02 9.506064467132091522e-03 6.240764167159795761e-03 5.097123794257640839e-03 3.349538426846265793e-03 1.611519232392311096e-02 6.105126347392797470e-03 1.446612272411584854e-02 2.017004601657390594e-02 2.568836137652397156e-02 3.141227364540100098e-02 3.627524524927139282e-02 3.737890720367431641e-02 3.809279203414916992e-02 3.964191675186157227e-02 4.083981364965438843e-02 4.165506735444068909e-02 4.152228310704231262e-02 3.908223286271095276e-02 3.817560151219367981e-02 3.898371756076812744e-02 4.090120643377304077e-02 4.326701536774635315e-02 4.712198302149772644e-02 5.278449878096580505e-02 5.324709787964820862e-02 5.232904106378555298e-02 5.327707901597023010e-02 5.161801725625991821e-02 4.815568402409553528e-02 3.515016660094261169e-02 1.685477420687675476e-02 8.226786740124225616e-03 4.478901159018278122e-03 2.083110157400369644e-03 7.866989471949636936e-04 2.098815602948889136e-04 1.856095514085609466e-05
2.337313443422317505e-02 2.769933462142944336e+00 2.064783573150634766e-01 2.149253850802779198e-04 0.000000000000000000e+00 0.000000000000000000e+00 0.000000000000000000e+00 0.000000000000000000e+00 0.000000000000000000e+00 0.000000000000000000e+00 0.000000000000000000e+00 0.000000000000000000e+00 0.000000000000000000e+00 0.000000000000000000e+00 0.000000000000000000e+00 0.000000000000000000e+00 0.000000000000000000e+00 0.000000000000000000e+00 0.000000000000000000e+00 0.000000000000000000e+00 1.268656706088222563e-05 1.083656679838895798e-02 7.531417906284332275e-02 2.489582151174545288e-01 2.567678987979888916e-01 1.791313439607620239e-01 8.009253442287445068e-02 3.495373204350471497e-02 1.952686533331871033e-02 1.202014926820993423e-02 7.667910307645797729e-03 7.114925421774387360e-03 5.942537449300289154e-03 5.957462824881076813e-03 7.232089526951313019e-03 8.604477159678936005e-03 6.697761360555887222e-03 6.123880390077829361e-03 8.137313649058341980e-03 7.457462605088949203e-03 5.167164374142885208e-03 3.528358181938529015e-03 1.523880637250840664e-03 6.231343140825629234e-04 2.611940435599535704e-04 1.067164193955250084e-04 4.925373286823742092e-05 2.761194082268048078e-05 1.044776126946089789e-05 1.044776126946089789e-05 1.268656706088222563e-05 1.291044754907488823e-04 1.119402986660134047e-05 4.999999873689375818e-05 1.238805998582392931e-04 4.985074629075825214e-04 1.444776076823472977e-03 3.403731388971209526e-03 6.624626927077770233e-03 1.059104502201080322e-02 1.583731360733509064e-02 2.239850722253322601e-02 3.387388214468955994e-02 4.716343432664871216e-02 6.002462655305862427e-02 6.834925711154937744e-02 8.058805763721466064e-02 8.896119147539138794e-02 7.554104179143905640e-02 5.743134394288063049e-02 5.139999836683273315e-02 4.774029925465583801e-02 5.066716298460960388e-02 4.832686483860015869e-02 4.695820808410644531e-02 4.609626904129981995e-02 4.335895553231239319e-02 3.063432872295379639e-02 2.292686514556407928e-02 1.879925280809402466e-02 1.326865702867507935e-02 6.464179139584302902e-03 3.343283606227487326e-04 1.082089584087952971e-04
2.640034437179565430e+00 2.459213286638259888e-01 7.837283425033092499e-03 8.723828941583633423e-04 5.070017068646848202e-04 2.719115291256457567e-04 0.000000000000000000e+00 5.664823675033403561e-06 2.379225916229188442e-04 1.416205850546248257e-05 1.416205850546248257e-05 2.832411837516701780e-06 1.982688263524323702e-05 2.549170676502399147e-05 0.000000000000000000e+00 2.549170676502399147e-05 5.664823675033403561e-06 0.000000000000000000e+00 1.189612958114594221e-04 1.040854677557945251e-01 1.147126778960227966e-03 4.975603660568594933e-04 7.439801702275872231e-04 7.647512247785925865e-04 7.043264340609312057e-04 1.258534961380064487e-03 2.163018565624952316e-03 7.962853647768497467e-03 1.252775732427835464e-02 1.297055836766958237e-02 1.569250598549842834e-02 1.817369833588600159e-02 1.973152533173561096e-02 2.631971426308155060e-02 4.329624772071838379e-02 7.822082936763763428e-02 1.073163077235221863e-01 1.699409335851669312e-01 2.225548774003982544e-01 1.692479401826858521e-01 6.300983577966690063e-02 1.815387234091758728e-02 5.323990248143672943e-03 1.551217515952885151e-03 4.664038133341819048e-04 1.350116363028064370e-04 3.587721585063263774e-05 2.171515734517015517e-05 8.497235285176429898e-06 6.608961029996862635e-06 4.720686320069944486e-06 4.720686411019414663e-05 2.832411837516701780e-06 6.608961029996862635e-06 1.793860792531631887e-05 4.720686411019414663e-05 1.869391853688284755e-04 1.138629508204758167e-03 5.719583481550216675e-03 7.448298856616020203e-03 7.997786626219749451e-03 1.392980106174945831e-02 2.329375594854354858e-02 3.228855133056640625e-02 4.095195606350898743e-02 5.708631500601768494e-02 7.248330861330032349e-02 8.416039496660232544e-02 8.871963620185852051e-02 8.093805611133575439e-02 6.793162226676940918e-02 6.521911174058914185e-02 6.072407960891723633e-02 5.309733748435974121e-02 4.716343432664871216e-02 3.975290060043334961e-02 2.913796529173851013e-02 2.409721538424491882e-02 2.280752360820770264e-02 2.043679542839527130e-02 1.896016485989093781e-02 1.625332422554492950e-02 9.844519197940826416e-03 8.156402036547660828e-03
3.006688877940177917e-02 2.888699769973754883e+00 7.626672089099884033e-02 3.064381191506981850e-03 5.351170548237860203e-04 5.434782360680401325e-05 0.000000000000000000e+00 0.000000000000000000e+00 2.090300949930679053e-05 0.000000000000000000e+00 0.000000000000000000e+00 0.000000000000000000e+00 0.000000000000000000e+00 0.000000000000000000e+00 0.000000000000000000e+00 0.000000000000000000e+00 0.000000000000000000e+00 0.000000000000000000e+00 7.399665191769599915e-04 5.518394755199551582e-04 2.048494934570044279e-04 9.169453987851738930e-04 7.639353629201650620e-03 3.422756493091583252e-01 5.201964974403381348e-01 8.160535246133804321e-02 1.900362409651279449e-02 7.934782654047012329e-03 5.783166270703077316e-03 4.267001058906316757e-03 3.769509494304656982e-03 1.903567463159561157e-03 1.134336693212389946e-03 7.497213082388043404e-04 4.933110321871936321e-04 1.518952049082145095e-04 4.194537468720227480e-04 2.327201800653710961e-04 1.853400171967223287e-04 1.950947626028209925e-04 9.057971328729763627e-05 8.639910811325535178e-05 7.803790504112839699e-05 1.017279791994951665e-04 5.295429218676872551e-05 4.738015559269115329e-05 3.762541746255010366e-05 4.319955405662767589e-05 3.065774944843724370e-05 1.254180642717983574e-05 4.180601990810828283e-06 3.525640931911766529e-04 7.413600687868893147e-04 3.536789212375879288e-03 5.788740236312150955e-03 5.784559529274702072e-03 6.130156107246875763e-03 6.351727992296218872e-03 7.270066998898983002e-03 7.225473877042531967e-03 6.163600832223892212e-03 5.969899706542491913e-03 6.357301957905292511e-03 7.497212849557399750e-03 9.763099253177642822e-03 1.424470450729131699e-02 1.875975541770458221e-02 2.951923012733459473e-02 4.307692125439643860e-02 6.029821559786796570e-02 6.995540857315063477e-02 6.483138352632522583e-02 6.842391192913055420e-02 7.239130139350891113e-02 8.026476949453353882e-02 9.236900508403778076e-02 1.002410799264907837e-01 1.045819371938705444e-01 6.436873227357864380e-02 3.706939890980720520e-02 1.017279806546866894e-03 6.967669833102263510e-06 0.000000000000000000e+00 0.000000000000000000e+00
2.441211640834808350e-01 2.553455829620361328e+00 1.069245189428329468e-01 8.799188770353794098e-03 2.703177276998758316e-03 1.261482713744044304e-03 3.465612053332733922e-06 6.238101923372596502e-05 3.677014261484146118e-03 3.153706784360110760e-04 1.712012337520718575e-03 8.175378665328025818e-03 3.571659699082374573e-02 1.189398020505905151e-02 6.875773891806602478e-03 2.911113901063799858e-03 9.703713294584304094e-05 4.713232337962836027e-04 7.281250320374965668e-03 3.541855141520500183e-03 6.395209114998579025e-03 1.224862784147262573e-02 1.456943247467279434e-02 1.651826128363609314e-02 1.985564641654491425e-02 2.880847640335559845e-02 5.109929293394088745e-02 8.064594119787216187e-02 1.279538571834564209e-01 1.511607468128204346e-01 1.260396838188171387e-01 6.832916289567947388e-02 4.380995407700538635e-02 3.574085608124732971e-02 3.240578249096870422e-02 2.487269602715969086e-02 1.961189694702625275e-02 1.872585713863372803e-02 2.163350395858287811e-02 3.170226141810417175e-02 3.064525127410888672e-02 2.147293090820312500e-02 9.485379792749881744e-03 1.572232577018439770e-03 7.381753530353307724e-04 6.619318737648427486e-04 5.764467641711235046e-04 5.452562472783029079e-04 5.059793475084006786e-04 3.985453804489225149e-04 3.084394556935876608e-04 9.622849174775183201e-04 1.039683593262452632e-05 8.895070641301572323e-05 7.693658117204904556e-04 3.037031274288892746e-03 8.661719039082527161e-03 2.872761152684688568e-02 5.101380869746208191e-02 5.751413851976394653e-02 8.071756362915039062e-02 1.009833067655563354e-01 1.045551970601081848e-01 9.115599095821380615e-02 8.281541615724563599e-02 6.141179800033569336e-02 4.217187687754631042e-02 2.691047638654708862e-02 2.157805487513542175e-02 1.962807029485702515e-02 2.322537638247013092e-02 2.287881448864936829e-02 1.932194083929061890e-02 1.731881871819496155e-02 1.726567931473255157e-02 1.725990325212478638e-02 1.555713173002004623e-02 1.615552790462970734e-02 1.741932146251201630e-02 2.045057527720928192e-02 1.811359822750091553e-02 7.059451192617416382e-03 2.267665462568402290e-03 3.955418244004249573e-03
6.474950313568115234e-01 2.199850082397460938e+00 9.200400114059448242e-02 8.939280174672603607e-03 2.430034801363945007e-03 8.808096172288060188e-04 4.747626080643385649e-04 7.496251782868057489e-05 2.467516111209988594e-03 7.496251782868057489e-05 1.436781603842973709e-04 1.374312851112335920e-04 1.605447148904204369e-03 2.967266365885734558e-03 5.684657953679561615e-04 1.911544241011142731e-03 1.311844098381698132e-04 9.182908106595277786e-04 1.720389723777770996e-02 1.972138881683349609e-02 3.983424976468086243e-03 7.288022607099264860e-05 4.497751069720834494e-04 1.209811773151159286e-03 3.212976735085248947e-03 7.367149926722049713e-03 1.373271737247705460e-02 1.875728741288185120e-02 2.746335230767726898e-02 3.301057964563369751e-02 4.454231262207031250e-02 5.010203272104263306e-02 6.651882082223892212e-02 6.939239054918289185e-02 8.176744729280471802e-02 8.186948299407958984e-02 9.427785873413085938e-02 7.666791975498199463e-02 5.768990516662597656e-02 4.864234477281570435e-02 3.319798409938812256e-02 2.860236540436744690e-02 2.231800742447376251e-02 2.252415381371974945e-02 1.259994972497224808e-02 1.390971150249242783e-02 1.123604830354452133e-02 1.079252082854509354e-02 8.008495904505252838e-03 7.067299913614988327e-03 4.227052908390760422e-03 4.478593915700912476e-02 3.252748772501945496e-02 9.668290615081787109e-02 1.143157556653022766e-01 1.091016978025436401e-01 1.069902554154396057e-01 9.253914654254913330e-02 7.444611191749572754e-02 5.975137278437614441e-02 4.462143778800964355e-02 3.591745719313621521e-02 3.136348351836204529e-02 2.999958395957946777e-02 2.799850143492221832e-02 2.435240708291530609e-02 2.214309573173522949e-02 2.005663886666297913e-02 1.814717613160610199e-02 1.462393812835216522e-02 1.087164785712957382e-02 7.719057146459817886e-03 6.363485008478164673e-03 5.690904334187507629e-03 4.410294815897941589e-03 3.806430147960782051e-03 3.183824708685278893e-03 1.638763933442533016e-03 5.663834745064377785e-04 1.249375345651060343e-04 4.164584242971614003e-05 4.164584424870554358e-06 0.000000000000000000e+00 0.000000000000000000e+00
9.062560796737670898e-01 8.611310720443725586e-01 1.154883503913879395e+00 1.277885679155588150e-02 3.585067577660083771e-03 2.373024355620145798e-03 2.698206575587391853e-03 6.745516438968479633e-04 8.734234725125133991e-04 2.012905199080705643e-03 4.533739760518074036e-03 4.221188277006149292e-02 1.273854635655879974e-03 1.854345318861305714e-04 1.263104641111567616e-04 6.987387314438819885e-05 5.912405322305858135e-05 1.209355614264495671e-04 3.117450105492025614e-04 3.840375691652297974e-03 3.932645195163786411e-04 1.302520744502544403e-03 1.641409099102020264e-02 4.118975624442100525e-02 1.093221604824066162e-01 6.275390833616256714e-02 7.470413297414779663e-02 6.070427596569061279e-02 3.770054131746292114e-02 4.199061542749404907e-02 3.406082838773727417e-02 2.676348760724067688e-02 2.376786805689334869e-02 1.909438148140907288e-02 2.035658992826938629e-02 2.763064019381999969e-02 3.121212311089038849e-02 3.730458766222000122e-02 3.988096490502357483e-02 4.092280194163322449e-02 4.410385340452194214e-02 4.922346025705337524e-02 4.588563740253448486e-02 3.862592205405235291e-02 2.690233848989009857e-02 1.903346553444862366e-02 1.213386747986078262e-02 7.043824531137943268e-03 4.273951984941959381e-03 2.211777027696371078e-03 1.282812678255140781e-03 1.809554290957748890e-03 2.687456799321807921e-05 1.487059489591047168e-04 1.049899845384061337e-03 6.533207371830940247e-03 1.429637428373098373e-02 2.847450040280818939e-02 2.857751958072185516e-02 3.152476623654365540e-02 3.835806995630264282e-02 4.194134846329689026e-02 4.164841398596763611e-02 3.717021644115447998e-02 3.484377264976501465e-02 3.291059657931327820e-02 2.899586781859397888e-02 2.773634530603885651e-02 3.628245741128921509e-02 4.764144495129585266e-02 5.967677012085914612e-02 5.200408026576042175e-02 3.721500560641288757e-02 5.392471700906753540e-02 7.385041564702987671e-02 8.511982113122940063e-02 6.018918007612228394e-02 2.844225056469440460e-02 2.106518298387527466e-02 1.809375174343585968e-02 1.511156931519508362e-02 9.659615345299243927e-03 4.659154452383518219e-03 2.828100463375449181e-03
1.582431793212890625e-01 6.939144134521484375e-01 1.547044515609741211e+00 2.866523861885070801e-01 6.181956082582473755e-02 1.187894213944673538e-02 5.947002209722995758e-03 1.219737902283668518e-02 4.389033839106559753e-02 2.578468620777130127e-02 6.262210011482238770e-02 3.370900452136993408e-02 2.200864069163799286e-02 1.420481409877538681e-02 5.445681046694517136e-03 1.899856375530362129e-03 1.006945385597646236e-03 1.493205316364765167e-03 4.318246617913246155e-03 5.919030867516994476e-03 5.581231322139501572e-03 6.603954825550317764e-03 1.057651173323392868e-02 1.384549867361783981e-02 3.135228902101516724e-02 2.541532926261425018e-02 3.135659173130989075e-02 3.379363194108009338e-02 4.659990966320037842e-02 4.277724772691726685e-02 5.491868406534194946e-02 9.705905616283416748e-02 8.177629858255386353e-02 3.776331990957260132e-02 3.247542306780815125e-02 3.279242292046546936e-02 3.015026636421680450e-02 2.531563863158226013e-02 3.320050984621047974e-02 4.783922806382179260e-02 4.279804602265357971e-02 4.353460669517517090e-02 3.571356832981109619e-02 4.081356152892112732e-02 4.177890717983245850e-02 4.135432839393615723e-02 2.225966006517410278e-02 5.457155872136354446e-03 1.332552987150847912e-03 8.635058184154331684e-04 2.947681932710111141e-04 2.606295747682452202e-03 1.892253942787647247e-02 1.597844436764717102e-02 7.601576857268810272e-03 9.907366707921028137e-03 7.461005821824073792e-03 8.264266885817050934e-03 1.378525421023368835e-02 1.527415588498115540e-02 1.626675762236118317e-02 2.129431255161762238e-02 2.247266843914985657e-02 2.417027391493320465e-02 2.735391445457935333e-02 3.129849955439567566e-02 3.926011174917221069e-02 4.209662601351737976e-02 5.918027088046073914e-02 9.888719767332077026e-02 1.349163353443145752e-01 1.190490499138832092e-01 8.125202357769012451e-02 6.356737017631530762e-02 4.715215042233467102e-02 3.501931950449943542e-02 1.813075318932533264e-02 8.649402298033237457e-03 6.138493772596120834e-03 5.907556042075157166e-03 7.329758955165743828e-04 9.323567610408645123e-06 0.000000000000000000e+00 0.000000000000000000e+00
2.301007807254791260e-01 1.239697694778442383e+00 4.189184904098510742e-01 1.907767914235591888e-02 8.129374124109745026e-03 6.714676506817340851e-03 5.338727962225675583e-03 1.013730559498071671e-02 2.330743335187435150e-02 2.333533205091953278e-02 1.579454243183135986e-01 3.914684653282165527e-01 2.295528948307037354e-01 5.547929182648658752e-02 2.899528294801712036e-02 2.230307832360267639e-02 1.667451485991477966e-02 2.426451444625854492e-02 3.728817403316497803e-02 5.127085000276565552e-02 8.585439994931221008e-03 1.022616773843765259e-02 1.655620336532592773e-02 2.185050025582313538e-02 2.688195556402206421e-02 3.067966736853122711e-02 3.102323412895202637e-02 2.836174890398979187e-02 2.928034029901027679e-02 2.880735322833061218e-02 3.094612434506416321e-02 3.316820412874221802e-02 3.791821748018264771e-02 4.030575603246688843e-02 4.534715414047241211e-02 4.938394203782081604e-02 5.550667643547058105e-02 5.282801017165184021e-02 5.434707179665565491e-02 6.348234415054321289e-02 6.281755864620208740e-02 6.119607388973236084e-02 4.686414822936058044e-02 3.743942081928253174e-02 1.954136602580547333e-02 1.724398508667945862e-02 1.131912600249052048e-02 9.591601788997650146e-03 6.979714147746562958e-03 4.071919713169336319e-03 1.611796207726001740e-03 2.583717368543148041e-02 2.633612230420112610e-02 6.120589002966880798e-02 3.604822978377342224e-02 2.390170097351074219e-02 2.422163262963294983e-02 2.627838775515556335e-02 2.947395108640193939e-02 3.293842822313308716e-02 3.547165915369987488e-02 3.680730983614921570e-02 3.796923905611038208e-02 3.986970707774162292e-02 4.214913398027420044e-02 4.472989588975906372e-02 4.499196261167526245e-02 4.636687785387039185e-02 4.607148841023445129e-02 4.426750168204307556e-02 4.055309668183326721e-02 3.560198098421096802e-02 3.379605710506439209e-02 3.359404951333999634e-02 2.825648337602615356e-02 2.163996919989585876e-02 1.604769937694072723e-02 1.260207872837781906e-02 1.302753388881683350e-02 1.788927242159843445e-02 1.716442219913005829e-02 1.785827241837978363e-02 2.396821975708007812e-02 8.901754394173622131e-03
1.647064927965402603e-03 1.394073128700256348e+00 1.384276509284973145e+00 2.485180646181106567e-02 1.105334889143705368e-02 7.000025361776351929e-03 5.241440609097480774e-03 6.060684099793434143e-03 8.411182090640068054e-03 9.800894185900688171e-03 2.729666791856288910e-02 6.742243468761444092e-02 5.044994503259658813e-02 1.175249461084604263e-03 3.388492914382368326e-04 1.629907928872853518e-04 6.862770533189177513e-05 8.578463166486471891e-05 3.688738797791302204e-04 2.144615864381194115e-04 1.735709025524556637e-03 4.788212012499570847e-03 8.328258059918880463e-03 1.315693110227584839e-01 1.767392158508300781e-01 1.929996907711029053e-01 3.758653625845909119e-02 2.537652291357517242e-02 1.955746486783027649e-02 3.041636943817138672e-02 2.035097405314445496e-02 1.557705923914909363e-02 1.454049441963434219e-02 1.641345955431461334e-02 1.584585011005401611e-02 1.670655608177185059e-02 2.028377540409564972e-02 2.421128191053867340e-02 2.394391968846321106e-02 2.159770950675010681e-02 1.963181234896183014e-02 1.895268447697162628e-02 1.792898774147033691e-02 2.300028875470161438e-02 3.182037919759750366e-02 3.084672242403030396e-02 2.131748013198375702e-02 1.102904416620731354e-02 4.433635622262954712e-03 1.438322244212031364e-03 5.189970252104103565e-04 5.132780061103403568e-04 1.429743861081078649e-06 1.000820702756755054e-05 8.578463166486471891e-06 5.433026672108098865e-05 3.703036345541477203e-04 1.351107959635555744e-03 3.898911410942673683e-03 1.079742517322301865e-02 1.811199449002742767e-02 4.485678300261497498e-02 3.620826080441474915e-02 1.960178837180137634e-02 1.626047678291797638e-02 1.857237145304679871e-02 2.443146146833896637e-02 3.203055262565612793e-02 3.381916135549545288e-02 3.027482517063617706e-02 1.961465552449226379e-02 2.291021496057510376e-02 2.875786647200584412e-02 4.821239039301872253e-02 9.308633208274841309e-02 1.212193965911865234e-01 1.301610171794891357e-01 9.598013013601303101e-02 1.204816550016403198e-01 8.329687640070915222e-03 5.723264534026384354e-03 5.414439830929040909e-03 4.633799660950899124e-03 4.815377295017242432e-03
1.739710569381713867e+00 5.497068166732788086e-01 4.737773537635803223e-01 7.728756964206695557e-02 1.529499143362045288e-02 1.015213411301374435e-02 1.346938777714967728e-03 1.936920220032334328e-03 7.536178454756736755e-03 2.014842350035905838e-03 2.237476874142885208e-03 9.239331702701747417e-04 3.517625387758016586e-03 7.157699670642614365e-03 7.903525256551802158e-04 4.252319224178791046e-03 1.725417328998446465e-03 6.723562255501747131e-03 5.023747682571411133e-02 4.366975650191307068e-02 1.200742088258266449e-02 9.020408615469932556e-03 2.296103909611701965e-02 4.478664323687553406e-02 5.143970251083374023e-02 4.176994413137435913e-02 2.968089096248149872e-02 2.433024160563945770e-02 2.189610339701175690e-02 2.365491725504398346e-02 2.424118667840957642e-02 2.051576972007751465e-02 1.958070509135723114e-02 2.076066844165325165e-02 2.037105709314346313e-02 2.005194872617721558e-02 2.226345054805278778e-02 3.238219022750854492e-02 6.130241230130195618e-02 1.009684577584266663e-01 1.146530583500862122e-01 9.817440062761306763e-02 7.070501148700714111e-02 3.846011310815811157e-02 1.605565845966339111e-02 8.430426940321922302e-03 4.935064818710088730e-03 3.551020519807934761e-03 2.564007416367530823e-03 2.122448990121483803e-03 1.243042643181979656e-03 1.512059383094310760e-02 1.674211584031581879e-02 1.423747651278972626e-02 1.267161406576633453e-02 2.130612172186374664e-02 3.040445223450660706e-02 3.840816393494606018e-02 7.786642014980316162e-02 7.637105882167816162e-02 4.877550899982452393e-02 5.318367481231689453e-02 7.115028053522109985e-02 8.845268934965133667e-02 8.687940984964370728e-02 7.277180254459381104e-02 5.134693905711174011e-02 3.664192929863929749e-02 2.991465665400028229e-02 2.917254157364368439e-02 2.912801504135131836e-02 2.650834806263446808e-02 2.689795941114425659e-02 2.339146658778190613e-02 1.971428655087947845e-02 1.374397054314613342e-02 3.703153925016522408e-03 4.749536165036261082e-04 1.076066764653660357e-04 2.968460103147663176e-05 3.710575128934578970e-06 0.000000000000000000e+00 0.000000000000000000e+00 0.000000000000000000e+00
1.747095584869384766e-01 1.124691843986511230e+00 8.420310020446777344e-01 6.558977067470550537e-02 1.708436012268066406e-02 1.367816142737865448e-02 6.017378182150423527e-04 3.324097022414207458e-03 5.905548483133316040e-02 2.167350798845291138e-02 1.728191673755645752e-01 2.385738193988800049e-01 1.534554660320281982e-01 4.184968769550323486e-02 1.328920293599367142e-02 8.022372610867023468e-03 8.894362254068255424e-04 2.333059674128890038e-03 3.667898103594779968e-02 9.649356827139854431e-03 1.515528708696365356e-01 1.806285381317138672e-01 9.253523498773574829e-02 5.481880530714988708e-02 3.910623118281364441e-02 3.153245151042938232e-02 7.048736512660980225e-02 1.279317140579223633e-01 5.289773643016815186e-02 1.660714298486709595e-02 1.219759136438369751e-02 1.433018594980239868e-02 1.638193242251873016e-02 1.680749468505382538e-02 1.613505743443965912e-02 1.375684142112731934e-02 1.207147445529699326e-02 1.055966038256883621e-02 9.413200430572032928e-03 9.135536849498748779e-03 8.263546973466873169e-03 7.853835821151733398e-03 6.893586833029985428e-03 6.034140475094318390e-03 4.425287246704101562e-03 3.786261659115552902e-03 2.957261400297284126e-03 2.327700145542621613e-03 1.751619274728000164e-03 1.346355536952614784e-03 8.880678797140717506e-04 4.585271701216697693e-03 2.278096973896026611e-03 6.927225738763809204e-03 9.594508446753025055e-03 1.052339933812618256e-02 1.175275910645723343e-02 1.405366230756044388e-02 1.636824943125247955e-02 1.491470541805028915e-02 1.357986684888601303e-02 1.323344279080629349e-02 1.410349365323781967e-02 1.537709776312112808e-02 1.788496598601341248e-02 2.167715691030025482e-02 2.661740593612194061e-02 2.909916080534458160e-02 3.574051335453987122e-02 4.747548326849937439e-02 6.043958663940429688e-02 7.306946814060211182e-02 8.661797642707824707e-02 1.094357818365097046e-01 1.253880411386489868e-01 9.825830161571502686e-02 6.541769206523895264e-02 3.691536560654640198e-02 1.044175308197736740e-02 3.882845398038625717e-03 2.459861338138580322e-03 1.941023510880768299e-03 1.444649649783968925e-03 3.086457727476954460e-03
2.927508056163787842e-01 1.288715124130249023e+00 7.952827215194702148e-01 7.504013366997241974e-03 7.349291117861866951e-04 4.931761068291962147e-04 1.982374669751152396e-04 1.450518029741942883e-04 4.380564205348491669e-03 4.859235486947000027e-04 7.300940807908773422e-03 1.624991148710250854e-01 1.257284879684448242e-01 5.617372691631317139e-02 2.660975232720375061e-02 1.593152247369289398e-02 1.076526101678609848e-02 2.434452809393405914e-02 5.479814857244491577e-02 1.251579374074935913e-01 2.518985606729984283e-02 3.618236631155014038e-03 7.673240266740322113e-03 1.483718771487474442e-02 4.361949488520622253e-02 3.164143860340118408e-01 2.072435617446899414e-01 4.985752701759338379e-02 4.131075367331504822e-02 3.181952983140945435e-02 3.377450630068778992e-02 2.307854779064655304e-02 1.746987737715244293e-02 1.020278222858905792e-02 8.466189727187156677e-03 6.093787495046854019e-03 9.181778877973556519e-03 7.138160057365894318e-03 6.850474048405885696e-03 8.998046629130840302e-03 9.288956411182880402e-03 1.237694732844829559e-02 1.219240948557853699e-02 1.299261208623647690e-02 1.091675925999879837e-02 1.188296545296907425e-02 1.315297465771436691e-02 1.276778150349855423e-02 1.029303669929504395e-02 7.081751246005296707e-03 3.619042458012700081e-03 1.059683971107006073e-02 2.841081283986568451e-02 5.420827493071556091e-02 3.730248659849166870e-02 2.771295234560966492e-02 2.364908345043659210e-02 3.141660988330841064e-02 3.512026369571685791e-02 3.206370025873184204e-02 3.217732533812522888e-02 2.903695218265056610e-02 2.784108184278011322e-02 2.791118994355201721e-02 2.385296300053596497e-02 2.031933888792991638e-02 1.958199217915534973e-02 2.002278901636600494e-02 1.953364163637161255e-02 1.782364211976528168e-02 1.469455286860466003e-02 1.427390333265066147e-02 2.099383063614368439e-02 4.429559782147407532e-02 1.024226844310760498e-01 5.034264549612998962e-02 5.430094525218009949e-02 5.083662644028663635e-02 7.748183608055114746e-02 5.933182686567306519e-02 2.768071833997964859e-03 1.837322779465466738e-04 8.380770304938778281e-05 4.835059826291399077e-06
3.806220293045043945e-01 7.010309100151062012e-01 1.426680326461791992e+00 4.398225620388984680e-02 1.042531710118055344e-02 1.759207807481288910e-03 5.712785059586167336e-04 2.041753468802198768e-04 1.049750018864870071e-03 2.000505919568240643e-04 2.804833347909152508e-04 5.506547167897224426e-04 3.173998557031154633e-03 5.467362329363822937e-02 6.469471752643585205e-02 6.039671972393989563e-02 4.663241282105445862e-02 5.165017396211624146e-02 7.387641817331314087e-02 7.754538208246231079e-02 2.774584805592894554e-03 4.410049878060817719e-03 9.264886379241943359e-03 2.220011688768863678e-02 1.783660799264907837e-01 3.150054514408111572e-01 9.377560764551162720e-02 5.485579743981361389e-02 5.703435465693473816e-02 4.387226328253746033e-02 3.711591660976409912e-02 2.972779422998428345e-02 2.465297095477581024e-02 1.925847865641117096e-02 1.704829744994640350e-02 1.416234485805034637e-02 1.306928507983684540e-02 1.015652064234018326e-02 7.933277636766433716e-03 7.444494403898715973e-03 5.973332095891237259e-03 6.821656599640846252e-03 6.198131013661623001e-03 6.104636937379837036e-03 4.281495232135057449e-03 2.512662904337048531e-03 1.095809857361018658e-03 4.571602912619709969e-04 2.859829983208328485e-04 1.711773220449686050e-04 3.437295526964589953e-05 3.935015760362148285e-03 8.822849951684474945e-03 1.192122790962457657e-02 3.888474777340888977e-02 5.366993322968482971e-02 3.321114927530288696e-02 2.002568356692790985e-02 2.203100174665451050e-02 3.155024722218513489e-02 4.511244222521781921e-02 5.329389125108718872e-02 4.828025400638580322e-02 4.134378954768180847e-02 3.629852831363677979e-02 3.019045293331146240e-02 2.537961490452289581e-02 1.936916075646877289e-02 1.314696762710809708e-02 8.367064408957958221e-03 6.374120712280273438e-03 5.303747020661830902e-03 5.858526565134525299e-03 6.603732239454984665e-03 8.250883780419826508e-03 1.173630170524120331e-02 4.862191900610923767e-02 1.202159747481346130e-01 9.943889826536178589e-02 9.126844257116317749e-02 5.341694504022598267e-02 2.002568449825048447e-03 8.936968697526026517e-06 0.000000000000000000e+00
1.645848453044891357e-01 9.859666824340820312e-01 1.053338527679443359e+00 1.397106796503067017e-01 5.576319992542266846e-02 2.922584488987922668e-02 1.724453270435333252e-02 2.404129318892955780e-02 4.525854438543319702e-02 2.306842803955078125e-02 7.620260119438171387e-02 2.565930187702178955e-01 9.816335141658782959e-02 1.242933142930269241e-02 3.290160559117794037e-03 1.690879580564796925e-03 1.104353432310745120e-04 4.247512842994183302e-04 1.101620215922594070e-02 1.876662019640207291e-03 3.983674943447113037e-02 9.865852445363998413e-02 8.354722708463668823e-02 6.692246347665786743e-02 5.501846596598625183e-02 4.593063518404960632e-02 4.280791431665420532e-02 4.649315401911735535e-02 5.152688920497894287e-02 5.238784104585647583e-02 5.436312034726142883e-02 4.855288937687873840e-02 4.456884786486625671e-02 3.873313218355178833e-02 3.557913750410079956e-02 3.557507693767547607e-02 3.684846684336662292e-02 3.283450752496719360e-02 2.592435665428638458e-02 1.918681710958480835e-02 1.398158166557550430e-02 1.052816864103078842e-02 6.303186062723398209e-03 3.466463182121515274e-03 1.752807060256600380e-03 1.373608829453587532e-03 1.056584296748042107e-03 8.501181728206574917e-04 6.615039892494678497e-04 5.383876850828528404e-04 3.929873055312782526e-04 3.798384685069322586e-03 2.552447607740759850e-03 3.725130576640367508e-03 4.124027211219072342e-03 5.425612907856702805e-03 8.738919161260128021e-03 1.275620516389608383e-02 1.809760741889476776e-02 2.321284264326095581e-02 2.882867120206356049e-02 3.775460273027420044e-02 4.278242960572242737e-02 4.904609546065330505e-02 5.351373925805091858e-02 6.003632023930549622e-02 6.967595964670181274e-02 7.926105707883834839e-02 8.392851799726486206e-02 8.020683377981185913e-02 6.806128472089767456e-02 5.709974840283393860e-02 4.452710971236228943e-02 3.329360857605934143e-02 2.831638418138027191e-02 2.481138519942760468e-02 2.422128990292549133e-02 1.953560486435890198e-02 1.154141593724489212e-02 6.318083498626947403e-03 4.392051603645086288e-03 3.498842706903815269e-03 3.349256468936800957e-03 7.366911042481660843e-03
7.780345529317855835e-02 2.455688476562500000e+00 3.910858631134033203e-01 2.088255435228347778e-02 1.571648754179477692e-03 3.921845927834510803e-03 5.846601561643183231e-04 1.738572027534246445e-03 1.476716250181198120e-02 4.740626551210880280e-03 1.052687875926494598e-02 6.970125250518321991e-03 2.685755724087357521e-03 1.429977710358798504e-03 2.987502084579318762e-04 5.397192435339093208e-04 3.128745011053979397e-04 3.997603198513388634e-04 2.334788441658020020e-03 1.716315746307373047e-03 5.286195315420627594e-03 3.598841605708003044e-03 1.718684099614620209e-02 1.000061333179473877e-01 2.148188054561614990e-01 1.862467825412750244e-01 1.251649260520935059e-01 5.908106639981269836e-02 3.351309522986412048e-02 3.194544464349746704e-02 3.627189993858337402e-02 3.440478071570396423e-02 2.411616221070289612e-02 1.665040291845798492e-02 1.354248728603124619e-02 1.179464161396026611e-02 1.015408337116241455e-02 9.176653809845447540e-03 8.863636292517185211e-03 8.386406116187572479e-03 6.772384978830814362e-03 5.838041659444570541e-03 4.847628995776176453e-03 5.121411755681037903e-03 4.319751169532537460e-03 4.138275515288114548e-03 3.522513201460242271e-03 2.922159386798739433e-03 2.493579871952533722e-03 2.055298769846558571e-03 1.565085840411484241e-03 6.194572895765304565e-03 5.308309104293584824e-03 5.368800833821296692e-03 7.686897180974483490e-03 8.432488888502120972e-03 9.012297727167606354e-03 1.019645575433969498e-02 1.026308257132768631e-02 1.063873153179883957e-02 1.202405430376529694e-02 1.379672437906265259e-02 1.458654366433620453e-02 1.377004478126764297e-02 1.109242159873247147e-02 9.791417047381401062e-03 1.126505155116319656e-02 1.970553025603294373e-02 5.005607008934020996e-02 1.279987692832946777e-01 2.303645163774490356e-01 2.118338793516159058e-01 9.757319092750549316e-02 4.794755578041076660e-02 3.196185082197189331e-02 1.058394648134708405e-02 4.446013830602169037e-03 3.426496637985110283e-03 3.686297917738556862e-03 1.455230289138853550e-03 5.642584292218089104e-04 4.496946930885314941e-04 5.258802557364106178e-04 4.187496379017829895e-03
9.546873569488525391e-01 2.400593161582946777e-01 3.177347183227539062e-01 1.436464786529541016e-01 2.896794676780700684e-02 8.226341567933559418e-03 8.355841273441910744e-04 2.158335410058498383e-04 2.363993972539901733e-02 3.360836708452552557e-04 2.620836021378636360e-04 4.008337418781593442e-05 1.167351193726062775e-02 1.302832961082458496e-01 5.387821793556213379e-02 6.211350560188293457e-01 5.704172421246767044e-03 3.222086653113365173e-02 3.378720283508300781e-01 8.858117461204528809e-02 2.824500501155853271e-01 1.147792562842369080e-01 1.110956966876983643e-01 1.608011275529861450e-01 1.192428991198539734e-01 5.943541973829269409e-02 3.862187266349792480e-02 2.055454812943935394e-02 2.386091277003288269e-02 1.355537492781877518e-02 1.293562445789575577e-02 2.943558385595679283e-03 9.312704205513000488e-03 3.791475901380181313e-03 1.759557286277413368e-03 2.209724480053409934e-04 7.080368231981992722e-03 1.214834512211382389e-03 3.771948104258626699e-04 2.356696873903274536e-03 2.024724235525354743e-04 2.938419580459594727e-03 7.944729877635836601e-04 1.231278991326689720e-03 1.510834845248609781e-04 1.058612178894691169e-04 5.920006078667938709e-04 2.096668758895248175e-04 5.036116272094659507e-05 1.952779712155461311e-05 0.000000000000000000e+00 7.314701564610004425e-03 1.219377294182777405e-01 1.937434971332550049e-01 2.025012075901031494e-01 1.766587346792221069e-01 5.819180980324745178e-02 2.143432758748531342e-02 1.268792897462844849e-02 1.022537145763635635e-02 9.197592735290527344e-03 8.590174838900566101e-03 8.465814404189586639e-03 8.001257665455341339e-03 7.858396507799625397e-03 7.775146514177322388e-03 7.942674681544303894e-03 7.807007990777492523e-03 7.964258082211017609e-03 8.064980618655681610e-03 8.669313974678516388e-03 9.097898378968238831e-03 9.716620668768882751e-03 1.146281696856021881e-02 1.218226179480552673e-02 1.171873416751623154e-02 1.196848414838314056e-02 1.138881687074899673e-02 1.090576127171516418e-02 9.046508930623531342e-03 7.553146220743656158e-03 5.037143826484680176e-03 1.829446293413639069e-03 3.751392650883644819e-04
3.058865368366241455e-01 3.960505127906799316e-01 1.914774924516677856e-01 3.726150840520858765e-02 5.561232566833496094e-03 1.667121076025068760e-03 3.226014669053256512e-04 3.996095620095729828e-04 1.966828247532248497e-03 6.556094158440828323e-04 1.544324448332190514e-03 4.780745599418878555e-03 8.125331997871398926e-01 5.616512298583984375e-01 1.939438283443450928e-01 1.166193857789039612e-01 8.022162318229675293e-02 8.351422846317291260e-02 1.002187430858612061e-01 1.037236452102661133e-01 9.308960288763046265e-03 1.925271563231945038e-02 2.589761279523372650e-02 3.236490488052368164e-02 3.593988344073295593e-02 3.987007215619087219e-02 4.317101091146469116e-02 4.521485045552253723e-02 4.858724772930145264e-02 4.981868341565132141e-02 5.021204799413681030e-02 4.974514618515968323e-02 5.031472817063331604e-02 5.072335526347160339e-02 5.207758769392967224e-02 5.387305468320846558e-02 5.584335327148437500e-02 5.698113143444061279e-02 4.916931688785552979e-02 3.833129629492759705e-02 3.387384861707687378e-02 3.073593974113464355e-02 2.581713534891605377e-02 1.953924261033535004e-02 1.136528421193361282e-02 8.097643032670021057e-03 4.539314657449722290e-03 2.086849883198738098e-03 1.139858504757285118e-03 7.340050651691854000e-04 3.635336761362850666e-04 5.010382272303104401e-03 1.006794068962335587e-02 1.081096474081277847e-02 1.239760871976613998e-02 1.333488710224628448e-02 1.433876715600490570e-02 1.823149248957633972e-02 2.409104444086551666e-02 2.925682999193668365e-02 3.604603186249732971e-02 4.150250554084777832e-02 4.301352798938751221e-02 4.410204663872718811e-02 4.609385132789611816e-02 4.919360205531120300e-02 5.200057849287986755e-02 4.816613346338272095e-02 4.331184923648834229e-02 3.811900317668914795e-02 3.374064341187477112e-02 3.148798272013664246e-02 3.064713813364505768e-02 3.113971278071403503e-02 3.072484023869037628e-02 3.040709532797336578e-02 2.744332514703273773e-02 2.695907466113567352e-02 2.825086936354637146e-02 2.821964956820011139e-02 2.756057120859622955e-02 2.559651806950569153e-02 2.545082755386829376e-02 4.829309135675430298e-02
3.489921092987060547e-01 9.632630348205566406e-01 8.026452064514160156e-01 1.213428974151611328e-01 3.411561250686645508e-02 1.851153932511806488e-02 5.204676650464534760e-03 1.114645227789878845e-02 5.151984840631484985e-02 1.511955820024013519e-02 6.074851378798484802e-02 1.397117376327514648e-01 2.185105085372924805e-01 8.608273416757583618e-02 1.276408694684505463e-02 9.261485189199447632e-03 8.303883369080722332e-04 1.578549155965447426e-03 8.918267488479614258e-02 9.468344971537590027e-03 1.022910401225090027e-01 7.007600367069244385e-02 7.737348973751068115e-02 6.999094784259796143e-02 6.421867012977600098e-02 5.319783091545104980e-02 4.426414892077445984e-02 3.220274671912193298e-02 3.634805232286453247e-02 3.128078952431678772e-02 3.224318474531173706e-02 3.482124954462051392e-02 4.129830002784729004e-02 4.867113381624221802e-02 3.987068682909011841e-02 3.110895864665508270e-02 3.332296013832092285e-02 2.706370502710342407e-02 2.236431650817394257e-02 2.222296781837940216e-02 1.591885089874267578e-02 1.342326030135154724e-02 1.014521718025207520e-02 1.064165588468313217e-02 5.576728843152523041e-03 5.193983670324087143e-03 3.862731624394655228e-03 3.242398612201213837e-03 2.362477127462625504e-03 1.534424023702740669e-03 8.168681524693965912e-04 1.305022463202476501e-02 4.002039507031440735e-02 8.055356889963150024e-02 1.201820001006126404e-01 1.339698135852813721e-01 9.452821314334869385e-02 5.224010720849037170e-02 3.337851539254188538e-02 2.469987608492374420e-02 2.059365622699260712e-02 2.037106454372406006e-02 2.150873094797134399e-02 2.263877727091312408e-02 2.147025987505912781e-02 1.969529874622821808e-02 2.052900567650794983e-02 2.180715836584568024e-02 2.251119539141654968e-02 2.439567074179649353e-02 2.283469773828983307e-02 2.098525129258632660e-02 2.069886773824691772e-02 2.098291553556919098e-02 1.837953366339206696e-02 1.605134829878807068e-02 1.411844603717327118e-02 1.249970495700836182e-02 1.107602380216121674e-02 8.783606812357902527e-03 6.966855376958847046e-03 5.464633926749229431e-03 4.441520664840936661e-03 2.162328362464904785e-02
0.000000000000000000e+00 1.659654453396797180e-02 6.129159405827522278e-02 6.335712224245071411e-02 6.094031035900115967e-02 8.283618837594985962e-02 1.948805332183837891e+00 7.661730051040649414e-01 0.000000000000000000e+00 0.000000000000000000e+00 0.000000000000000000e+00 0.000000000000000000e+00 0.000000000000000000e+00 0.000000000000000000e+00 0.000000000000000000e+00 0.000000000000000000e+00 0.000000000000000000e+00 0.000000000000000000e+00 0.000000000000000000e+00 0.000000000000000000e+00 1.666077878326177597e-04 4.777428111992776394e-04 1.265951548703014851e-03 1.296931225806474686e-02 1.515997014939785004e-02 1.745768636465072632e-02 8.281477540731430054e-02 1.696375012397766113e-01 1.942285448312759399e-01 1.917019933462142944e-01 1.309978812932968140e-01 7.323114573955535889e-02 6.696160882711410522e-02 3.441822528839111328e-02 7.094547618180513382e-03 1.172945601865649223e-03 1.391743717249482870e-04 2.141144250344950706e-05 8.698398232809267938e-06 5.352860625862376764e-06 4.683753104472998530e-06 5.352860625862376764e-06 5.352860625862376764e-06 4.683753104472998530e-06 6.691075782327970956e-07 2.007322791541810147e-06 2.676430312931188382e-06 4.683753104472998530e-06 6.691075782327970956e-07 0.000000000000000000e+00 3.345537834320566617e-06 3.479359293123707175e-05 6.021968147251754999e-06 2.475698056514374912e-05 2.408787258900702000e-05 2.007322655117604882e-05 2.007322655117604882e-05 3.345537697896361351e-05 1.031763851642608643e-03 1.729375496506690979e-02 6.914424151182174683e-02 1.194156259298324585e-01 1.700764447450637817e-01 1.848898082971572876e-01 1.016200408339500427e-01 6.846977770328521729e-02 5.711167678236961365e-02 4.455051943659782410e-02 3.968075662851333618e-02 3.785743564367294312e-02 2.920989133417606354e-02 7.735552731901407242e-03 7.119304500520229340e-03 7.724846713244915009e-03 8.174487389624118805e-03 5.880786571651697159e-03 4.508446902036666870e-03 3.619872033596038818e-03 3.883500350639224052e-03 4.320427775382995605e-03 3.922308795154094696e-03 1.941081020049750805e-03 2.917308884207159281e-04 3.974498831667006016e-04
2.940633893013000488e-01 2.384469985961914062e+00 3.135685026645660400e-01 7.305649924091994762e-04 1.020789422909729183e-04 2.001547954932902940e-06 0.000000000000000000e+00 0.000000000000000000e+00 1.000773954729083925e-05 0.000000000000000000e+00 0.000000000000000000e+00 0.000000000000000000e+00 4.003095818916335702e-05 1.481145445723086596e-04 1.721331209409981966e-04 2.501934650354087353e-04 7.205572183011099696e-05 3.182461077813059092e-04 1.841424033045768738e-03 4.211256746202707291e-03 2.068266185233369470e-04 1.908809528686106205e-03 3.429051861166954041e-02 1.505644321441650391e-01 1.241059750318527222e-01 6.789717078208923340e-02 7.713031768798828125e-02 9.563995897769927979e-02 9.537242352962493896e-02 6.518107652664184570e-02 5.203757435083389282e-02 3.282405063509941101e-02 2.011021785438060760e-02 1.219809986650943756e-02 9.340556338429450989e-03 6.970724090933799744e-03 6.938699167221784592e-03 8.309092372655868530e-03 9.263830259442329407e-03 9.614101611077785492e-03 9.957700967788696289e-03 1.151223573833703995e-02 1.066624838858842850e-02 1.415094360709190369e-02 9.135064668953418732e-03 1.372728217393159866e-02 9.556056931614875793e-03 1.180646382272243500e-02 8.185663260519504547e-03 6.888660602271556854e-03 3.808278357610106468e-03 1.070094201713800430e-02 2.920258324593305588e-03 2.492794394493103027e-02 3.248712420463562012e-02 2.675735950469970703e-02 2.535027079284191132e-02 2.794627845287322998e-02 2.689413167536258698e-02 2.613020688295364380e-02 3.210082277655601501e-02 4.121654108166694641e-02 5.676656588912010193e-02 6.547329574823379517e-02 7.034573704004287720e-02 6.097115203738212585e-02 5.373422056436538696e-02 4.617771133780479431e-02 3.891142457723617554e-02 3.131154924631118774e-02 2.689680084586143494e-02 2.396386489272117615e-02 2.467975206673145294e-02 2.483787387609481812e-02 2.510207891464233398e-02 2.602345868945121765e-02 2.509207092225551605e-02 3.081983327865600586e-02 2.835325896739959717e-02 2.999319508671760559e-02 2.331069298088550568e-02 1.489285007119178772e-02 3.508046269416809082e-03 2.103626728057861328e-03
1.963869631290435791e-01 1.638611912727355957e+00 4.277197122573852539e-01 1.640752255916595459e-01 6.190949678421020508e-02 2.929435670375823975e-02 5.221056053414940834e-04 1.987293828278779984e-03 3.956478834152221680e-02 1.082781143486499786e-02 8.868504315614700317e-02 1.078759580850601196e-01 1.227112710475921631e-01 3.634043037891387939e-02 8.647668175399303436e-03 8.452465757727622986e-03 4.868281830567866564e-04 2.721063792705535889e-03 3.719649836421012878e-02 1.598301716148853302e-02 6.101579964160919189e-02 9.006086736917495728e-02 1.108306348323822021e-01 1.707175523042678833e-01 1.200458779931068420e-01 8.732020109891891479e-02 6.815202534198760986e-02 5.706081166863441467e-02 4.961649700999259949e-02 3.565213084220886230e-02 2.978196926414966583e-02 2.248111553490161896e-02 2.027588523924350739e-02 1.722948439419269562e-02 1.349321566522121429e-02 9.306963533163070679e-03 5.939147435128688812e-03 3.960476722568273544e-03 3.204756416380405426e-03 2.911561867222189903e-03 2.585441805422306061e-03 2.394160022959113121e-03 2.372993389144539833e-03 2.547812648117542267e-03 2.616015728563070297e-03 2.646589418873190880e-03 2.325173001736402512e-03 1.612569438293576241e-03 9.078052244149148464e-04 4.178412782493978739e-04 1.465972163714468479e-04 3.700208035297691822e-04 1.607081794645637274e-04 4.599389620125293732e-03 5.754372105002403259e-02 5.480854585766792297e-02 6.228422001004219055e-02 6.132937967777252197e-02 5.259469151496887207e-02 4.187271371483802795e-02 3.183589875698089600e-02 2.678417414426803589e-02 2.528684400022029877e-02 2.408819645643234253e-02 2.102454937994480133e-02 1.889457926154136658e-02 2.045305632054805756e-02 2.530644275248050690e-02 2.929592505097389221e-02 3.427004069089889526e-02 4.227565973997116089e-02 4.727172479033470154e-02 4.968783259391784668e-02 5.140388384461402893e-02 4.928645491600036621e-02 4.210789501667022705e-02 3.783148899674415588e-02 3.006262145936489105e-02 1.987372338771820068e-02 9.625243954360485077e-03 8.690000511705875397e-03 6.781101226806640625e-03 4.461416043341159821e-03 8.207876235246658325e-03
8.554788678884506226e-02 2.596710205078125000e+00 3.156411647796630859e-01 7.279786223080009222e-05 2.079939076793380082e-05 0.000000000000000000e+00 0.000000000000000000e+00 0.000000000000000000e+00 0.000000000000000000e+00 0.000000000000000000e+00 0.000000000000000000e+00 0.000000000000000000e+00 0.000000000000000000e+00 0.000000000000000000e+00 0.000000000000000000e+00 0.000000000000000000e+00 0.000000000000000000e+00 0.000000000000000000e+00 3.743889974430203438e-04 1.632752129808068275e-03 1.039969538396690041e-05 2.894581761211156845e-03 8.972509950399398804e-02 1.801400482654571533e-01 1.552258431911468506e-01 9.288313984870910645e-02 5.604048818349838257e-02 3.839914128184318542e-02 3.581655025482177734e-02 2.752105891704559326e-02 2.338891476392745972e-02 2.226574718952178955e-02 1.954449340701103210e-02 1.889624632894992828e-02 2.316012047231197357e-02 2.493500150740146637e-02 3.024577908217906952e-02 4.358512163162231445e-02 3.488404303789138794e-02 2.488647028803825378e-02 1.362706720829010010e-02 1.064582075923681259e-02 7.876035757362842560e-03 6.121953949332237244e-03 2.797517925500869751e-03 2.391929738223552704e-03 1.743682194501161575e-03 1.362360082566738129e-03 1.525288564153015614e-03 6.655805045738816261e-04 2.322598593309521675e-04 6.562207359820604324e-03 5.241446197032928467e-03 2.910527959465980530e-02 4.166810959577560425e-02 3.813914954662322998e-02 3.256144374608993530e-02 2.764238975942134857e-02 2.644642442464828491e-02 2.456061355769634247e-02 2.495926804840564728e-02 2.796131372451782227e-02 2.927167527377605438e-02 3.187853097915649414e-02 3.717891126871109009e-02 3.864526748657226562e-02 4.710021987557411194e-02 6.660311669111251831e-02 6.166672334074974060e-02 4.139078408479690552e-02 3.641626611351966858e-02 3.338301926851272583e-02 3.152494132518768311e-02 3.040524199604988098e-02 3.078656271100044250e-02 2.906714752316474915e-02 2.658508718013763428e-02 2.507366426289081573e-02 2.370437048375606537e-02 2.289666235446929932e-02 2.025513909757137299e-02 1.889624632894992828e-02 1.709709875285625458e-02 2.188789099454879761e-02
3.650202751159667969e-01 2.220014572143554688e+00 3.633608520030975342e-01 1.162756513804197311e-02 1.664060633629560471e-03 3.476449637673795223e-04 3.012923116330057383e-05 9.270533155358862132e-06 4.681618884205818176e-04 0.000000000000000000e+00 1.158816594397649169e-04 7.138310465961694717e-04 1.022076234221458435e-03 8.783829398453235626e-04 3.267862775828689337e-04 1.061476068571209908e-03 1.807753869798034430e-04 7.903128862380981445e-04 1.603570394217967987e-02 1.633235998451709747e-02 5.540688522160053253e-03 7.713855709880590439e-03 1.417696196585893631e-02 2.071886882185935974e-02 6.110594421625137329e-02 1.487286984920501709e-01 2.470357418060302734e-01 1.775106191635131836e-01 1.467463523149490356e-01 7.482787966728210449e-02 3.433959931135177612e-02 1.741392351686954498e-02 1.183692552149295807e-02 6.538043264299631119e-03 5.321285687386989594e-03 1.637021545320749283e-03 4.371056333184242249e-03 2.299092011526226997e-03 1.054523047059774399e-03 1.711185788735747337e-03 6.103100604377686977e-04 1.077699474990367889e-03 1.175812561996281147e-03 7.725444156676530838e-04 3.746840229723602533e-04 2.356260374654084444e-04 6.844743038527667522e-04 3.878172719851136208e-04 8.961514686234295368e-05 2.085869891743641347e-05 0.000000000000000000e+00 3.942294046282768250e-03 1.192345004528760910e-02 2.356105856597423553e-02 5.014894530177116394e-02 5.407965183258056641e-02 6.015571579337120056e-02 6.584472954273223877e-02 7.108798623085021973e-02 1.517423987388610840e-01 2.194080203771591187e-01 1.260035336017608643e-01 5.995716899633407593e-02 2.608959749341011047e-02 1.430906727910041809e-02 1.023080572485923767e-02 9.260489605367183685e-03 8.002786897122859955e-03 6.986891385167837143e-03 5.491245537996292114e-03 3.695079823955893517e-03 3.153526224195957184e-03 2.540898509323596954e-03 2.196343615651130676e-03 1.923635485582053661e-03 1.716593629680573940e-03 1.665605697780847549e-03 1.345772296190261841e-03 1.332639018073678017e-03 1.149546005763113499e-03 7.872227579355239868e-04 6.682508974336087704e-04 7.246466120705008507e-04 2.816696884110569954e-03
1.745183944702148438e+00 9.087543487548828125e-01 2.736592888832092285e-01 3.898323327302932739e-02 5.222712643444538116e-03 1.348631922155618668e-03 2.494851360097527504e-04 3.601059142965823412e-04 1.303912955336272717e-03 4.919093917123973370e-04 7.743453606963157654e-04 8.473080379189923406e-05 1.412180135957896709e-04 1.214474788866937160e-03 1.318034774158149958e-04 4.942630184814333916e-04 4.707266725745284930e-06 7.296263356693089008e-05 8.435422554612159729e-03 1.308855600655078888e-02 1.198627054691314697e-02 1.727096177637577057e-02 2.231322973966598511e-02 1.799745112657546997e-02 1.349338050931692123e-02 1.546807866543531418e-02 2.483475580811500549e-02 2.185897901654243469e-02 3.923036158084869385e-02 2.895753644406795502e-02 3.068902529776096344e-02 3.242836147546768188e-02 3.630636632442474365e-02 3.436147794127464294e-02 3.281200304627418518e-02 2.417495287954807281e-02 2.341002225875854492e-02 2.013925649225711823e-02 1.815514452755451202e-02 1.892870478332042694e-02 2.059507742524147034e-02 2.379052713513374329e-02 2.255565300583839417e-02 2.043973654508590698e-02 1.782798953354358673e-02 2.652309462428092957e-02 5.973992496728897095e-02 6.995155662298202515e-02 9.560615569353103638e-02 1.067239418625831604e-01 4.596253857016563416e-02 5.467490293085575104e-03 5.491811407409841195e-06 4.464842379093170166e-03 9.463097155094146729e-02 8.078140765428543091e-02 5.152888223528862000e-02 3.744630888104438782e-02 4.229636117815971375e-02 3.685397654771804810e-02 2.734059095382690430e-02 2.442914620041847229e-02 2.468412369489669800e-02 2.210454083979129791e-02 2.109247818589210510e-02 1.494714152067899704e-02 1.140100043267011642e-02 1.039207633584737778e-02 1.060390286147594452e-02 1.576934382319450378e-02 2.405413426458835602e-02 1.917740516364574432e-02 2.190762013196945190e-02 2.804668061435222626e-02 3.812650963664054871e-02 4.415651783347129822e-02 4.538432881236076355e-02 5.197293311357498169e-02 5.459880456328392029e-02 4.233480617403984070e-02 3.261116147041320801e-02 2.951299399137496948e-02 1.738079823553562164e-02 1.996273361146450043e-02
5.828068852424621582e-01 1.166749238967895508e+00 7.179247140884399414e-01 2.916763722896575928e-02 9.192769415676593781e-03 3.362226532772183418e-03 1.765264431014657021e-03 1.592798042111098766e-03 9.238228201866149902e-03 2.693529007956385612e-03 1.530959922820329666e-02 3.703966736793518066e-02 7.393046468496322632e-02 8.815390616655349731e-02 2.074003405869007111e-02 1.365191023796796799e-02 1.913960278034210205e-02 1.840427704155445099e-02 6.412035971879959106e-02 1.250169426202774048e-01 5.263000354170799255e-02 1.844036765396595001e-02 3.152965009212493896e-02 4.307367652654647827e-02 5.066370218992233276e-02 5.385299772024154663e-02 5.316822230815887451e-02 5.204482004046440125e-02 6.339254975318908691e-02 6.081214919686317444e-02 5.183499306440353394e-02 4.072207212448120117e-02 3.243986889719963074e-02 2.655935660004615784e-02 2.433649636805057526e-02 2.311454154551029205e-02 2.620702236890792847e-02 3.175347670912742615e-02 4.255465790629386902e-02 4.905945062637329102e-02 4.623000696301460266e-02 4.196693003177642822e-02 3.265525028109550476e-02 2.211860939860343933e-02 1.151915639638900757e-02 5.514759570360183716e-03 2.951245289295911789e-03 1.782730803824961185e-03 1.097029540687799454e-03 7.475856109522283077e-04 5.154326790943741798e-04 4.711188841611146927e-03 1.459035370498895645e-02 2.350678294897079468e-02 3.042440861463546753e-02 4.234795272350311279e-02 5.141117051243782043e-02 5.830600857734680176e-02 5.791850760579109192e-02 4.527617990970611572e-02 3.588121756911277771e-02 3.306021541357040405e-02 3.215485438704490662e-02 3.481923416256904602e-02 3.471177816390991211e-02 3.571129590272903442e-02 3.842853754758834839e-02 3.887340798974037170e-02 3.935321420431137085e-02 4.149799793958663940e-02 3.693972900509834290e-02 3.508319705724716187e-02 3.376650810241699219e-02 3.383498638868331909e-02 3.114342316985130310e-02 2.667364105582237244e-02 2.187234349548816681e-02 1.793742738664150238e-02 1.565094664692878723e-02 1.378608867526054382e-02 1.141135115176439285e-02 1.031698193401098251e-02 1.220798119902610779e-02 1.110227592289447784e-02
1.666175365447998047e+00 8.361436128616333008e-01 1.815044879913330078e-01 3.384881094098091125e-02 6.463463418185710907e-03 4.520737566053867340e-03 1.293259905651211739e-03 1.315948669798672199e-03 9.208803996443748474e-03 1.661952352151274681e-03 6.216723471879959106e-03 8.212767541408538818e-02 2.841201424598693848e-02 1.542552746832370758e-02 5.879227537661790848e-03 8.981917053461074829e-03 1.752707408741116524e-03 4.444162826985120773e-03 7.266646623611450195e-02 3.195713460445404053e-02 2.363130077719688416e-02 7.483512628823518753e-03 1.318595744669437408e-02 2.327395230531692505e-02 4.927433654665946960e-02 7.724297046661376953e-02 1.091036796569824219e-01 8.923777192831039429e-02 6.865716725587844849e-02 3.675013780593872070e-02 2.820781432092189789e-02 1.940646208822727203e-02 2.104667015373706818e-02 1.668475382030010223e-02 1.475242804735898972e-02 1.101350784301757812e-02 1.677739992737770081e-02 1.036120485514402390e-02 9.147356264293193817e-03 1.200897712260484695e-02 1.061645429581403732e-02 1.615913212299346924e-02 1.667719148099422455e-02 1.964280381798744202e-02 2.094929851591587067e-02 3.077353537082672119e-02 4.948893561959266663e-02 4.507313296198844910e-02 3.192593529820442200e-02 2.919382974505424500e-02 3.598155453801155090e-02 3.627083450555801392e-02 3.685129061341285706e-02 5.229005217552185059e-02 4.125669226050376892e-02 3.987929597496986389e-02 4.401621595025062561e-02 5.421387031674385071e-02 7.121627032756805420e-02 6.229485571384429932e-02 4.193924739956855774e-02 3.577451780438423157e-02 3.519122675061225891e-02 3.202898055315017700e-02 3.207341209053993225e-02 2.898963168263435364e-02 2.324369922280311584e-02 1.910489052534103394e-02 1.933744922280311584e-02 1.941118948161602020e-02 2.121021971106529236e-02 1.402827817946672440e-02 1.559758465737104416e-02 1.646731980144977570e-02 1.740323193371295929e-02 1.868420280516147614e-02 2.154204249382019043e-02 2.085287123918533325e-02 2.603347413241863251e-02 2.450481802225112915e-02 1.941591501235961914e-02 2.161483466625213623e-02 2.438570186495780945e-02 4.914671182632446289e-02
2.074980586767196655e-01 1.033183455467224121e+00 1.075994610786437988e+00 6.798571348190307617e-02 5.511466786265373230e-02 2.279270067811012268e-02 1.521084457635879517e-02 2.672286704182624817e-02 3.212557360529899597e-02 2.619261480867862701e-02 6.750691682100296021e-02 2.267702668905258179e-01 5.558285862207412720e-02 2.080326341092586517e-02 9.728404693305492401e-03 7.753893733024597168e-03 6.198872812092304230e-03 7.076738867908716202e-03 2.064261585474014282e-02 1.511500589549541473e-02 1.598396897315979004e-02 5.161197483539581299e-02 6.344150006771087646e-02 5.638819187879562378e-02 5.517737939953804016e-02 5.551032721996307373e-02 5.285067483782768250e-02 5.249023437500000000e-02 5.684369057416915894e-02 5.660644918680191040e-02 4.464639350771903992e-02 3.168382868170738220e-02 1.992867141962051392e-02 1.414562202990055084e-02 1.219376176595687866e-02 9.804866276681423187e-03 1.142862346023321152e-02 1.355828344821929932e-02 1.739811338484287262e-02 2.154012210667133331e-02 2.292415127158164978e-02 2.204091660678386688e-02 2.029762417078018188e-02 2.027418836951255798e-02 2.140919491648674011e-02 2.351738139986991882e-02 2.529340796172618866e-02 2.584120631217956543e-02 2.537916414439678192e-02 2.319608628749847412e-02 1.989620178937911987e-02 3.669780865311622620e-02 5.650026723742485046e-03 3.213997697457671165e-03 3.831318812444806099e-03 8.793847635388374329e-03 2.332871593534946442e-02 4.181155934929847717e-02 4.321090877056121826e-02 3.125752881169319153e-02 2.914842404425144196e-02 4.317228496074676514e-02 5.461661890149116516e-02 4.647033661603927612e-02 4.017313942313194275e-02 3.338181972503662109e-02 3.665486723184585571e-02 4.928566142916679382e-02 5.889452993869781494e-02 6.189812719821929932e-02 5.841049179434776306e-02 4.424693435430526733e-02 3.861785680055618286e-02 3.513715788722038269e-02 3.237446770071983337e-02 3.046345524489879608e-02 2.581593766808509827e-02 2.076162956655025482e-02 1.789733767509460449e-02 1.549901533871889114e-02 1.511670835316181183e-02 1.418594829738140106e-02 1.283713709563016891e-02 2.384221181273460388e-02
2.558836936950683594e-01 1.089640140533447266e+00 7.760267257690429688e-01 6.347484886646270752e-02 1.998154073953628540e-02 8.744807913899421692e-03 1.199815422296524048e-03 1.568989362567663193e-03 2.166589722037315369e-02 5.237655714154243469e-03 2.639593929052352905e-02 1.999538540840148926e-01 2.159898430109024048e-01 1.106829792261123657e-01 4.743885621428489685e-02 3.394093364477157593e-02 2.307337243109941483e-03 1.010613702237606049e-02 7.953391969203948975e-02 3.022611886262893677e-02 2.984156273305416107e-02 2.351945824921131134e-02 3.376403450965881348e-02 3.711736574769020081e-02 4.440085962414741516e-02 5.133825540542602539e-02 6.269804388284683228e-02 6.968158483505249023e-02 9.206275641918182373e-02 9.240885823965072632e-02 9.691585600376129150e-02 7.223504036664962769e-02 5.777572840452194214e-02 3.948623314499855042e-02 3.060298413038253784e-02 2.161205932497978210e-02 2.743424102663993835e-02 1.806645095348358154e-02 1.326718926429748535e-02 1.552837993949651718e-02 9.390862658619880676e-03 1.102138124406337738e-02 6.829718593508005142e-03 7.168128155171871185e-03 2.645746804773807526e-03 3.484079381451010704e-03 3.214889904484152794e-03 2.199661685153841972e-03 1.861252123489975929e-03 1.184433116577565670e-03 4.691585781984031200e-04 2.077372744679450989e-02 4.875403642654418945e-02 7.901861518621444702e-02 9.350869059562683105e-02 9.100907295942306519e-02 8.823257684707641602e-02 7.738040387630462646e-02 6.059067696332931519e-02 4.580064490437507629e-02 3.768650814890861511e-02 3.237194195389747620e-02 2.828795649111270905e-02 2.335794456303119659e-02 2.301953546702861786e-02 2.131210640072822571e-02 2.001230604946613312e-02 1.907398924231529236e-02 1.777418889105319977e-02 1.582064293324947357e-02 1.496692840009927750e-02 1.636671274900436401e-02 1.818950846791267395e-02 2.263497933745384216e-02 2.265036106109619141e-02 2.201199904084205627e-02 2.058144845068454742e-02 1.974311657249927521e-02 1.235963683575391769e-02 6.122135091572999954e-03 1.276726601645350456e-03 8.460236858809366822e-05 0.000000000000000000e+00 0.000000000000000000e+00
8.692041635513305664e-01 1.293495416641235352e+00 2.626410424709320068e-01 9.354943782091140747e-02 3.437971323728561401e-02 1.479158643633127213e-02 1.107257883995771408e-02 1.516315061599016190e-02 2.542842179536819458e-02 4.140225797891616821e-02 2.116220444440841675e-02 2.259103208780288696e-02 3.050532564520835876e-02 2.043934538960456848e-02 1.904767192900180817e-02 1.302497275173664093e-02 7.096854038536548615e-03 1.888891309499740601e-02 7.536311447620391846e-02 1.107528135180473328e-01 1.524647045880556107e-02 1.444141659885644913e-02 2.292194962501525879e-01 2.403821498155593872e-01 5.183079093694686890e-02 7.725133560597896576e-03 7.154277525842189789e-03 6.258022505789995193e-03 9.857679717242717743e-03 9.674150496721267700e-03 1.329069770872592926e-02 9.149458259344100952e-03 1.656720787286758423e-02 1.419708598405122757e-02 1.316008716821670532e-02 8.319634012877941132e-03 1.998671330511569977e-02 1.444366853684186935e-02 1.229535881429910660e-02 1.842952705919742584e-02 1.363411173224449158e-02 1.806471869349479675e-02 1.911523006856441498e-02 2.156079001724720001e-02 1.709752902388572693e-02 1.915013417601585388e-02 2.225324884057044983e-02 2.510640211403369904e-02 2.723894827067852020e-02 2.619744651019573212e-02 1.958137191832065582e-02 3.937104344367980957e-02 4.784155637025833130e-02 6.224244087934494019e-02 4.013106226921081543e-02 3.000765666365623474e-02 2.949197217822074890e-02 2.715675532817840576e-02 2.303916029632091522e-02 1.711329258978366852e-02 1.401918660849332809e-02 1.172900665551424026e-02 1.207579858601093292e-02 1.051973830908536911e-02 8.196906186640262604e-03 7.760037668049335480e-03 9.092034772038459778e-03 1.030580792576074600e-02 1.074943132698535919e-02 1.378724072128534317e-02 7.137838751077651978e-02 8.730380237102508545e-02 9.035850316286087036e-02 7.791902124881744385e-02 4.950120300054550171e-02 7.627514004707336426e-02 4.356069862842559814e-02 4.692841321229934692e-02 5.650235339999198914e-02 1.296867616474628448e-02 1.407435745932161808e-03 4.942914238199591637e-04 1.317359856329858303e-04 1.125948620028793812e-05
4.474665224552154541e-02 9.396784305572509766e-01 8.863762021064758301e-01 2.179385721683502197e-01 1.552377045154571533e-01 5.956212803721427917e-02 2.446261048316955566e-02 1.813199371099472046e-02 2.161310799419879913e-02 1.488789916038513184e-02 4.949362948536872864e-02 4.489228725433349609e-01 8.597751706838607788e-02 1.365276426076889038e-02 6.304719485342502594e-03 2.491777297109365463e-03 1.828561769798398018e-03 1.654308522120118141e-03 4.413830116391181946e-03 2.624771557748317719e-03 7.456312421709299088e-03 4.629635252058506012e-03 8.334747515618801117e-03 1.181249693036079407e-02 1.480289362370967865e-02 1.883529685437679291e-02 2.616198174655437469e-02 3.662419691681861877e-02 4.996356740593910217e-02 6.246122717857360840e-02 7.214011251926422119e-02 7.420305907726287842e-02 7.315212488174438477e-02 6.918761134147644043e-02 6.314931809902191162e-02 6.116976588964462280e-02 5.708117783069610596e-02 5.229455232620239258e-02 4.555178806185722351e-02 3.685565665364265442e-02 2.982173860073089600e-02 2.560366876423358917e-02 2.086634933948516846e-02 1.760425977408885956e-02 1.283285114914178848e-02 1.025094836950302124e-02 7.952004671096801758e-03 5.922708194702863693e-03 4.611346404999494553e-03 3.484918503090739250e-03 2.687976928427815437e-03 1.249370910227298737e-02 7.757122162729501724e-03 5.564252845942974091e-03 9.444350376725196838e-03 1.790067926049232483e-02 2.859669737517833710e-02 3.698309138417243958e-02 4.240586608648300171e-02 4.241815581917762756e-02 3.976836428046226501e-02 3.803300112485885620e-02 3.893440589308738708e-02 4.420092329382896423e-02 4.966027289628982544e-02 5.394052341580390930e-02 5.237063392996788025e-02 5.267641693353652954e-02 5.375749245285987854e-02 5.468186736106872559e-02 5.696720257401466370e-02 4.931571707129478455e-02 4.247287288308143616e-02 3.625067323446273804e-02 3.026256524026393890e-02 2.781760692596435547e-02 2.014548890292644501e-02 1.353074237704277039e-02 1.170159503817558289e-02 1.050186716020107269e-02 8.847411721944808960e-03 7.017387077212333679e-03 5.420285277068614960e-03 1.065446622669696808e-02
5.848371982574462891e-01 4.473974928259849548e-02 5.054046958684921265e-02 9.003695100545883179e-02 1.381564736366271973e-01 3.922094702720642090e-01 3.754794001579284668e-01 7.515991330146789551e-01 5.058506503701210022e-02 1.565015129745006561e-02 1.651022583246231079e-02 2.386704087257385254e-01 1.406411230564117432e-01 3.072373569011688232e-02 1.123510766774415970e-02 8.221665397286415100e-03 8.578436449170112610e-03 7.756588980555534363e-03 1.157276704907417297e-02 3.225594013929367065e-02 1.471681287512183189e-03 3.801312413997948170e-04 1.087302807718515396e-03 2.134256297722458839e-03 4.544585943222045898e-03 6.466478575021028519e-03 7.191700860857963562e-03 6.414449308067560196e-03 1.014780532568693161e-02 1.744674891233444214e-02 1.414555404335260391e-02 1.309010572731494904e-02 1.941217668354511261e-02 2.183100022375583649e-02 2.808086760342121124e-02 1.899912953376770020e-02 2.258595451712608337e-02 2.743952907621860504e-02 2.490284293889999390e-02 2.541145496070384979e-02 2.615791372954845428e-02 2.814033068716526031e-02 2.776338346302509308e-02 2.806600183248519897e-02 3.321051597595214844e-02 4.073881357908248901e-02 4.762258753180503845e-02 5.091847479343414307e-02 5.030580237507820129e-02 5.299539119005203247e-02 8.074072748422622681e-02 2.601563036441802979e-01 2.143812831491231918e-03 1.014037244021892548e-02 1.728853955864906311e-02 3.084478341042995453e-02 3.724118322134017944e-02 4.413875937461853027e-02 3.978211432695388794e-02 3.937862440943717957e-02 5.341481044888496399e-02 5.500116944313049316e-02 4.381065815687179565e-02 4.371509328484535217e-02 3.708827868103981018e-02 3.047208487987518311e-02 2.909278124570846558e-02 3.371381759643554688e-02 3.932446986436843872e-02 4.813544452190399170e-02 5.518380180001258850e-02 4.389347881078720093e-02 4.846991971135139465e-02 4.691223055124282837e-02 3.505489602684974670e-02 2.870097011327743530e-02 2.564930170774459839e-02 2.247552573680877686e-02 1.820170320570468903e-02 1.554078422486782074e-02 8.290683850646018982e-03 4.385313019156455994e-03 3.956337925046682358e-03 8.558262139558792114e-03
9.790043532848358154e-02 2.343724966049194336e+00 4.184341728687286377e-01 2.237248048186302185e-02 7.527631707489490509e-03 5.545713938772678375e-03 5.832122173160314560e-03 7.548063993453979492e-03 2.192512340843677521e-02 1.865275576710700989e-02 3.507876303046941757e-03 5.448929965496063232e-03 1.798817142844200134e-02 8.406930603086948395e-03 2.132112160325050354e-03 1.451040618121623993e-03 4.702977603301405907e-04 9.287663851864635944e-04 5.728886462748050690e-03 4.473563749343156815e-03 7.571602705866098404e-03 4.167679231613874435e-03 5.512616131454706192e-03 1.191397104412317276e-02 2.111895009875297546e-02 3.113297000527381897e-02 4.993651807308197021e-02 5.682477727532386780e-02 6.171511113643646240e-02 6.792839616537094116e-02 7.715021818876266479e-02 8.053490519523620605e-02 7.256278395652770996e-02 6.382296979427337646e-02 5.696302279829978943e-02 5.108035728335380554e-02 4.597566649317741394e-02 4.045648127794265747e-02 3.430401533842086792e-02 2.855995483696460724e-02 2.328129298985004425e-02 2.068282477557659149e-02 1.810849457979202271e-02 1.583455316722393036e-02 1.205926574766635895e-02 1.006073970347642899e-02 7.665040902793407440e-03 5.606771446764469147e-03 4.014378413558006287e-03 2.823578892275691032e-03 1.939619774930179119e-03 8.690471760928630829e-03 5.193707533180713654e-03 5.740357097238302231e-03 7.348043844103813171e-03 1.043700147420167923e-02 1.625478640198707581e-02 2.278793416917324066e-02 2.630763873457908630e-02 2.944534644484519958e-02 3.357694298028945923e-02 3.544128686189651489e-02 3.703941404819488525e-02 3.871150314807891846e-02 4.024654254317283630e-02 4.114806652069091797e-02 4.306558147072792053e-02 4.615286737680435181e-02 5.135374143719673157e-02 5.385745689272880554e-02 5.575955659151077271e-02 5.814737081527709961e-02 5.426371097564697266e-02 4.931602627038955688e-02 4.476156830787658691e-02 4.233193770051002502e-02 4.034583643078804016e-02 3.301535546779632568e-02 2.431711740791797638e-02 1.788278482854366302e-02 1.313284970819950104e-02 8.791915141046047211e-03 6.246142089366912842e-03 7.579608354717493057e-03
6.717353463172912598e-01 1.349371671676635742e+00 2.819428145885467529e-01 2.073648199439048767e-02 2.600394887849688530e-03 8.779111085459589958e-04 2.222559669462498277e-05 4.445119338924996555e-05 4.611811600625514984e-03 1.778047735569998622e-04 8.890238677849993110e-05 4.445119338924996555e-05 2.833763603121042252e-03 3.159368783235549927e-02 1.754710823297500610e-02 6.984394043684005737e-02 7.778959348797798157e-03 4.260647296905517578e-02 3.783796727657318115e-01 1.171622276306152344e-01 5.211532115936279297e-02 1.094277277588844299e-01 1.396211981773376465e-01 1.066013723611831665e-01 7.003656029701232910e-02 6.193162500858306885e-02 4.898151382803916931e-02 3.124918974936008453e-02 2.570760808885097504e-02 2.255527675151824951e-02 2.163291536271572113e-02 2.105875313282012939e-02 2.084020152688026428e-02 2.192555181682109833e-02 2.655588462948799133e-02 3.402368351817131042e-02 3.949118033051490784e-02 4.136924445629119873e-02 3.954674676060676575e-02 2.875251509249210358e-02 1.583944261074066162e-02 8.567967452108860016e-03 4.496979061514139175e-03 2.726339967921376228e-03 1.537270494736731052e-03 9.964476339519023895e-04 7.186276488937437534e-04 4.630332696251571178e-04 3.370882186572998762e-04 2.592986274976283312e-04 1.333535765297710896e-04 5.000759265385568142e-04 1.074237225111573935e-04 3.344952361658215523e-03 2.728932909667491913e-02 8.149755746126174927e-02 1.277008801698684692e-01 6.590630114078521729e-02 6.317255645990371704e-02 6.409491598606109619e-02 5.055952817201614380e-02 3.696857765316963196e-02 3.249382227659225464e-02 2.805240824818611145e-02 2.261824905872344971e-02 2.101059816777706146e-02 2.088094875216484070e-02 2.127359993755817413e-02 2.245155721902847290e-02 2.646327763795852661e-02 2.871176786720752716e-02 2.738564088940620422e-02 2.487044408917427063e-02 2.186628431081771851e-02 2.392215095460414886e-02 2.489637397229671478e-02 2.522605285048484802e-02 2.359987981617450714e-02 2.004007995128631592e-02 1.799902878701686859e-02 1.659140922129154205e-02 1.334647089242935181e-02 9.479217231273651123e-03 6.178716197609901428e-03
1.194952368736267090e+00 1.224002480506896973e+00 1.190273016691207886e-01 2.065524272620677948e-02 2.591274678707122803e-03 2.891091397032141685e-03 3.747711307369172573e-04 1.713239471428096294e-04 1.367379259318113327e-02 6.210493156686425209e-04 1.263514161109924316e-03 2.355704200454056263e-04 6.410727649927139282e-02 8.919552713632583618e-02 9.958203881978988647e-03 1.779627427458763123e-02 1.392006990499794483e-03 6.392524577677249908e-03 1.905550658702850342e-01 4.014334082603454590e-02 2.553333640098571777e-01 4.183159675449132919e-03 4.567567631602287292e-02 4.683568328619003296e-02 3.117738850414752960e-02 2.145118452608585358e-02 1.953449845314025879e-02 1.448758039623498917e-02 2.020551823079586029e-02 1.869929395616054535e-02 2.344282530248165131e-02 2.299666963517665863e-02 3.115240298211574554e-02 3.697741776704788208e-02 3.890124335885047913e-02 2.855042181909084320e-02 3.619218245148658752e-02 3.538196161389350891e-02 3.689889237284660339e-02 3.774480521678924561e-02 3.221246972680091858e-02 3.050279989838600159e-02 2.543803676962852478e-02 2.273254469037055969e-02 1.720734871923923492e-02 1.473385933786630630e-02 1.166073605418205261e-02 8.758936077356338501e-03 6.531725171953439713e-03 4.490114748477935791e-03 3.515710122883319855e-03 1.639355905354022980e-02 8.302429318428039551e-02 1.888596564531326294e-01 1.401215642690658569e-01 1.042042151093482971e-01 4.978745058178901672e-02 3.531771525740623474e-02 3.158071264624595642e-02 2.980679646134376526e-02 2.684432081878185272e-02 2.686573565006256104e-02 2.684432081878185272e-02 2.771164663136005402e-02 2.620899304747581482e-02 2.385685965418815613e-02 2.038041129708290100e-02 1.577251031994819641e-02 1.351674553006887436e-02 1.338111329823732376e-02 1.202479936182498932e-02 1.077913120388984680e-02 9.351431392133235931e-03 1.094688568264245987e-02 1.431625708937644958e-02 1.504081394523382187e-02 1.602592691779136658e-02 1.907049678266048431e-02 7.281267549842596054e-03 8.601889712736010551e-04 1.927394332597032189e-04 1.784624328138306737e-05 7.138497494452167302e-06 0.000000000000000000e+00
1.441829204559326172e-01 5.552971363067626953e-01 4.780575633049011230e-01 1.300686597824096680e-01 1.100923195481300354e-01 1.031108647584915161e-01 8.368039131164550781e-02 9.235440194606781006e-02 1.435215771198272705e-01 1.491066068410873413e-01 1.970038264989852905e-01 1.822611093521118164e-01 4.152438640594482422e-01 7.502415031194686890e-02 3.190252929925918579e-02 1.595389842987060547e-02 1.281227543950080872e-02 1.711308583617210388e-02 3.588944301009178162e-02 2.732335589826107025e-02 2.725601382553577423e-02 5.748002976179122925e-02 5.020573362708091736e-02 4.347785562276840210e-02 4.158327355980873108e-02 4.121925309300422668e-02 4.182511568069458008e-02 4.228203371167182922e-02 4.439520463347434998e-02 4.244051873683929443e-02 4.278940707445144653e-02 3.944455087184906006e-02 3.881411999464035034e-02 3.406900167465209961e-02 3.127615898847579956e-02 2.800380066037178040e-02 2.818740159273147583e-02 2.476982958614826202e-02 2.393397130072116852e-02 2.349306643009185791e-02 2.093558944761753082e-02 2.268583513796329498e-02 2.099744789302349091e-02 2.096158452332019806e-02 1.903190650045871735e-02 1.839412748813629150e-02 1.676178723573684692e-02 1.573783159255981445e-02 1.497490983456373215e-02 1.488321926444768906e-02 1.452566776424646378e-02 5.316375568509101868e-02 1.982553675770759583e-02 1.841551437973976135e-02 2.051387727260589600e-02 2.669632621109485626e-02 3.425918519496917725e-02 3.981065750122070312e-02 4.345986992120742798e-02 4.657505825161933899e-02 4.745467752218246460e-02 4.694554954767227173e-02 4.773797467350959778e-02 4.719550535082817078e-02 4.640549421310424805e-02 4.689685255289077759e-02 4.895364865660667419e-02 4.872025176882743835e-02 4.545107483863830566e-02 4.036420211195945740e-02 3.616056591272354126e-02 3.431259840726852417e-02 3.201977536082267761e-02 3.067150153219699860e-02 2.822425402700901031e-02 2.357466705143451691e-02 2.019723691046237946e-02 1.607289910316467285e-02 1.310829725116491318e-02 1.064668036997318268e-02 8.495671674609184265e-03 6.755956448614597321e-03 5.922950804233551025e-03 1.815568655729293823e-02
2.339899241924285889e-01 2.495154857635498047e+00 5.384415015578269958e-02 2.776813693344593048e-03 5.929653998464345932e-04 1.301631418755277991e-04 0.000000000000000000e+00 0.000000000000000000e+00 3.904894110746681690e-04 1.012379943858832121e-04 0.000000000000000000e+00 0.000000000000000000e+00 1.272706314921379089e-03 8.648617193102836609e-03 9.140344336628913879e-03 3.501388430595397949e-02 1.783234998583793640e-02 2.669790759682655334e-02 6.013537198305130005e-02 5.427803099155426025e-02 2.637008670717477798e-03 1.242334861308336258e-02 1.491091027855873108e-02 1.403833553194999695e-02 6.498514860868453979e-02 2.706670165061950684e-01 6.647961586713790894e-02 7.433761656284332275e-02 1.431746333837509155e-01 1.271742135286331177e-01 2.641829662024974823e-02 2.286050282418727875e-02 2.856839820742607117e-02 2.753673493862152100e-02 3.250221908092498779e-02 2.882390283048152924e-02 1.684407331049442291e-02 7.718191947788000107e-03 4.584635142236948013e-03 3.803656203672289848e-03 2.555054146796464920e-03 1.369123347103595734e-03 9.834548691287636757e-04 8.243665215559303761e-04 4.001311317551881075e-04 4.579813976306468248e-04 4.386979853734374046e-04 3.953102568630129099e-04 2.699679753277450800e-04 3.856685652863234282e-04 1.494465686846524477e-04 1.282347948290407658e-03 1.687299925833940506e-03 1.223051454871892929e-02 2.744513936340808868e-02 2.496721781790256500e-02 1.642465963959693909e-02 1.398048549890518188e-02 1.104458328336477280e-02 1.045161765068769455e-02 1.492055226117372513e-02 8.759496733546257019e-03 9.034286253154277802e-03 9.068031795322895050e-03 1.402869354933500290e-02 2.049828320741653442e-02 2.729087136685848236e-02 3.526939079165458679e-02 3.405935317277908325e-02 2.338597737252712250e-02 1.224015560001134872e-02 6.942034233361482620e-03 7.276119291782379150e-02 1.185689792037010193e-01 7.614543288946151733e-02 1.153823882341384888e-01 1.265571415424346924e-01 1.006980612874031067e-01 4.811697453260421753e-02 5.751282442361116409e-03 5.110108177177608013e-04 5.977862747386097908e-04 9.015002287924289703e-04 2.796096960082650185e-04
6.605061888694763184e-01 1.870183944702148438e+00 6.575063616037368774e-02 1.435004454106092453e-02 5.804910324513912201e-03 3.182671964168548584e-03 6.990669062361121178e-04 4.866921517532318830e-04 4.686993081122636795e-03 6.076277932152152061e-04 7.433117134496569633e-04 4.571956815198063850e-04 4.548359662294387817e-03 9.424129500985145569e-03 7.908009923994541168e-03 1.509335637092590332e-02 7.816570810973644257e-03 2.819865010678768158e-02 1.389019489288330078e-01 1.606497168540954590e-01 5.878651514649391174e-03 1.076622051186859608e-03 3.326221369206905365e-03 5.687907338142395020e-03 9.080003947019577026e-03 1.137286517769098282e-02 1.449949387460947037e-02 1.351726055145263672e-02 1.986294053494930267e-02 1.879614964127540588e-02 2.156390435993671417e-02 1.515038311481475830e-02 2.147836424410343170e-02 1.617981120944023132e-02 1.442378573119640350e-02 8.403551764786243439e-03 2.079404518008232117e-02 1.314068865031003952e-02 1.026183087378740311e-02 1.726724766194820404e-02 1.210634503513574600e-02 1.901344023644924164e-02 2.274081483483314514e-02 2.911894023418426514e-02 3.168120235204696655e-02 3.949088975787162781e-02 4.747067391872406006e-02 5.767646431922912598e-02 6.986834853887557983e-02 9.666492789983749390e-02 1.231370493769645691e-01 1.892691701650619507e-01 4.379246383905410767e-02 7.669875025749206543e-02 6.288161128759384155e-02 6.121407449245452881e-02 5.041737481951713562e-02 3.399667516350746155e-02 2.463448978960514069e-02 1.829372532665729523e-02 1.560659520328044891e-02 1.484755240380764008e-02 1.516906451433897018e-02 1.625158451497554779e-02 1.525263767689466476e-02 1.507762540131807327e-02 1.581798680126667023e-02 1.659276150166988373e-02 1.751993410289287567e-02 1.995044574141502380e-02 2.387839555740356445e-02 3.242549672722816467e-02 4.217998683452606201e-02 4.630851373076438904e-02 4.421328008174896240e-02 4.557798430323600769e-02 5.056485906243324280e-02 5.315170064568519592e-02 4.209838062524795532e-02 3.615286946296691895e-02 3.157599642872810364e-02 1.623487100005149841e-02 1.548565924167633057e-03 7.374123379122465849e-05
9.578077197074890137e-01 1.749695539474487305e+00 1.441323906183242798e-01 1.427886821329593658e-02 3.872455097734928131e-03 1.411697710864245892e-03 9.065947961062192917e-05 2.072216593660414219e-04 5.119022913277149200e-03 7.835569558665156364e-04 4.866471514105796814e-03 2.638190984725952148e-02 2.318292483687400818e-02 1.084999740123748779e-02 6.860980298370122910e-03 3.904833458364009857e-03 7.835569558665156364e-04 2.515800762921571732e-03 1.952416636049747467e-02 2.373012155294418335e-02 9.157687425613403320e-03 8.759432472288608551e-03 1.414179988205432892e-02 2.158666960895061493e-02 2.986258640885353088e-02 4.550890251994132996e-02 4.693247005343437195e-02 3.921562433242797852e-02 4.417059570550918579e-02 4.088202863931655884e-02 7.496567815542221069e-02 1.453670859336853027e-01 1.470226943492889404e-01 9.663329273462295532e-02 5.819691345095634460e-02 4.322622716426849365e-02 3.750064596533775330e-02 2.714603953063488007e-02 1.995048299431800842e-02 1.532253157347440720e-02 9.865694679319858551e-03 7.126483134925365448e-03 4.404539708048105240e-03 3.341449424624443054e-03 1.655614818446338177e-03 1.379319233819842339e-03 1.070645288564264774e-03 8.353623561561107635e-04 6.076343706808984280e-04 4.792001273017376661e-04 3.453694516792893410e-04 3.339290851727128029e-03 9.356274269521236420e-03 3.093215264379978180e-02 5.225332081317901611e-02 4.873810708522796631e-02 4.035641998052597046e-02 3.529676049947738647e-02 2.158559113740921021e-02 1.687453500926494598e-02 1.495341863483190536e-02 1.555997319519519806e-02 1.533656287938356400e-02 1.705369539558887482e-02 1.941623911261558533e-02 2.240152657032012939e-02 2.508569508790969849e-02 2.818430587649345398e-02 3.137897327542304993e-02 3.438368812203407288e-02 3.479597344994544983e-02 3.682393953204154968e-02 4.449329897761344910e-02 5.791090428829193115e-02 7.383999228477478027e-02 7.002797722816467285e-02 6.114010885357856750e-02 5.215294659137725830e-02 3.975634276866912842e-02 3.161209821701049805e-02 1.574560999870300293e-02 2.479105256497859955e-03 7.447029202012345195e-05 0.000000000000000000e+00
3.257286250591278076e-01 7.307891249656677246e-01 3.085416257381439209e-01 1.052380949258804321e-01 5.389987304806709290e-02 6.488797068595886230e-02 5.804944783449172974e-02 4.781553149223327637e-02 6.147029623389244080e-02 4.166118428111076355e-02 1.186319068074226379e-02 2.539066597819328308e-02 5.291021615266799927e-02 8.002053499221801758e-01 1.150551289319992065e-01 3.561184927821159363e-02 2.518064156174659729e-02 2.686401829123497009e-02 4.662221670150756836e-02 6.221492588520050049e-02 6.561668589711189270e-03 1.363142672926187515e-02 1.896795257925987244e-02 3.240314498543739319e-02 5.421915650367736816e-02 6.498661637306213379e-02 7.233322411775588989e-02 6.018363311886787415e-02 6.174608692526817322e-02 6.716428697109222412e-02 7.691238820552825928e-02 8.893363177776336670e-02 7.694208621978759766e-02 6.914467364549636841e-02 4.871503263711929321e-02 3.431881964206695557e-02 3.296002745628356934e-02 3.174973651766777039e-02 3.459249064326286316e-02 2.238668315112590790e-02 7.246899418532848358e-03 5.194389261305332184e-03 7.951223291456699371e-03 4.618413280695676804e-03 2.346332184970378876e-03 1.599579118192195892e-03 1.185894827358424664e-03 6.215870962478220463e-04 2.810931473504751921e-04 4.455061207409016788e-05 1.272874578717164695e-05 4.455061207409016788e-05 5.303644229570636526e-06 7.425102012348361313e-06 1.022542594000697136e-03 7.512081880122423172e-03 3.389240801334381104e-02 6.329263001680374146e-02 5.835493654012680054e-02 6.006377190351486206e-02 6.761615723371505737e-02 6.871401518583297729e-02 7.665781676769256592e-02 7.053422182798385620e-02 5.800065398216247559e-02 6.153075769543647766e-02 5.003776028752326965e-02 3.220691159367561340e-02 2.194754034280776978e-02 1.918752491474151611e-02 2.305388078093528748e-02 2.265716902911663055e-02 1.513766124844551086e-02 1.250599324703216553e-02 1.761234179139137268e-02 1.749884337186813354e-02 1.595124043524265289e-02 2.033523283898830414e-02 2.574282884597778320e-02 2.435857802629470825e-02 1.901674643158912659e-02 1.262903772294521332e-02 9.124389849603176117e-03 1.379159651696681976e-02
4.162517488002777100e-01 1.721597313880920410e+00 3.618333339691162109e-01 1.600863412022590637e-02 5.607119295746088028e-03 4.152409732341766357e-03 3.086988814175128937e-03 3.701654728502035141e-03 1.054493524134159088e-02 3.992596641182899475e-02 2.233286155387759209e-03 6.829621270298957825e-06 1.468368689529597759e-03 2.349389716982841492e-03 4.302661400288343430e-04 2.643063431605696678e-03 1.024443190544843674e-04 1.502516679465770721e-03 1.305140741169452667e-02 3.935022950172424316e-01 2.258328255265951157e-03 4.666908062063157558e-04 1.015337067656219006e-03 1.814402756281197071e-03 3.305536694824695587e-03 4.876349586993455887e-03 1.079307869076728821e-02 1.408723276108503342e-02 1.879056543111801147e-02 2.629859559237957001e-02 3.164618834853172302e-02 3.292788192629814148e-02 4.316548258066177368e-02 5.930843204259872437e-02 7.999762892723083496e-02 8.715735375881195068e-02 9.382989257574081421e-02 8.364237099885940552e-02 6.125715002417564392e-02 4.695820063352584839e-02 4.463385418057441711e-02 4.488199576735496521e-02 4.093674942851066589e-02 4.250301048159599304e-02 4.871568828821182251e-02 3.176684677600860596e-02 1.215444970875978470e-02 4.885456059128046036e-03 2.431345172226428986e-03 2.032950753346085548e-03 1.211119582876563072e-03 2.024982683360576630e-02 9.846037253737449646e-03 2.013144828379154205e-02 1.454709377139806747e-02 1.115732453763484955e-02 1.087731029838323593e-02 1.507069822400808334e-02 2.130614221096038818e-02 1.958963088691234589e-02 2.701570652425289154e-02 2.907369844615459442e-02 3.019603341817855835e-02 3.585096076130867004e-02 3.992369025945663452e-02 5.349642410874366760e-02 7.317028939723968506e-02 9.342694282531738281e-02 9.658450633287429810e-02 9.299895167350769043e-02 8.936104178428649902e-02 7.538080960512161255e-02 6.008017808198928833e-02 4.096407070755958557e-02 2.044333331286907196e-02 1.182890404015779495e-02 5.698180757462978363e-03 1.773425028659403324e-03 1.957824861165136099e-04 1.138270272349473089e-05 0.000000000000000000e+00 0.000000000000000000e+00 0.000000000000000000e+00 0.000000000000000000e+00
3.896088898181915283e-02 1.944757819175720215e+00 9.496184587478637695e-01 4.171696677803993225e-02 1.616290584206581116e-02 1.045486656948924065e-03 6.833246516180224717e-06 5.011047323932871222e-05 1.311983214691281319e-03 1.890531566459685564e-04 1.366649303236044943e-05 0.000000000000000000e+00 4.919937346130609512e-04 9.703208925202488899e-04 6.377696263371035457e-05 4.191057523712515831e-04 0.000000000000000000e+00 7.972120511112734675e-05 3.273124806582927704e-03 8.678222657181322575e-04 4.113614093512296677e-03 1.995080150663852692e-02 6.374659389257431030e-02 8.877980709075927734e-02 9.766682982444763184e-02 1.376982629299163818e-01 1.395971477031707764e-01 1.184672266244888306e-01 9.349551051855087280e-02 6.726191937923431396e-02 4.799747839570045471e-02 3.322096541523933411e-02 2.442353963851928711e-02 1.666173152625560760e-02 1.212673354893922806e-02 8.559779264032840729e-03 6.859060376882553101e-03 4.706588108092546463e-03 3.371827304363250732e-03 2.740131691098213196e-03 1.814606483094394207e-03 1.541276578791439533e-03 1.031820196658372879e-03 1.091800862923264503e-03 4.950307193212211132e-04 5.884183919988572598e-04 3.522917977534234524e-04 3.439400461502373219e-04 2.437191142234951258e-04 2.065158769255504012e-04 1.503314124420285225e-04 6.947133224457502365e-04 1.131281824200414121e-04 3.147848648950457573e-03 1.781123504042625427e-02 3.308202326297760010e-02 4.017417132854461670e-02 4.317168891429901123e-02 4.645620286464691162e-02 4.818349704146385193e-02 4.973312467336654663e-02 5.125389993190765381e-02 5.435999110341072083e-02 5.646463111042976379e-02 5.733624845743179321e-02 5.731423199176788330e-02 5.686171725392341614e-02 5.462648719549179077e-02 5.194102227687835693e-02 4.855401068925857544e-02 4.394080862402915955e-02 3.726548701524734497e-02 3.138434141874313354e-02 2.479025721549987793e-02 1.932897605001926422e-02 1.399372890591621399e-02 1.164005510509014130e-02 1.102734077721834183e-02 1.116856094449758530e-02 8.576483465731143951e-03 5.914553999900817871e-03 4.673181101679801941e-03 3.743100212886929512e-03 1.967974938452243805e-03
1.945121884346008301e-01 1.229076385498046875e+00 3.191869556903839111e-01 4.266130924224853516e-01 3.841527700424194336e-01 7.958511263132095337e-02 1.002647131681442261e-01 6.042172759771347046e-02 3.941576927900314331e-02 2.400777861475944519e-02 2.450600638985633850e-02 1.629528217017650604e-02 2.257580310106277466e-02 2.305967546999454498e-02 7.875675335526466370e-03 6.837295368313789368e-03 1.517342403531074524e-03 3.341401694342494011e-03 3.103356063365936279e-02 5.721479654312133789e-03 1.352571398019790649e-01 2.970336973667144775e-01 7.338983565568923950e-02 4.020233079791069031e-02 2.723472751677036285e-02 2.056841924786567688e-02 1.456603314727544785e-02 1.122009847313165665e-02 1.133354380726814270e-02 1.182824466377496719e-02 1.262097433209419250e-02 1.262160390615463257e-02 1.326236035674810410e-02 1.344228629022836685e-02 1.438207831233739853e-02 1.651499606668949127e-02 2.140823937952518463e-02 2.618048340082168579e-02 3.140789270401000977e-02 3.480796515941619873e-02 3.546584770083427429e-02 3.319934010505676270e-02 2.976753562688827515e-02 2.457663975656032562e-02 1.708221994340419769e-02 9.981647133827209473e-03 5.228416062891483307e-03 2.553078578785061836e-03 1.206092652864754200e-03 5.803195526823401451e-04 2.885858993977308273e-04 7.873157155700027943e-04 3.434197278693318367e-03 1.069908309727907181e-02 1.843247935175895691e-02 1.989366672933101654e-02 1.685407198965549469e-02 1.202705688774585724e-02 9.355118498206138611e-03 9.721265174448490143e-03 8.630632422864437103e-03 8.359421975910663605e-03 8.621944114565849304e-03 9.610841982066631317e-03 1.226678956300020218e-02 1.893347688019275665e-02 3.001960739493370056e-02 4.400003328919410706e-02 5.527679249644279480e-02 5.539602786302566528e-02 5.752302706241607666e-02 6.370722502470016479e-02 5.914159864187240601e-02 5.416072532534599304e-02 6.001818552613258362e-02 7.332587242126464844e-02 7.460021227598190308e-02 7.116815447807312012e-02 5.613889545202255249e-02 3.630415722727775574e-02 2.311369031667709351e-02 1.268544048070907593e-02 5.141790024936199188e-03 1.438522594980895519e-03
2.903824672102928162e-02 9.676096439361572266e-01 1.879890680313110352e+00 1.429133862257003784e-02 2.967218402773141861e-03 1.152177341282367706e-03 3.808452747762203217e-04 8.002571412362158298e-04 5.389683414250612259e-03 8.916117250919342041e-03 3.694199025630950928e-02 1.829503476619720459e-02 2.607584744691848755e-02 4.596657585352659225e-03 2.094649011269211769e-03 1.663184957578778267e-04 7.231238669191952795e-06 9.641651558922603726e-06 1.055760891176760197e-03 3.205849207006394863e-04 5.797846708446741104e-03 7.190261967480182648e-03 1.388317532837390900e-02 3.072714060544967651e-02 8.664309978485107422e-02 1.786365061998367310e-01 1.886156201362609863e-01 1.409593373537063599e-01 1.284420639276504517e-01 8.766832947731018066e-02 5.029005184769630432e-02 2.895548753440380096e-02 2.004579827189445496e-02 1.493893656879663467e-02 9.125823155045509338e-03 4.535593558102846146e-03 1.757191028445959091e-03 5.648400983773171902e-04 1.655150263104587793e-04 4.901173088001087308e-05 1.365900698147015646e-05 4.017354967800201848e-06 1.606941964382713195e-06 8.034709821913565975e-07 0.000000000000000000e+00 8.034709821913565975e-07 0.000000000000000000e+00 0.000000000000000000e+00 8.034709821913565975e-07 0.000000000000000000e+00 0.000000000000000000e+00 9.866623440757393837e-04 7.632974302396178246e-05 9.143499773927032948e-04 3.213883928765426390e-06 1.205206535814795643e-05 2.241684123873710632e-04 1.819058321416378021e-03 7.836252450942993164e-03 2.960870973765850067e-02 6.043226644396781921e-02 5.985698103904724121e-02 5.284268036484718323e-02 5.284509062767028809e-02 4.888799786567687988e-02 4.484733939170837402e-02 4.057046398520469666e-02 3.404869139194488525e-02 2.681905776262283325e-02 2.648160047829151154e-02 3.392335027456283569e-02 4.064358025789260864e-02 4.199421405792236328e-02 4.200867563486099243e-02 4.651132971048355103e-02 5.052948743104934692e-02 5.198939517140388489e-02 4.490920901298522949e-02 4.252531006932258606e-02 3.610718250274658203e-02 2.645267546176910400e-02 2.680861391127109528e-02 1.767796836793422699e-02 9.792704135179519653e-03
6.526310443878173828e-01 1.818627357482910156e+00 3.077299594879150391e-01 4.277519136667251587e-02 1.641866005957126617e-02 5.475092213600873947e-03 3.377685556188225746e-03 2.094098832458257675e-03 3.030322957783937454e-03 1.468846574425697327e-03 4.959011450409889221e-03 3.487518429756164551e-02 4.130303859710693359e-02 7.896704599261283875e-03 3.457082435488700867e-03 2.544015645980834961e-03 1.306744059547781944e-03 3.103103954344987869e-03 1.319976896047592163e-02 3.372722864151000977e-02 4.193711094558238983e-03 1.385700143873691559e-02 1.545376516878604889e-02 2.221575193107128143e-02 3.357725962996482849e-02 4.991762712597846985e-02 5.734346061944961548e-02 6.429953128099441528e-02 6.748203188180923462e-02 6.643994152545928955e-02 6.955628097057342529e-02 6.234327331185340881e-02 5.184962227940559387e-02 4.889318346977233887e-02 4.435431584715843201e-02 3.732766956090927124e-02 3.489502891898155212e-02 2.805916033685207367e-02 2.321152575314044952e-02 2.226096577942371368e-02 1.961329206824302673e-02 2.138318680226802826e-02 2.070610411465167999e-02 2.088585123419761658e-02 1.916117034852504730e-02 1.990992762148380280e-02 1.808379404246807098e-02 1.426391117274761200e-02 9.770255535840988159e-03 6.051824428141117096e-03 3.335781395435333252e-03 9.303797967731952667e-03 6.435576826333999634e-03 1.275867503136396408e-02 1.460355520248413086e-02 1.766806282103061676e-02 1.799116469919681549e-02 2.046570740640163422e-02 2.599704079329967499e-02 3.331370279192924500e-02 3.878989815711975098e-02 3.869065269827842712e-02 3.404261544346809387e-02 3.453994914889335632e-02 3.763092309236526489e-02 4.383161664009094238e-02 5.149453878402709961e-02 5.716812610626220703e-02 6.308761984109878540e-02 5.726075544953346252e-02 4.775184765458106995e-02 4.381397366523742676e-02 3.850208595395088196e-02 3.703323751688003540e-02 3.956622630357742310e-02 3.712035343050956726e-02 3.357284888625144958e-02 3.219442442059516907e-02 2.576326020061969757e-02 2.252121083438396454e-02 2.073367312550544739e-02 1.075500063598155975e-02 4.026095382869243622e-03 8.755737217143177986e-04
2.042587697505950928e-01 2.190891742706298828e+00 5.132401585578918457e-01 7.458344567567110062e-03 3.212468232959508896e-03 1.846201485022902489e-03 1.149521674960851669e-03 1.567529514431953430e-03 3.096354659646749496e-03 3.603382501751184464e-03 8.356287144124507904e-03 5.577309057116508484e-03 8.998780511319637299e-03 1.139071490615606308e-02 6.684255786240100861e-03 3.266654442995786667e-03 2.333877375349402428e-03 3.185375127941370010e-03 9.080059826374053955e-03 1.080240774899721146e-02 3.519523190334439278e-03 1.089529786258935928e-02 7.186381518840789795e-02 9.191916137933731079e-02 1.347494870424270630e-01 8.405958116054534912e-02 5.817018449306488037e-02 3.092613257467746735e-02 2.185639366507530212e-02 2.537849731743335724e-02 3.332193568348884583e-02 4.254520311951637268e-02 4.610214009881019592e-02 4.605827480554580688e-02 4.198528081178665161e-02 3.352577984333038330e-02 2.971081249415874481e-02 2.659897692501544952e-02 2.661445923149585724e-02 2.763109467923641205e-02 2.421736344695091248e-02 2.166287228465080261e-02 1.651260070502758026e-02 1.326013915240764618e-02 8.198888972401618958e-03 6.716509349644184113e-03 4.879339132457971573e-03 3.784003434702754021e-03 2.818972803652286530e-03 2.077138051390647888e-03 1.375297550112009048e-03 7.064849138259887695e-03 2.105521271005272865e-03 8.397571742534637451e-03 8.922661654651165009e-03 1.158423721790313721e-02 1.700285822153091431e-02 2.143451571464538574e-02 2.063075266778469086e-02 2.235955186188220978e-02 2.764528617262840271e-02 3.461853414773941040e-02 4.036098346114158630e-02 3.990942984819412231e-02 3.046555072069168091e-02 2.247824519872665405e-02 2.161255478858947754e-02 2.683765441179275513e-02 3.255429863929748535e-02 4.207042977213859558e-02 5.591629445552825928e-02 6.683997809886932373e-02 8.648505806922912598e-02 9.327639639377593994e-02 7.758174836635589600e-02 4.585056379437446594e-02 4.122151061892509460e-02 3.146541491150856018e-02 2.396578527987003326e-02 1.910450868308544159e-02 1.589978113770484924e-02 7.180962711572647095e-03 3.026686608791351318e-03 1.194676849991083145e-03
4.193452000617980957e-01 2.372817516326904297e+00 1.720553934574127197e-01 8.792889304459095001e-03 2.346424153074622154e-03 1.264985621673986316e-04 4.960727528668940067e-05 0.000000000000000000e+00 6.945018685655668378e-05 0.000000000000000000e+00 0.000000000000000000e+00 0.000000000000000000e+00 0.000000000000000000e+00 5.952872743364423513e-05 0.000000000000000000e+00 2.480363764334470034e-05 0.000000000000000000e+00 4.464654921321198344e-05 1.964448019862174988e-03 2.230343222618103027e-02 3.007854567840695381e-03 1.160810235887765884e-02 2.781397290527820587e-02 6.563786417245864868e-02 1.538991332054138184e-01 1.543654352426528931e-01 9.767672419548034668e-02 5.228193476796150208e-02 4.234642535448074341e-02 4.166184365749359131e-02 4.312112554907798767e-02 4.784538969397544861e-02 5.162959918379783630e-02 4.623563587665557861e-02 3.968664631247520447e-02 2.852831780910491943e-02 2.663579955697059631e-02 1.866143010556697845e-02 1.262257155030965805e-02 9.806531481444835663e-03 6.486151367425918579e-03 4.053741227835416794e-03 3.188094357028603554e-03 2.912773983553051949e-03 1.268292660824954510e-03 1.132699428126215935e-03 8.143861196003854275e-04 8.540719281882047653e-04 4.729226930066943169e-04 3.373294894117861986e-04 1.339396403636783361e-04 3.273253329098224640e-03 5.846217274665832520e-03 1.652666367590427399e-02 3.946176171302795410e-02 3.759735450148582458e-02 3.438693657517433167e-02 3.144687786698341370e-02 2.965853735804557800e-02 2.659528702497482300e-02 2.359156683087348938e-02 1.891608163714408875e-02 1.880281046032905579e-02 2.212071046233177185e-02 2.108639851212501526e-02 2.066804468631744385e-02 2.119388245046138763e-02 3.588507696986198425e-02 4.566267132759094238e-02 7.162380963563919067e-02 8.669863641262054443e-02 7.389251887798309326e-02 5.142951756715774536e-02 4.142538085579872131e-02 4.016618430614471436e-02 5.159239470958709717e-02 6.378668546676635742e-02 5.010252073407173157e-02 1.388259604573249817e-02 3.623811528086662292e-03 2.152129076421260834e-03 1.339396403636783361e-04 3.637866757344454527e-05 6.614303401875076815e-06
3.175493180751800537e-01 2.441313505172729492e+00 1.681931465864181519e-01 9.480789303779602051e-03 1.230529509484767914e-03 4.465212696231901646e-04 2.544132876209914684e-04 1.557632276671938598e-05 2.902388339862227440e-03 3.115264553343877196e-05 4.153686313657090068e-05 1.557632276671938598e-05 1.526479725725948811e-03 3.478712402284145355e-03 1.505711406935006380e-04 2.305296016857028008e-03 5.192107892071362585e-06 7.372793625108897686e-04 3.951194137334823608e-02 1.080996915698051453e-02 1.554170995950698853e-02 3.804084379225969315e-03 1.061266846954822540e-02 2.483731321990489960e-02 5.553132668137550354e-02 8.932849019765853882e-02 9.992038458585739136e-02 8.294565230607986450e-02 6.774835288524627686e-02 5.764624476432800293e-02 5.325198918581008911e-02 5.218241736292839050e-02 5.241606011986732483e-02 5.183627456426620483e-02 5.290238931775093079e-02 4.076496884226799011e-02 3.921252861618995667e-02 2.834717929363250732e-02 2.450847998261451721e-02 2.095707878470420837e-02 1.244721375405788422e-02 1.214087940752506256e-02 8.764278143644332886e-03 8.613707497715950012e-03 4.577708430588245392e-03 4.131187219172716141e-03 3.624091390520334244e-03 3.085842821747064590e-03 2.149532781913876534e-03 1.872620312497019768e-03 1.050536520779132843e-03 1.324679795652627945e-02 3.886465728282928467e-02 3.783835098147392273e-02 2.961059100925922394e-02 2.782623656094074249e-02 2.532883360981941223e-02 1.976462453603744507e-02 1.597265526652336121e-02 1.659570820629596710e-02 1.916407048702239990e-02 2.414849400520324707e-02 3.079958446323871613e-02 3.060747683048248291e-02 2.421252988278865814e-02 2.184838987886905670e-02 2.014364860951900482e-02 1.987192779779434204e-02 1.997577026486396790e-02 2.239529229700565338e-02 2.733990922570228577e-02 3.434233367443084717e-02 4.088439047336578369e-02 4.750778898596763611e-02 5.711145699024200439e-02 6.638283282518386841e-02 7.081688940525054932e-02 5.853409320116043091e-02 4.493423178791999817e-02 3.580477833747863770e-02 2.767739631235599518e-02 1.862236112356185913e-02 1.356178615242242813e-02 1.151090301573276520e-02
1.165736198425292969e+00 4.727488160133361816e-01 2.967973947525024414e-01 3.293696045875549316e-02 9.950699284672737122e-03 3.761907806620001793e-03 6.031449302099645138e-04 4.219630791340023279e-04 6.615522317588329315e-03 4.791783867403864861e-04 4.946742206811904907e-03 3.757139900699257851e-03 1.548866555094718933e-02 1.711191385984420776e-01 2.716536261141300201e-02 1.013736426830291748e-01 4.391276743263006210e-03 2.463120035827159882e-02 3.104336857795715332e-01 3.466414511203765869e-01 5.794641375541687012e-02 2.867918461561203003e-02 8.464531600475311279e-02 1.204152256250381470e-01 1.067375838756561279e-01 1.037933751940727234e-01 1.179859563708305359e-01 6.073645502328872681e-02 3.761272132396697998e-02 2.101709693670272827e-02 1.993159577250480652e-02 2.604648470878601074e-02 2.534241788089275360e-02 2.141601592302322388e-02 2.384369447827339172e-02 1.860372349619865417e-02 1.696831919252872467e-02 1.958750933408737183e-02 1.532973535358905792e-02 1.136757340282201767e-02 6.752203684300184250e-03 6.989805959165096283e-03 4.835490137338638306e-03 4.671790637075901031e-03 4.356311634182929993e-03 9.592308662831783295e-03 4.934027325361967087e-03 4.130628891289234161e-03 5.018261261284351349e-03 3.753166645765304565e-03 8.685605134814977646e-04 6.091048475354909897e-03 3.490532562136650085e-02 7.857095450162887573e-02 9.309092909097671509e-02 8.767692744731903076e-02 1.095538511872291565e-01 9.529372304677963257e-02 7.769206166267395020e-02 7.828725874423980713e-02 7.168366014957427979e-02 4.242993518710136414e-02 2.427598834037780762e-02 1.791634410619735718e-02 1.221467833966016769e-02 9.879974648356437683e-03 1.083435863256454468e-02 7.124898023903369904e-03 5.812123883515596390e-03 6.222961936146020889e-03 5.133486352860927582e-03 5.603923927992582321e-03 5.788284353911876678e-03 5.928143858909606934e-03 6.698961369693279266e-03 8.306553587317466736e-03 1.331607345491647720e-02 1.470434013754129410e-02 1.803157106041908264e-02 1.687693223357200623e-02 1.134532317519187927e-02 8.869965560734272003e-03 7.170193362981081009e-03 8.760302327573299408e-03
6.237192153930664062e-01 1.860228180885314941e+00 3.108234107494354248e-01 3.582022339105606079e-02 1.654832810163497925e-02 1.814590394496917725e-02 1.154974475502967834e-02 7.091127801686525345e-03 2.383893169462680817e-02 2.621173392981290817e-03 8.067601593211293221e-04 3.078939917031675577e-04 2.001842483878135681e-03 4.188279621303081512e-03 8.266014629043638706e-04 2.095734002068638802e-03 1.432468881830573082e-03 2.481576055288314819e-03 1.574369333684444427e-02 5.972895771265029907e-02 1.134554482996463776e-02 4.545894917100667953e-03 1.076400745660066605e-02 2.475115656852722168e-02 4.845958575606346130e-02 3.649081289768218994e-02 3.167434409260749817e-02 2.403191104531288147e-02 2.069657109677791595e-02 2.039623446762561798e-02 2.346655353903770447e-02 2.389042451977729797e-02 2.879983931779861450e-02 3.516085445880889893e-02 4.135723784565925598e-02 4.400344938039779663e-02 4.991012439131736755e-02 5.090667679905891418e-02 5.643612891435623169e-02 6.309677660465240479e-02 5.985154584050178528e-02 5.633030831813812256e-02 4.715088754892349243e-02 4.019534215331077576e-02 3.009554557502269745e-02 2.654856443405151367e-02 2.064070850610733032e-02 1.479225698858499527e-02 1.048693805932998657e-02 7.910407148301601410e-03 5.455050151795148849e-03 3.035832382738590240e-02 3.087065368890762329e-02 2.702002972364425659e-02 2.685421332716941833e-02 2.794761024415493011e-02 2.872791513800621033e-02 2.969860099256038666e-02 3.100292943418025970e-02 3.334785997867584229e-02 3.468017652630805969e-02 3.339947015047073364e-02 3.330357000231742859e-02 3.419595584273338318e-02 3.307610377669334412e-02 3.181063383817672729e-02 3.169004991650581360e-02 3.090360388159751892e-02 3.100375644862651825e-02 3.423150628805160522e-02 3.853835910558700562e-02 4.232603311538696289e-02 4.501547291874885559e-02 4.682610556483268738e-02 4.303122684359550476e-02 3.722458332777023315e-02 3.624220564961433411e-02 3.680555522441864014e-02 3.458935767412185669e-02 2.805945277214050293e-02 2.031627856194972992e-02 1.287143304944038391e-02 7.451695855706930161e-03 6.937594618648290634e-03
9.951144456863403320e-02 2.276578992605209351e-01 6.099994182586669922e-01 1.481146067380905151e-01 7.048182934522628784e-02 5.143912881612777710e-02 3.523807600140571594e-02 5.836581438779830933e-02 3.222667276859283447e-01 3.952977955341339111e-01 6.868202984333038330e-02 4.706169664859771729e-02 6.441729068756103516e-01 1.025546416640281677e-01 1.170155126601457596e-02 5.913229659199714661e-03 5.371017381548881531e-03 8.675385266542434692e-03 2.201776579022407532e-02 6.547702103853225708e-02 6.230229046195745468e-03 1.165234483778476715e-02 1.369249913841485977e-02 1.803302951157093048e-02 2.265649661421775818e-02 2.578959055244922638e-02 2.831896394491195679e-02 2.676897682249546051e-02 3.163279592990875244e-02 3.276453167200088501e-02 3.403442353010177612e-02 3.340326249599456787e-02 3.930324316024780273e-02 4.039523750543594360e-02 4.433171078562736511e-02 4.289243742823600769e-02 4.101031273603439331e-02 4.053244739770889282e-02 3.636318817734718323e-02 4.261991381645202637e-02 6.412858515977859497e-02 9.200469404458999634e-02 5.849923938512802124e-02 2.219282463192939758e-02 1.491696946322917938e-02 1.567398384213447571e-02 1.568155363202095032e-02 1.741700991988182068e-02 1.995773985981941223e-02 2.176700346171855927e-02 2.179728448390960693e-02 2.353747189044952393e-02 1.369249890558421612e-03 1.526992768049240112e-02 2.515748329460620880e-02 2.228839881718158722e-02 4.265019297599792480e-02 5.929410457611083984e-02 7.011657208204269409e-02 6.602585315704345703e-02 5.781887099146842957e-02 5.437256395816802979e-02 4.389453679323196411e-02 2.950463816523551941e-02 2.418188005685806274e-02 4.492975398898124695e-02 7.110258191823959351e-02 6.550162285566329956e-02 5.270902439951896667e-02 3.511222451925277710e-02 2.551801130175590515e-02 1.470500603318214417e-02 1.299131382256746292e-02 1.400476694107055664e-02 1.611115969717502594e-02 1.735928840935230255e-02 1.567114517092704773e-02 1.511000841856002808e-02 1.435583271086215973e-02 1.433785352855920792e-02 1.532386522740125656e-02 1.616509817540645599e-02 1.535887643694877625e-02 1.168830320239067078e-02
7.563748359680175781e-01 9.394581913948059082e-01 5.641986727714538574e-01 5.960996448993682861e-02 3.237712010741233826e-02 8.670102804899215698e-03 3.220858750864863396e-03 3.659580368548631668e-03 1.193376444280147552e-02 4.943644162267446518e-03 9.322835132479667664e-03 3.434869460761547089e-03 8.916214108467102051e-03 1.303591858595609665e-02 5.764909554272890091e-03 7.551897782832384109e-03 2.201633527874946594e-03 7.592024747282266617e-03 3.393939882516860962e-02 5.237935185432434082e-01 3.547670692205429077e-02 4.448922723531723022e-02 4.017067328095436096e-02 3.336513787508010864e-02 2.886288985610008240e-02 2.633221633732318878e-02 2.549400739371776581e-02 2.452917769551277161e-02 2.751284092664718628e-02 3.522970527410507202e-02 3.673580288887023926e-02 3.193840011954307556e-02 3.211228549480438232e-02 3.078452683985233307e-02 3.114923648536205292e-02 3.099586255848407745e-02 3.486767038702964783e-02 3.403481096029281616e-02 3.433799371123313904e-02 3.690166398882865906e-02 3.633988276124000549e-02 3.762573003768920898e-02 3.660383075475692749e-02 3.539913147687911987e-02 3.347927704453468323e-02 3.401341289281845093e-02 3.210158273577690125e-02 2.907779254019260406e-02 2.082768641412258148e-02 1.497093029320240021e-02 1.197656616568565369e-02 2.226334065198898315e-02 1.930196955800056458e-02 2.581680752336978912e-02 1.479615457355976105e-02 1.448851451277732849e-02 1.859751716256141663e-02 2.209658920764923096e-02 2.360447309911251068e-02 2.428306452929973602e-02 2.407351322472095490e-02 2.482879161834716797e-02 2.561617270112037659e-02 2.670138329267501831e-02 2.729883044958114624e-02 2.967256307601928711e-02 3.215686976909637451e-02 3.441289812326431274e-02 3.709605336189270020e-02 4.091347008943557739e-02 4.560832679271697998e-02 5.135539919137954712e-02 5.946461856365203857e-02 5.672706663608551025e-02 5.177718028426170349e-02 5.044407024979591370e-02 5.004636943340301514e-02 4.798027500510215759e-02 4.637252166867256165e-02 3.461620956659317017e-02 2.074832282960414886e-02 1.075848937034606934e-02 5.245042033493518829e-03 3.100477857515215874e-03
1.806263327598571777e-01 1.330819487571716309e+00 8.155104517936706543e-01 3.668009117245674133e-02 1.356238685548305511e-02 1.417885883711278439e-03 8.219628216465935111e-05 1.027453545248135924e-04 2.630281029269099236e-03 2.876869984902441502e-04 1.417885883711278439e-03 2.774124592542648315e-02 3.855211436748504639e-01 7.294920086860656738e-02 2.689873427152633667e-02 1.469258591532707214e-02 7.171625271439552307e-03 1.465148665010929108e-02 3.335114195942878723e-02 3.388541936874389648e-02 3.945421893149614334e-03 1.163762435317039490e-02 2.059701830148696899e-02 2.766590006649494171e-02 3.329634666442871094e-02 4.298180714249610901e-02 4.822181910276412964e-02 5.579072982072830200e-02 7.322318851947784424e-02 9.086114168167114258e-02 8.986793458461761475e-02 8.364842087030410767e-02 7.593566924333572388e-02 6.077730283141136169e-02 5.056441575288772583e-02 3.635815531015396118e-02 3.379637375473976135e-02 2.694668248295783997e-02 2.219984680414199829e-02 2.111074514687061310e-02 1.672009378671646118e-02 1.583648473024368286e-02 1.399391703307628632e-02 1.131568849086761475e-02 7.349717896431684494e-03 5.603046622127294540e-03 4.260507412254810333e-03 3.041262505576014519e-03 1.924762967973947525e-03 1.301441225223243237e-03 7.534659234806895256e-04 8.473066613078117371e-03 8.856649510562419891e-03 5.240698158740997314e-02 5.118773505091667175e-02 8.468957245349884033e-02 9.473806619644165039e-02 1.311304718255996704e-01 1.170064136385917664e-01 7.683297991752624512e-02 5.094799771904945374e-02 3.384432196617126465e-02 2.867280319333076477e-02 2.660419791936874390e-02 2.552879601716995239e-02 2.319990098476409912e-02 2.215189859271049500e-02 2.002849429845809937e-02 1.863115839660167694e-02 1.745301112532615662e-02 1.652830280363559723e-02 1.604197546839714050e-02 1.594607904553413391e-02 1.449394505470991135e-02 1.538440492004156113e-02 1.738451421260833740e-02 1.310345809906721115e-02 3.883774392306804657e-03 1.726121990941464901e-03 8.699106983840465546e-04 6.781193660572171211e-04 4.109814108232967556e-05 6.849690180388279259e-06 0.000000000000000000e+00
2.479258179664611816e-01 2.412472248077392578e+00 3.134995698928833008e-01 1.438441313803195953e-02 1.278749201446771622e-03 3.121117479167878628e-04 6.060422492737416178e-06 6.060422492737416178e-06 3.939274756703525782e-05 0.000000000000000000e+00 0.000000000000000000e+00 0.000000000000000000e+00 0.000000000000000000e+00 6.060422492737416178e-06 0.000000000000000000e+00 4.848337994189932942e-05 0.000000000000000000e+00 1.272688678000122309e-04 2.318111481145024300e-03 7.575527764856815338e-03 1.444400695618242025e-04 9.565366781316697598e-04 1.640051230788230896e-02 5.093583092093467712e-02 7.762189209461212158e-02 4.057149961590766907e-02 2.726482972502708435e-02 1.626314409077167511e-02 1.726917363703250885e-02 1.201478764414787292e-02 3.220609575510025024e-02 7.017262279987335205e-02 7.587749511003494263e-02 7.582699507474899292e-02 8.605294674634933472e-02 6.373140215873718262e-02 4.437340423464775085e-02 4.089673981070518494e-02 3.000212088227272034e-02 1.375513896346092224e-02 1.125319395214319229e-02 1.202993839979171753e-02 1.378342043608427048e-02 1.786511577665805817e-02 1.953274197876453400e-02 2.738199941813945770e-02 3.431411087512969971e-02 2.936375699937343597e-02 1.938628032803535461e-02 1.008252240717411041e-02 5.327111110091209412e-03 7.342201657593250275e-03 3.737260340130887926e-05 3.921093419194221497e-03 2.987788245081901550e-02 2.683757059276103973e-02 4.591073095798492432e-02 5.117521807551383972e-02 6.128198280930519104e-02 6.809793412685394287e-02 4.119471088051795959e-02 2.574871480464935303e-02 3.822207450866699219e-02 4.116138070821762085e-02 3.322626650333404541e-02 1.539650280028581619e-02 1.179863233119249344e-02 1.352787297219038010e-02 1.745300740003585815e-02 2.382048964500427246e-02 2.851529791951179504e-02 3.494843468070030212e-02 3.719079121947288513e-02 3.476763516664505005e-02 3.611203655600547791e-02 3.827257826924324036e-02 3.876650333404541016e-02 3.675444051623344421e-02 3.977859392762184143e-02 4.229770973324775696e-02 4.907730221748352051e-02 2.618910558521747589e-02 8.329040370881557465e-03 3.111016703769564629e-04
9.150608181953430176e-01 9.503588676452636719e-01 4.413828849792480469e-01 9.045266360044479370e-02 1.327091827988624573e-02 4.521301016211509705e-03 0.000000000000000000e+00 5.992888327455148101e-05 3.622367978096008301e-03 3.995258884970098734e-05 5.759831517934799194e-03 2.596918493509292603e-04 1.145307556726038456e-03 1.391015946865081787e-02 2.867264114320278168e-02 7.471134513616561890e-02 1.475582364946603775e-02 5.915646627545356750e-02 2.421060502529144287e-01 1.407529711723327637e-01 3.608051836490631104e-01 2.742256820201873779e-01 7.990074157714843750e-02 4.858456924557685852e-02 3.540687263011932373e-02 2.836411818861961365e-02 2.106167376041412354e-02 2.143234387040138245e-02 1.976543478667736053e-02 9.728455916047096252e-03 1.642273366451263428e-02 2.632653713226318359e-02 2.302601002156734467e-02 1.526632811874151230e-02 1.132655888795852661e-02 6.516711320728063583e-03 1.072061131708323956e-03 1.886650134110823274e-04 1.087598284357227385e-04 6.658765050815418363e-05 6.214847235241904855e-05 1.109794175135903060e-05 8.878353582986164838e-06 3.773299977183341980e-05 6.658764959865948185e-06 1.997629442485049367e-05 4.439176791493082419e-06 4.439176700543612242e-05 1.553711808810476214e-05 1.553711808810476214e-05 1.997629442485049367e-05 1.575907663209363818e-04 1.331752991973189637e-05 5.327011967892758548e-05 1.997629442485049367e-04 1.005473546683788300e-03 6.234823726117610931e-03 2.291725017130374908e-02 4.332858324050903320e-02 5.266639217734336853e-02 5.366520583629608154e-02 2.209156192839145660e-02 7.557698059827089310e-03 9.553108364343643188e-03 1.362383272498846054e-02 1.257396768778562546e-02 5.484602879732847214e-03 4.010796081274747849e-03 3.553560934960842133e-03 3.684516530483961105e-03 3.378213383257389069e-03 3.875401103869080544e-03 4.290464334189891815e-03 6.163796875625848770e-03 1.096920575946569443e-02 1.384801138192415237e-02 1.913507096469402313e-02 2.235569432377815247e-02 3.091664612293243408e-02 4.565693065524101257e-02 8.370289206504821777e-02 9.698712825775146484e-02 1.181176081299781799e-01 2.783851921558380127e-01
5.342567563056945801e-01 9.409391880035400391e-01 1.010611534118652344e+00 2.482035011053085327e-02 8.338499814271926880e-03 1.164082554168999195e-03 2.506821474526077509e-04 7.967105193529278040e-05 3.219836857169866562e-03 1.629635080462321639e-04 9.987046942114830017e-04 2.325750887393951416e-03 4.165025055408477783e-02 2.326048612594604492e-01 1.611125469207763672e-02 1.860439777374267578e-02 8.441912359558045864e-04 4.513485357165336609e-03 8.347313106060028076e-02 7.503040879964828491e-02 1.031533479690551758e-01 4.337069019675254822e-02 3.357383608818054199e-02 2.710143476724624634e-02 5.256398022174835205e-02 6.800406426191329956e-02 5.420514941215515137e-02 3.603357821702957153e-02 2.853551320731639862e-02 2.733816765248775482e-02 3.708311542868614197e-02 4.074543714523315430e-02 4.916790127754211426e-02 4.625078663229942322e-02 4.747764021158218384e-02 4.759956151247024536e-02 5.321959033608436584e-02 4.736591130495071411e-02 4.063129425048828125e-02 3.349805250763893127e-02 2.279879525303840637e-02 1.739484444260597229e-02 9.541748091578483582e-03 7.071543019264936447e-03 3.979797009378671646e-03 3.373679937794804573e-03 2.641350030899047852e-03 2.126304898411035538e-03 1.434749457985162735e-03 1.319669070653617382e-03 8.129397756420075893e-04 1.058551948517560959e-02 6.647489219903945923e-02 6.301148235797882080e-02 4.281527549028396606e-02 3.783435747027397156e-02 3.414186090230941772e-02 3.358832001686096191e-02 3.244851529598236084e-02 3.132936358451843262e-02 3.077944740653038025e-02 2.956090867519378662e-02 2.754203975200653076e-02 2.552692592144012451e-02 2.492577023804187775e-02 2.613263949751853943e-02 2.853444032371044159e-02 3.038645721971988678e-02 3.286457434296607971e-02 3.671883046627044678e-02 4.206510633230209351e-02 4.531968012452125549e-02 4.510762915015220642e-02 4.284317418932914734e-02 4.081075638532638550e-02 3.708499297499656677e-02 2.953944914042949677e-02 2.258338779211044312e-02 1.725562289357185364e-02 1.293527893722057343e-02 9.491987526416778564e-03 6.867000367492437363e-03 5.938712041825056076e-03 7.541119586676359177e-03
6.592240929603576660e-02 9.190485477447509766e-01 1.624356985092163086e+00 5.504652857780456543e-02 1.810975559055805206e-02 1.046732254326343536e-02 9.397596120834350586e-03 1.101471669971942902e-02 9.131059050559997559e-03 3.685362869873642921e-03 1.047368720173835754e-02 1.204497814178466797e-01 8.586728572845458984e-02 1.291627436876296997e-02 9.210224263370037079e-03 7.205632515251636505e-03 5.196266341954469681e-03 5.780259612947702408e-03 1.077841408550739288e-02 5.941772833466529846e-03 1.418437715619802475e-02 2.338319830596446991e-02 2.398986741900444031e-02 3.863968700170516968e-02 4.999745264649391174e-02 5.921881645917892456e-02 6.754828244447708130e-02 7.407377660274505615e-02 8.240085095167160034e-02 7.384172081947326660e-02 6.013498827815055847e-02 5.021758005023002625e-02 4.364314675331115723e-02 3.515800833702087402e-02 3.054175525903701782e-02 2.942628040909767151e-02 2.820856869220733643e-02 2.353649027645587921e-02 2.002629823982715607e-02 1.919353753328323364e-02 1.785011403262615204e-02 1.848012208938598633e-02 1.935452036559581757e-02 1.968643069267272949e-02 1.748226769268512726e-02 1.443699002265930176e-02 1.175650954246520996e-02 9.321613237261772156e-03 6.978346966207027435e-03 4.865681752562522888e-03 3.128951648250222206e-03 9.293765760958194733e-03 5.882365629076957703e-03 4.544511903077363968e-03 4.861438181251287460e-03 5.634261295199394226e-03 6.789384875446557999e-03 8.500919677317142487e-03 1.099853776395320892e-02 1.362345740199089050e-02 1.576052233576774597e-02 1.997206360101699829e-02 2.695770375430583954e-02 3.559852018952369690e-02 4.724045842885971069e-02 6.017569825053215027e-02 7.608831673860549927e-02 1.017063111066818237e-01 1.017374694347381592e-01 8.277453482151031494e-02 6.624914705753326416e-02 5.426336079835891724e-02 4.543397948145866394e-02 4.694435372948646545e-02 4.641618579626083374e-02 2.691951207816600800e-02 1.442346442490816116e-02 9.989280253648757935e-03 7.674656808376312256e-03 6.239073351025581360e-03 6.093472708016633987e-03 7.493120618164539337e-03 9.052556939423084259e-03 2.396135590970516205e-02
4.500308632850646973e-01 2.300262928009033203e+00 9.630228579044342041e-02 8.466474711894989014e-03 2.028923016041517258e-03 1.697784871794283390e-03 1.248783897608518600e-03 1.490121940150856972e-03 3.996108658611774445e-03 1.397515530698001385e-03 4.377759527415037155e-03 4.992329515516757965e-03 2.444249112159013748e-03 5.511486902832984924e-03 1.380678033456206322e-03 6.774302572011947632e-03 1.666916068643331528e-03 9.395345114171504974e-03 4.243339970707893372e-02 5.410180985927581787e-02 6.083962973207235336e-03 2.516276203095912933e-03 7.658272981643676758e-03 3.034591861069202423e-02 1.393942236900329590e-01 1.715127527713775635e-01 2.867432534694671631e-01 2.027940899133682251e-01 7.851249724626541138e-02 2.454725652933120728e-02 1.002020481973886490e-02 4.760345909744501114e-03 4.620032850652933121e-03 2.221619477495551109e-03 1.998054329305887222e-03 7.885579834692180157e-04 3.919404465705156326e-03 1.581792952492833138e-03 9.990271646529436111e-04 2.133690053597092628e-03 4.639676772058010101e-04 2.689328743144869804e-03 9.831250645220279694e-04 1.495734439231455326e-03 3.994237922597676516e-04 5.771533469669520855e-04 7.670433260500431061e-04 6.875327671878039837e-04 3.236548800487071276e-04 2.965277235489338636e-04 8.605852053733542562e-05 8.079211227595806122e-03 2.232563868165016174e-02 1.341390423476696014e-02 1.504340302199125290e-02 2.052963338792324066e-02 2.385037019848823547e-02 4.167851433157920837e-02 7.836470007896423340e-02 8.700703084468841553e-02 7.132661342620849609e-02 5.804834142327308655e-02 5.905111134052276611e-02 6.290316581726074219e-02 5.987428128719329834e-02 5.573598667979240417e-02 5.141528695821762085e-02 4.961928352713584900e-02 4.643792659044265747e-02 4.390387609601020813e-02 4.044189304113388062e-02 3.254134580492973328e-02 2.188692614436149597e-02 1.634924858808517456e-02 1.271046884357929230e-02 7.800456602126359940e-03 4.286088515073060989e-03 1.790391397662460804e-03 8.166205370798707008e-04 5.275761359371244907e-04 2.450796891935169697e-04 6.922098691575229168e-05 3.741674845514353365e-06 1.870837422757176682e-06
2.307152599096298218e-01 1.559522628784179688e+00 2.091095447540283203e-01 8.784540742635726929e-02 8.785117417573928833e-02 7.349936664104461670e-02 7.391265034675598145e-02 1.185588687658309937e-01 1.311854720115661621e-01 1.043901145458221436e-01 1.596235483884811401e-01 6.791877001523971558e-02 2.162157371640205383e-02 2.038748562335968018e-02 1.000493671745061874e-02 7.420018315315246582e-03 4.765919875353574753e-03 6.493281573057174683e-03 1.093059219419956207e-02 1.424335129559040070e-02 4.257151391357183456e-03 1.144008059054613113e-02 2.135133557021617889e-02 3.084329888224601746e-02 4.084547236561775208e-02 4.658581316471099854e-02 5.192559584975242615e-02 5.594265833497047424e-02 5.994518473744392395e-02 5.834117159247398376e-02 5.612509697675704956e-02 5.025420337915420532e-02 4.414670169353485107e-02 3.661294281482696533e-02 3.357739001512527466e-02 3.292881697416305542e-02 3.771491348743438721e-02 4.052395001053810120e-02 4.353320226073265076e-02 4.372885450720787048e-02 3.866110742092132568e-02 3.482504934072494507e-02 2.888977713882923126e-02 2.447949163615703583e-02 1.621825061738491058e-02 1.307147834450006485e-02 1.003135927021503448e-02 7.456170395016670227e-03 5.142931826412677765e-03 3.645212156698107719e-03 2.255467465147376060e-03 1.469987351447343826e-02 1.271236222237348557e-02 1.522149331867694855e-02 1.989324949681758881e-02 2.712638303637504578e-02 3.397289663553237915e-02 3.602418303489685059e-02 3.657318651676177979e-02 3.647458180785179138e-02 3.780703619122505188e-02 3.888835012912750244e-02 3.956766799092292786e-02 4.171299934387207031e-02 4.358292371034622192e-02 4.455626383423805237e-02 4.542270675301551819e-02 4.746534675359725952e-02 5.141346529126167297e-02 5.235040932893753052e-02 5.514419451355934143e-02 5.724015831947326660e-02 5.235665664076805115e-02 4.086649045348167419e-02 3.342401236295700073e-02 2.847985737025737762e-02 2.262457646429538727e-02 1.624875888228416443e-02 1.182237826287746429e-02 6.333180703222751617e-03 4.097650758922100067e-03 2.677039010450243950e-03 2.787296194583177567e-03 5.132242571562528610e-03
5.409752726554870605e-01 5.348861813545227051e-01 7.854402810335159302e-02 2.004048228263854980e-01 1.132555007934570312e+00 1.279206387698650360e-02 9.104374330490827560e-04 0.000000000000000000e+00 0.000000000000000000e+00 0.000000000000000000e+00 0.000000000000000000e+00 0.000000000000000000e+00 0.000000000000000000e+00 0.000000000000000000e+00 0.000000000000000000e+00 3.341054980410262942e-05 1.728452891111373901e-01 2.586435675621032715e-01 1.711037755012512207e-02 5.029958486557006836e-02 1.670527490205131471e-05 2.679108455777168274e-02 1.395753473043441772e-01 1.980925351381301880e-01 7.109207659959793091e-02 6.273943930864334106e-02 1.176009550690650940e-01 1.047281473875045776e-01 9.343677759170532227e-02 7.473800331354141235e-02 4.113116860389709473e-02 4.495111107826232910e-02 2.234748005867004395e-02 1.709506381303071976e-03 1.392106241837609559e-06 1.392106241837609559e-06 0.000000000000000000e+00 2.784212483675219119e-06 1.392106241837609559e-06 2.784212483675219119e-06 1.392106241837609559e-06 1.392106241837609559e-06 0.000000000000000000e+00 1.392106241837609559e-06 1.392106241837609559e-06 0.000000000000000000e+00 0.000000000000000000e+00 0.000000000000000000e+00 0.000000000000000000e+00 1.392106241837609559e-06 0.000000000000000000e+00 1.032942789606750011e-03 8.450084715150296688e-04 1.893264416139572859e-04 5.568424967350438237e-06 6.960531209188047796e-06 5.568424967350438237e-06 4.176318725512828678e-06 2.784212483675219119e-06 5.429214070318266749e-05 1.777997985482215881e-02 1.102603822946548462e-01 2.291601747274398804e-01 1.836160272359848022e-01 1.263378113508224487e-01 9.222842752933502197e-02 6.363873928785324097e-02 4.884204640984535217e-02 3.860867395997047424e-02 3.279245272278785706e-02 2.803841046988964081e-02 9.257506579160690308e-03 7.630134001374244690e-03 6.001370027661323547e-03 3.158689010888338089e-03 1.272385125048458576e-03 2.310896234121173620e-04 2.923423016909509897e-05 2.784212483675219119e-06 0.000000000000000000e+00 0.000000000000000000e+00 0.000000000000000000e+00 0.000000000000000000e+00 0.000000000000000000e+00
1.929158344864845276e-02 2.905323028564453125e+00 7.022736221551895142e-02 1.075673266313970089e-03 3.879477444570511580e-04 1.058039342751726508e-04 5.290196713758632541e-05 0.000000000000000000e+00 1.763398904586210847e-04 0.000000000000000000e+00 8.816994522931054235e-06 8.816994522931054235e-06 1.939738722285255790e-04 4.496666952036321163e-04 1.763398904586210847e-04 2.645098429638892412e-04 4.408497261465527117e-05 2.027908631134778261e-04 1.304915174841880798e-03 7.053595618344843388e-04 3.614967863541096449e-04 5.143246962688863277e-04 6.736183539032936096e-03 2.621439397335052490e-01 2.515929341316223145e-01 2.462939172983169556e-01 1.214981824159622192e-01 4.933990165591239929e-02 1.160904299467802048e-02 4.802322946488857269e-03 6.504002958536148071e-03 8.484887890517711639e-03 7.415092550218105316e-03 5.046259611845016479e-03 2.680366393178701401e-03 1.563547062687575817e-03 1.545913051813840866e-03 1.137392246164381504e-03 8.934554643929004669e-04 8.816994377411901951e-04 5.143246962688863277e-04 6.524575874209403992e-04 4.878736799582839012e-04 6.201285868883132935e-04 3.115338040515780449e-04 2.821438247337937355e-04 4.055817553307861090e-04 3.644357784651219845e-04 2.116078685503453016e-04 2.703878271859139204e-04 1.293159148190170527e-04 4.705335944890975952e-03 4.120475612580776215e-03 3.365152981132268906e-03 2.689183223992586136e-03 2.897852100431919098e-03 3.179996041581034660e-03 3.326945938169956207e-03 3.332823980599641800e-03 4.229218233376741409e-03 6.871377583593130112e-03 8.384961634874343872e-03 7.750138174742460251e-03 5.516499746590852737e-03 4.449643194675445557e-03 5.122673697769641876e-03 6.756756920367479324e-03 8.602447807788848877e-03 1.542386226356029510e-02 5.223775282502174377e-02 5.815101787447929382e-02 6.129574403166770935e-02 3.016587719321250916e-02 7.197900116443634033e-02 1.058274433016777039e-01 1.354143470525741577e-01 2.530242204666137695e-01 1.285782307386398315e-01 4.996296949684619904e-03 2.221882576122879982e-03 8.816994522931054235e-05 0.000000000000000000e+00 0.000000000000000000e+00 0.000000000000000000e+00
1.195491403341293335e-01 1.377829432487487793e+00 5.802109241485595703e-01 1.019406765699386597e-01 6.712918728590011597e-02 4.234230518341064453e-02 1.991077139973640442e-02 3.738349303603172302e-02 6.570608913898468018e-02 4.497544094920158386e-02 9.152950346469879150e-02 1.039948612451553345e-01 1.527712196111679077e-01 8.563034236431121826e-02 3.791209682822227478e-02 1.761026307940483093e-02 3.865645732730627060e-03 6.448436528444290161e-03 2.803851664066314697e-02 1.522165536880493164e-02 1.417487412691116333e-01 9.809809923171997070e-02 3.903403133153915405e-02 2.332632429897785187e-02 1.798304356634616852e-02 3.566312789916992188e-02 1.705010533332824707e-01 1.716361641883850098e-01 8.381828665733337402e-02 6.267680227756500244e-02 3.280974179506301880e-02 1.377847976982593536e-02 1.132274605333805084e-02 8.285666815936565399e-03 6.979138590395450592e-03 5.203938111662864685e-03 8.303946815431118011e-03 6.209006067365407944e-03 5.510193295776844025e-03 7.633901201188564301e-03 5.212028976529836655e-03 6.746600847691297531e-03 4.494936671108007431e-03 4.566256422549486160e-03 1.984964124858379364e-03 2.414979739114642143e-03 2.648716559633612633e-03 2.167158992961049080e-03 1.480032922700047493e-03 1.308326260186731815e-03 5.196147249080240726e-04 1.593395136296749115e-02 2.465742640197277069e-02 2.523577399551868439e-02 1.952900178730487823e-02 1.734656095504760742e-02 1.786287873983383179e-02 2.081335522234439850e-02 3.705236315727233887e-02 4.700295627117156982e-02 3.504192829132080078e-02 3.267579525709152222e-02 3.453969582915306091e-02 2.588783949613571167e-02 3.263084590435028076e-02 4.091261699795722961e-02 7.082942128181457520e-02 8.887359499931335449e-02 8.072426915168762207e-02 6.477593630552291870e-02 1.903665624558925629e-02 1.213213428854942322e-02 1.441616192460060120e-02 1.562679745256900787e-02 1.857577636837959290e-02 2.016518637537956238e-02 1.776578836143016815e-02 1.863211207091808319e-02 2.183790132403373718e-02 1.980049721896648407e-02 2.248067781329154968e-02 2.433259226381778717e-02 2.332093194127082825e-02 3.548453003168106079e-02
8.776369094848632812e-01 5.863510966300964355e-01 7.611925601959228516e-01 3.797838091850280762e-01 9.702111035585403442e-02 3.461848571896553040e-02 9.659796953201293945e-03 1.940345973707735538e-03 1.570228254422545433e-03 6.775095826014876366e-04 1.809349283576011658e-03 4.508332535624504089e-02 3.738917410373687744e-02 1.232478208839893341e-02 1.359143201261758804e-02 1.095798145979642868e-02 7.162194699048995972e-03 7.906589657068252563e-03 1.465465407818555832e-02 9.866861253976821899e-02 2.536300104111433029e-03 2.089478773996233940e-03 3.142651170492172241e-03 8.514672517776489258e-03 1.309932768344879150e-02 1.058208756148815155e-02 9.057373739778995514e-03 9.433497674763202667e-03 1.312312390655279160e-02 1.880184374749660492e-02 2.820322848856449127e-02 3.543092310428619385e-02 4.512491077184677124e-02 5.141379311680793762e-02 5.886362865567207336e-02 6.324116140604019165e-02 6.976824253797531128e-02 7.149233669042587280e-02 7.260615378618240356e-02 6.550530344247817993e-02 5.914964899420738220e-02 5.280623957514762878e-02 5.684011057019233704e-02 6.115584075450897217e-02 4.526145383715629578e-02 2.948570251464843750e-02 1.837905123829841614e-02 8.708741515874862671e-03 4.361012950539588928e-03 3.050468163564801216e-03 1.697643776424229145e-03 7.074054796248674393e-03 8.632847107946872711e-03 9.048363193869590759e-03 1.091188937425613403e-02 1.206128764897584915e-02 1.349208690226078033e-02 1.583142951130867004e-02 1.857773959636688232e-02 2.342623658478260040e-02 2.911223471164703369e-02 3.645787015557289124e-02 4.076794162392616272e-02 4.246639460325241089e-02 4.206335172057151794e-02 4.203343391418457031e-02 4.274605959653854370e-02 5.064860731363296509e-02 6.783320754766464233e-02 8.209117501974105835e-02 8.243194967508316040e-02 6.711573153734207153e-02 4.967791587114334106e-02 3.848312422633171082e-02 3.576026111841201782e-02 3.264521807432174683e-02 3.033787384629249573e-02 2.574270777404308319e-02 2.151373028755187988e-02 1.324487943202257156e-02 5.925927311182022095e-03 2.957823220640420914e-03 1.520324614830315113e-03 4.440373741090297699e-03
1.121565923094749451e-01 1.600255966186523438e+00 6.430776715278625488e-01 8.926586806774139404e-02 5.681166052818298340e-02 3.016140125691890717e-02 1.252556405961513519e-02 1.175251789391040802e-02 5.288690328598022461e-02 2.369085699319839478e-02 5.799068883061408997e-02 5.811126530170440674e-02 1.102274134755134583e-01 4.912278801202774048e-02 1.180135831236839294e-02 6.520146504044532776e-03 1.546092797070741653e-03 5.594475194811820984e-03 2.028731629252433777e-02 4.621336981654167175e-02 1.116135064512491226e-02 1.071454025804996490e-02 5.190692469477653503e-02 7.835164666175842285e-02 1.022845432162284851e-01 8.969220519065856934e-02 6.983834505081176758e-02 4.553380608558654785e-02 4.626030102372169495e-02 6.277294456958770752e-02 6.737866252660751343e-02 4.415522143244743347e-02 4.105756431818008423e-02 3.947038948535919189e-02 3.873015940189361572e-02 3.285917639732360840e-02 3.308391943573951721e-02 2.706705406308174133e-02 2.168065682053565979e-02 2.000216208398342133e-02 1.391254551708698273e-02 1.195309311151504517e-02 8.533271960914134979e-03 6.256613880395889282e-03 3.478708676993846893e-03 2.713929628953337669e-03 3.260581986978650093e-03 1.712581375613808632e-03 1.132224220782518387e-03 8.583893068134784698e-04 5.870980676263570786e-04 1.159938424825668335e-02 2.420113421976566315e-02 3.469487652182579041e-02 3.662762045860290527e-02 3.818185254931449890e-02 3.410141915082931519e-02 2.867661230266094208e-02 2.469691261649131775e-02 2.282928861677646637e-02 2.244709059596061707e-02 2.259157598018646240e-02 2.265211567282676697e-02 2.291094325482845306e-02 2.331336401402950287e-02 2.349308133125305176e-02 2.446708455681800842e-02 2.711602114140987396e-02 3.112942539155483246e-02 3.674183413386344910e-02 3.733236715197563171e-02 3.561253473162651062e-02 3.295647725462913513e-02 3.157331049442291260e-02 3.325129672884941101e-02 5.226254090666770935e-02 7.984114438295364380e-02 9.375254064798355103e-02 4.088344424962997437e-02 2.136701345443725586e-02 1.497875992208719254e-02 2.032165788114070892e-02 3.450981806963682175e-03 1.543676247820258141e-03
8.043155819177627563e-02 2.062205791473388672e+00 7.191840410232543945e-01 9.065001457929611206e-02 4.467047750949859619e-02 4.728154744952917099e-04 1.411389439454069361e-05 7.056947197270346805e-06 4.939862992614507675e-05 0.000000000000000000e+00 0.000000000000000000e+00 0.000000000000000000e+00 0.000000000000000000e+00 1.058542056853184476e-05 0.000000000000000000e+00 4.939862992614507675e-05 7.056947197270346805e-06 3.528473826008848846e-05 1.513715134933590889e-03 6.986377993598580360e-04 3.966004122048616409e-03 1.985236816108226776e-02 5.613213405013084412e-02 6.025927141308784485e-02 8.442578464746475220e-02 9.870904684066772461e-02 8.277211338281631470e-02 5.813983455300331116e-02 5.475250259041786194e-02 3.830157965421676636e-02 3.025430813431739807e-02 2.063569054007530212e-02 1.774586923420429230e-02 1.435618288815021515e-02 1.171688456088304520e-02 8.678869344294071198e-03 7.964940741658210754e-03 8.050800301134586334e-03 9.439842775464057922e-03 1.411859877407550812e-02 1.955715380609035492e-02 2.434058673679828644e-02 2.876882068812847137e-02 3.135284036397933960e-02 3.293241932988166809e-02 3.281950950622558594e-02 2.990498952567577362e-02 2.801372855901718140e-02 2.599897049367427826e-02 2.095913328230381012e-02 1.263899262994527817e-02 1.244022138416767120e-02 1.152634722529910505e-04 2.914519282057881355e-03 4.010698199272155762e-02 5.734593048691749573e-02 8.147127926349639893e-02 9.156388789415359497e-02 5.965237319469451904e-02 4.810838401317596436e-02 5.000200122594833374e-02 2.933690510690212250e-02 2.152839303016662598e-02 2.127199061214923859e-02 2.327146008610725403e-02 2.594839408993721008e-02 2.929221093654632568e-02 3.406270965933799744e-02 3.558583185076713562e-02 3.715482726693153381e-02 3.915547206997871399e-02 4.078680276870727539e-02 4.052569717168807983e-02 3.816749900579452515e-02 3.385217487812042236e-02 2.980854548513889313e-02 2.452289126813411713e-02 1.842921786010265350e-02 1.331293117254972458e-02 9.208139963448047638e-03 6.687633693218231201e-03 5.891374778002500534e-03 4.670523107051849365e-03 6.247750483453273773e-03
4.703783988952636719e-01 1.476704835891723633e+00 6.129524111747741699e-01 9.147874079644680023e-03 1.186107634566724300e-03 4.203554126434028149e-04 1.175819270429201424e-04 2.204661086580017582e-06 5.735793150961399078e-03 1.433029829058796167e-04 7.907384424470365047e-04 5.023320391774177551e-02 1.528432816267013550e-01 2.173575386404991150e-02 4.395873844623565674e-02 4.095525480806827545e-03 1.345872133970260620e-02 5.031771957874298096e-03 4.160710051655769348e-02 8.945633471012115479e-02 7.191947847604751587e-02 1.458897721022367477e-02 2.668276801705360413e-02 4.443470016121864319e-02 3.669976815581321716e-02 4.475462064146995544e-02 3.866657242178916931e-02 4.738992452621459961e-02 7.973156869411468506e-02 5.698559060692787170e-02 4.136826097965240479e-02 4.541479423642158508e-02 5.322468280792236328e-02 5.611377209424972534e-02 5.281192436814308167e-02 4.511569440364837646e-02 3.952565416693687439e-02 3.375066816806793213e-02 2.468755096197128296e-02 2.041246742010116577e-02 1.859166286885738373e-02 1.822666823863983154e-02 1.743886992335319519e-02 1.828986965119838715e-02 1.659840345382690430e-02 1.278409548103809357e-02 8.465654216706752777e-03 5.142249632626771927e-03 3.255059709772467613e-03 2.037841826677322388e-03 1.290706568397581577e-03 3.599476767703890800e-03 2.612670511007308960e-02 3.415877372026443481e-02 4.665822535753250122e-02 3.994747996330261230e-02 3.134268894791603088e-02 3.099043108522891998e-02 3.927089273929595947e-02 6.142259389162063599e-02 8.241219073534011841e-02 6.996345520019531250e-02 6.907375156879425049e-02 7.341153919696807861e-02 7.325966656208038330e-02 6.932875514030456543e-02 5.645916610956192017e-02 2.924066595733165741e-02 2.181708253920078278e-02 1.970942504703998566e-02 1.831240579485893250e-02 1.599481701850891113e-02 1.117199752479791641e-02 9.556226432323455811e-03 9.336004965007305145e-03 9.897948242723941803e-03 1.150710601359605789e-02 1.004247646778821945e-02 8.521750569343566895e-03 1.405961439013481140e-02 4.082297440618276596e-03 1.335044857114553452e-03 9.107700316235423088e-04 6.780558032914996147e-04
4.838729500770568848e-01 1.223400592803955078e+00 1.128456965088844299e-01 1.369287371635437012e-01 8.013626560568809509e-03 3.245926275849342346e-02 1.096216947189532220e-04 6.717842188663780689e-04 1.621501594781875610e-01 3.097515553236007690e-03 2.664931491017341614e-02 2.557277381420135498e-01 3.378062844276428223e-01 4.755333065986633301e-02 5.363030731678009033e-02 6.743139587342739105e-03 1.023135846480727196e-03 3.429191187024116516e-03 2.561774849891662598e-02 7.826988399028778076e-02 5.604385584592819214e-02 5.518843233585357666e-02 8.466448634862899780e-02 5.896428972482681274e-02 8.555270731449127197e-02 7.776862382888793945e-02 5.106497183442115784e-02 3.570200502872467041e-02 5.408940464258193970e-02 5.003996193408966064e-02 3.905530646443367004e-02 3.677011281251907349e-02 5.607477575540542603e-02 6.997705250978469849e-02 5.558475852012634277e-02 3.621825948357582092e-02 2.125630155205726624e-02 1.468930672854185104e-02 1.151871029287576675e-02 8.627320639789104462e-03 8.139176294207572937e-03 7.920869626104831696e-03 5.555102601647377014e-03 5.430489778518676758e-03 5.271210800856351852e-03 3.912650980055332184e-03 2.358271740376949310e-03 1.124325091950595379e-03 6.745950086042284966e-04 3.907029458787292242e-04 2.098740078508853912e-04 1.620901894057169557e-04 1.873875135061098263e-06 4.347390204202383757e-04 2.609839476644992828e-02 1.805581748485565186e-01 2.064635604619979858e-01 8.697123080492019653e-02 6.916379183530807495e-02 7.885734736919403076e-02 3.629883378744125366e-02 1.936462521553039551e-02 1.772779598832130432e-02 2.696881070733070374e-02 3.070063330233097076e-02 2.520361915230751038e-02 2.320981770753860474e-02 1.098184473812580109e-02 1.044966466724872589e-02 1.139316055923700333e-02 1.075135823339223862e-02 1.099589932709932327e-02 1.086847577244043350e-02 1.034004241228103638e-02 1.195251196622848511e-02 1.144094392657279968e-02 1.256807986646890640e-02 1.336072944104671478e-02 1.108678150922060013e-02 1.053211465477943420e-02 7.196617312729358673e-03 5.541048478335142136e-03 4.513228312134742737e-03 8.004257455468177795e-03
4.195367097854614258e-01 1.891067147254943848e+00 3.399083763360977173e-02 5.401350557804107666e-03 3.777031321078538895e-03 4.755536559969186783e-03 8.043315261602401733e-03 1.336932182312011719e-01 3.898121044039726257e-02 1.285511534661054611e-02 3.038748912513256073e-02 2.613416910171508789e-01 1.244658976793289185e-01 1.649760268628597260e-02 6.661175750195980072e-03 1.042108284309506416e-03 7.828044181223958731e-05 3.008904459420591593e-04 2.756939269602298737e-03 4.366580862551927567e-03 1.728693023324012756e-03 1.361753529636189342e-04 4.411428817547857761e-04 7.713885279372334480e-04 1.281026750802993774e-03 2.018983010202646255e-03 2.301118802279233932e-03 2.098894212394952774e-03 2.373691182583570480e-03 2.517205430194735527e-03 2.553899306803941727e-03 2.680289559066295624e-03 6.202093791216611862e-03 8.915000595152378082e-03 1.426416356116533279e-02 9.568968787789344788e-03 1.735461130738258362e-02 1.534785889089107513e-02 1.629048585891723633e-02 2.402149513363838196e-02 2.443491294980049133e-02 1.857366599142551422e-02 1.183828525245189667e-02 1.726817525923252106e-02 2.310169860720634460e-02 2.406471222639083862e-02 3.158941864967346191e-02 6.921621412038803101e-02 1.055448651313781738e-01 1.241274997591972351e-01 1.569270044565200806e-01 2.604463696479797363e-01 9.611370041966438293e-03 3.144019842147827148e-02 3.138556331396102905e-02 2.419028617441654205e-02 2.020450681447982788e-02 1.695994660258293152e-02 1.610864698886871338e-02 1.503636781126260757e-02 1.349766831845045090e-02 1.600182615220546722e-02 1.872207224369049072e-02 1.988078467547893524e-02 2.570533938705921173e-02 3.839900344610214233e-02 5.233291909098625183e-02 7.650526612997055054e-02 7.835219800472259521e-02 7.038716226816177368e-02 6.657343357801437378e-02 4.791252315044403076e-02 4.709547013044357300e-02 4.593430832028388977e-02 4.619198292493820190e-02 2.951009571552276611e-02 2.478636056184768677e-02 3.093626722693443298e-02 3.716526925563812256e-02 2.838073670864105225e-02 1.432858221232891083e-02 6.277112755924463272e-03 1.842852070694789290e-04 2.446263806632487103e-06
8.001216650009155273e-01 1.585350513458251953e+00 3.572943210601806641e-01 1.673979759216308594e-01 2.069748006761074066e-02 5.773235112428665161e-03 1.292515371460467577e-04 4.595610516844317317e-05 1.441872678697109222e-03 2.010579373745713383e-05 1.005289814202114940e-04 4.882835492026060820e-05 3.044591867364943027e-04 1.286770799197256565e-03 2.613753313198685646e-04 4.854113212786614895e-04 1.665908785071223974e-04 6.462577148340642452e-04 1.705833151936531067e-02 4.136911034584045410e-02 2.025993913412094116e-02 1.124871335923671722e-02 9.313578903675079346e-02 1.505837887525558472e-01 8.195217698812484741e-02 5.497020110487937927e-02 4.896910116076469421e-02 4.591684788465499878e-02 7.730199396610260010e-02 6.871011853218078613e-02 6.855214387178421021e-02 5.410852283239364624e-02 6.097130104899406433e-02 3.903587907552719116e-02 2.387802489101886749e-02 1.064362470060586929e-02 2.218339405953884125e-02 1.270207483321428299e-02 6.228966638445854187e-03 9.171114303171634674e-03 3.131716977804899216e-03 6.673208903521299362e-03 4.783264361321926117e-03 3.977117594331502914e-03 1.821968005970120430e-03 2.082385821267962456e-03 2.990976441651582718e-03 1.557720359414815903e-03 1.150817377492785454e-03 7.400847389362752438e-04 1.321237941738218069e-04 1.043490786105394363e-02 5.494913831353187561e-02 9.765671938657760620e-02 1.065779477357864380e-01 1.080638617277145386e-01 7.233490794897079468e-02 8.442327380180358887e-02 4.555015638470649719e-02 2.582637220621109009e-02 2.329017035663127899e-02 2.248881012201309204e-02 2.095694094896316528e-02 1.787117868661880493e-02 1.695301383733749390e-02 1.665334217250347137e-02 1.464084815233945847e-02 1.412479951977729797e-02 1.428660377860069275e-02 1.426458265632390976e-02 1.230283174663782120e-02 1.424160506576299667e-02 1.618037745356559753e-02 1.848009787499904633e-02 2.286411821842193604e-02 2.530936524271965027e-02 2.871203236281871796e-02 3.269298002123832703e-02 2.574211917817592621e-02 1.135019958019256592e-02 8.190717548131942749e-03 7.283085025846958160e-03 3.672658465802669525e-03 2.065152395516633987e-03
3.910532593727111816e-01 1.926017522811889648e+00 1.493466794490814209e-01 3.568128496408462524e-02 6.827044766396284103e-03 4.141150973737239838e-03 6.332400953397154808e-04 5.711108678951859474e-04 2.060778439044952393e-02 2.004862064495682716e-03 2.506436035037040710e-02 1.348849236965179443e-01 1.153118163347244263e-01 3.671120107173919678e-02 1.909517496824264526e-02 1.853123307228088379e-02 3.961931914091110229e-03 1.127406302839517593e-02 5.381106957793235779e-02 4.447018355131149292e-02 3.038278035819530487e-02 5.196073278784751892e-02 4.445345327258110046e-02 3.824371844530105591e-02 3.231913968920707703e-02 3.076272457838058472e-02 3.265368193387985229e-02 2.894982509315013885e-02 3.063607588410377502e-02 3.518027067184448242e-02 4.470276832580566406e-02 4.667736217379570007e-02 5.399028956890106201e-02 6.678731739521026611e-02 7.270392775535583496e-02 6.213080883026123047e-02 5.182771384716033936e-02 4.352071881294250488e-02 4.580356925725936890e-02 4.742211475968360901e-02 3.367403522133827209e-02 2.437695488333702087e-02 1.305828709155321121e-02 7.876869291067123413e-03 4.619068466126918793e-03 4.208059515804052353e-03 3.268155967816710472e-03 2.618985483422875404e-03 1.949901576153934002e-03 1.727670081891119480e-03 1.139832194894552231e-03 1.037318911403417587e-02 7.577374577522277832e-03 1.557213068008422852e-02 2.145290002226829529e-02 2.557174861431121826e-02 2.952412143349647522e-02 3.520337119698524475e-02 4.495447129011154175e-02 5.630499869585037231e-02 6.568253040313720703e-02 6.833337247371673584e-02 5.905302241444587708e-02 4.807367548346519470e-02 3.917008265852928162e-02 3.634718433022499084e-02 4.277915135025978088e-02 4.370232671499252319e-02 4.830785468220710754e-02 5.202445760369300842e-02 5.783672258257865906e-02 5.377203971147537231e-02 4.529697820544242859e-02 3.564384952187538147e-02 2.280938811600208282e-02 1.136725675314664841e-02 8.194684050977230072e-03 6.785625591874122620e-03 4.915376659482717514e-03 3.229126101359724998e-03 2.490744227543473244e-03 2.043891930952668190e-03 1.830422319471836090e-03 4.149116575717926025e-03
1.421228609979152679e-02 3.315769834443926811e-03 2.933503985404968262e-01 2.364389181137084961e+00 3.863339871168136597e-02 1.445120293647050858e-02 4.358606878668069839e-03 5.065669305622577667e-03 1.699211075901985168e-02 5.840533412992954254e-03 1.712771132588386536e-02 1.075930148363113403e-01 9.954734891653060913e-02 1.041868515312671661e-02 2.124417340382933617e-03 4.842896596528589725e-04 9.685792974778451025e-06 1.614298707863781601e-05 1.856443705037236214e-03 2.130874490831047297e-04 4.271434620022773743e-03 1.312962995143607259e-04 4.014222940895706415e-04 2.774441614747047424e-03 6.747769191861152649e-03 5.929857492446899414e-03 5.885733291506767273e-03 4.739581141620874405e-03 8.395429700613021851e-03 7.027580868452787399e-03 9.981747716665267944e-03 9.556649252772331238e-03 1.598048210144042969e-02 3.261959925293922424e-02 1.195700392127037048e-01 9.930843114852905273e-02 1.240039765834808350e-01 1.290126144886016846e-01 1.403245329856872559e-01 1.424263566732406616e-01 8.400811254978179932e-02 3.010021522641181946e-02 7.955264300107955933e-03 2.760451054200530052e-03 1.550803077407181263e-03 1.043913187459111214e-03 5.068898317404091358e-04 3.196311590727418661e-04 2.034016506513580680e-04 2.023254492087289691e-04 1.528202847111970186e-04 2.107198117300868034e-03 2.199751092121005058e-03 3.272506594657897949e-02 2.346221916377544403e-02 2.023577317595481873e-02 1.644109562039375305e-02 1.164017058908939362e-02 7.501108571887016296e-03 5.958915222436189651e-03 5.249699577689170837e-03 5.582245066761970520e-03 3.858174197375774384e-03 4.585684742778539658e-03 3.570829052478075027e-03 4.100318998098373413e-03 2.003237232565879822e-02 5.541457235813140869e-02 9.921265393495559692e-02 9.125738590955734253e-02 1.024100407958030701e-01 9.893714636564254761e-02 7.243897020816802979e-02 6.392946094274520874e-02 6.693743914365768433e-02 6.632077693939208984e-02 6.069117784500122070e-02 4.257551580667495728e-02 1.248929183930158615e-02 2.378400240559130907e-04 2.152398337784688920e-06 2.152398337784688920e-06 0.000000000000000000e+00 0.000000000000000000e+00
2.323517110198736191e-03 3.891734480857849121e-01 2.593326568603515625e+00 1.358715724200010300e-02 4.960046499036252499e-04 1.252050569746643305e-04 2.648568624863401055e-05 1.926231743709649891e-05 1.565063284942880273e-04 3.852463487419299781e-05 9.390379273099824786e-05 2.167010825360193849e-05 8.186484774341806769e-05 1.083505339920520782e-04 3.130126424366608262e-05 5.778695049230009317e-05 5.537916149478405714e-05 1.926231743709649891e-05 1.974387560039758682e-04 6.019473948981612921e-05 1.195066259242594242e-03 2.744077704846858978e-02 3.870521858334541321e-02 2.355059050023555756e-02 2.207300998270511627e-02 2.575291506946086884e-02 2.430262416601181030e-02 1.855522952973842621e-02 1.272918190807104111e-02 1.893004216253757477e-02 1.573811657726764679e-02 1.082542259246110916e-02 1.079331897199153900e-02 1.212723366916179657e-02 1.381429191678762436e-02 1.543874759227037430e-02 2.410518564283847809e-02 3.374998643994331360e-02 4.688688740134239197e-02 6.668774783611297607e-02 9.118941426277160645e-02 1.133057698607444763e-01 1.150177046656608582e-01 9.150804579257965088e-02 5.514400079846382141e-02 3.126675263047218323e-02 1.772293634712696075e-02 8.955372497439384460e-03 4.399031866341829300e-03 2.559480490162968636e-03 1.655756728723645210e-03 3.874133573845028877e-03 4.012983026768779382e-06 5.618176146526820958e-06 1.444673835067078471e-04 7.327706553041934967e-04 1.667795702815055847e-03 1.837946125306189060e-03 2.012109616771340370e-03 2.228810684755444527e-03 2.797851571813225746e-03 5.886243190616369247e-03 3.195538371801376343e-02 8.971022814512252808e-02 9.396559745073318481e-02 9.931490570306777954e-02 1.052902340888977051e-01 9.091974049806594849e-02 6.595497578382492065e-02 5.444815009832382202e-02 4.635958373546600342e-02 3.788737207651138306e-02 3.465451300144195557e-02 4.293731227517127991e-02 3.554700314998626709e-02 3.428130596876144409e-02 3.521713614463806152e-02 3.012947551906108856e-02 1.932572200894355774e-02 1.033985149115324020e-02 6.202466320246458054e-03 3.724850714206695557e-03 2.462366363033652306e-03 1.205419749021530151e-02
1.229166984558105469e-01 4.536781311035156250e-01 1.164337396621704102e+00 4.614545032382011414e-03 6.340174877550452948e-05 3.307917504571378231e-04 0.000000000000000000e+00 2.480938019289169461e-05 7.327036932110786438e-03 9.648092236602678895e-05 4.438122559804469347e-04 1.856568641960620880e-02 7.716875076293945312e-01 2.314549982547760010e-01 1.341608613729476929e-01 1.533219777047634125e-02 2.028856053948402405e-02 1.132410392165184021e-02 2.456128597259521484e-02 1.879172772169113159e-02 3.744930028915405273e-02 1.480146050453186035e-01 5.661133304238319397e-02 6.507501006126403809e-02 5.190581828355789185e-02 4.318394511938095093e-02 4.593043401837348938e-02 2.298910729587078094e-02 1.687313616275787354e-02 1.530738826841115952e-02 1.755309663712978363e-02 1.668109372258186340e-02 1.591384038329124451e-02 1.768265664577484131e-02 2.373614534735679626e-02 3.844443336129188538e-02 5.786925926804542542e-02 6.968771666288375854e-02 6.670048087835311890e-02 5.386851727962493896e-02 4.338609427213668823e-02 1.963340863585472107e-02 1.191585417836904526e-02 1.540570706129074097e-02 5.200781393796205521e-03 3.818806959316134453e-03 3.209598828107118607e-03 2.803459996357560158e-03 2.384457271546125412e-03 1.974642975255846977e-03 1.836813054978847504e-03 6.953058764338493347e-03 9.188659646497399081e-07 5.053763015894219279e-05 1.833137590438127518e-03 7.680800743401050568e-03 7.170829921960830688e-03 5.055600777268409729e-03 3.494447330012917519e-03 2.681250916793942451e-03 4.296617116779088974e-03 6.842794828116893768e-03 1.192963682115077972e-02 2.386570535600185394e-02 4.861168563365936279e-02 8.184614777565002441e-02 1.087680011987686157e-01 1.308079212903976440e-01 7.825613766908645630e-02 2.598185464739799500e-02 2.749063260853290558e-02 2.751452289521694183e-02 3.005426749587059021e-02 4.121756926178932190e-02 6.206572055816650391e-02 8.055789768695831299e-02 9.259779751300811768e-02 5.094100907444953918e-02 2.267853170633316040e-02 1.253149379044771194e-02 2.209872705861926079e-03 8.187096100300550461e-04 1.451808202546089888e-04 2.756597950792638585e-06
9.762769192457199097e-02 5.000689029693603516e-01 1.811501026153564453e+00 3.532407432794570923e-02 2.041097730398178101e-02 1.110622193664312363e-02 9.806105867028236389e-03 4.277070984244346619e-03 1.127333939075469971e-02 9.449211880564689636e-03 6.165497004985809326e-02 1.190951913595199585e-01 1.100878491997718811e-01 6.144537031650543213e-02 2.580971643328666687e-02 1.806850172579288483e-02 1.361581496894359589e-02 1.280288770794868469e-02 1.269808597862720490e-02 5.387693643569946289e-02 6.250377628020942211e-04 1.966697396710515022e-03 4.967256449162960052e-03 9.033778682351112366e-03 1.518785115331411362e-02 2.007768675684928894e-02 3.549874573945999146e-02 1.405796855688095093e-01 1.129949316382408142e-01 1.076745539903640747e-01 1.653168201446533203e-01 1.174749955534934998e-01 6.391152739524841309e-02 4.080023616552352905e-02 2.310184948146343231e-02 2.006069011986255646e-02 1.214858144521713257e-02 7.858292199671268463e-03 5.723533220589160919e-03 4.335609264671802521e-03 3.250762820243835449e-03 2.762629184871912003e-03 2.993949688971042633e-03 4.739712458103895187e-03 7.228533271700143814e-03 4.068410489708185196e-03 7.548605557531118393e-03 1.885876804590225220e-02 2.398275583982467651e-02 1.109111588448286057e-02 2.741857431828975677e-03 1.394532853737473488e-03 1.888331644295249134e-05 1.690056815277785063e-04 1.419270038604736328e-02 4.121000692248344421e-02 3.339986503124237061e-02 2.446427941322326660e-02 1.975100487470626831e-02 1.423141080886125565e-02 1.178130134940147400e-02 1.265182159841060638e-02 1.528037991374731064e-02 1.487344410270452499e-02 1.461191009730100632e-02 1.872847229242324829e-02 1.880872622132301331e-02 1.391889248043298721e-02 1.231947541236877441e-02 1.489799190312623978e-02 2.958071418106555939e-02 5.494572967290878296e-02 6.156338751316070557e-02 6.340734660625457764e-02 6.630309671163558960e-02 7.662189006805419922e-02 9.037460386753082275e-02 1.122679263353347778e-01 1.078577265143394470e-01 3.087233379483222961e-02 3.648256650194525719e-03 1.735376776196062565e-03 1.532381167635321617e-03 3.979658707976341248e-03
1.031889081001281738e+00 6.284571290016174316e-01 8.897740840911865234e-01 1.888066530227661133e-01 5.986017733812332153e-02 4.427085630595684052e-03 9.146871161647140980e-05 7.927288243081420660e-05 2.106829546391963959e-03 1.554968184791505337e-04 1.463499356759712100e-04 9.146871161647140980e-05 4.610022995620965958e-03 9.906060993671417236e-03 2.666008099913597107e-02 8.021806366741657257e-03 1.658022776246070862e-02 1.901329681277275085e-02 4.682588204741477966e-02 6.249751895666122437e-02 2.095040120184421539e-02 4.947847500443458557e-02 4.388872161507606506e-02 1.056209579110145569e-01 2.722942233085632324e-01 2.232314199209213257e-01 1.801547408103942871e-01 5.493712425231933594e-02 2.891935780644416809e-02 8.865350857377052307e-03 4.499244503676891327e-03 3.423978807404637337e-03 2.296881051734089851e-03 1.069167628884315491e-03 2.693245478440076113e-04 6.910969386808574200e-05 8.130552487273234874e-06 2.032638121818308719e-06 1.016319060909154359e-06 4.065276243636617437e-06 0.000000000000000000e+00 3.048957069040625356e-06 2.032638121818308719e-06 2.032638121818308719e-06 0.000000000000000000e+00 0.000000000000000000e+00 0.000000000000000000e+00 2.032638121818308719e-06 0.000000000000000000e+00 0.000000000000000000e+00 0.000000000000000000e+00 7.114233085303567350e-06 1.117950978368753567e-05 4.675067611970007420e-05 1.729775033891201019e-02 9.668751060962677002e-02 2.923827767372131348e-01 1.752703189849853516e-01 6.444682180881500244e-02 4.768060892820358276e-02 3.630088269710540771e-02 2.435913495719432831e-02 2.221876755356788635e-02 2.627489529550075531e-02 2.456443198025226593e-02 2.348408475518226624e-02 2.013836242258548737e-02 2.277570962905883789e-02 2.206225320696830750e-02 1.216940395534038544e-02 9.054386056959629059e-03 8.329750970005989075e-03 7.858178578317165375e-03 6.181252188980579376e-03 5.143590737134218216e-03 4.436232615262269974e-03 3.128229873254895210e-03 1.603751443326473236e-03 1.224664389155805111e-03 1.154538476839661598e-03 1.195191172882914543e-03 1.388291828334331512e-03 1.632208353839814663e-03 1.949808001518249512e-02
8.896696567535400391e-01 9.844015836715698242e-01 8.756890296936035156e-01 6.268385052680969238e-02 7.274208124727010727e-03 4.472889006137847900e-03 1.265205093659460545e-03 1.008705585263669491e-04 8.905429393053054810e-03 2.219152229372411966e-04 1.988591102417558432e-04 3.804261214099824429e-04 7.963011041283607483e-03 9.574057534337043762e-03 1.703271525911986828e-03 2.279674634337425232e-03 1.613929052837193012e-04 1.371839665807783604e-03 5.409543961286544800e-02 8.758734911680221558e-02 5.520117282867431641e-02 2.360371174290776253e-03 1.009570248425006866e-02 3.367923945188522339e-02 6.654478609561920166e-02 8.483598381280899048e-02 8.134874701499938965e-02 6.323239207267761230e-02 6.722686439752578735e-02 4.916239157319068909e-02 3.637104108929634094e-02 2.520611137151718140e-02 2.554523013532161713e-02 2.561247721314430237e-02 3.168296441435813904e-02 4.366638511419296265e-02 6.100747734308242798e-02 4.831315577030181885e-02 3.371766582131385803e-02 2.783547155559062958e-02 1.987438276410102844e-02 2.269971929490566254e-02 1.382310967892408371e-02 1.203818060457706451e-02 7.633499801158905029e-03 8.201257325708866119e-03 8.395312353968620300e-03 4.511315841227769852e-03 2.862802473828196526e-03 1.942478818818926811e-03 1.681176014244556427e-03 2.369113266468048096e-02 9.175281971693038940e-02 2.652127295732498169e-02 6.774947047233581543e-02 1.291825324296951294e-01 1.200763136148452759e-01 9.289121627807617188e-02 6.531801074743270874e-02 4.300159960985183716e-02 2.442412450909614563e-02 1.331395376473665237e-02 9.608641266822814941e-03 9.282013401389122009e-03 1.058564521372318268e-02 1.387690752744674683e-02 1.797705516219139099e-02 2.461529895663261414e-02 2.896618284285068512e-02 3.397032245993614197e-02 4.153657704591751099e-02 4.400934651494026184e-02 3.793597593903541565e-02 2.496690489351749420e-02 1.321500446647405624e-02 7.795853540301322937e-03 5.030078813433647156e-03 1.689822063781321049e-03 4.303810710553079844e-04 1.489041605964303017e-04 8.069644536590203643e-05 3.074150299653410912e-05 1.441008043912006542e-05 1.921343937283381820e-06
3.580240905284881592e-01 1.721445322036743164e+00 3.323192000389099121e-01 1.806726679205894470e-02 1.910357736051082611e-02 1.008420437574386597e-01 2.297626622021198273e-02 5.234152078628540039e-02 4.002624191343784332e-03 5.438244435936212540e-03 3.139984235167503357e-02 1.445444822311401367e-01 1.350687537342309952e-02 4.075514152646064758e-03 2.357840305194258690e-03 2.399039221927523613e-03 1.803240738809108734e-03 6.354126147925853729e-03 2.623414248228073120e-02 1.327647864818572998e-01 9.222197695635259151e-04 1.309911254793405533e-03 3.194493241608142853e-03 1.621226407587528229e-02 6.944959610700607300e-02 2.184879183769226074e-01 1.595820486545562744e-01 5.746284872293472290e-02 2.204982191324234009e-02 1.067577674984931946e-02 8.947539143264293671e-03 9.938423521816730499e-03 1.871588639914989471e-02 1.350476313382387161e-02 7.677770219743251801e-03 6.487229838967323303e-03 8.924298919737339020e-03 9.362696669995784760e-03 7.697841618210077286e-03 8.957046084105968475e-03 9.529604576528072357e-03 9.672216139733791351e-03 1.176384836435317993e-02 1.626614108681678772e-02 1.290368288755416870e-02 1.630733907222747803e-02 2.579891309142112732e-02 3.206852823495864868e-02 2.676444500684738159e-02 2.597744204103946686e-02 3.523027524352073669e-02 1.181571632623672485e-01 8.470055647194385529e-03 1.686616428196430206e-02 1.347624044865369797e-02 9.414458647370338440e-03 7.286909501999616623e-03 7.137960288673639297e-03 9.131349623203277588e-03 1.804719679057598114e-02 1.329031772911548615e-02 8.360192179679870605e-03 1.042330171912908554e-02 1.044337358325719833e-02 1.065887510776519775e-02 1.190751604735851288e-02 1.517701242119073868e-02 2.108745835721492767e-02 3.960263356566429138e-02 6.314723193645477295e-02 6.923514604568481445e-02 6.370922178030014038e-02 9.101242572069168091e-02 1.038411036133766174e-01 7.781612128019332886e-02 4.855016991496086121e-02 6.092883273959159851e-02 7.632768154144287109e-02 6.168308854103088379e-02 3.021141327917575836e-02 5.492120049893856049e-03 5.295633338391780853e-03 7.220357656478881836e-03 4.748428240418434143e-03
6.648036092519760132e-02 2.499920606613159180e+00 4.091244935989379883e-01 2.428459003567695618e-03 7.599729578942060471e-04 3.938041627407073975e-04 9.672382293501868844e-05 1.312680542469024658e-04 5.250722169876098633e-04 2.556272374931722879e-04 8.394246688112616539e-04 5.561620346270501614e-04 8.739688200876116753e-04 6.528858211822807789e-04 7.116110064089298248e-04 1.133050536736845970e-03 7.288830820471048355e-04 2.532091457396745682e-03 4.812010563910007477e-03 7.043567486107349396e-03 4.329542571213096380e-04 2.345552667975425720e-03 5.744704511016607285e-03 4.256078600883483887e-02 1.576275974512100220e-01 2.568581700325012207e-01 1.201263889670372009e-01 7.137182354927062988e-02 4.788174852728843689e-02 5.043226480484008789e-02 5.151579901576042175e-02 3.284234553575515747e-02 2.543606236577033997e-02 2.322062663733959198e-02 1.905919983983039856e-02 1.768549159169197083e-02 2.287057973444461823e-02 1.797911711037158966e-02 1.388562656939029694e-02 9.402937255799770355e-03 5.040002055466175079e-03 2.126772655174136162e-03 1.214805175550282001e-03 8.417275967076420784e-04 5.124059971421957016e-04 2.959288540296256542e-04 2.464154676999896765e-04 1.324195181950926781e-04 9.787530143512412906e-05 6.102812767494469881e-05 4.030159470858052373e-05 1.105415140045806766e-04 2.302948132637538947e-06 2.763537850114516914e-05 1.980535453185439110e-04 1.244743471033871174e-03 6.065965630114078522e-03 1.149171125143766403e-02 9.619414806365966797e-03 6.614067126065492630e-03 6.312381010502576828e-03 7.049324456602334976e-03 8.170859888195991516e-03 1.051986776292324066e-02 3.195916488766670227e-02 6.750401854515075684e-02 4.180081188678741455e-02 1.301511190831661224e-02 2.131954394280910492e-02 2.871661260724067688e-02 3.157572448253631592e-02 3.539516404271125793e-02 3.179795667529106140e-02 7.589481025934219360e-02 1.572821587324142456e-01 1.781330406665802002e-01 8.079778403043746948e-02 5.796751007437705994e-02 3.461331129074096680e-02 1.295638643205165863e-02 9.297002106904983521e-03 9.278578683733940125e-03 8.295219391584396362e-03 5.083758383989334106e-03
2.935657501220703125e-01 1.776211738586425781e+00 7.015575170516967773e-01 1.016510534100234509e-03 4.365382483229041100e-05 6.236261106096208096e-05 1.371977414237335324e-04 0.000000000000000000e+00 2.120328572345897555e-04 3.118130280199693516e-06 1.247252112079877406e-05 2.494504224159754813e-05 3.960025496780872345e-04 9.323210106231272221e-04 4.677195101976394653e-05 1.153708202764391899e-03 2.213872503489255905e-04 1.365117542445659637e-02 5.028920620679855347e-02 1.604621112346649170e-01 2.361464081332087517e-03 3.883839398622512817e-02 8.851852267980575562e-02 4.045358300209045410e-02 1.697510108351707458e-02 1.871283650398254395e-01 2.177951633930206299e-01 2.375703491270542145e-02 9.111177176237106323e-03 5.113733932375907898e-03 4.684471059590578079e-03 6.908737588673830032e-03 1.447228249162435532e-02 1.668407581746578217e-02 2.761312387883663177e-02 4.634789004921913147e-02 7.308897376060485840e-02 8.064524829387664795e-02 4.866050183773040771e-02 2.302427403628826141e-02 9.677637368440628052e-03 5.207277834415435791e-03 3.426825162023305893e-03 2.474756212905049324e-03 1.602718955837190151e-03 1.177613856270909309e-03 8.865884155966341496e-04 5.799722275696694851e-04 3.814512747339904308e-04 2.910254988819360733e-04 1.902059593703597784e-04 1.921807648614048958e-03 2.777214860543608665e-03 4.749952058773487806e-04 6.142716738395392895e-04 8.980215643532574177e-04 1.310654100961983204e-03 5.817391909658908844e-03 1.752908900380134583e-02 2.918777987360954285e-02 6.293010711669921875e-02 5.801073834300041199e-02 2.620268799364566803e-02 8.117532357573509216e-03 4.925606772303581238e-03 6.231063976883888245e-03 1.111405622214078903e-02 1.818285696208477020e-02 2.818478085100650787e-02 4.115828126668930054e-02 5.585610866546630859e-02 7.908722013235092163e-02 1.262063235044479370e-01 1.015907675027847290e-01 5.341357365250587463e-02 6.962992995977401733e-02 1.033452376723289490e-01 8.079595118761062622e-02 3.348872065544128418e-03 1.974815968424081802e-03 9.635022724978625774e-04 1.205677108373492956e-04 0.000000000000000000e+00 0.000000000000000000e+00
1.324632670730352402e-02 2.963268280029296875e+00 2.281343564391136169e-02 3.159358311677351594e-05 5.744287136622006074e-06 0.000000000000000000e+00 2.872143568311003037e-06 0.000000000000000000e+00 0.000000000000000000e+00 0.000000000000000000e+00 2.872143704735208303e-05 1.723286186461336911e-05 3.446572372922673821e-05 2.010500611504539847e-05 8.616430932306684554e-06 1.723286186461336911e-05 1.723286186461336911e-05 8.616430932306684554e-06 6.605929957004263997e-05 4.135886847507208586e-04 1.081840746337547898e-04 1.100988374673761427e-04 5.887894658371806145e-04 1.369055127725005150e-03 3.337431000545620918e-03 6.128197070211172104e-03 4.625396057963371277e-02 1.053023636341094971e-01 2.070892155170440674e-01 1.800939440727233887e-01 1.480551809072494507e-01 1.250416487455368042e-01 7.378249615430831909e-02 4.338085651397705078e-02 2.130173146724700928e-02 1.496578287333250046e-02 9.988358244299888611e-03 5.264639388769865036e-03 2.488233847543597221e-03 1.062693190760910511e-03 5.830451846122741699e-04 4.614577337633818388e-04 3.331686602905392647e-04 2.785979304462671280e-04 2.412600733805447817e-04 2.182829193770885468e-04 1.713712408673018217e-04 1.665843301452696323e-04 1.656269450904801488e-04 1.235021773027256131e-04 1.464793313061818480e-04 1.397776533849537373e-03 2.010500611504539847e-05 1.092371996492147446e-03 4.691167850978672504e-04 7.582459365949034691e-04 1.214916817843914032e-03 1.827640691772103310e-03 2.572483383119106293e-03 3.964515402913093567e-03 7.132490165531635284e-03 9.747098200023174286e-03 1.942622289061546326e-02 3.870117664337158203e-02 6.026140227913856506e-02 6.393296271562576294e-02 5.701779574155807495e-02 7.342731207609176636e-02 1.523815840482711792e-01 1.784951090812683105e-01 1.003048270940780640e-01 5.845482647418975830e-02 4.396581649780273438e-02 3.682183846831321716e-02 4.142013937234878540e-02 2.958499453961849213e-02 9.150649420917034149e-03 2.880760002881288528e-03 2.015287522226572037e-03 1.790302922017872334e-03 1.040673349052667618e-03 1.819024328142404556e-05 1.819024328142404556e-05 9.095121640712022781e-05
1.533187627792358398e-01 1.900668859481811523e+00 9.149556756019592285e-01 1.904902979731559753e-02 1.046955469064414501e-03 0.000000000000000000e+00 0.000000000000000000e+00 0.000000000000000000e+00 0.000000000000000000e+00 0.000000000000000000e+00 0.000000000000000000e+00 0.000000000000000000e+00 0.000000000000000000e+00 0.000000000000000000e+00 1.853018693509511650e-05 7.412074774038046598e-05 3.706037387019023299e-05 2.408924046903848648e-04 4.651076626032590866e-03 5.938924849033355713e-03 4.138408112339675426e-04 1.275494461879134178e-03 4.967634007334709167e-02 9.888633340597152710e-02 3.125733509659767151e-02 2.087116613984107971e-02 2.493854239583015442e-02 3.734450042247772217e-02 6.900023669004440308e-02 9.481895714998245239e-02 1.144084557890892029e-01 8.686333149671554565e-02 5.716871097683906555e-02 2.721157856285572052e-02 1.473458576947450638e-02 8.857429027557373047e-03 5.963631439954042435e-03 5.342870019376277924e-03 6.022310350090265274e-03 1.117370184510946274e-02 1.683158613741397858e-02 1.689952984452247620e-02 1.884211041033267975e-02 2.445675618946552277e-02 2.929004654288291931e-02 3.785717114806175232e-02 3.683183342218399048e-02 2.553150802850723267e-02 1.162769179791212082e-02 4.317533224821090698e-03 1.890078885480761528e-03 9.394804015755653381e-03 1.420647604390978813e-04 5.883333738893270493e-03 1.632509380578994751e-02 4.831437021493911743e-02 8.863914012908935547e-02 9.946385771036148071e-02 1.089605838060379028e-01 1.104738786816596985e-01 7.859577983617782593e-02 5.506244674324989319e-02 4.258236661553382874e-02 3.748347610235214233e-02 3.480277583003044128e-02 2.962359040975570679e-02 1.515769213438034058e-02 1.431456860154867172e-02 1.946596056222915649e-02 2.610903233289718628e-02 2.774586528539657593e-02 2.277977578341960907e-02 1.629112102091312408e-02 1.190564408898353577e-02 1.374013256281614304e-02 1.179137453436851501e-02 1.164930965751409531e-02 1.236889883875846863e-02 1.482723653316497803e-02 1.336026377975940704e-02 9.777761064469814301e-03 1.905520795844495296e-03 3.891339001711457968e-04 6.794401269871741533e-05
6.664829328656196594e-03 2.753879070281982422e+00 2.344747483730316162e-01 3.139497246593236923e-03 1.814340212149545550e-04 1.079417561413720250e-04 5.511919152922928333e-05 1.355013519059866667e-04 1.952138263732194901e-04 1.837306481320410967e-04 4.110973386559635401e-04 7.578889199066907167e-05 3.904276309185661376e-05 4.593266203301027417e-05 2.296633056175778620e-06 4.593266112351557240e-06 0.000000000000000000e+00 0.000000000000000000e+00 3.238252829760313034e-04 8.038216037675738335e-05 7.310948567464947701e-04 1.842665369622409344e-03 1.106747519224882126e-02 9.825149923563003540e-02 1.634651571512222290e-01 1.071371734142303467e-01 7.949489355087280273e-02 1.053779497742652893e-01 5.756204575300216675e-02 7.764304429292678833e-02 1.342848986387252808e-01 8.006522804498672485e-02 3.218348696827888489e-02 1.734646968543529510e-02 9.019643999636173248e-03 5.201108288019895554e-03 3.495475742965936661e-03 3.903510747477412224e-03 5.233261268585920334e-03 3.862171433866024017e-03 1.778359641321003437e-03 6.729135056957602501e-04 1.906205434352159500e-04 7.043008372420445085e-05 1.990415330510586500e-05 1.301425436395220459e-05 1.377979879180202261e-05 4.593266112351557240e-06 3.827721684501739219e-06 2.296633056175778620e-06 7.655443369003478438e-06 5.435365164885297418e-05 1.531088742012798321e-06 6.124354968051193282e-06 1.454534321965184063e-05 1.760752093105111271e-05 2.985622995765879750e-05 9.722413960844278336e-05 6.935832207091152668e-04 2.930503804236650467e-03 8.829789236187934875e-03 2.377627789974212646e-02 4.003414511680603027e-02 1.853382959961891174e-02 7.528363261371850967e-03 8.738689124584197998e-03 9.356483817100524902e-03 1.018633320927619934e-02 9.785188362002372742e-03 6.509423721581697464e-03 6.014882121235132217e-03 4.430205095559358597e-03 3.882840974256396294e-03 4.554223734885454178e-03 9.371793828904628754e-03 2.291733585298061371e-02 4.482415318489074707e-02 6.662532687187194824e-02 8.850841224193572998e-02 1.243910118937492371e-01 1.818045377731323242e-01 2.104596346616744995e-01 6.803086400032043457e-02 1.711527630686759949e-02
8.152267336845397949e-02 2.462709188461303711e+00 4.176620841026306152e-01 1.329207979142665863e-02 3.116416279226541519e-03 3.090066893491894007e-04 1.053976448019966483e-04 2.395400770183186978e-06 3.952411352656781673e-04 1.197700476041063666e-05 1.676780630077701062e-05 2.395400952082127333e-05 3.161929198540747166e-04 1.947460812516510487e-03 2.658894809428602457e-04 1.171350944787263870e-03 2.874480924219824374e-05 5.150111974216997623e-04 1.151708699762821198e-02 5.071063525974750519e-03 3.354359650984406471e-03 1.157298032194375992e-02 1.683327928185462952e-02 1.027866452932357788e-02 1.695464737713336945e-02 3.164484351873397827e-02 5.929415673017501831e-02 9.422948211431503296e-02 1.245624423027038574e-01 1.265059113502502441e-01 1.074441075325012207e-01 8.522995561361312866e-02 7.374241203069686890e-02 5.665362626314163208e-02 4.079367592930793762e-02 2.596614509820938110e-02 1.964707672595977783e-02 1.294474583119153976e-02 9.833918884396553040e-03 1.002714782953262329e-02 7.028106134384870529e-03 7.388214580714702606e-03 5.824017804116010666e-03 6.365378387272357941e-03 3.483711276203393936e-03 3.958798944950103760e-03 3.921271301805973053e-03 3.086074721068143845e-03 2.514372346922755241e-03 1.825295388698577881e-03 1.571382977999746799e-03 1.551980152726173401e-02 1.848371140658855438e-02 2.239380404353141785e-02 2.441711910068988800e-02 3.019003570079803467e-02 3.679415583610534668e-02 4.148035869002342224e-02 4.731794819235801697e-02 6.160970777273178101e-02 8.095417171716690063e-02 9.294873476028442383e-02 8.334158360958099365e-02 6.697540730237960815e-02 5.566911399364471436e-02 4.642047360539436340e-02 3.923826292157173157e-02 3.444426879286766052e-02 2.936601638793945312e-02 2.568827942013740540e-02 2.253193780779838562e-02 1.778984442353248596e-02 1.405381690710783005e-02 1.072420924901962280e-02 8.144362829625606537e-03 6.190514191985130310e-03 5.695464555174112320e-03 6.870009470731019974e-03 9.792398661375045776e-03 1.122884079813957214e-02 1.321542635560035706e-02 1.532497629523277283e-02 1.053098030388355255e-02 1.017406582832336426e-02
3.487980365753173828e-01 2.218352317810058594e+00 2.436458319425582886e-01 2.086384966969490051e-02 1.355901709757745266e-03 3.892597276717424393e-03 9.465282346354797482e-06 0.000000000000000000e+00 1.352115720510482788e-02 2.579289430286735296e-04 1.074309577234089375e-03 3.748725354671478271e-02 7.717281579971313477e-02 8.163806051015853882e-03 7.872749119997024536e-03 7.335593691095709801e-04 8.755386079428717494e-05 5.276894662529230118e-04 5.960761569440364838e-03 1.022250484675168991e-02 5.992312449961900711e-03 2.504434809088706970e-02 9.485159814357757568e-02 1.383619159460067749e-01 2.095613479614257812e-01 1.282608956098556519e-01 6.725241243839263916e-02 4.023612663149833679e-02 4.627024382352828979e-02 7.124991714954376221e-02 4.460593312978744507e-02 1.587327942252159119e-02 6.740858778357505798e-03 4.194697830826044083e-03 4.639565944671630859e-03 5.455946549773216248e-03 7.157331332564353943e-03 7.750488817691802979e-03 8.421734906733036041e-03 9.182113222777843475e-03 8.531374856829643250e-03 8.338125422596931458e-03 7.921652868390083313e-03 7.925597019493579865e-03 6.015975959599018097e-03 5.732805933803319931e-03 4.161569289863109589e-03 3.144840011373162270e-03 2.038190839812159538e-03 1.475006574764847755e-03 9.678251226432621479e-04 2.643968909978866577e-03 3.604695084504783154e-04 3.730898955836892128e-03 1.362290792167186737e-02 1.749263145029544830e-02 2.759760804474353790e-02 3.505230695009231567e-02 4.026610031723976135e-02 4.442451521754264832e-02 6.983958929777145386e-02 8.875121921300888062e-02 5.218289047479629517e-02 1.553174015134572983e-02 9.710591286420822144e-03 1.135045103728771210e-02 1.268190145492553711e-02 1.547573693096637726e-02 2.838164940476417542e-02 3.707077726721763611e-02 4.982209205627441406e-02 5.229095369577407837e-02 5.393870174884796143e-02 5.473220720887184143e-02 4.944269359111785889e-02 4.558480158448219299e-02 3.917207196354866028e-02 3.505704179406166077e-02 2.815132774412631989e-02 2.107681706547737122e-02 1.925396174192428589e-02 1.383193302899599075e-02 1.069340296089649200e-02 3.428009804338216782e-03
2.182771265506744385e-01 2.012721538543701172e+00 7.452101707458496094e-01 9.774579666554927826e-03 6.682353559881448746e-04 1.375778665533289313e-04 0.000000000000000000e+00 6.551326805492863059e-06 6.256516790017485619e-04 9.171856800094246864e-05 3.373933432158082724e-04 1.788512105122208595e-03 3.174117766320705414e-03 1.526459120213985443e-03 4.291119403205811977e-04 2.751557331066578627e-04 0.000000000000000000e+00 1.637831883272156119e-05 3.164290916174650192e-03 1.775409677065908909e-03 1.821268931962549686e-03 4.294394981116056442e-03 4.907926544547080994e-02 1.749520897865295410e-01 1.813920438289642334e-01 1.769109368324279785e-01 1.165339127182960510e-01 4.174178093671798706e-02 2.435237355530261993e-02 1.936899870634078979e-02 2.178316190838813782e-02 2.315784804522991180e-02 2.467775717377662659e-02 2.736926078796386719e-02 2.204849012196063995e-02 2.025888673961162567e-02 1.826182380318641663e-02 1.601253449916839600e-02 1.292685978114604950e-02 9.473218582570552826e-03 5.998831707984209061e-03 3.503868123516440392e-03 2.126997569575905800e-03 1.088612130843102932e-03 3.100961330346763134e-04 2.511341881472617388e-04 8.189158688765019178e-05 5.896194124943576753e-05 3.166474562021903694e-05 5.022684126743115485e-05 1.310265361098572612e-05 6.769704486941918731e-05 1.856209382822271436e-05 3.395771200302988291e-04 1.590880565345287323e-03 3.503868123516440392e-03 5.997739732265472412e-03 1.087411120533943176e-02 1.889293454587459564e-02 2.696962840855121613e-02 2.109745703637599945e-02 2.364373952150344849e-02 3.556606173515319824e-02 3.038505464792251587e-02 2.340024709701538086e-02 2.575872465968132019e-02 2.820782922208309174e-02 3.237119689583778381e-02 1.346297655254602432e-02 8.291795849800109863e-03 6.926936097443103790e-03 6.028312724083662033e-03 3.428527852520346642e-03 2.964475424960255623e-03 4.348989110440015793e-03 6.537132430821657181e-03 1.116782892495393753e-02 4.377378150820732117e-02 1.823649257421493530e-01 1.525017917156219482e-01 2.092220783233642578e-01 4.927252978086471558e-02 5.089289043098688126e-03 6.001015659421682358e-03
2.617956697940826416e-01 1.185908079147338867e+00 1.426199674606323242e+00 3.627741709351539612e-02 6.262051407247781754e-03 1.024276134558022022e-03 2.036912774201482534e-04 0.000000000000000000e+00 8.875119965523481369e-04 5.819751095259562135e-06 0.000000000000000000e+00 0.000000000000000000e+00 7.274687959579750896e-05 1.987444935366511345e-03 1.600431423867121339e-04 3.273610025644302368e-03 3.491850293357856572e-05 9.137009037658572197e-04 5.696080997586250305e-02 1.803249679505825043e-02 9.883876889944076538e-03 3.589234128594398499e-02 1.338668763637542725e-01 2.393935024738311768e-01 1.543087512254714966e-01 8.757366985082626343e-02 6.110156327486038208e-02 3.395824506878852844e-02 3.213666379451751709e-02 1.714789494872093201e-02 1.657852903008460999e-02 6.740241311490535736e-03 1.104782707989215851e-02 7.260139100253582001e-03 4.766375757753849030e-03 3.115506609901785851e-03 1.348048262298107147e-02 8.532724343240261078e-03 7.215520832687616348e-03 1.222341600805521011e-02 9.986692108213901520e-03 1.439224369823932648e-02 1.391114387661218643e-02 1.622352562844753265e-02 1.123696845024824142e-02 7.989548146724700928e-03 4.783835262060165405e-03 2.980682300403714180e-03 1.867169979959726334e-03 1.648929319344460964e-03 5.451166653074324131e-04 1.820999942719936371e-02 4.884613677859306335e-02 5.239327624440193176e-02 3.336074948310852051e-02 2.356901951134204865e-02 3.039558790624141693e-02 3.545489162206649780e-02 3.205227851867675781e-02 1.953981257975101471e-02 1.577734388411045074e-02 1.585688069462776184e-02 1.220983732491731644e-02 1.361142657697200775e-02 1.716729439795017242e-02 2.131289616227149963e-02 3.237236291170120239e-02 4.603034630417823792e-02 5.274537205696105957e-02 5.642927438020706177e-02 5.858160927891731262e-02 5.742347985506057739e-02 5.403638631105422974e-02 5.215951427817344666e-02 5.463000014424324036e-02 5.198880285024642944e-02 4.801100492477416992e-02 3.481374680995941162e-02 2.102675847709178925e-02 7.550156675279140472e-03 6.178635521791875362e-04 2.812879574776161462e-05 7.759667823847848922e-06 0.000000000000000000e+00
3.228366747498512268e-02 1.471708893775939941e+00 1.032455325126647949e+00 3.163209557533264160e-01 8.542301505804061890e-02 2.079668827354907990e-02 6.998369935899972916e-04 1.321914372965693474e-03 1.073083374649286270e-02 4.003281705081462860e-03 1.567259430885314941e-02 5.099961534142494202e-03 2.625058870762586594e-03 2.466858131811022758e-04 0.000000000000000000e+00 3.753914643311873078e-05 0.000000000000000000e+00 1.608820639376062900e-05 4.048865230288356543e-04 1.528379507362842560e-04 4.516317043453454971e-03 6.455481797456741333e-02 1.606014072895050049e-01 1.475467234849929810e-01 9.348051995038986206e-02 6.730233132839202881e-02 5.292841047048568726e-02 4.566994681954383850e-02 4.522662982344627380e-02 4.549297690391540527e-02 4.886882007122039795e-02 4.711699485778808594e-02 4.292780160903930664e-02 3.497933596372604370e-02 2.616389282047748566e-02 1.871147751808166504e-02 1.393953710794448853e-02 9.625216014683246613e-03 6.547899916768074036e-03 4.942654632031917572e-03 3.259649267420172691e-03 2.744826721027493477e-03 1.953823259100317955e-03 1.831374131143093109e-03 1.093997969292104244e-03 1.156563288532197475e-03 9.840619750320911407e-04 8.079854887910187244e-04 6.158208125270903111e-04 5.335921887308359146e-04 4.173995694145560265e-04 3.457176731899380684e-03 1.532848575152456760e-03 1.622048765420913696e-02 3.665965795516967773e-02 2.396785281598567963e-02 2.001998573541641235e-02 1.790259778499603271e-02 1.633578538894653320e-02 1.653599552810192108e-02 1.659230329096317291e-02 1.701148971915245056e-02 1.810548827052116394e-02 2.057949639856815338e-02 2.514497190713882446e-02 3.093493916094303131e-02 3.941163793206214905e-02 4.032151401042938232e-02 4.174442589282989502e-02 4.027682542800903320e-02 4.043681174516677856e-02 5.568038672208786011e-02 7.009273767471313477e-02 8.207934349775314331e-02 8.175400644540786743e-02 5.338245630264282227e-02 4.714112728834152222e-02 5.661797150969505310e-02 2.788711711764335632e-02 2.454970963299274445e-02 1.627768948674201965e-02 3.823630278930068016e-03 8.705506916157901287e-04 1.081484952010214329e-04
1.098661124706268311e-01 1.559139251708984375e+00 7.600180506706237793e-01 2.411757782101631165e-02 6.825686432421207428e-03 4.008947405964136124e-03 1.947230892255902290e-03 3.436842933297157288e-03 9.800693951547145844e-03 4.247648641467094421e-03 2.514243498444557190e-02 2.090535759925842285e-01 1.215971708297729492e-01 5.529564991593360901e-02 2.625388652086257935e-02 1.968765817582607269e-02 4.073487594723701477e-03 7.380601949989795685e-03 2.859549410641193390e-02 1.951187662780284882e-02 2.329920232295989990e-02 2.851008810102939606e-02 2.333077043294906616e-02 2.416979148983955383e-02 2.173229306936264038e-02 1.963673904538154602e-02 2.755009382963180542e-02 3.948288410902023315e-02 4.107011482119560242e-02 5.141437426209449768e-02 6.086609885096549988e-02 4.127314314246177673e-02 2.763528376817703247e-02 2.484524622559547424e-02 2.669799141585826874e-02 2.988791838288307190e-02 3.546463698148727417e-02 3.789446130394935608e-02 4.055747017264366150e-02 4.221973195672035217e-02 4.564132913947105408e-02 4.855882376432418823e-02 4.935092851519584656e-02 4.730899631977081299e-02 3.981239348649978638e-02 3.100401908159255981e-02 2.334828302264213562e-02 1.665686629712581635e-02 1.134803611785173416e-02 8.121029473841190338e-03 5.270777270197868347e-03 6.040177773684263229e-03 3.102682821918278933e-04 1.061355415731668472e-02 2.489994838833808899e-02 3.010024130344390869e-02 2.628739923238754272e-02 2.507108263671398163e-02 2.588026784360408783e-02 2.701669186353683472e-02 3.226390108466148376e-02 3.648333624005317688e-02 4.093530774116516113e-02 4.469971358776092529e-02 4.458090662956237793e-02 4.351409897208213806e-02 4.788088425993919373e-02 5.117015913128852844e-02 4.294037446379661560e-02 3.776948899030685425e-02 3.222682327032089233e-02 4.341712966561317444e-02 5.249955877661705017e-02 4.892336204648017883e-02 4.265410453081130981e-02 2.735517732799053192e-02 2.358482219278812408e-02 2.167337574064731598e-02 2.231531776487827301e-02 2.814500965178012848e-02 3.566117957234382629e-02 1.261808164417743683e-02 7.452817168086767197e-03 9.055618196725845337e-03
4.605955630540847778e-02 7.086449861526489258e-01 1.533033609390258789e+00 1.691206693649291992e-01 5.644855648279190063e-02 2.432817965745925903e-02 2.300004102289676666e-02 5.445294454693794250e-02 7.687616348266601562e-02 5.722996592521667480e-02 7.275989651679992676e-02 1.451174616813659668e-01 1.573953032493591309e-02 5.804826971143484116e-03 2.470329636707901955e-03 2.201979281380772591e-03 2.353889285586774349e-04 3.439472930040210485e-04 4.788391292095184326e-03 1.343544106930494308e-03 2.506886050105094910e-02 5.209499597549438477e-02 6.824427843093872070e-02 7.243028283119201660e-02 6.157922372221946716e-02 5.295450612902641296e-02 4.189923033118247986e-02 3.513039276003837585e-02 3.321563452482223511e-02 3.299696743488311768e-02 3.128224611282348633e-02 2.900395169854164124e-02 2.844229154288768768e-02 2.722318843007087708e-02 2.817585133016109467e-02 3.052281402051448822e-02 3.335643932223320007e-02 3.346833959221839905e-02 3.265242278575897217e-02 3.252415731549263000e-02 2.967524714767932892e-02 2.621487528085708618e-02 2.257978171110153198e-02 2.174403704702854156e-02 2.034209296107292175e-02 1.918580941855907440e-02 1.754967123270034790e-02 1.601982302963733673e-02 1.303691603243350983e-02 9.576185606420040131e-03 6.470508407801389694e-03 1.533897407352924347e-02 8.392552845180034637e-03 7.121022790670394897e-03 7.921177893877029419e-03 9.663485921919345856e-03 1.183333899825811386e-02 1.470935996621847153e-02 1.769573055207729340e-02 2.056960016489028931e-02 2.432495541870594025e-02 3.179876133799552917e-02 4.194126650691032410e-02 5.361397936940193176e-02 6.024666875600814819e-02 6.012998893857002258e-02 5.814835056662559509e-02 6.180553883314132690e-02 6.285171210765838623e-02 5.650623887777328491e-02 4.661023244261741638e-02 3.685705736279487610e-02 3.014399483799934387e-02 2.334590069949626923e-02 2.411118336021900177e-02 4.178517684340476990e-02 5.787462368607521057e-02 5.621914193034172058e-02 3.342964500188827515e-02 8.694939315319061279e-03 6.446503568440675735e-03 6.473971996456384659e-03 6.306058727204799652e-03 1.242784317582845688e-02
5.878890305757522583e-02 2.856602430343627930e+00 1.621224731206893921e-02 3.044706070795655251e-03 2.006761962547898293e-03 4.116165800951421261e-04 8.378963684663176537e-06 6.388960173353552818e-05 2.115688403137028217e-04 4.817904118681326509e-05 0.000000000000000000e+00 0.000000000000000000e+00 9.950019739335402846e-05 1.016996800899505615e-03 2.400573110207915306e-03 9.499649750068783760e-04 7.176582701504230499e-03 3.086600918322801590e-03 1.606352068483829498e-02 3.180759400129318237e-02 1.639134832657873631e-03 4.372771829366683960e-03 5.428520962595939636e-03 6.391752976924180984e-03 1.184052322059869766e-02 1.727113872766494751e-02 3.257287293672561646e-02 1.941831856966018677e-01 3.222661316394805908e-01 2.419188320636749268e-01 7.142333686351776123e-02 2.724594622850418091e-02 2.556247264146804810e-02 2.305995486676692963e-02 1.103579346090555191e-02 1.380783389322459698e-03 8.448788430541753769e-04 5.641835741698741913e-04 3.061812894884496927e-04 1.941126538440585136e-04 1.200984843308106065e-04 9.880194556899368763e-05 6.423872400773689151e-05 5.551063441089354455e-05 3.421410292503423989e-05 3.002462108270265162e-05 2.234390376543160528e-05 1.605968100193422288e-05 1.466318644816055894e-05 9.775457328942138702e-06 6.982469585636863485e-06 2.478776696079876274e-05 1.396493985339475330e-06 7.680716407776344568e-06 3.002462108270265162e-05 1.284774480154737830e-04 1.825566752813756466e-03 4.133971408009529114e-03 5.682683084160089493e-03 5.587372463196516037e-03 6.692697294056415558e-03 6.632647942751646042e-03 4.657307174056768417e-03 3.603652585297822952e-03 2.955330302938818932e-03 2.641119295731186867e-03 3.184704575687646866e-03 7.881113328039646149e-03 8.868086151778697968e-03 1.210620626807212830e-02 3.630325570702552795e-02 1.128834933042526245e-01 2.151763290166854858e-01 2.534067332744598389e-01 1.761272102594375610e-01 7.601221650838851929e-02 2.934801951050758362e-02 1.752425357699394226e-02 4.312373232096433640e-03 1.109165372326970100e-03 3.732129989657551050e-04 8.867736323736608028e-05 4.957553392159752548e-05 6.654293974861502647e-04
4.349539875984191895e-01 2.068134307861328125e+00 8.006888628005981445e-02 1.216028910130262375e-02 4.971226677298545837e-03 4.095434211194515228e-03 2.035115845501422882e-03 8.033351041376590729e-04 1.140420907177031040e-03 6.048640934750437737e-04 2.750241663306951523e-03 2.502215802669525146e-01 7.330511510372161865e-02 1.273995079100131989e-02 6.622001528739929199e-03 4.410467110574245453e-03 2.791195875033736229e-03 4.243499599397182465e-03 1.214138604700565338e-02 2.180661261081695557e-02 5.323014222085475922e-03 1.258138380944728851e-02 1.359054073691368103e-02 1.365669723600149155e-02 1.516675762832164764e-02 2.025454677641391754e-02 2.710547298192977905e-02 3.860419243574142456e-02 5.611794814467430115e-02 7.695740461349487305e-02 1.013262942433357239e-01 9.516948461532592773e-02 8.563973009586334229e-02 7.300899177789688110e-02 6.084660068154335022e-02 4.710169136524200439e-02 4.810979962348937988e-02 3.883836790919303894e-02 2.949552610516548157e-02 2.729134261608123779e-02 2.291342802345752716e-02 2.195362746715545654e-02 1.847670786082744598e-02 1.388772204518318176e-02 7.257319055497646332e-03 5.138194654136896133e-03 3.529424080625176430e-03 2.811148064211010933e-03 1.924854004755616188e-03 1.827193656936287880e-03 1.148821786046028137e-03 1.294577214866876602e-02 5.534086842089891434e-03 1.445478200912475586e-02 1.710631325840950012e-02 1.974209211766719818e-02 2.343533374369144440e-02 2.622967958450317383e-02 2.892531640827655792e-02 3.529739007353782654e-02 3.649976849555969238e-02 3.927731513977050781e-02 3.978976607322692871e-02 3.945793211460113525e-02 4.557273164391517639e-02 4.466648399829864502e-02 4.399966448545455933e-02 4.183328524231910706e-02 4.673520475625991821e-02 5.123493075370788574e-02 5.130528658628463745e-02 5.062376707792282104e-02 5.371634289622306824e-02 5.073507875204086304e-02 3.690511360764503479e-02 3.230352327227592468e-02 3.069475293159484863e-02 2.687234804034233093e-02 2.133826166391372681e-02 1.684273593127727509e-02 1.107342354953289032e-02 8.936447091400623322e-03 7.133406121283769608e-03 1.727433060295879841e-03
7.628511786460876465e-01 9.299296140670776367e-01 3.986659049987792969e-01 2.877109125256538391e-02 4.926187917590141296e-03 1.876258524134755135e-03 2.422715333523228765e-04 9.960051829693838954e-05 1.133292354643344879e-02 4.630078328773379326e-04 4.016323946416378021e-03 1.516512185335159302e-01 2.975848317146301270e-01 1.028927266597747803e-01 2.814926207065582275e-02 2.998244762420654297e-02 3.456407226622104645e-03 1.730087958276271820e-02 1.368699669837951660e-01 8.893787860870361328e-02 4.845071956515312195e-02 6.107575818896293640e-02 7.260967791080474854e-02 7.511494308710098267e-02 8.166704326868057251e-02 6.160695850849151611e-02 5.205697566270828247e-02 5.965712293982505798e-02 7.721821963787078857e-02 6.419208645820617676e-02 5.905862152576446533e-02 5.472375825047492981e-02 5.302157625555992126e-02 3.687552362680435181e-02 1.933326944708824158e-02 1.005875505506992340e-02 9.360654279589653015e-03 5.437650252133607864e-03 3.822506405413150787e-03 4.584315698593854904e-03 3.394493367522954941e-03 4.324098117649555206e-03 3.459996543824672699e-03 5.134361796081066132e-03 7.693467196077108383e-03 1.453270297497510910e-02 2.269904874265193939e-02 1.730626262724399567e-02 5.953598767518997192e-03 1.672570942901074886e-03 4.558294021990150213e-04 3.447434166446328163e-03 2.330024167895317078e-02 3.603205829858779907e-02 2.123554982244968414e-02 1.747226528823375702e-02 4.563767835497856140e-02 7.176711410284042358e-02 6.589875370264053345e-02 6.221174076199531555e-02 7.616568356752395630e-02 7.798810303211212158e-02 6.447832286357879639e-02 5.266354978084564209e-02 4.376411065459251404e-02 3.930721059441566467e-02 3.944090753793716431e-02 3.658120706677436829e-02 3.006500005722045898e-02 2.399564906954765320e-02 2.225219272077083588e-02 1.857235655188560486e-02 1.369462255388498306e-02 1.125844847410917282e-02 9.488968178629875183e-03 9.652277454733848572e-03 1.049394719302654266e-02 1.096951682120561600e-02 1.614515483379364014e-02 2.520700730383396149e-02 1.563189737498760223e-02 7.282502949237823486e-03 1.262503908947110176e-03 8.344908565049991012e-05
4.146184623241424561e-01 1.811145305633544922e+00 4.183068275451660156e-01 5.821307748556137085e-02 1.529689505696296692e-02 6.506237201392650604e-03 3.194619901478290558e-03 3.472240408882498741e-03 1.399406045675277710e-02 2.290369942784309387e-03 1.885837060399353504e-03 3.888671519234776497e-03 6.657738983631134033e-02 6.333517283201217651e-02 2.460115030407905579e-02 1.632409170269966125e-02 8.229467784985899925e-04 4.414167720824480057e-03 4.827227443456649780e-02 2.284024283289909363e-02 5.353384464979171753e-02 8.390223234891891479e-02 1.186134070158004761e-01 1.643157005310058594e-01 1.674052327871322632e-01 1.302853673696517944e-01 8.510988205671310425e-02 5.762610584497451782e-02 4.263327270746231079e-02 2.876281738281250000e-02 1.985450088977813721e-02 1.334760244935750961e-02 9.938157163560390472e-03 6.728333886712789536e-03 4.671958275139331818e-03 2.907745307311415672e-03 2.814544131979346275e-03 1.673655700869858265e-03 1.135600497946143150e-03 1.061568269506096840e-03 4.792260588146746159e-04 6.352224154397845268e-04 2.974506351165473461e-04 3.252127207815647125e-04 1.288952771574258804e-04 1.090652367565780878e-04 1.540133380331099033e-04 7.667616591788828373e-05 6.081213359721004963e-05 3.833808295894414186e-05 1.057602275977842510e-05 1.362985000014305115e-03 1.016686297953128815e-02 1.966479234397411346e-02 2.318594790995121002e-02 2.212768420577049255e-02 2.347017824649810791e-02 2.645658329129219055e-02 2.786649949848651886e-02 2.842372283339500427e-02 2.913760393857955933e-02 2.885337360203266144e-02 3.012910671532154083e-02 3.194620087742805481e-02 3.389417007565498352e-02 3.628170862793922424e-02 4.158360138535499573e-02 4.551920294761657715e-02 4.678105562925338745e-02 4.663563519716262817e-02 4.686566442251205444e-02 4.786443710327148438e-02 5.416443943977355957e-02 5.882912874221801758e-02 5.624130740761756897e-02 4.922015219926834106e-02 4.222080484032630920e-02 3.256027027964591980e-02 2.288254722952842712e-02 1.607357151806354523e-02 1.102087739855051041e-02 6.157228257507085800e-03 2.717376919463276863e-03 1.058263354934751987e-03
1.437811851501464844e+00 8.447228670120239258e-01 4.228421151638031006e-01 3.790494799613952637e-02 7.807563990354537964e-03 1.478725927881896496e-03 0.000000000000000000e+00 0.000000000000000000e+00 2.995577233377844095e-05 0.000000000000000000e+00 0.000000000000000000e+00 0.000000000000000000e+00 0.000000000000000000e+00 5.446504655992612243e-05 0.000000000000000000e+00 2.178601789637468755e-05 0.000000000000000000e+00 1.007603277685120702e-04 4.670377820730209351e-03 2.425546199083328247e-01 6.508572841994464397e-04 3.669309988617897034e-02 3.598378300666809082e-01 2.617226839065551758e-01 1.478971093893051147e-01 6.467542797327041626e-02 2.525997906923294067e-02 8.102582767605781555e-03 5.894933361560106277e-03 6.449569016695022583e-03 8.053564466536045074e-03 9.301722049713134766e-03 9.107463061809539795e-03 8.333152160048484802e-03 8.390340022742748260e-03 8.782488293945789337e-03 1.015319209545850754e-02 9.752874262630939484e-03 6.831732112914323807e-03 2.853060606867074966e-03 1.126518705859780312e-03 4.538753637461923063e-05 1.089300894818734378e-05 9.985257747757714242e-06 0.000000000000000000e+00 4.538753728411393240e-06 5.446504474093671888e-06 3.631002982729114592e-06 3.631002982729114592e-06 0.000000000000000000e+00 0.000000000000000000e+00 4.629528848454356194e-05 6.263479735935106874e-05 9.077507274923846126e-05 9.168282122118398547e-05 1.016680835164152086e-04 2.884831745177507401e-03 2.520914562046527863e-02 1.929950714111328125e-01 1.923233270645141602e-01 1.275762021541595459e-01 9.358365833759307861e-02 6.866680830717086792e-02 4.249453544616699219e-02 3.167868405580520630e-02 2.364145964384078979e-02 1.870420388877391815e-02 1.761762611567974091e-02 1.717192120850086212e-02 1.414820272475481033e-02 1.035380456596612930e-02 9.702947922050952911e-03 9.772844612598419189e-03 1.074141450226306915e-02 1.233814842998981476e-02 1.290639955550432205e-02 1.412278600037097931e-02 1.373517606407403946e-02 1.600182987749576569e-02 1.322138961404561996e-02 5.690689198672771454e-03 1.695678336545825005e-03 6.599347689189016819e-04 1.452401193091645837e-05
3.491766154766082764e-01 1.260081291198730469e+00 1.005831718444824219e+00 1.906872242689132690e-01 1.438104063272476196e-01 2.132106572389602661e-02 3.353994106873869896e-03 5.183924455195665359e-03 3.941997420042753220e-03 2.238632645457983017e-03 2.109430170094128698e-05 0.000000000000000000e+00 1.212922361446544528e-04 9.228756971424445510e-05 1.054715085047064349e-05 2.214901760453358293e-04 0.000000000000000000e+00 1.028347178362309933e-04 8.825329132378101349e-03 4.978255368769168854e-03 3.214068338274955750e-02 9.306278824806213379e-02 1.797937601804733276e-02 3.998073562979698181e-02 7.364460080862045288e-02 1.252368688583374023e-01 1.237769722938537598e-01 8.540204167366027832e-02 8.791577816009521484e-02 5.409897491335868835e-02 4.777683690190315247e-02 3.602730855345726013e-02 2.925779670476913452e-02 2.369065955281257629e-02 2.319845929741859436e-02 1.216174382716417313e-02 1.823338679969310760e-02 1.355133112519979477e-02 9.958268143236637115e-03 9.080218151211738586e-03 6.359932012856006622e-03 5.997813306748867035e-03 4.929914139211177826e-03 4.564279690384864807e-03 2.808179007843136787e-03 2.688644686713814735e-03 2.519011264666914940e-03 2.056694356724619865e-03 1.621624454855918884e-03 1.309604616835713387e-03 1.035378663800656796e-03 7.934094406664371490e-03 8.004408329725265503e-03 7.399354130029678345e-02 1.270826160907745361e-01 1.441848278045654297e-01 1.401751488447189331e-01 7.431522756814956665e-02 3.720419481396675110e-02 1.977942325174808502e-02 1.030368730425834656e-02 6.509350147098302841e-03 6.896957755088806152e-03 5.964413750916719437e-03 5.482760723680257797e-03 7.448925636708736420e-03 1.025886181741952896e-02 1.343882828950881958e-02 1.646761782467365265e-02 1.913429051637649536e-02 2.259727194905281067e-02 2.578075230121612549e-02 2.891413494944572449e-02 3.218023851513862610e-02 3.114573657512664795e-02 2.786820940673351288e-02 2.692951261997222900e-02 2.640742994844913483e-02 2.597587555646896362e-02 1.551222242414951324e-02 6.906626280397176743e-03 2.779174363240599632e-03 3.436613478697836399e-04 1.406286810379242525e-05
1.553822159767150879e-01 2.654602289199829102e+00 1.715216785669326782e-01 2.287084003910422325e-03 8.321041823364794254e-04 3.631437430158257484e-04 1.779644662747159600e-04 1.659398403717204928e-04 4.328865325078368187e-04 2.188482030760496855e-04 3.030205843970179558e-04 2.020137326326221228e-04 4.713653470389544964e-04 8.032449986785650253e-04 1.635349181015044451e-04 3.920028393622487783e-04 3.366895543877035379e-05 3.703584952745586634e-04 3.145642345771193504e-03 8.131052367389202118e-03 6.373052019625902176e-04 6.733791087754070759e-04 1.123901805840432644e-03 2.379272831603884697e-03 5.429519806057214737e-03 8.341884240508079529e-03 1.268998906016349792e-02 2.771435864269733429e-02 5.972391366958618164e-02 8.890607953071594238e-02 1.075129881501197815e-01 1.002597287297248840e-01 8.333787322044372559e-02 7.034727185964584351e-02 5.963974073529243469e-02 5.164096131920814514e-02 4.774418100714683533e-02 4.171423241496086121e-02 3.621817380189895630e-02 3.403370082378387451e-02 3.082312643527984619e-02 2.833402901887893677e-02 2.437071129679679871e-02 1.978291571140289307e-02 1.439508143812417984e-02 1.108029205352067947e-02 8.501410484313964844e-03 6.273648235946893692e-03 4.279965534806251526e-03 2.942826831713318825e-03 1.861412194557487965e-03 7.286122068762779236e-03 3.305970691144466400e-03 6.064420100301504135e-03 8.502212353050708771e-03 1.111476309597492218e-02 1.438546180725097656e-02 1.746536977589130402e-02 2.004184573888778687e-02 2.126354724168777466e-02 2.156977541744709015e-02 2.243153937160968781e-02 2.385605685412883759e-02 2.630667574703693390e-02 2.783380448818206787e-02 2.933688275516033173e-02 3.167366608977317810e-02 3.565221652388572693e-02 4.189379885792732239e-02 4.728483781218528748e-02 5.060203373432159424e-02 5.224539712071418762e-02 5.368674919009208679e-02 5.658548697829246521e-02 6.121897697448730469e-02 6.395818293094635010e-02 6.048306822776794434e-02 5.242015793919563293e-02 4.329907521605491638e-02 3.535961732268333435e-02 2.753158472478389740e-02 1.852754503488540649e-02 9.743154048919677734e-03 4.356121178716421127e-03
1.088300254195928574e-03 1.768234074115753174e-01 2.667088270187377930e+00 9.413245320320129395e-02 2.476821187883615494e-03 5.011037574149668217e-04 8.830022125039249659e-05 2.030905015999451280e-04 9.426048491150140762e-04 8.035320206545293331e-04 1.168874092400074005e-02 3.609050810337066650e-02 6.615893915295600891e-03 6.490066298283636570e-04 4.437086172401905060e-04 9.713025065138936043e-05 4.415011062519624829e-06 1.324503318755887449e-05 2.075055090244859457e-04 4.194260327494703233e-05 2.126563631463795900e-04 3.509933885652571917e-04 8.746872656047344208e-03 6.707284599542617798e-02 8.661368489265441895e-02 9.756291657686233521e-02 3.741868957877159119e-02 2.442016266286373138e-02 1.944665238261222839e-02 2.689256891608238220e-02 5.514348670840263367e-02 9.532671421766281128e-02 7.688594609498977661e-02 5.417659878730773926e-02 4.179323092103004456e-02 3.189183399081230164e-02 3.314495831727981567e-02 4.469462856650352478e-02 5.199043452739715576e-02 4.904709383845329285e-02 4.105960205197334290e-02 2.679396606981754303e-02 1.550184004008769989e-02 7.888153195381164551e-03 3.523914609104394913e-03 1.523178769275546074e-03 5.791022558696568012e-04 1.743929315125569701e-04 7.211184856714680791e-05 2.649006637511774898e-05 1.177336253022076562e-05 1.250919831363717094e-05 2.207505531259812415e-06 3.024282632395625114e-04 4.951434675604104996e-03 6.707873661071062088e-03 3.688741708174347878e-03 4.811626393347978592e-03 6.938925478607416153e-03 1.001471653580665588e-02 1.224797684699296951e-02 1.703826338052749634e-02 2.018175087869167328e-02 2.561000734567642212e-02 3.664238378405570984e-02 4.466887563467025757e-02 2.935982309281826019e-02 2.411111071705818176e-02 5.448050051927566528e-02 1.218167766928672791e-01 1.436644643545150757e-01 1.409882307052612305e-01 1.243657097220420837e-01 8.278071880340576172e-02 4.580868408083915710e-02 1.987932249903678894e-02 1.169242057949304581e-02 4.482707940042018890e-03 1.856512157246470451e-03 5.879322998225688934e-04 2.244297211291268468e-04 7.358352013397961855e-05 5.150846391188679263e-06 1.471670384489698336e-05
5.119449645280838013e-02 2.491424560546875000e+00 3.545246720314025879e-01 6.777152419090270996e-02 2.080737240612506866e-02 4.328720271587371826e-03 1.032990170642733574e-03 1.537187636131420732e-04 0.000000000000000000e+00 0.000000000000000000e+00 0.000000000000000000e+00 0.000000000000000000e+00 0.000000000000000000e+00 2.459500319673679769e-05 6.148750799184199423e-06 2.398012729827314615e-04 0.000000000000000000e+00 9.223125380231067538e-05 1.924559008330106735e-03 6.474634632468223572e-03 4.509083810262382030e-04 1.002246397547423840e-03 1.756493118591606617e-03 5.777775775641202927e-03 8.042565546929836273e-03 1.178715471178293228e-02 1.947104372084140778e-02 2.768987417221069336e-02 4.724289849400520325e-02 5.647217482328414917e-02 5.645167827606201172e-02 7.882492989301681519e-02 1.730606853961944580e-01 1.855200976133346558e-01 1.572358459234237671e-01 1.004746854305267334e-01 3.488801047205924988e-02 1.065168529748916626e-02 4.892355762422084808e-03 3.381812712177634239e-03 1.943005132488906384e-03 1.619171001948416233e-03 1.084229676052927971e-03 1.110874232836067677e-03 5.328917177394032478e-04 6.189742125570774078e-04 5.185446352697908878e-04 5.800321232527494431e-04 3.279333759564906359e-04 3.279333759564906359e-04 8.608250936958938837e-05 6.175395101308822632e-03 6.614006124436855316e-03 4.410703666508197784e-03 3.642109921202063560e-03 4.545976407825946808e-03 1.386748254299163818e-02 2.467288635671138763e-02 3.859160840511322021e-02 4.633903503417968750e-02 5.799706652760505676e-02 8.269249647855758667e-02 9.471125155687332153e-02 1.015732586383819580e-01 1.201650351285934448e-01 1.306302100419998169e-01 9.859931468963623047e-02 6.355348229408264160e-02 6.913450360298156738e-02 2.464829199016094208e-02 4.082770552486181259e-03 2.295533660799264908e-03 1.963501097634434700e-03 1.434708479791879654e-03 1.024791738018393517e-03 6.312717450782656670e-04 6.784121505916118622e-04 6.210238207131624222e-04 4.939496284350752831e-04 2.213550178566947579e-04 1.393716811435297132e-04 2.254541868751402944e-05 2.049583599728066474e-06 0.000000000000000000e+00
2.799964547157287598e-01 1.885124087333679199e+00 6.512871980667114258e-01 3.403127426281571388e-03 1.417086226865649223e-03 5.230144015513360500e-04 2.897782251238822937e-04 8.127926412271335721e-05 1.109638717025518417e-03 3.321848344057798386e-04 2.247548196464776993e-03 1.610071510076522827e-01 4.767205566167831421e-03 1.219188910908997059e-03 3.321848344057798386e-04 6.855729152448475361e-04 8.127926412271335721e-05 4.063963133376091719e-04 2.897782484069466591e-03 2.791766077280044556e-03 1.038960996083915234e-03 3.675236366689205170e-04 5.465736030600965023e-04 7.044203230179846287e-04 1.182672218419611454e-03 2.313514240086078644e-03 4.159377887845039368e-03 6.118325982242822647e-03 9.426038712263107300e-03 2.871631830930709839e-02 6.875518709421157837e-02 9.439938515424728394e-02 9.416850656270980835e-02 1.038784310221672058e-01 9.588361531496047974e-02 7.929439842700958252e-02 6.356156617403030396e-02 5.004328861832618713e-02 3.858526796102523804e-02 3.442942723631858826e-02 2.809906564652919769e-02 2.812262624502182007e-02 2.958683110773563385e-02 3.000971861183643341e-02 1.836793683469295502e-02 1.291162334382534027e-02 1.073710899800062180e-02 1.017168816179037094e-02 1.217539794743061066e-02 1.238625310361385345e-02 9.414259344339370728e-03 2.044468000531196594e-02 8.615601807832717896e-03 1.926200836896896362e-02 3.537650406360626221e-02 5.487999692559242249e-02 7.296875119209289551e-02 6.753482669591903687e-02 4.358099773526191711e-02 3.707041218876838684e-02 4.117913916707038879e-02 4.240421578288078308e-02 3.924375027418136597e-02 3.855699673295021057e-02 3.375563398003578186e-02 3.476632386445999146e-02 3.640839830040931702e-02 3.829902410507202148e-02 3.946991637349128723e-02 3.624466061592102051e-02 3.182848915457725525e-02 3.134552389383316040e-02 3.518685325980186462e-02 3.066466376185417175e-02 2.754895947873592377e-02 3.220543637871742249e-02 3.409606218338012695e-02 2.538740262389183044e-02 1.425096485763788223e-02 9.802985936403274536e-03 4.790764767676591873e-03 1.934210886247456074e-03 8.198604336939752102e-04 5.206585046835243702e-04
5.185319185256958008e-01 1.932696104049682617e+00 2.687673568725585938e-01 2.274980023503303528e-02 8.044211193919181824e-03 3.315820824354887009e-03 9.553429554216563702e-04 1.929272431880235672e-03 7.836042903363704681e-03 4.029539879411458969e-03 2.286503836512565613e-02 4.415022581815719604e-02 6.686285138130187988e-02 2.347095496952533722e-02 1.237856969237327576e-02 4.951427225023508072e-03 1.661627553403377533e-03 4.843626171350479126e-03 2.265686914324760437e-02 2.730347961187362671e-02 4.365954548120498657e-02 9.847591072320938110e-02 1.085522398352622986e-01 8.601804077625274658e-02 6.611692160367965698e-02 9.682667255401611328e-02 1.093564108014106750e-01 6.093130633234977722e-02 4.362361133098602295e-02 2.301001176238059998e-02 2.352547645568847656e-02 2.663436718285083771e-02 4.464710503816604614e-02 5.032092705368995667e-02 2.952765673398971558e-02 1.646634563803672791e-02 1.163263246417045593e-02 1.158678624778985977e-02 1.066118199378252029e-02 8.180511184036731720e-03 3.413709346204996109e-03 1.898295013234019279e-03 1.392743899486958981e-03 1.392743899486958981e-03 1.926794182509183884e-03 2.390216104686260223e-03 2.963917562738060951e-03 4.149732179939746857e-03 5.567258223891258240e-03 4.392595030367374420e-03 6.938937585800886154e-04 6.443299207603558898e-05 0.000000000000000000e+00 4.956383691023802385e-06 1.239095922755950596e-06 2.478191845511901192e-06 1.424960355507209897e-04 6.926546338945627213e-04 1.023493241518735886e-03 1.018536859191954136e-03 1.023493241518735886e-03 8.946273010224103928e-04 1.199444872327148914e-03 1.076774438843131065e-03 1.551348133943974972e-03 3.298473544418811798e-03 6.615533493459224701e-03 1.492986734956502914e-02 2.798374369740486145e-02 4.837182909250259399e-02 1.173361912369728088e-01 1.594022661447525024e-01 1.786553263664245605e-01 1.527668982744216919e-01 8.686558157205581665e-02 6.966445595026016235e-02 3.423745930194854736e-02 2.768264338374137878e-02 1.643660850822925568e-02 1.173176057636737823e-02 6.201675161719322205e-03 3.325733589008450508e-03 3.908108454197645187e-03 2.195430174469947815e-02
1.283926665782928467e-01 2.144967079162597656e+00 4.512826204299926758e-01 8.311445266008377075e-02 4.202266409993171692e-02 4.639273509383201599e-03 7.673419313505291939e-04 6.994133000262081623e-04 3.675693646073341370e-03 6.138735916465520859e-04 1.491914037615060806e-03 1.162082795053720474e-02 3.578832373023033142e-02 1.762622222304344177e-02 9.042055346071720123e-03 8.629451505839824677e-03 3.700852394104003906e-03 6.126156076788902283e-03 3.142327815294265747e-02 1.437571085989475250e-02 1.389182452112436295e-02 2.049851231276988983e-02 3.071212768554687500e-02 2.883360721170902252e-02 3.134277462959289551e-02 3.233905881643295288e-02 4.137272760272026062e-02 5.763199180364608765e-02 9.362242370843887329e-02 1.330210268497467041e-01 1.540143340826034546e-01 1.177983060479164124e-01 7.994864135980606079e-02 5.372651293873786926e-02 3.363892808556556702e-02 2.083563990890979767e-02 1.531748659908771515e-02 1.073272339999675751e-02 7.379062008112668991e-03 4.954596981406211853e-03 2.481491537764668465e-03 2.568708499893546104e-03 1.613514614291489124e-03 1.668025273829698563e-03 9.602257050573825836e-04 8.939743274822831154e-04 9.778367821127176285e-04 7.228947943076491356e-04 5.518152611330151558e-04 4.637596430256962776e-04 4.344077897258102894e-04 5.051038693636655807e-03 1.409896463155746460e-02 1.705092377960681915e-02 2.455661818385124207e-02 2.296155318617820740e-02 1.709369383752346039e-02 2.111657895147800446e-02 2.077022753655910492e-02 2.340099401772022247e-02 2.631437778472900391e-02 2.578855864703655243e-02 2.552355453372001648e-02 2.716558240354061127e-02 2.957159653306007385e-02 3.224597126245498657e-02 3.534385189414024353e-02 3.941956907510757446e-02 4.834002628922462463e-02 5.992311611771583557e-02 6.139574199914932251e-02 6.220249831676483154e-02 6.312666088342666626e-02 5.861569941043853760e-02 5.673046782612800598e-02 5.387075617909431458e-02 5.144713073968887329e-02 4.294850677251815796e-02 2.749264612793922424e-02 1.017168350517749786e-02 1.137175597250461578e-03 1.216006348840892315e-04 2.180425144615583122e-05 3.186775211361236870e-05
1.840705573558807373e-01 2.212342262268066406e+00 4.994263350963592529e-01 3.077287692576646805e-03 9.150576079264283180e-04 3.646295517683029175e-04 1.579287200001999736e-04 7.199691026471555233e-05 7.617737865075469017e-04 1.788310473784804344e-04 9.475722908973693848e-04 4.014873132109642029e-02 4.186040163040161133e-02 1.277364674024283886e-03 2.972775837406516075e-04 3.088899829890578985e-04 4.412714406498707831e-05 1.532837632112205029e-04 5.297579336911439896e-03 8.298225700855255127e-03 1.300589414313435555e-03 1.346264965832233429e-03 1.518360804766416550e-02 2.488615959882736206e-01 2.016130387783050537e-01 1.031785458326339722e-01 3.628644719719886780e-02 2.565567567944526672e-02 2.760501019656658173e-02 2.463610656559467316e-02 2.138772979378700256e-02 2.490009367465972900e-02 5.255929753184318542e-02 4.002951085567474365e-02 2.206434495747089386e-02 1.212722249329090118e-02 1.185007300227880478e-02 1.216902676969766617e-02 1.617143675684928894e-02 1.683798804879188538e-02 1.235327683389186859e-02 1.289828587323427200e-02 1.177575346082448959e-02 1.026304438710212708e-02 6.091094110161066055e-03 4.627156537026166916e-03 3.797256620600819588e-03 3.004516474902629852e-03 2.028300194069743156e-03 1.864952384494245052e-03 9.584105573594570160e-04 1.457434333860874176e-02 1.194993965327739716e-02 1.802245341241359711e-02 1.369644515216350555e-02 1.289751194417476654e-02 1.359890121966600418e-02 1.383037492632865906e-02 1.303763501346111298e-02 1.328381802886724472e-02 1.010588929057121277e-02 1.409436389803886414e-02 1.415474805980920792e-02 1.667928509414196014e-02 3.185128048062324524e-02 5.821995809674263000e-02 6.625806540250778198e-02 5.151650309562683105e-02 3.242028877139091492e-02 3.031999059021472931e-02 3.331753984093666077e-02 3.857563808560371399e-02 5.079885572195053101e-02 7.321467250585556030e-02 8.536666631698608398e-02 6.620464473962783813e-02 8.314559608697891235e-02 7.092005759477615356e-02 5.832756683230400085e-02 3.265408566221594810e-03 5.806203116662800312e-04 1.641220005694776773e-04 8.128683839458972216e-05 9.986668737838044763e-05
1.004117131233215332e+00 1.599426507949829102e+00 1.157611757516860962e-01 1.675858534872531891e-02 1.220500853378325701e-04 1.005248865112662315e-03 2.441001743136439472e-05 3.772457421291619539e-05 3.337515052407979965e-03 9.542096813675016165e-05 2.396619878709316254e-03 7.838722318410873413e-02 1.291511859744787216e-02 2.387743443250656128e-03 4.682285361923277378e-04 1.065164338797330856e-03 8.876369975041598082e-06 5.015148781239986420e-04 3.950872272253036499e-02 1.216750591993331909e-01 2.369251102209091187e-02 1.405425246048253030e-05 1.013385553960688412e-04 4.662313498556613922e-03 5.956340208649635315e-02 2.166522145271301270e-01 2.254634946584701538e-01 7.579754292964935303e-02 2.733552083373069763e-02 2.657363191246986389e-02 3.854267671704292297e-02 3.334852308034896851e-02 3.759438544511795044e-02 1.562463026493787766e-02 2.292396500706672668e-02 6.918390747159719467e-03 3.405789285898208618e-02 2.825496532022953033e-02 1.013533491641283035e-02 2.421917580068111420e-02 8.071579039096832275e-03 1.413413975387811661e-02 1.883713714778423309e-02 1.694572903215885162e-02 9.721104055643081665e-03 9.085704572498798370e-03 5.504828877747058868e-03 1.810039742849767208e-03 9.904549224302172661e-04 4.667491302825510502e-04 2.662910846993327141e-04 2.690279856324195862e-03 6.489070504903793335e-02 1.074654683470726013e-01 6.402673572301864624e-02 5.902859941124916077e-02 1.025886461138725281e-01 5.171447247266769409e-02 1.710254512727260590e-02 3.224341431632637978e-03 2.569709205999970436e-03 2.986158709973096848e-03 3.314584493637084961e-03 4.823567345738410950e-03 6.265237927436828613e-03 5.265166983008384705e-03 4.560974892228841782e-03 4.660094156861305237e-03 3.667420241981744766e-03 3.685172880068421364e-03 4.560234956443309784e-03 5.979714449495077133e-03 7.968761026859283447e-03 9.904549457132816315e-03 1.385009568184614182e-02 2.406457811594009399e-02 4.506311193108558655e-02 6.324339658021926880e-02 1.129747405648231506e-01 1.112490221858024597e-01 8.575830608606338501e-02 3.513563191518187523e-03 3.032759741472546011e-05 0.000000000000000000e+00
6.672894954681396484e-01 1.990411162376403809e+00 1.352281719446182251e-01 2.384933084249496460e-02 2.212824532762169838e-03 2.606215421110391617e-03 2.950432826764881611e-04 0.000000000000000000e+00 6.736821494996547699e-03 1.475216413382440805e-04 1.966955314856022596e-04 0.000000000000000000e+00 9.883949533104896545e-03 2.994689159095287323e-02 8.359559578821063042e-04 7.621950935572385788e-03 0.000000000000000000e+00 4.622344858944416046e-03 5.256687849760055542e-02 6.554877758026123047e-02 2.835693769156932831e-02 3.863427788019180298e-02 9.861002117395401001e-02 6.456530094146728516e-02 2.543600797653198242e-01 1.322121620178222656e-01 8.149750530719757080e-02 6.584382057189941406e-02 6.812221556901931763e-02 4.966561868786811829e-02 2.881589345633983612e-02 1.171977445483207703e-02 1.011342741549015045e-02 6.441778037697076797e-03 4.966561682522296906e-03 2.327563706785440445e-03 6.474560592323541641e-03 2.868476323783397675e-03 1.803042250685393810e-03 3.458562772721052170e-03 7.212169002741575241e-04 3.917519003152847290e-03 1.901390030980110168e-03 2.901258878409862518e-03 9.506950154900550842e-04 1.622737967409193516e-03 2.245607087388634682e-03 1.557172858156263828e-03 6.884342874400317669e-04 1.344086020253598690e-03 1.475216413382440805e-04 2.114476822316646576e-02 4.053566604852676392e-02 3.588053956627845764e-02 1.814516074955463409e-02 1.090020965784788132e-02 1.262129563838243484e-02 1.142473146319389343e-02 1.663716323673725128e-02 2.920928411185741425e-02 4.663322865962982178e-02 7.446564733982086182e-02 1.038716211915016174e-01 5.100970342755317688e-02 5.145226791501045227e-02 3.842119127511978149e-02 2.557041682302951813e-02 5.258326604962348938e-02 8.631654828786849976e-02 6.572908163070678711e-02 4.835431277751922607e-02 4.551862180233001709e-02 3.438893333077430725e-02 4.992787912487983704e-02 4.673157632350921631e-02 3.606084501370787621e-03 6.556517473654821515e-05 0.000000000000000000e+00 0.000000000000000000e+00 0.000000000000000000e+00 0.000000000000000000e+00 0.000000000000000000e+00 0.000000000000000000e+00 0.000000000000000000e+00
4.311556816101074219e-01 2.276945590972900391e+00 9.380862861871719360e-02 1.387527678161859512e-02 2.548234537243843079e-03 1.008092658594250679e-03 0.000000000000000000e+00 4.200386320007964969e-05 6.510599516332149506e-03 9.800901170819997787e-05 7.980733644217252731e-04 2.506230492144823074e-03 3.321105614304542542e-02 2.345215715467929840e-02 1.317521184682846069e-02 8.232757449150085449e-03 1.540141645818948746e-03 3.612332511693239212e-03 4.275993257761001587e-02 4.472011327743530273e-02 3.575462102890014648e-02 7.994735240936279297e-02 3.792715668678283691e-01 3.102825582027435303e-01 3.813484311103820801e-02 8.368102833628654480e-03 5.885208025574684143e-03 4.536417312920093536e-03 3.743011038750410080e-03 6.127897184342145920e-03 5.245815962553024292e-03 5.315822549164295197e-03 8.340100757777690887e-03 1.085566543042659760e-02 2.285476960241794586e-02 3.405113145709037781e-02 2.525365725159645081e-02 1.065964717417955399e-02 3.504989203065633774e-03 1.045429497025907040e-03 6.533934356411918998e-05 4.200386320007964969e-05 3.733676931005902588e-05 6.533934356411918998e-05 2.800257607304956764e-05 3.733676931005902588e-05 2.333548036403954029e-05 5.600515214609913528e-05 9.334192327514756471e-06 3.266967178205959499e-05 2.333548036403954029e-05 4.013702564407140017e-04 4.200386320007964969e-05 9.800901898415759206e-05 1.353457919321954250e-04 1.680154528003185987e-04 1.633483625482767820e-04 1.726825576042756438e-04 1.736159669235348701e-03 1.116369385272264481e-02 1.758095063269138336e-02 1.312854140996932983e-02 1.816900447010993958e-02 1.226512808352708817e-02 1.224179286509752274e-02 1.879906281828880310e-02 2.555235102772712708e-02 2.710649371147155762e-02 3.333706781268119812e-02 2.959405630826950073e-02 2.846928499639034271e-02 2.434357255697250366e-02 2.497829869389533997e-02 5.326556786894798279e-02 1.367319077253341675e-01 1.906882077455520630e-01 1.578738540410995483e-01 8.109545707702636719e-02 7.678306102752685547e-02 2.744252560660243034e-03 1.050096587277948856e-03 4.760437877848744392e-04 4.667096072807908058e-05 0.000000000000000000e+00
7.362440824508666992e-01 1.208956480026245117e+00 3.920590281486511230e-01 6.439381837844848633e-02 6.065799854695796967e-03 8.877462707459926605e-03 4.480738425627350807e-05 3.024498582817614079e-04 2.776937559247016907e-02 3.836632240563631058e-04 5.402090027928352356e-03 6.585845351219177246e-02 7.209788262844085693e-02 2.653157338500022888e-02 4.305429756641387939e-02 8.591815829277038574e-03 1.378667168319225311e-02 1.675796136260032654e-02 9.736644476652145386e-02 2.054558694362640381e-01 3.016283735632896423e-02 2.853577025234699249e-02 1.520575881004333496e-01 1.438699811697006226e-01 1.087839305400848389e-01 7.845772802829742432e-02 5.218099802732467651e-02 3.989444300532341003e-02 4.141415655612945557e-02 3.665897622704505920e-02 2.528163231909275055e-02 2.237848751246929169e-02 2.336891740560531616e-02 2.416144870221614838e-02 2.512854151427745819e-02 2.160182595252990723e-02 2.255118265748023987e-02 2.800741605460643768e-02 3.003214858472347260e-02 2.029587887227535248e-02 1.420114003121852875e-02 1.054187025874853134e-02 8.307102136313915253e-03 5.305941216647624969e-03 1.744687557220458984e-03 1.075377222150564194e-03 9.288197616115212440e-04 7.598585798405110836e-04 5.843629478476941586e-04 4.126013373024761677e-04 2.697777817957103252e-04 1.044572098180651665e-03 2.128350752172991633e-04 4.591823555529117584e-03 2.347720228135585785e-02 8.316063880920410156e-02 8.676576614379882812e-02 9.477134793996810913e-02 1.089771613478660583e-01 7.371841371059417725e-02 5.127551779150962830e-02 3.338523581624031067e-02 2.220299281179904938e-02 1.526998355984687805e-02 1.428608782589435577e-02 1.334046479314565659e-02 1.393789704889059067e-02 1.268515735864639282e-02 1.253299880772829056e-02 1.442891079932451248e-02 1.642750762403011322e-02 1.735632680356502533e-02 1.854372210800647736e-02 2.030427940189838409e-02 2.341652661561965942e-02 3.034299984574317932e-02 3.518686443567276001e-02 4.292267188429832458e-02 3.962092846632003784e-02 3.616702556610107422e-02 2.342212572693824768e-02 5.030562169849872589e-03 4.561951849609613419e-03 7.676064968109130859e-03
1.703708916902542114e-01 8.253690004348754883e-01 1.810467958450317383e+00 6.736266613006591797e-02 1.901158317923545837e-02 5.077540874481201172e-03 2.662556071300059557e-04 1.354633714072406292e-04 6.670403759926557541e-03 1.588191371411085129e-04 7.473841105820611119e-05 0.000000000000000000e+00 2.844730857759714127e-03 1.814742013812065125e-02 4.059230443090200424e-03 1.234585233032703400e-02 4.437593452166765928e-04 2.386958338320255280e-03 4.568385705351829529e-02 9.122758172452449799e-03 1.981969363987445831e-02 1.283009420149028301e-03 2.282635774463415146e-03 3.436410101130604744e-03 4.777030553668737411e-03 7.571935653686523438e-03 3.136366605758666992e-02 6.450392305850982666e-02 1.037696152925491333e-01 1.217784658074378967e-01 1.190925538539886475e-01 8.848561346530914307e-02 7.378549873828887939e-02 5.892345681786537170e-02 5.313589796423912048e-02 4.280175641179084778e-02 4.512487724423408508e-02 3.387518599629402161e-02 2.779646217823028564e-02 2.920092269778251648e-02 1.671337895095348358e-02 1.821904629468917847e-02 1.093049347400665283e-02 6.583208683878183365e-03 1.504110638052225113e-03 1.057237153872847557e-03 2.181427553296089172e-03 8.034379570744931698e-04 3.160812193527817726e-04 1.946312841027975082e-04 3.736920916708186269e-05 8.650971576571464539e-03 6.087911128997802734e-02 3.784877806901931763e-02 2.569755911827087402e-02 2.276096120476722717e-02 3.102889843285083771e-02 3.654708340764045715e-02 2.268155291676521301e-02 1.702478900551795959e-02 1.806801185011863708e-02 2.199333533644676208e-02 1.922334358096122742e-02 1.987730525434017181e-02 2.486920729279518127e-02 2.387736737728118896e-02 2.622072771191596985e-02 2.969294972717761993e-02 3.457430377602577209e-02 4.133813083171844482e-02 4.848654568195343018e-02 6.043379381299018860e-02 7.708333432674407959e-02 5.851550772786140442e-02 4.139885306358337402e-02 3.613602370023727417e-02 2.930368669331073761e-02 3.329284861683845520e-02 3.001370280981063843e-02 2.625186927616596222e-02 1.916573196649551392e-02 2.388515137135982513e-02 1.829534186981618404e-03 0.000000000000000000e+00
3.522003442049026489e-02 2.291960239410400391e+00 6.677882671356201172e-01 2.531538717448711395e-03 7.911058492027223110e-04 1.265769387828186154e-04 0.000000000000000000e+00 0.000000000000000000e+00 0.000000000000000000e+00 0.000000000000000000e+00 0.000000000000000000e+00 0.000000000000000000e+00 0.000000000000000000e+00 0.000000000000000000e+00 0.000000000000000000e+00 0.000000000000000000e+00 0.000000000000000000e+00 0.000000000000000000e+00 1.582211698405444622e-04 1.423990586772561073e-03 4.219231414026580751e-05 3.480865852907299995e-04 1.497827121056616306e-03 1.196152064949274063e-02 3.709759190678596497e-02 1.076642349362373352e-01 2.397261708974838257e-01 2.095059305429458618e-01 1.183916255831718445e-01 5.956499651074409485e-02 6.080967187881469727e-02 6.487067788839340210e-02 3.871144726872444153e-02 1.731994375586509705e-02 9.725327603518962860e-03 4.746634978801012039e-03 3.259356133639812469e-03 2.151808002963662148e-03 1.909202197566628456e-03 1.540019409731030464e-03 1.445086672902107239e-03 1.118096290156245232e-03 1.054807798936963081e-03 1.107548247091472149e-03 1.202480867505073547e-03 1.244673272594809532e-03 6.856250693090260029e-04 3.164423396810889244e-04 1.687692565610632300e-04 9.493270044913515449e-05 8.438462828053161502e-05 6.328846793621778488e-04 2.109615707013290375e-05 1.582211698405444622e-04 3.269904118496924639e-04 4.430192930158227682e-04 1.033711712807416916e-03 3.438673447817564011e-03 6.856250576674938202e-03 9.873000904917716980e-03 1.617020368576049805e-02 2.431331947445869446e-02 3.681279346346855164e-02 4.014598578214645386e-02 4.698114097118377686e-02 5.115817859768867493e-02 4.925952479243278503e-02 5.222353339195251465e-02 4.856334999203681946e-02 3.929159045219421387e-02 3.108518570661544800e-02 3.033627197146415710e-02 3.173916786909103394e-02 3.492468595504760742e-02 3.911227360367774963e-02 4.283574596047401428e-02 7.027129828929901123e-02 1.143306195735931396e-01 8.252816647291183472e-02 4.455508291721343994e-02 2.512552216649055481e-02 1.171891484409570694e-02 6.887895055115222931e-03 7.478587329387664795e-03
9.714732170104980469e-01 1.260595202445983887e+00 1.153125017881393433e-01 6.011904682964086533e-03 8.333333535119891167e-04 3.050595114473253489e-04 0.000000000000000000e+00 0.000000000000000000e+00 1.681547611951828003e-03 0.000000000000000000e+00 0.000000000000000000e+00 0.000000000000000000e+00 1.123511930927634239e-03 4.233630746603012085e-02 1.331845298409461975e-02 1.105729192495346069e-01 5.766368936747312546e-03 3.453869000077247620e-02 2.790476083755493164e-01 1.570833325386047363e-01 2.084077335894107819e-02 5.027777701616287231e-02 8.562003821134567261e-02 7.541170716285705566e-02 9.201885014772415161e-02 1.095659732818603516e-01 1.141269877552986145e-01 9.509176760911941528e-02 9.145337343215942383e-02 5.716269835829734802e-02 5.270833149552345276e-02 3.809523954987525940e-02 2.848710305988788605e-02 1.990823447704315186e-02 2.351686544716358185e-02 3.025793703272938728e-03 1.374255958944559097e-02 8.179563097655773163e-03 4.258432425558567047e-03 3.581349272280931473e-03 2.648809459060430527e-03 1.671626931056380272e-03 2.088293666020035744e-03 1.426091301254928112e-03 9.250991861335933208e-04 8.606150513514876366e-04 7.862102938815951347e-04 4.737103299703449011e-04 3.447420604061335325e-04 1.934523752424865961e-04 1.016865062410943210e-04 1.406250055879354477e-03 8.373015560209751129e-03 1.005629971623420715e-01 1.629265844821929932e-01 9.351438283920288086e-02 7.230902463197708130e-02 6.294395029544830322e-02 5.225694552063941956e-02 4.350694268941879272e-02 3.847966343164443970e-02 3.481150791049003601e-02 3.014880977571010590e-02 2.764632925391197205e-02 2.627480216324329376e-02 2.660962380468845367e-02 2.813740074634552002e-02 3.322420641779899597e-02 3.848958387970924377e-02 3.169642761349678040e-02 2.467261813580989838e-02 2.068948373198509216e-02 1.696676574647426605e-02 1.391121000051498413e-02 7.698412518948316574e-03 2.668650820851325989e-03 8.531745988875627518e-04 3.521825419738888741e-04 1.364087365800514817e-04 1.116071434807963669e-04 2.728174513322301209e-05 0.000000000000000000e+00 0.000000000000000000e+00 0.000000000000000000e+00
1.126894801855087280e-01 2.612792730331420898e+00 2.705500721931457520e-01 1.884381985291838646e-03 1.326683559454977512e-04 5.405006959335878491e-05 6.633417797274887562e-05 0.000000000000000000e+00 8.353192242793738842e-05 0.000000000000000000e+00 0.000000000000000000e+00 0.000000000000000000e+00 1.474092823627870530e-05 4.397710436023771763e-04 2.456821493979077786e-05 1.400388136971741915e-04 0.000000000000000000e+00 1.474092823627870530e-05 9.016534313559532166e-04 2.112866204697638750e-04 6.248515564948320389e-04 4.749854633701033890e-05 7.077283225953578949e-03 1.633565127849578857e-01 1.502706557512283325e-01 7.060986757278442383e-02 1.419010907411575317e-01 1.743581593036651611e-01 1.301787793636322021e-01 7.918417453765869141e-02 4.032380878925323486e-02 1.690047420561313629e-02 9.355575777590274811e-03 4.774422850459814072e-03 2.670564921572804451e-03 1.658354420214891434e-03 1.454438199289143085e-03 8.516980451531708241e-04 6.166621460579335690e-04 5.650689126923680305e-04 3.341277188155800104e-04 3.595148737076669931e-04 2.317601465620100498e-04 2.972753718495368958e-04 9.581603080732747912e-05 1.277547125937417150e-04 1.179274258902296424e-04 1.261168363271281123e-04 8.107510802801698446e-05 6.142053462099283934e-05 3.275761855547898449e-06 1.384009374305605888e-03 2.631255658343434334e-03 2.709873951971530914e-03 3.993153572082519531e-03 8.583314716815948486e-03 1.887002587318420410e-02 3.872851282358169556e-02 6.679441779851913452e-02 7.079821825027465820e-02 5.940757691860198975e-02 5.081116035580635071e-02 5.023462697863578796e-02 5.843385681509971619e-02 6.527937948703765869e-02 5.168251320719718933e-02 3.022299706935882568e-02 9.975513443350791931e-03 2.585395006462931633e-03 2.081746701151132584e-03 4.543481860309839249e-03 7.145255338400602341e-03 1.409150846302509308e-02 3.219746425747871399e-02 5.394033342599868774e-02 7.802455127239227295e-02 7.789024710655212402e-02 5.988584086298942566e-02 4.784168303012847900e-02 2.560744993388652802e-02 3.810529829934239388e-03 8.336813771165907383e-04 2.784397511277347803e-04 8.598875137977302074e-05
1.889746338129043579e-01 1.630091428756713867e+00 2.970046997070312500e-01 3.480869531631469727e-02 2.342054620385169983e-02 2.775216475129127502e-02 4.505416750907897949e-02 1.123145371675491333e-01 1.671909391880035400e-01 1.017920002341270447e-01 3.390760719776153564e-02 1.285614818334579468e-01 1.677674204111099243e-01 1.357028074562549591e-02 5.799616686999797821e-03 3.001624485477805138e-03 4.544475814327597618e-04 1.260462333448231220e-03 9.499053470790386200e-03 7.774211000651121140e-03 1.777950674295425415e-02 2.684468962252140045e-02 3.892935439944267273e-02 3.643893823027610779e-02 4.377702996134757996e-02 4.085309803485870361e-02 4.326865822076797485e-02 4.292371496558189392e-02 4.459841921925544739e-02 4.048402979969978333e-02 3.801277279853820801e-02 3.350613638758659363e-02 3.210920840501785278e-02 2.686869539320468903e-02 2.458687871694564819e-02 2.564134448766708374e-02 3.352635726332664490e-02 4.106595367193222046e-02 5.028439313173294067e-02 5.883340165019035339e-02 5.950531736016273499e-02 5.213576927781105042e-02 4.173041880130767822e-02 3.323545679450035095e-02 2.262340113520622253e-02 1.476771291345357895e-02 1.063298527151346207e-02 8.226411417126655579e-03 5.707497242838144302e-03 3.812960581853985786e-03 1.998008461669087410e-03 5.291481968015432358e-03 6.875130813568830490e-03 8.479947224259376526e-03 1.220764685422182083e-02 1.623015291988849640e-02 1.997795514762401581e-02 2.290839143097400665e-02 2.557133883237838745e-02 2.807097695767879486e-02 3.045236319303512573e-02 3.602055832743644714e-02 4.305343702435493469e-02 4.734497144818305969e-02 4.977507516741752625e-02 5.128552764654159546e-02 5.603292584419250488e-02 6.262732297182083130e-02 6.439130753278732300e-02 6.545523554086685181e-02 7.382189482450485229e-02 8.069063723087310791e-02 7.057844102382659912e-02 4.713282361626625061e-02 2.348712272942066193e-02 1.509078126400709152e-02 1.241376250982284546e-02 8.270992897450923920e-03 5.390223581343889236e-03 4.568008240312337875e-03 3.680043853819370270e-03 2.601336920633912086e-03 1.903642201796174049e-03 3.610037965700030327e-03
1.424505591392517090e+00 8.131759166717529297e-01 3.065169453620910645e-01 3.373428434133529663e-02 6.760130636394023895e-03 7.537592900916934013e-04 3.081405884586274624e-05 1.896249887067824602e-05 7.893140427768230438e-04 4.977655771654099226e-05 4.503593299887143075e-05 2.370312358834780753e-06 5.285796942189335823e-04 3.263920079916715622e-03 6.044296314939856529e-04 6.338214967399835587e-03 2.322906075278297067e-04 3.377695102244615555e-03 3.160598278045654297e-01 8.321218192577362061e-02 6.193626206368207932e-03 5.669708177447319031e-02 1.317474842071533203e-01 3.031819164752960205e-01 2.114144712686538696e-01 1.119308844208717346e-01 5.682507902383804321e-02 2.822962962090969086e-02 2.312634699046611786e-02 1.585343852639198303e-02 1.489030197262763977e-02 1.217313390225172043e-02 9.223675355315208435e-03 5.550481379032135010e-03 4.050863906741142273e-03 2.789857564494013786e-03 2.031357726082205772e-03 1.057159272022545338e-03 6.486754864454269409e-04 5.467520677484571934e-04 3.049801744055002928e-04 3.239426878280937672e-04 1.998963416554033756e-04 1.919952919706702232e-04 1.074541578418575227e-04 9.797290840651839972e-05 7.980051304912194610e-05 6.083801781642250717e-05 4.108541179448366165e-05 4.503593299887143075e-05 2.133281122951302677e-05 3.634478780440986156e-04 3.209402784705162048e-03 2.883405983448028564e-02 5.941108986735343933e-02 7.678943127393722534e-02 7.495164871215820312e-02 1.223610490560531616e-01 1.739919781684875488e-01 1.827818900346755981e-01 6.858340650796890259e-02 3.453940153121948242e-02 2.720881439745426178e-02 2.060828544199466705e-02 1.483499445021152496e-02 1.132535189390182495e-02 9.019038639962673187e-03 7.544704247266054153e-03 6.504137068986892700e-03 6.199156865477561951e-03 5.657935515046119690e-03 5.392460618168115616e-03 5.413793493062257767e-03 5.721934139728546143e-03 6.101973820477724075e-03 6.395892705768346786e-03 6.120146252214908600e-03 4.953952506184577942e-03 4.029531031847000122e-03 4.043752793222665787e-03 4.594455473124980927e-03 5.269994493573904037e-03 4.121182952076196671e-03 3.485149238258600235e-03
7.454113662242889404e-02 2.114683628082275391e+00 8.005875349044799805e-01 3.996115177869796753e-03 1.695399172604084015e-03 5.104151787236332893e-04 0.000000000000000000e+00 2.564900569268502295e-06 5.642781034111976624e-04 1.282450284634251148e-05 0.000000000000000000e+00 0.000000000000000000e+00 3.565211663953959942e-04 6.232708110474050045e-04 2.205814380431547761e-04 1.667185279075056314e-04 0.000000000000000000e+00 0.000000000000000000e+00 1.559459604322910309e-03 4.796363646164536476e-04 1.531245652586221695e-03 7.785328198224306107e-03 5.314302816987037659e-02 1.471543312072753906e-01 1.708275079727172852e-01 2.466938495635986328e-01 1.224346756935119629e-01 6.484495848417282104e-02 4.590231552720069885e-02 3.274779394268989563e-02 2.432722598314285278e-02 1.830483973026275635e-02 1.472167391330003738e-02 1.094614062458276749e-02 8.222215808928012848e-03 6.907277274876832962e-03 5.122106522321701050e-03 3.764419117942452431e-03 2.760687842965126038e-03 2.369113033637404442e-03 1.794575364328920841e-03 1.299549592658877373e-03 9.421734721399843693e-04 1.148220500908792019e-03 4.462926881387829781e-04 7.198820821940898895e-04 4.129489825572818518e-04 4.095291078556329012e-04 3.847350890282541513e-04 2.043370768660679460e-04 2.505052834749221802e-04 1.476527773775160313e-03 6.241258233785629272e-05 1.685139606706798077e-03 9.863752871751785278e-03 2.309778518974781036e-02 3.185863047838211060e-02 3.771686181426048279e-02 4.196262732148170471e-02 4.532521218061447144e-02 4.644179716706275940e-02 4.535000771284103394e-02 4.391964524984359741e-02 4.111877456307411194e-02 3.883088380098342896e-02 3.960463032126426697e-02 3.816657513380050659e-02 4.135047271847724915e-02 4.772938042879104614e-02 5.603196099400520325e-02 6.399341672658920288e-02 7.010642439126968384e-02 7.101098448038101196e-02 4.724888876080513000e-02 2.806514129042625427e-02 2.249075844883918762e-02 1.948555000126361847e-02 1.531245652586221695e-02 1.108122523874044418e-02 7.230454590171575546e-03 4.774135071784257889e-03 3.948236815631389618e-03 2.881238237023353577e-03 2.254547551274299622e-03
3.766080141067504883e-01 1.187453031539916992e+00 8.006248474121093750e-01 7.105781137943267822e-02 4.931640625000000000e-02 2.607185393571853638e-02 3.594735637307167053e-03 3.909992985427379608e-03 1.622940972447395325e-02 2.788224490359425545e-03 1.294625923037528992e-02 1.419753581285476685e-01 9.493823349475860596e-02 4.346511140465736389e-02 1.518111303448677063e-02 1.515339408069849014e-02 6.028629373759031296e-03 8.897338062524795532e-03 9.840338677167892456e-02 2.535684779286384583e-02 4.750467836856842041e-02 2.821720577776432037e-02 2.599927224218845367e-02 3.600223734974861145e-02 5.083993077278137207e-02 4.992599412798881531e-02 5.349056422710418701e-02 6.273354589939117432e-02 7.987199723720550537e-02 7.822179049253463745e-02 6.668072193861007690e-02 4.863769188523292542e-02 4.763871058821678162e-02 3.818677738308906555e-02 3.473887220025062561e-02 2.948424778878688812e-02 4.274954646825790405e-02 3.644974157214164734e-02 3.297400847077369690e-02 3.048556670546531677e-02 1.829194091260433197e-02 1.539239753037691116e-02 8.341296575963497162e-03 8.385935798287391663e-03 3.915670327842235565e-03 4.185398109257221222e-03 2.834088169038295746e-03 1.874289824627339840e-03 1.113753649406135082e-03 7.040970958769321442e-04 2.639390004333108664e-04 1.386408973485231400e-02 7.258645445108413696e-02 5.687835440039634705e-02 5.137838423252105713e-02 4.892322793602943420e-02 5.379591137170791626e-02 6.222938001155853271e-02 5.668811127543449402e-02 4.766008257865905762e-02 3.986514359712600708e-02 3.419329226016998291e-02 2.996703982353210449e-02 2.921173721551895142e-02 3.148533031344413757e-02 3.162225335836410522e-02 3.115404210984706879e-02 3.069050796329975128e-02 2.818514592945575714e-02 2.833965793251991272e-02 3.180515021085739136e-02 3.692496567964553833e-02 3.542805090546607971e-02 3.098472580313682556e-02 2.687190845608711243e-02 2.424376085400581360e-02 1.909322105348110199e-02 1.393533404916524887e-02 6.751317065209150314e-03 2.655865391716361046e-03 1.479772734455764294e-03 1.317691290751099586e-03 1.064438954927027225e-03 2.589741488918662071e-03
1.201024174690246582e+00 7.887929677963256836e-01 7.348019480705261230e-01 1.624482274055480957e-01 4.176393896341323853e-02 5.067983642220497131e-03 7.038866169750690460e-05 9.385154407937079668e-05 3.102967049926519394e-03 1.319787406828254461e-04 1.407773233950138092e-04 8.212011016439646482e-05 7.273495430126786232e-04 2.431341912597417831e-03 1.935688196681439877e-04 6.012364756315946579e-04 2.316960162715986371e-04 3.079503949265927076e-04 2.345115691423416138e-02 3.453443944454193115e-02 2.593920007348060608e-02 2.981057576835155487e-02 5.142673850059509277e-02 1.447806805372238159e-01 3.222256004810333252e-01 1.504938900470733643e-01 9.881199896335601807e-02 7.207701355218887329e-02 6.083828955888748169e-02 2.082526870071887970e-02 7.866910658776760101e-03 5.198007449507713318e-03 4.532247781753540039e-03 2.573096659034490585e-03 1.166301080957055092e-03 4.193991189822554588e-04 2.277855382999405265e-04 1.437101891497150064e-04 7.038866169750690460e-05 7.820962491678074002e-05 3.910481245839037001e-05 5.865722050657495856e-05 4.106005144421942532e-05 5.181387678021565080e-05 2.737336944846902043e-05 2.346288783883210272e-05 2.737336944846902043e-05 3.714957347256131470e-05 2.639574813656508923e-05 6.843342362117255107e-06 1.955240577444783412e-06 1.534863840788602829e-04 1.212249189848080277e-04 2.981741854455322027e-04 1.057785237208008766e-03 3.944893553853034973e-02 2.979913949966430664e-01 2.279478162527084351e-01 7.536279410123825073e-02 3.942449390888214111e-02 3.084783069789409637e-02 3.289203718304634094e-02 3.255964443087577820e-02 3.503791242837905884e-02 2.457932941615581512e-02 1.917700096964836121e-02 1.397801563143730164e-02 1.207165606319904327e-02 1.214399933815002441e-02 1.253406982868909836e-02 1.495465822517871857e-02 1.420384552329778671e-02 1.102657988667488098e-02 8.323458954691886902e-03 5.287948064506053925e-03 4.483366850763559341e-03 3.219303674995899200e-03 2.106771804392337799e-03 1.574946334585547447e-03 9.394931257702410221e-04 8.387982379645109177e-04 9.580678888596594334e-04 1.269928761757910252e-03 2.333872951567173004e-02
1.284555196762084961e-01 1.490128517150878906e+00 5.475000143051147461e-01 6.284148246049880981e-02 4.944235458970069885e-02 6.826440989971160889e-02 2.561278343200683594e-01 2.914881110191345215e-01 3.082393482327461243e-02 4.974937066435813904e-03 5.513784475624561310e-03 5.538847297430038452e-03 1.784460991621017456e-02 5.623433738946914673e-03 2.333960030227899551e-03 2.174185588955879211e-03 9.523809421807527542e-04 2.785087795928120613e-03 1.570488698780536652e-02 1.148182991892099380e-02 2.404970815405249596e-03 1.291771070100367069e-03 2.065580571070313454e-03 3.270676592364907265e-03 9.486215189099311829e-03 3.462092578411102295e-02 1.046365946531295776e-01 1.453352123498916626e-01 1.247869655489921570e-01 8.693922311067581177e-02 6.166144460439682007e-02 5.011800304055213928e-02 5.762740224599838257e-02 6.303989142179489136e-02 5.390141904354095459e-02 3.521303087472915649e-02 3.401524573564529419e-02 2.476190403103828430e-02 1.904552988708019257e-02 1.817042566835880280e-02 1.096804533153772354e-02 9.337928146123886108e-03 8.322890847921371460e-03 8.180868811905384064e-03 3.611111082136631012e-03 3.572472836822271347e-03 3.548454493284225464e-03 2.941729268059134483e-03 1.958020031452178955e-03 1.694862148724496365e-03 9.690893930383026600e-04 1.250208821147680283e-02 2.330304868519306183e-02 4.828111827373504639e-02 3.782581537961959839e-02 4.230889678001403809e-02 4.019736871123313904e-02 3.708228841423988342e-02 3.858500346541404724e-02 3.118629939854145050e-02 2.040204592049121857e-02 2.103174664080142975e-02 1.827589794993400574e-02 1.981620676815509796e-02 2.842000871896743774e-02 3.989243879914283752e-02 3.926796093583106995e-02 4.383145272731781006e-02 4.285609722137451172e-02 4.375522211194038391e-02 4.323517158627510071e-02 4.532894864678382874e-02 5.199979245662689209e-02 5.010338500142097473e-02 4.641604050993919373e-02 4.140664264559745789e-02 3.303571417927742004e-02 2.107456140220165253e-02 1.579991728067398071e-02 1.161654107272624969e-02 9.800543077290058136e-03 7.346491329371929169e-03 4.567669238895177841e-03 1.949665835127234459e-03
1.517117321491241455e-01 8.851956725120544434e-01 2.299851626157760620e-01 5.516866594552993774e-02 2.417131885886192322e-02 1.998870819807052612e-02 1.689775614067912102e-03 4.759813658893108368e-03 3.935420513153076172e-02 8.896417915821075439e-03 5.679988116025924683e-02 3.238471746444702148e-01 8.460505008697509766e-01 1.964531540870666504e-01 5.335341393947601318e-02 2.094652503728866577e-02 1.291172578930854797e-02 1.579354703426361084e-02 2.713260799646377563e-02 2.578999102115631104e-02 3.678050264716148376e-02 7.362374663352966309e-02 8.871322125196456909e-02 8.236680179834365845e-02 6.711281090974807739e-02 7.441983371973037720e-02 6.741396337747573853e-02 6.113864481449127197e-02 6.291346997022628784e-02 6.417522579431533813e-02 5.528717115521430969e-02 4.364974796772003174e-02 3.855114430189132690e-02 3.194401040673255920e-02 2.737659588456153870e-02 2.336268126964569092e-02 1.876459643244743347e-02 1.605844497680664062e-02 1.305672340095043182e-02 1.064056716859340668e-02 1.037985086441040039e-02 9.848658926784992218e-03 7.088134530931711197e-03 5.426242947578430176e-03 4.285783972591161728e-03 3.433925099670886993e-03 1.684198738075792789e-03 3.959540335927158594e-04 5.716237501474097371e-05 9.759430213307496160e-06 5.576817329711047933e-06 3.485510751488618553e-05 1.394204264215659350e-05 7.528703281423076987e-05 4.168670857325196266e-04 2.838599961251020432e-03 1.361858751624822617e-02 2.815874479711055756e-02 4.119455441832542419e-02 6.465482711791992188e-02 9.157412499189376831e-02 1.147485896944999695e-01 1.333138197660446167e-01 1.282681822776794434e-01 1.072631105780601501e-01 9.347442537546157837e-02 7.296986132860183716e-02 5.364619195461273193e-02 2.877498231828212738e-02 1.283783279359340668e-02 5.876570940017700195e-03 2.492837375029921532e-03 1.445789821445941925e-03 9.313284535892307758e-04 4.238380934111773968e-04 1.910059945657849312e-04 1.157189544755965471e-04 1.254783855983987451e-04 9.480589505983516574e-05 1.422088389517739415e-04 1.645161100896075368e-04 1.059595233527943492e-04 4.740294752991758287e-05 0.000000000000000000e+00
2.093305438756942749e-01 2.288099288940429688e+00 3.292000889778137207e-01 5.962079018354415894e-02 1.442287210375070572e-02 3.119841217994689941e-03 1.110981684178113937e-03 1.088250661268830299e-03 4.765003453940153122e-03 1.039947033859789371e-03 1.909411046653985977e-03 4.242188297212123871e-03 3.852918511256575584e-03 3.278958611190319061e-03 1.059836708009243011e-03 4.074546508491039276e-03 2.866957802325487137e-03 8.299686014652252197e-03 3.044260293245315552e-02 2.817517891526222229e-02 6.593908183276653290e-03 9.989364072680473328e-03 2.476551383733749390e-02 4.963047802448272705e-02 4.743124544620513916e-02 1.683558672666549683e-01 1.521438658237457275e-01 1.634525805711746216e-01 8.499056845903396606e-02 3.594352304935455322e-02 3.869966790080070496e-02 2.115032449364662170e-02 1.607845164835453033e-02 1.266405452042818069e-02 8.660542778670787811e-03 4.095383454114198685e-03 6.015212740749120712e-03 3.579198382794857025e-03 2.773192012682557106e-03 4.329324234277009964e-03 2.999555785208940506e-03 7.379077840596437454e-03 5.961226299405097961e-03 1.027444936335086823e-02 1.012575067579746246e-02 1.387448422610759735e-02 1.598279178142547607e-02 1.748967356979846954e-02 1.526581589132547379e-02 1.214029267430305481e-02 9.225978516042232513e-03 1.793861202895641327e-02 1.916798576712608337e-02 1.983097568154335022e-02 1.774066314101219177e-02 7.586498744785785675e-03 4.538639448583126068e-03 4.071705043315887451e-03 6.509613711386919022e-03 2.627334371209144592e-02 3.742672875523567200e-02 3.740778565406799316e-02 2.306163124740123749e-02 1.954210177063941956e-02 2.298775501549243927e-02 2.652433142066001892e-02 3.496324643492698669e-02 4.281399399042129517e-02 5.497038736939430237e-02 4.726644605398178101e-02 4.022927954792976379e-02 4.342868179082870483e-02 8.341076225042343140e-02 6.946808099746704102e-02 1.385895162820816040e-01 1.587955504655838013e-01 8.706004358828067780e-03 2.049586037173867226e-03 1.410274300724267960e-03 7.766453200019896030e-04 2.301522181369364262e-04 5.493345088325440884e-05 4.925068060401827097e-05 1.174439312308095396e-04
4.981471300125122070e-01 1.108054280281066895e+00 6.444263458251953125e-01 2.093519866466522217e-01 5.576970428228378296e-02 4.743464291095733643e-02 4.045953974127769470e-03 1.154694333672523499e-02 4.386368393898010254e-02 2.504759281873703003e-02 7.892014086246490479e-02 7.314667105674743652e-02 1.214521378278732300e-01 3.345051407814025879e-02 9.576272219419479370e-03 5.705615505576133728e-03 1.526775187812745571e-03 2.114866394549608231e-03 1.786044239997863770e-02 8.558422327041625977e-03 1.136222295463085175e-02 4.569015931338071823e-03 1.196822058409452438e-02 2.196482755243778229e-02 2.592501789331436157e-02 2.553766965866088867e-02 2.863551490008831024e-02 3.294252976775169373e-02 4.566282778978347778e-02 4.992366209626197815e-02 4.993779957294464111e-02 3.630614653229713440e-02 4.524814710021018982e-02 3.960473462939262390e-02 3.517048805952072144e-02 3.007181547582149506e-02 3.529395163059234619e-02 2.822366356849670410e-02 3.040261566638946533e-02 3.443914651870727539e-02 2.503345720469951630e-02 2.812470495700836182e-02 2.698622085154056549e-02 2.738864906132221222e-02 2.041166462004184723e-02 2.360469661653041840e-02 3.026973083615303040e-02 3.561155870556831360e-02 4.048781469464302063e-02 3.703372180461883545e-02 2.929711714386940002e-02 5.256064608693122864e-02 4.689084365963935852e-02 6.704710423946380615e-02 1.148483604192733765e-01 1.195568591356277466e-01 9.339810907840728760e-02 9.785591810941696167e-02 8.671516925096511841e-02 7.237762212753295898e-02 6.244792789220809937e-02 4.714436456561088562e-02 4.171394556760787964e-02 3.152979165315628052e-02 2.379601448774337769e-02 1.421220321208238602e-02 9.518783539533615112e-03 6.875200197100639343e-03 6.697076372802257538e-03 5.977984052151441574e-03 5.809285212308168411e-03 5.960077513009309769e-03 6.239044014364480972e-03 6.533089559525251389e-03 6.237159017473459244e-03 3.755678189918398857e-03 3.372099483385682106e-03 3.740598913282155991e-03 5.274913739413022995e-03 2.802857430651783943e-03 5.183495813980698586e-04 3.279739175923168659e-04 2.045124711003154516e-04 6.210770225152373314e-04
1.165941953659057617e-01 2.756093025207519531e+00 9.047660231590270996e-02 8.166964165866374969e-03 2.412523841485381126e-03 7.540876977145671844e-04 1.252174988621845841e-04 5.008700100006535649e-05 1.188175054267048836e-03 6.121744809206575155e-05 5.982614238746464252e-04 2.432002220302820206e-03 6.589223630726337433e-03 2.006262540817260742e-03 2.949567860923707485e-04 6.706092972308397293e-04 3.060872404603287578e-05 1.474783930461853743e-04 5.718266125768423080e-03 5.590266082435846329e-03 3.782496321946382523e-03 2.177857095375657082e-03 7.709688507020473480e-03 1.472836174070835114e-02 4.212966188788414001e-02 2.839664220809936523e-01 2.390457838773727417e-01 1.452912688255310059e-01 1.380360722541809082e-01 7.448401302099227905e-02 1.766123436391353607e-02 6.572527810931205750e-03 4.259250126779079437e-03 2.887422917410731316e-03 2.331828232854604721e-03 1.392233185470104218e-03 1.980291679501533508e-03 1.163131557404994965e-03 8.245804929174482822e-04 9.618559852242469788e-04 5.286961677484214306e-04 9.423776646144688129e-04 5.602323799394071102e-04 7.095658802427351475e-04 2.764060627669095993e-04 3.867829800583422184e-04 4.136815550737082958e-04 3.311307518742978573e-04 2.383770333835855126e-04 1.994204794755205512e-04 5.472468910738825798e-05 3.972641192376613617e-03 5.903773475438356400e-03 8.249514736235141754e-03 1.553717348724603653e-02 1.512070931494235992e-02 1.029566209763288498e-02 8.956298232078552246e-03 7.191195152699947357e-03 4.833395592868328094e-03 4.414149094372987747e-03 4.869569558650255203e-03 7.136470172554254532e-03 1.404847670346498489e-02 2.666669152677059174e-02 4.111586511135101318e-02 5.673837289214134216e-02 7.448401302099227905e-02 8.813086152076721191e-02 9.019834548234939575e-02 8.731926977634429932e-02 6.789386272430419922e-02 5.798312649130821228e-02 5.150242522358894348e-02 6.067854911088943481e-02 5.564758926630020142e-02 4.051760211586952209e-02 4.177163168787956238e-02 2.652477845549583435e-02 1.982146687805652618e-02 5.891715642064809799e-03 1.539711520308628678e-04 1.094493782147765160e-04 2.940292470157146454e-04
3.057075142860412598e-01 1.559739232063293457e+00 5.763744115829467773e-01 8.193030953407287598e-02 3.452173992991447449e-02 3.288657218217849731e-02 9.178812615573406219e-03 1.400131825357675552e-02 5.850848555564880371e-02 2.291832864284515381e-02 6.107531860470771790e-02 5.448966845870018005e-02 2.373372018337249756e-02 2.098917961120605469e-02 1.159865781664848328e-02 1.092660054564476013e-02 1.046771463006734848e-02 9.221592918038368225e-03 3.076180256903171539e-02 7.096897065639495850e-02 5.474342778325080872e-02 5.577686801552772522e-02 3.874056413769721985e-02 5.449539795517921448e-02 5.466201156377792358e-02 5.320259556174278259e-02 5.021831393241882324e-02 4.342595115303993225e-02 3.589193895459175110e-02 3.235602006316184998e-02 3.110965341329574585e-02 3.041760623455047607e-02 3.329889848828315735e-02 3.536406531929969788e-02 3.736561164259910583e-02 3.590887784957885742e-02 3.519903868436813354e-02 3.550191596150398254e-02 3.810604661703109741e-02 4.092590883374214172e-02 3.749553859233856201e-02 3.268900141119956970e-02 2.552209421992301941e-02 2.110033668577671051e-02 1.606051437556743622e-02 1.252435240894556046e-02 8.568305522203445435e-03 5.589509382843971252e-03 3.321284893900156021e-03 2.178153488785028458e-03 1.162632484920322895e-03 7.077566813677549362e-03 1.477063726633787155e-02 1.382946502417325974e-02 1.260528154671192169e-02 1.725837215781211853e-02 2.216838859021663666e-02 2.662366256117820740e-02 3.078093752264976501e-02 3.573324531316757202e-02 4.044033214449882507e-02 4.220932722091674805e-02 4.189596697688102722e-02 4.077184945344924927e-02 3.937849402427673340e-02 4.132751002907752991e-02 4.230951145291328430e-02 4.257241263985633850e-02 4.522858560085296631e-02 4.658878967165946960e-02 4.281337186694145203e-02 4.329188168048858643e-02 4.511670023202896118e-02 4.809074103832244873e-02 4.506453499197959900e-02 4.706693440675735474e-02 4.166524484753608704e-02 3.093475289642810822e-02 1.732370071113109589e-02 9.766162373125553131e-03 5.906890146434307098e-03 5.421677604317665100e-03 7.538280915468931198e-03 1.350635569542646408e-02
5.511616542935371399e-02 1.737518787384033203e+00 1.190047264099121094e+00 6.329364143311977386e-03 7.155289058573544025e-04 1.287952036364004016e-04 1.022184151224792004e-04 0.000000000000000000e+00 8.177472409442998469e-06 0.000000000000000000e+00 0.000000000000000000e+00 0.000000000000000000e+00 0.000000000000000000e+00 1.308395585510879755e-04 2.044368102360749617e-06 5.110920174047350883e-04 6.133104761829599738e-06 3.557200543582439423e-04 4.315661266446113586e-03 4.712268710136413574e-03 2.787155390251427889e-04 4.088736386620439589e-05 5.465277936309576035e-04 9.872935712337493896e-03 1.221952959895133972e-01 1.689575016498565674e-01 1.489990055561065674e-01 1.226293817162513733e-01 7.809418439865112305e-02 4.079196229577064514e-02 3.032138757407665253e-02 2.419237233698368073e-02 2.400837838649749756e-02 2.259776555001735687e-02 2.080621756613254547e-02 1.946170441806316376e-02 2.609295397996902466e-02 3.071731515228748322e-02 2.694068476557731628e-02 2.011181414127349854e-02 1.165766920894384384e-02 1.010735705494880676e-02 6.924275308847427368e-03 7.680691312998533249e-03 2.811687765643000603e-03 3.466567024588584900e-03 2.659041667357087135e-03 1.908758538775146008e-03 1.193229574710130692e-03 7.700453861616551876e-04 4.831523692701011896e-04 1.268053520470857620e-02 1.292177010327577591e-02 1.803064718842506409e-02 5.273107066750526428e-02 3.548886999487876892e-02 5.315834283828735352e-02 1.984127610921859741e-02 1.027158740907907486e-02 1.114180684089660645e-02 1.442301832139492035e-02 1.823508366942405701e-02 1.677540503442287445e-02 1.905555650591850281e-02 2.157898806035518646e-02 2.514981850981712341e-02 3.319985792040824890e-02 4.416516795754432678e-02 5.013744905591011047e-02 5.218454450368881226e-02 6.036610528826713562e-02 6.612508744001388550e-02 6.324866414070129395e-02 5.658743157982826233e-02 4.684465378522872925e-02 4.922770708799362183e-02 4.159539937973022461e-02 3.763886541128158569e-02 3.612943738698959351e-02 2.344072610139846802e-02 8.202686905860900879e-03 1.911484287120401859e-03 1.744527544360607862e-04 1.703640191408339888e-05
1.361545771360397339e-01 2.287494242191314697e-01 1.177806854248046875e-01 5.032650008797645569e-02 7.637623697519302368e-02 6.932348012924194336e-03 5.448350217193365097e-03 1.134822145104408264e-02 7.462131977081298828e-02 1.828297674655914307e-01 1.233012825250625610e-01 1.026210308074951172e+00 7.007781863212585449e-01 1.450374871492385864e-01 5.861943215131759644e-02 1.825347729027271271e-02 2.242552815005183220e-03 3.588084597140550613e-03 2.275664545595645905e-02 8.645116351544857025e-03 1.526541355997323990e-02 6.289181765168905258e-03 9.957537055015563965e-03 1.268672849982976913e-02 1.730327680706977844e-02 2.102782204747200012e-02 2.751467004418373108e-02 3.810333088040351868e-02 5.373698472976684570e-02 4.784915596246719360e-02 4.973952099680900574e-02 4.680764675140380859e-02 5.078103020787239075e-02 4.556145146489143372e-02 4.162820428609848022e-02 3.758860006928443909e-02 4.840101301670074463e-02 4.363897442817687988e-02 3.495071455836296082e-02 3.707386553287506104e-02 3.330216184258460999e-02 3.614573925733566284e-02 3.547146916389465332e-02 3.786151856184005737e-02 3.250146657228469849e-02 3.338945657014846802e-02 2.906689792871475220e-02 2.205327525734901428e-02 1.682466454803943634e-02 1.257936749607324600e-02 8.031048811972141266e-03 1.686781086027622223e-02 2.272353321313858032e-02 6.161752715706825256e-02 5.901174992322921753e-02 5.128472670912742615e-02 5.078504234552383423e-02 5.286204069852828979e-02 5.400388687849044800e-02 5.484471842646598816e-02 5.458384007215499878e-02 5.164794996380805969e-02 4.596180096268653870e-02 3.959435224533081055e-02 3.727353736758232117e-02 3.476007282733917236e-02 3.028801083564758301e-02 2.688454650342464447e-02 2.367674373090267181e-02 2.342188544571399689e-02 2.585507929325103760e-02 2.915419079363346100e-02 3.616881743073463440e-02 4.050441831350326538e-02 3.743608295917510986e-02 1.852639764547348022e-02 1.052444614470005035e-02 7.180182728916406631e-03 4.860369954258203506e-03 4.463031422346830368e-03 3.216834273189306259e-03 2.980036661028862000e-03 1.999735133722424507e-03 1.904414035379886627e-03
3.026867508888244629e-01 1.326954841613769531e+00 6.445668935775756836e-01 1.785806417465209961e-01 6.150992587208747864e-02 4.042364656925201416e-02 4.168114438652992249e-02 2.613861486315727234e-02 4.221723601222038269e-02 1.355369389057159424e-02 1.469040662050247192e-02 1.185027882456779480e-02 1.767283305525779724e-02 8.803902566432952881e-02 1.176506560295820236e-02 9.853170253336429596e-03 1.969227753579616547e-02 1.110156998038291931e-02 6.627849489450454712e-02 7.074344903230667114e-02 2.241051569581031799e-02 1.699113473296165466e-02 4.429707303643226624e-02 5.102580040693283081e-02 4.801883175969123840e-02 5.817838013172149658e-02 7.943977415561676025e-02 9.108626097440719604e-02 8.950528502464294434e-02 7.539123296737670898e-02 5.890282243490219116e-02 4.474243894219398499e-02 3.858510404825210571e-02 3.843563795089721680e-02 4.784289374947547913e-02 5.315941199660301208e-02 3.459088876843452454e-02 1.925132423639297485e-02 1.431839633733034134e-02 1.221263688057661057e-02 9.526937268674373627e-03 7.015247829258441925e-03 4.981187172234058380e-03 4.370638169348239899e-03 2.865223679691553116e-03 2.879839390516281128e-03 2.695626579225063324e-03 2.685147570446133614e-03 2.328855916857719421e-03 2.516102045774459839e-03 2.411861903965473175e-03 1.733749918639659882e-02 1.478720083832740784e-02 6.077087018638849258e-03 5.897286348044872284e-03 7.024348247796297073e-03 8.413664065301418304e-03 9.782022796571254730e-03 1.164455525577068329e-02 1.572067476809024811e-02 2.405519410967826843e-02 2.592958509922027588e-02 2.537115477025508881e-02 2.381555177271366119e-02 2.501955255866050720e-02 2.822314202785491943e-02 3.322997689247131348e-02 3.531284630298614502e-02 3.532387688755989075e-02 3.546065837144851685e-02 3.779695928096771240e-02 4.753816872835159302e-02 5.367592349648475647e-02 5.641181394457817078e-02 5.869406461715698242e-02 5.215423926711082458e-02 3.978882730007171631e-02 3.307416662573814392e-02 3.592091426253318787e-02 2.754447795450687408e-02 2.555178292095661163e-02 2.659611403942108154e-02 2.784148044884204865e-02 1.063226833939552307e-01
2.922686338424682617e-01 1.932568430900573730e+00 6.430780887603759766e-01 9.461448527872562408e-03 1.171417417936027050e-03 6.007269257679581642e-04 6.007268530083820224e-05 3.003634265041910112e-05 2.643198240548372269e-03 0.000000000000000000e+00 0.000000000000000000e+00 4.505451579461805522e-05 1.862253295257687569e-03 4.595560953021049500e-03 1.276544644497334957e-03 4.595560953021049500e-03 7.509086572099477053e-05 1.967380521818995476e-03 4.873396456241607666e-02 5.496650934219360352e-02 7.764394860714673996e-03 1.126362942159175873e-03 7.383934687823057175e-03 2.558095380663871765e-02 9.773826599121093750e-02 2.517596185207366943e-01 6.114898994565010071e-02 4.479920864105224609e-02 1.047767773270606995e-01 1.251614391803741455e-01 6.432783603668212891e-02 6.602489203214645386e-02 5.166751891374588013e-02 3.318515419960021973e-02 1.633977144956588745e-02 6.242553703486919403e-03 5.736941471695899963e-03 3.288979642093181610e-03 2.037465339526534081e-03 3.018652554601430893e-03 1.646992866881191730e-03 2.227695425972342491e-03 1.762132160365581512e-03 2.312798518687486649e-03 1.471780822612345219e-03 1.636980799958109856e-03 1.862253295257687569e-03 1.636980799958109856e-03 1.296568894758820534e-03 1.406702096574008465e-03 6.708116852678358555e-04 2.958579920232295990e-03 8.945824578404426575e-03 3.365572169423103333e-02 3.234413638710975647e-02 2.388389967381954193e-02 3.256940841674804688e-02 1.263528876006603241e-02 5.276384297758340836e-03 5.611790344119071960e-03 9.436418302357196808e-03 1.634477637708187103e-02 2.168624103069305420e-02 2.739314548671245575e-02 3.265951946377754211e-02 2.876981161534786224e-02 1.796173304319381714e-02 2.017441019415855408e-02 4.597062617540359497e-02 1.188237741589546204e-01 1.398091763257980347e-01 9.224662184715270996e-02 8.710540086030960083e-02 9.009401500225067139e-02 4.234623908996582031e-02 3.157820925116539001e-02 8.920794352889060974e-03 2.553089288994669914e-03 2.963586011901497841e-03 3.884700592607259750e-03 3.203876782208681107e-03 1.146387076005339622e-03 5.006057108403183520e-06 0.000000000000000000e+00
1.287245273590087891e+00 6.949430704116821289e-01 3.892676234245300293e-01 4.532639682292938232e-02 5.343903321772813797e-03 1.754651777446269989e-03 1.304417382925748825e-04 7.574036135338246822e-05 2.360574668273329735e-03 4.628577516996301711e-05 9.257155033992603421e-05 1.767275040037930012e-03 6.181255448609590530e-03 9.467545896768569946e-03 6.374813616275787354e-03 4.780058283358812332e-03 7.822296582162380219e-03 1.370479725301265717e-02 7.739824056625366211e-02 4.459171593189239502e-01 1.636132039129734039e-02 2.103898907080292702e-03 6.425307597965002060e-03 1.298526395112276077e-02 2.489894255995750427e-02 4.273579642176628113e-02 5.237586423754692078e-02 3.955610468983650208e-02 4.680754244327545166e-02 4.065013304352760315e-02 4.745274037122726440e-02 3.805812820792198181e-02 4.649195820093154907e-02 3.916337713599205017e-02 3.682243824005126953e-02 2.161265164613723755e-02 3.660924360156059265e-02 2.706736139953136444e-02 2.013992331922054291e-02 2.540107257664203644e-02 1.875555701553821564e-02 2.226626314222812653e-02 2.231956273317337036e-02 2.407561615109443665e-02 1.991130039095878601e-02 2.449639700353145599e-02 2.822310291230678558e-02 3.101707994937896729e-02 3.588269650936126709e-02 4.394904524087905884e-02 4.563637450337409973e-02 5.974792316555976868e-02 4.428426921367645264e-02 1.334783583879470825e-01 1.105542778968811035e-01 7.477116584777832031e-02 5.150204524397850037e-02 4.010171815752983093e-02 3.525713831186294556e-02 3.322617337107658386e-02 3.355017676949501038e-02 3.039572946727275848e-02 3.065941855311393738e-02 2.727354317903518677e-02 2.439681254327297211e-02 2.477691695094108582e-02 2.326210960745811462e-02 2.341078408062458038e-02 2.295774593949317932e-02 2.157618477940559387e-02 1.729124411940574646e-02 1.539492979645729065e-02 1.524344924837350845e-02 1.548189111053943634e-02 1.487316284328699112e-02 1.564880087971687317e-02 1.770080253481864929e-02 1.898558437824249268e-02 1.977664977312088013e-02 2.016516961157321930e-02 2.115680836141109467e-02 1.101601496338844299e-02 6.701619364321231842e-03 5.129305645823478699e-03
1.948027163743972778e-01 1.727013349533081055e+00 7.665648460388183594e-01 9.344350546598434448e-02 4.891224205493927002e-02 1.312837563455104828e-02 5.759518244303762913e-04 2.068852307274937630e-03 1.455266028642654419e-02 9.117504581809043884e-03 8.032136596739292145e-03 2.657279372215270996e-03 1.544465869665145874e-02 2.132061496376991272e-02 7.050732150673866272e-03 1.090981625020503998e-02 1.642606221139431000e-04 1.031307270750403404e-03 5.526226758956909180e-02 7.946887984871864319e-03 2.774618566036224365e-02 4.516543447971343994e-02 2.199636958539485931e-02 2.552762627601623535e-02 3.476157039403915405e-02 6.847311556339263916e-02 1.014153435826301575e-01 9.538482874631881714e-02 1.061352416872978210e-01 9.104058891534805298e-02 8.245051652193069458e-02 7.166961580514907837e-02 6.073415651917457581e-02 4.475374519824981689e-02 3.677636012434959412e-02 4.647813271731138229e-03 2.831728570163249969e-02 1.006702799350023270e-02 4.498800728470087051e-03 1.147121377289295197e-02 1.937859575264155865e-03 3.554128808900713921e-03 2.328065223991870880e-03 6.417946889996528625e-03 4.740686563309282064e-04 2.536683168727904558e-04 1.323788193985819817e-03 4.671378119383007288e-04 1.289134088438004255e-04 1.102001697290688753e-04 1.802015322027727962e-05 9.953362867236137390e-03 6.398263573646545410e-02 1.070002093911170959e-01 1.390871703624725342e-01 1.238518208265304565e-01 1.035528108477592468e-01 8.141019940376281738e-02 4.677061364054679871e-02 4.405026510357856750e-02 3.866431862115859985e-02 3.195319697260856628e-02 2.776905708014965057e-02 1.238608360290527344e-02 6.790132261812686920e-03 5.896748509258031845e-03 5.984770134091377258e-03 6.066553760319948196e-03 6.101208273321390152e-03 5.807341076433658600e-03 6.481710355728864670e-03 7.280834950506687164e-03 9.477214887738227844e-03 9.438402019441127777e-03 1.089387573301792145e-02 1.208667177706956863e-02 1.131873577833175659e-02 1.183716114610433578e-02 1.498930249363183975e-02 1.793629117310047150e-02 1.932037621736526489e-02 9.348994120955467224e-03 2.059842227026820183e-03 4.054534656461328268e-04
2.658832073211669922e-01 2.020529270172119141e+00 5.286005735397338867e-01 2.518327161669731140e-02 1.141610671766102314e-03 4.235128290019929409e-04 1.664068113313987851e-04 3.920304588973522186e-04 1.023177057504653931e-03 6.423902814276516438e-04 1.695550512522459030e-03 3.493044059723615646e-03 4.263874888420104980e-02 3.813002258539199829e-02 2.117264270782470703e-02 6.608299445360898972e-03 9.237077087163925171e-03 9.409480728209018707e-03 1.295274682343006134e-02 1.067702099680900574e-02 2.499475376680493355e-03 9.760159067809581757e-03 1.579840295016765594e-02 1.575692556798458099e-02 1.949370838701725006e-02 9.415714442729949951e-02 2.903286516666412354e-01 7.360740751028060913e-02 2.077898941934108734e-02 1.789947599172592163e-02 1.670052297413349152e-02 1.562937162816524506e-02 1.700672693550586700e-02 1.898124627768993378e-02 2.403553947806358337e-02 3.001244366168975830e-02 2.987252175807952881e-02 2.552807889878749847e-02 2.568599022924900055e-02 2.644731476902961731e-02 2.946287579834461212e-02 3.609853610396385193e-02 3.620697557926177979e-02 2.901849895715713501e-02 2.109031379222869873e-02 1.514526829123497009e-02 1.037943735718727112e-02 7.442707195878028870e-03 5.354751367121934891e-03 3.954910207539796829e-03 2.708858111873269081e-03 1.315675675868988037e-02 3.152109915390610695e-03 5.724544171243906021e-03 6.008135620504617691e-03 5.775640718638896942e-03 6.575567647814750671e-03 8.351323194801807404e-03 1.104394067078828812e-02 1.430311519652605057e-02 1.765536330640316010e-02 2.053700014948844910e-02 2.319276146590709686e-02 2.512380480766296387e-02 2.804716862738132477e-02 3.069481067359447479e-02 3.319978341460227966e-02 3.737994283437728882e-02 3.902114927768707275e-02 3.946839645504951477e-02 4.606582969427108765e-02 5.681668221950531006e-02 7.966089248657226562e-02 1.241617202758789062e-01 1.381932348012924194e-01 9.885201603174209595e-02 4.441912472248077393e-02 1.714439876377582550e-02 9.097030386328697205e-03 6.591308861970901489e-03 4.286849405616521835e-03 2.962590893730521202e-03 2.699863165616989136e-03 1.379390060901641846e-02
4.879236221313476562e-02 3.297078907489776611e-01 1.278172254562377930e+00 6.066524982452392578e-02 3.420371934771537781e-02 1.082880049943923950e-02 6.481305230408906937e-03 7.739339955151081085e-03 1.008995436131954193e-02 9.199916385114192963e-03 1.062340661883354187e-02 4.146380722522735596e-02 2.125194966793060303e-01 1.210366711020469666e-01 1.159988194704055786e-01 2.510250508785247803e-01 1.733863353729248047e-01 1.339764595031738281e-01 1.000808328390121460e-01 4.400840401649475098e-02 4.023239947855472565e-03 3.364269156008958817e-03 8.104484528303146362e-03 1.350652333348989487e-02 4.429462552070617676e-02 8.147655427455902100e-02 9.451333433389663696e-02 7.425545156002044678e-02 7.575025409460067749e-02 9.635426849126815796e-02 1.234890297055244446e-01 1.017173156142234802e-01 6.469134241342544556e-02 4.216176643967628479e-02 3.309402614831924438e-02 2.787836082279682159e-02 2.652713842689990997e-02 2.022460103034973145e-02 1.569263264536857605e-02 1.305960211902856827e-02 8.692137897014617920e-03 6.272108294069766998e-03 4.786808975040912628e-03 3.716100472956895828e-03 2.375337528064846992e-03 1.894184271804988384e-03 1.456772326491773129e-03 1.258035073988139629e-03 9.185652597807347775e-04 6.494618137367069721e-04 3.765547007787972689e-04 3.425126429647207260e-03 8.025560528039932251e-03 3.395743668079376221e-02 3.076337836682796478e-02 2.682572044432163239e-02 2.411281503736972809e-02 3.204613924026489258e-02 4.007930308580398560e-02 4.128123819828033447e-02 4.934103041887283325e-02 6.682990491390228271e-02 8.001502603292465210e-02 7.031113654375076294e-02 6.448594480752944946e-02 5.225172266364097595e-02 4.012875258922576904e-02 3.722186386585235596e-02 3.311779722571372986e-02 2.524057589471340179e-02 2.400536276400089264e-02 2.756551653146743774e-02 3.294568508863449097e-02 3.574417158961296082e-02 3.702312707901000977e-02 3.652866184711456299e-02 2.705203369259834290e-02 1.397531479597091675e-02 5.751017481088638306e-03 2.113841241225600243e-03 8.396409684792160988e-04 2.881214022636413574e-04 1.093530081561766565e-04 2.282149762322660536e-05
2.196734994649887085e-01 9.853805303573608398e-01 1.177738189697265625e+00 9.243588149547576904e-02 5.069642513990402222e-02 2.861031889915466309e-02 1.098985970020294189e-02 1.153070572763681412e-02 3.094926849007606506e-02 1.919478364288806915e-02 5.670023337006568909e-02 7.184863090515136719e-02 1.293150633573532104e-01 3.423155099153518677e-02 1.210561580955982208e-02 8.026213385164737701e-03 3.910126164555549622e-03 5.807278677821159363e-03 2.525204420089721680e-02 2.560370042920112610e-02 4.286307096481323242e-02 7.388588786125183105e-02 1.141460537910461426e-01 1.280747503042221069e-01 1.030931249260902405e-01 7.053896784782409668e-02 5.035455524921417236e-02 4.273886606097221375e-02 3.632400929927825928e-02 3.040440380573272705e-02 2.522287145256996155e-02 2.279989607632160187e-02 2.175838500261306763e-02 2.120356261730194092e-02 2.057082951068878174e-02 1.726216822862625122e-02 1.577082462608814240e-02 1.631097123026847839e-02 1.860100589692592621e-02 2.103725634515285492e-02 2.191089093685150146e-02 2.152220159769058228e-02 1.807605661451816559e-02 1.394809037446975708e-02 9.265476837754249573e-03 7.192759308964014053e-03 4.604001529514789581e-03 3.180962521582841873e-03 2.172816311940550804e-03 1.492915907874703407e-03 9.850868955254554749e-04 2.687283558771014214e-03 3.364563453942537308e-04 3.816141746938228607e-03 7.207607850432395935e-03 1.144056394696235657e-02 1.667957007884979248e-02 2.146996930241584778e-02 1.967046782374382019e-02 2.116146311163902283e-02 1.691418141126632690e-02 1.741973869502544403e-02 2.083915658295154572e-02 2.446243911981582642e-02 2.719269692897796631e-02 2.834740839898586273e-02 2.858708612620830536e-02 2.932882681488990784e-02 3.246140107512474060e-02 3.791300579905509949e-02 4.146868363022804260e-02 4.676603525876998901e-02 5.185865238308906555e-02 6.137463450431823730e-02 7.424452900886535645e-02 8.573068678379058838e-02 9.131243824958801270e-02 8.228995651006698608e-02 5.271603912115097046e-02 2.343524992465972900e-02 9.354394860565662384e-03 4.287285730242729187e-03 2.482894109562039375e-03 7.430339697748422623e-03
3.168022036552429199e-01 2.151190757751464844e+00 3.371837139129638672e-01 2.746346220374107361e-02 1.007226016372442245e-02 1.020818296819925308e-02 9.608726948499679565e-03 1.984130777418613434e-02 9.817839600145816803e-03 1.373173203319311142e-03 5.844699218869209290e-03 1.995631866157054901e-02 2.740072831511497498e-02 1.020469795912504196e-02 6.064266897737979889e-03 2.119008451700210571e-03 1.470759045332670212e-03 1.861102762632071972e-03 1.063686423003673553e-02 2.087989822030067444e-02 8.898905478417873383e-03 1.486674882471561432e-02 2.644345909357070923e-02 3.114849328994750977e-02 3.313390165567398071e-02 3.768675029277801514e-02 3.617881610989570618e-02 3.783777356147766113e-02 4.016938060522079468e-02 3.589999675750732422e-02 3.451288491487503052e-02 3.409465774893760681e-02 3.872998803853988647e-02 5.172750353813171387e-02 6.886777281761169434e-02 6.148725748062133789e-02 5.104091763496398926e-02 4.985943064093589783e-02 5.000580847263336182e-02 4.980714991688728333e-02 4.366621002554893494e-02 3.380422294139862061e-02 2.858453989028930664e-02 3.469295427203178406e-02 3.089755773544311523e-02 1.792095601558685303e-02 8.027602918446063995e-03 3.851158311590552330e-03 2.072538947686553001e-03 1.174516160972416401e-03 7.481586653739213943e-04 2.161992713809013367e-03 1.507934648543596268e-03 1.020818296819925308e-02 1.385603751987218857e-02 1.822649314999580383e-02 2.655149996280670166e-02 4.434118047356605530e-02 5.957039073109626770e-02 6.606682389974594116e-02 3.191407769918441772e-02 2.428146637976169586e-02 2.477288059890270233e-02 2.933153696358203888e-02 3.623690083622932434e-02 5.039266869425773621e-02 5.087595060467720032e-02 4.543088749051094055e-02 4.538093507289886475e-02 4.530309885740280151e-02 5.715397745370864868e-02 5.794395878911018372e-02 3.397383913397789001e-02 5.068891122937202454e-02 5.479681119322776794e-02 3.160273283720016479e-02 2.046399749815464020e-02 1.949510909616947174e-02 1.489927712827920914e-02 7.171402685344219208e-03 7.260856218636035919e-03 9.011594578623771667e-03 3.882525255903601646e-03 7.406073622405529022e-03
1.643835157155990601e-01 2.798554897308349609e+00 8.517966605722904205e-03 3.140082582831382751e-03 1.428612391464412212e-03 4.224969015922397375e-04 1.038339833030477166e-04 4.296578481444157660e-05 9.989545214921236038e-04 1.109949371311813593e-04 4.654626900446601212e-05 2.864385533030144870e-05 7.447403040714561939e-04 2.205576980486512184e-03 7.912864675745368004e-04 9.380863048136234283e-04 9.595691808499395847e-04 8.414132753387093544e-04 3.587643150240182877e-03 1.215215586125850677e-02 3.598384559154510498e-03 3.699831431731581688e-03 1.513469778001308441e-02 2.609694004058837891e-02 1.252560019493103027e-01 3.438969552516937256e-01 1.055287420749664307e-01 4.929607734084129333e-02 2.976454794406890869e-02 2.412409521639347076e-02 2.749332785606384277e-02 3.714511543512344360e-02 3.066563606262207031e-02 3.252390399575233459e-02 3.279363363981246948e-02 2.525791339576244354e-02 2.602055668830871582e-02 2.215483039617538452e-02 1.859105564653873444e-02 1.059822738170623779e-02 4.321641754359006882e-03 2.017004881054162979e-03 9.321188554167747498e-04 7.411597762256860733e-04 3.592417051550000906e-04 2.673426643013954163e-04 2.184094046242535114e-04 1.241233840119093657e-04 8.712506678421050310e-05 5.251373659120872617e-05 3.461132655502296984e-05 1.204235479235649109e-03 4.492311738431453705e-03 1.201848499476909637e-03 8.509612525813281536e-04 1.093240571208298206e-03 1.333132851868867874e-03 1.256749266758561134e-03 1.149334711953997612e-03 1.575412112288177013e-03 3.035055240616202354e-03 3.911079838871955872e-03 5.474557168781757355e-03 4.069814458489418030e-03 5.253760609775781631e-03 9.712654165923595428e-03 2.150318212807178497e-02 6.279688328504562378e-02 1.449474692344665527e-01 1.087344661355018616e-01 6.940884143114089966e-02 5.493056401610374451e-02 8.728498965501785278e-02 1.101427897810935974e-01 5.858623608946800232e-02 6.839794665575027466e-02 1.040273234248161316e-01 3.943781554698944092e-02 1.370966620743274689e-02 3.806052496656775475e-03 2.718779491260647774e-03 4.223775584250688553e-03 8.867660653777420521e-04 4.654626536648720503e-05
1.888028085231781006e-01 5.493125319480895996e-01 9.431768655776977539e-01 6.927630305290222168e-02 3.136561065912246704e-02 1.609516888856887817e-02 1.124723162502050400e-02 1.557443290948867798e-02 3.618175536394119263e-02 8.463205397129058838e-02 6.609926819801330566e-01 3.038295805454254150e-01 3.127681836485862732e-02 8.690848946571350098e-03 3.786300541833043098e-03 2.399735152721405029e-03 1.380749163217842579e-03 2.345063490793108940e-03 8.674176409840583801e-03 3.095925785601139069e-02 8.190402761101722717e-03 1.883198134601116180e-02 2.538107335567474365e-02 3.908671811223030090e-02 4.208460822701454163e-02 4.128728434443473816e-02 4.840066656470298767e-02 6.119498983025550842e-02 7.493423670530319214e-02 7.721506804227828979e-02 7.438609749078750610e-02 7.069776952266693115e-02 6.388178467750549316e-02 5.358529463410377502e-02 4.386576637625694275e-02 3.559846058487892151e-02 3.398933261632919312e-02 3.117884881794452667e-02 2.794159203767776489e-02 2.451783046126365662e-02 2.083828859031200409e-02 1.795103214681148529e-02 1.479739695787429810e-02 1.224269438534975052e-02 9.502392262220382690e-03 7.273910101503133774e-03 5.280658137053251266e-03 3.753083758056163788e-03 2.716261893510818481e-03 1.957450760528445244e-03 1.500432146713137627e-03 5.936588160693645477e-03 3.194476943463087082e-03 2.116424962878227234e-03 2.859984757378697395e-03 4.439904354512691498e-03 1.068655680865049362e-02 2.939058281481266022e-02 4.934171587228775024e-02 5.102193355560302734e-02 4.502110928297042847e-02 4.516560584306716919e-02 4.758938401937484741e-02 4.609942063689231873e-02 4.758162796497344971e-02 5.029620975255966187e-02 4.812782630324363708e-02 4.596913605928421021e-02 4.384844750165939331e-02 4.600364714860916138e-02 4.651520773768424988e-02 4.024503380060195923e-02 3.857567533850669861e-02 4.064156487584114075e-02 3.878919035196304321e-02 2.884787321090698242e-02 2.232747524976730347e-02 1.978789456188678741e-02 1.918249949812889099e-02 1.863681897521018982e-02 1.688409596681594849e-02 1.497291494160890579e-02 1.302089262753725052e-02 2.281887456774711609e-02
1.243565320968627930e+00 1.404013514518737793e+00 1.856554895639419556e-01 3.031422942876815796e-02 8.189138025045394897e-03 2.574501326307654381e-03 4.656332894228398800e-04 3.604902667575515807e-05 4.515140317380428314e-03 4.506128243519924581e-05 3.004085556312929839e-06 0.000000000000000000e+00 1.354842679575085640e-03 7.113674655556678772e-03 3.004085738211870193e-04 4.157654475420713425e-03 5.707762829842977226e-05 8.111030329018831253e-04 2.896839752793312073e-02 7.785989344120025635e-02 1.290354877710342407e-02 1.212649163790047169e-03 3.089101240038871765e-02 9.234458953142166138e-02 1.957952827215194702e-01 2.583583593368530273e-01 1.709314733743667603e-01 8.033926039934158325e-02 6.012677401304244995e-02 3.372486680746078491e-02 2.160838805139064789e-02 1.100396551191806793e-02 9.542978368699550629e-03 4.423015285283327103e-03 2.666626591235399246e-03 6.919410661794245243e-04 3.733077086508274078e-03 9.232556330971419811e-04 3.384603187441825867e-04 1.245694118551909924e-03 1.101498055504634976e-04 1.633221167139708996e-03 4.135624330956488848e-04 7.239846163429319859e-04 8.311303099617362022e-05 7.009533146629109979e-05 2.493390929885208607e-04 8.912120392778888345e-05 2.703677091631107032e-05 2.403268445050343871e-05 0.000000000000000000e+00 3.771128831431269646e-03 2.436513639986515045e-02 3.977409377694129944e-02 4.967255517840385437e-02 7.736922055482864380e-02 1.450152248144149780e-01 1.624409258365631104e-01 1.283275187015533447e-01 1.102098822593688965e-01 1.002323180437088013e-01 6.670171767473220825e-02 3.603801131248474121e-02 2.191981114447116852e-02 1.396198850125074387e-02 8.631738834083080292e-03 6.824281066656112671e-03 4.021469037979841232e-03 1.051429891958832741e-03 2.833853941410779953e-04 1.492029114160686731e-04 1.191620613099075854e-04 1.241688732989132404e-04 1.071457154466770589e-04 1.602178963366895914e-04 2.883922134060412645e-04 3.224385145585983992e-04 1.772410469129681587e-04 1.782424078555777669e-04 2.152927918359637260e-04 2.903949352912604809e-04 4.416005685925483704e-04 4.476087342482060194e-04 1.381879410473629832e-04
1.660401970148086548e-01 1.308885574340820312e+00 1.081120252609252930e+00 4.220685735344886780e-02 1.743430085480213165e-02 1.671436801552772522e-02 2.091882005333900452e-02 4.477664455771446228e-02 1.356535106897354126e-01 5.724805220961570740e-02 2.912424132227897644e-02 1.322645135223865509e-02 1.249632518738508224e-02 8.219011127948760986e-03 5.901787430047988892e-03 2.364792162552475929e-03 1.317548594670370221e-04 8.377193007618188858e-04 2.590436488389968872e-02 1.079483795911073685e-02 5.093640182167291641e-03 3.495593555271625519e-03 6.524193566292524338e-03 7.727227639406919479e-03 1.102978177368640900e-02 1.512009743601083755e-02 2.105787396430969238e-02 2.863698825240135193e-02 3.215435147285461426e-02 3.906839713454246521e-02 5.144278332591056824e-02 5.778526514768600464e-02 5.984212458133697510e-02 5.557412281632423401e-02 4.979716986417770386e-02 4.233106225728988647e-02 3.906034678220748901e-02 3.400911390781402588e-02 2.957022003829479218e-02 2.813060581684112549e-02 2.748164720833301544e-02 3.025781176984310150e-02 3.295935317873954773e-02 3.750181198120117188e-02 4.044949635863304138e-02 4.213198274374008179e-02 4.000037163496017456e-02 3.650339320302009583e-02 3.002148307859897614e-02 2.326121367514133453e-02 1.545017585158348083e-02 2.653029374778270721e-02 9.190498851239681244e-03 1.649980992078781128e-02 2.252869680523872375e-02 2.671339176595211029e-02 2.858413569629192352e-02 2.723726630210876465e-02 2.929953671991825104e-02 3.073826991021633148e-02 3.379027545452117920e-02 4.079958423972129822e-02 4.660246148705482483e-02 5.132109671831130981e-02 5.393379554152488708e-02 5.554077774286270142e-02 5.793161690235137939e-02 6.188225001096725464e-02 6.490316987037658691e-02 6.687685102224349976e-02 6.382635980844497681e-02 5.464340746402740479e-02 4.190194606781005859e-02 3.355747088789939880e-02 2.454805746674537659e-02 1.772285252809524536e-02 1.298672519624233246e-02 1.022830419242382050e-02 5.887692794203758240e-03 2.896467689424753189e-03 1.684750779531896114e-03 1.250475645065307617e-03 1.383488881401717663e-03 3.108508652076125145e-03
1.301164984703063965e+00 1.329332351684570312e+00 1.292351335287094116e-01 1.831927150487899780e-02 2.082669641822576523e-03 3.836496616713702679e-04 2.706100349314510822e-04 0.000000000000000000e+00 5.446454742923378944e-04 0.000000000000000000e+00 0.000000000000000000e+00 0.000000000000000000e+00 3.767987655010074377e-04 3.839922137558460236e-03 2.877372317016124725e-04 4.689432214945554733e-03 5.480709660332649946e-05 1.644212752580642700e-03 9.422025084495544434e-02 1.135534495115280151e-01 7.613619323819875717e-03 7.593066547997295856e-04 4.519301932305097580e-03 5.324966087937355042e-02 1.536711007356643677e-01 1.933377385139465332e-01 2.004649490118026733e-01 1.107594296336174011e-01 9.674708545207977295e-02 6.054585427045822144e-02 3.771299123764038086e-02 2.113498561084270477e-02 1.585066877305507660e-02 7.330449298024177551e-03 5.272899288684129715e-03 2.087236847728490829e-03 5.906606558710336685e-03 2.208269201219081879e-03 1.079014735296368599e-03 2.668420551344752312e-03 5.366528057493269444e-04 2.577075269073247910e-03 8.940407424233853817e-04 1.788081484846770763e-03 1.609958417247980833e-04 2.911626943387091160e-04 5.674817948602139950e-04 2.900208928622305393e-04 1.096141932066529989e-04 7.307613122975453734e-05 1.484358836023602635e-05 9.777357801795005798e-03 3.041108697652816772e-02 2.870407514274120331e-02 5.496694892644882202e-02 1.298505663871765137e-01 2.377029359340667725e-01 2.005973905324935913e-01 1.227918714284896851e-01 7.766279578208923340e-02 3.875660896301269531e-02 3.303040936589241028e-02 1.479220669716596603e-02 1.026034541428089142e-02 5.949995480477809906e-03 4.054583143442869186e-03 2.574791666120290756e-03 2.134051406756043434e-03 1.350766513496637344e-03 8.951825438998639584e-04 7.319030701182782650e-04 5.503545980900526047e-04 4.567258001770824194e-04 3.208498819731175900e-04 3.311262116767466068e-04 4.224713775329291821e-04 2.317883481737226248e-04 1.313086686423048377e-04 1.609958417247980833e-04 1.735558034852147102e-04 2.283629100929829292e-06 0.000000000000000000e+00 0.000000000000000000e+00 0.000000000000000000e+00
4.505940079689025879e-01 1.559169769287109375e+00 3.637310564517974854e-01 9.823440015316009521e-02 5.404757335782051086e-02 1.870551705360412598e-02 1.032904442399740219e-02 1.274197641760110855e-02 2.950021624565124512e-02 2.079831436276435852e-02 8.625440299510955811e-02 1.404025107622146606e-01 8.208468556404113770e-02 1.743290945887565613e-02 6.286324001848697662e-03 4.222631454467773438e-03 2.566386538092046976e-04 1.296422095037996769e-03 2.947640419006347656e-02 1.443526335060596466e-02 3.247934207320213318e-02 4.448403418064117432e-02 6.358905881643295288e-02 6.945911794900894165e-02 6.863540410995483398e-02 6.515270471572875977e-02 6.343560665845870972e-02 5.540484562516212463e-02 6.012488156557083130e-02 5.738387256860733032e-02 6.015045568346977234e-02 6.109940260648727417e-02 6.572771817445755005e-02 6.055525690317153931e-02 4.893508180975914001e-02 3.604935109615325928e-02 2.835548482835292816e-02 1.620792225003242493e-02 9.639383293688297272e-03 7.538650184869766235e-03 4.503082484006881714e-03 4.409598652273416519e-03 3.013519803062081337e-03 2.762172603979706764e-03 1.440174994058907032e-03 1.202938612550497055e-03 1.105927396565675735e-03 9.039677679538726807e-04 5.785393877886235714e-04 4.250853380654007196e-04 2.425279380986467004e-04 5.004894454032182693e-03 2.845514193177223206e-02 2.471139095723628998e-02 3.090070374310016632e-02 3.896762430667877197e-02 4.107717797160148621e-02 3.844817355275154114e-02 4.523983970284461975e-02 5.116810277104377747e-02 5.127569660544395447e-02 5.618005245923995972e-02 6.380777806043624878e-02 7.059503346681594849e-02 7.188969105482101440e-02 6.431752443313598633e-02 5.562885105609893799e-02 5.352811887860298157e-02 5.057633295655250549e-02 4.315938800573348999e-02 3.594440221786499023e-02 3.048972971737384796e-02 2.346788533031940460e-02 1.547328196465969086e-02 7.550115231424570084e-03 2.227729419246315956e-03 1.062713330611586571e-03 3.959819732699543238e-04 5.247422377578914165e-04 9.321891702711582184e-04 1.874079462140798569e-03 1.305241312365978956e-04 0.000000000000000000e+00 0.000000000000000000e+00
4.856016635894775391e-01 2.023060321807861328e+00 3.082912564277648926e-01 1.006781235337257385e-01 2.292225137352943420e-02 5.369815509766340256e-03 4.376281285658478737e-04 1.182778796646744013e-04 6.292382720857858658e-03 3.430058422964066267e-04 4.021447675768285990e-04 5.913893983233720064e-05 3.098880406469106674e-03 7.427850738167762756e-03 7.569784065708518028e-04 2.684907754883170128e-03 3.548336098901927471e-05 9.225674439221620560e-04 2.145560644567012787e-02 1.004179194569587708e-02 1.482810266315937042e-02 4.628607537597417831e-03 1.002996414899826050e-02 4.356174170970916748e-02 2.611181139945983887e-02 1.834095641970634460e-02 1.793092489242553711e-02 1.699258759617805481e-02 2.495663054287433624e-02 3.620880097150802612e-02 4.629395902156829834e-02 5.541318282485008240e-02 8.132786303758621216e-02 9.541475772857666016e-02 9.630184620618820190e-02 8.977685123682022095e-02 8.477369695901870728e-02 6.492272764444351196e-02 4.395600035786628723e-02 3.129238262772560120e-02 2.067891508340835571e-02 1.967749558389186859e-02 9.202018380165100098e-03 8.287336677312850952e-03 3.899227362126111984e-03 4.025390371680259705e-03 3.583819605410099030e-03 3.280239645391702652e-03 1.884560799226164818e-03 1.920044189319014549e-03 8.358302875421941280e-04 1.966172456741333008e-02 3.936681896448135376e-02 5.786153674125671387e-02 3.671345114707946777e-02 3.398517519235610962e-02 4.502838850021362305e-02 6.337722390890121460e-02 7.019791752099990845e-02 6.743810325860977173e-02 6.165036931633949280e-02 6.588471680879592896e-02 6.778504699468612671e-02 5.476265400648117065e-02 5.347736924886703491e-02 4.909714683890342712e-02 3.899227082729339600e-02 3.034616075456142426e-02 2.604478783905506134e-02 2.453871630132198334e-02 1.708326674997806549e-02 1.195789314806461334e-02 9.639646857976913452e-03 9.316354058682918549e-03 8.862955495715141296e-03 7.759028580039739609e-03 5.913893692195415497e-03 6.225358694791793823e-03 7.502759806811809540e-03 1.697681844234466553e-02 9.103453718125820160e-03 2.542974194511771202e-03 4.967670538462698460e-04 7.096672197803854942e-05
3.703173398971557617e-01 1.566053628921508789e+00 3.120471164584159851e-02 7.228549104183912277e-03 3.591298591345548630e-03 1.891087507829070091e-03 1.056888140738010406e-03 1.321993884630501270e-03 5.369274877011775970e-03 2.894954523071646690e-03 2.279237806797027588e-01 3.534177541732788086e-01 1.894339323043823242e-01 2.155486308038234711e-02 1.650371402502059937e-02 5.033473949879407883e-03 1.640120754018425941e-03 3.290846012532711029e-03 1.179190352559089661e-02 1.784797757863998413e-01 8.512839674949645996e-03 1.411776337772607803e-02 1.847610250115394592e-02 1.909821666777133942e-02 1.423323154449462891e-02 1.342259719967842102e-02 2.079724892973899841e-02 6.370313465595245361e-02 1.540063917636871338e-01 7.275678962469100952e-02 1.047132238745689392e-01 1.196098104119300842e-01 1.523945480585098267e-01 6.523721665143966675e-02 2.739779278635978699e-02 1.866462081670761108e-02 1.187202334403991699e-02 1.033087540417909622e-02 8.055679500102996826e-03 7.394682150334119797e-03 5.953685380518436432e-03 5.706253461539745331e-03 5.047612823545932770e-03 4.515044856816530228e-03 3.555951407179236412e-03 5.632023792713880539e-03 1.001510489732027054e-02 1.695851795375347137e-02 7.808247115463018417e-03 6.257673259824514389e-03 2.784199314191937447e-03 9.708760771900415421e-04 6.527492078021168709e-04 2.146649360656738281e-02 2.266477234661579132e-02 2.311722002923488617e-02 1.434752158820629120e-02 2.113305032253265381e-02 2.257286943495273590e-02 3.103150799870491028e-02 4.902570694684982300e-02 5.605395510792732239e-02 2.302060276269912720e-02 1.466211397200822830e-02 1.762894168496131897e-02 1.628338359296321869e-02 2.175634354352951050e-02 3.863356262445449829e-02 4.810549691319465637e-02 5.281848460435867310e-02 8.585184067487716675e-02 9.176428616046905518e-02 7.973320037126541138e-02 8.926757425069808960e-02 1.009722873568534851e-01 3.951489180326461792e-02 9.526132605969905853e-03 2.982144942507147789e-03 2.461359370499849319e-03 2.080785343423485756e-03 8.353776065632700920e-04 3.534743154887109995e-05 0.000000000000000000e+00 0.000000000000000000e+00
4.222590923309326172e-01 1.185467481613159180e+00 7.205007076263427734e-01 2.013093791902065277e-02 7.976250723004341125e-03 3.801822429522871971e-03 4.159495583735406399e-04 1.400096341967582703e-03 7.384743075817823410e-03 2.506259828805923462e-03 5.927463062107563019e-03 3.662286326289176941e-02 1.684679388999938965e-01 1.435546725988388062e-01 4.943025112152099609e-02 2.355141192674636841e-02 1.046357117593288422e-02 1.677675172686576843e-02 1.074956357479095459e-01 6.586608290672302246e-02 5.507142841815948486e-02 4.413205012679100037e-02 4.557245597243309021e-02 4.632301256060600281e-02 5.319516360759735107e-02 5.864997953176498413e-02 5.003984645009040833e-02 3.881952911615371704e-02 4.735572263598442078e-02 5.017546191811561584e-02 5.185491964221000671e-02 4.300719127058982849e-02 4.706021025776863098e-02 4.418656602501869202e-02 4.143469408154487610e-02 3.808997943997383118e-02 4.451242834329605103e-02 3.933916240930557251e-02 3.587679937481880188e-02 3.264050558209419250e-02 2.564912848174571991e-02 2.138655632734298706e-02 1.354154944419860840e-02 9.375254623591899872e-03 5.574039649218320847e-03 4.006640519946813583e-03 2.972594462335109711e-03 2.169955056160688400e-03 1.529640518128871918e-03 1.027004444040358067e-03 6.516057183034718037e-04 4.778927657753229141e-03 5.338711291551589966e-02 4.273134842514991760e-02 3.739053755998611450e-02 3.579715639352798462e-02 3.682816773653030396e-02 3.671173378825187683e-02 3.916032612323760986e-02 3.923110663890838623e-02 3.921435400843620300e-02 4.060376435518264771e-02 4.190260544419288635e-02 4.075504094362258911e-02 3.777759149670600891e-02 3.531139716506004333e-02 3.540828078985214233e-02 3.693233802914619446e-02 3.784424439072608948e-02 3.943738341331481934e-02 4.437159374356269836e-02 4.856107756495475769e-02 4.685405641794204712e-02 3.987676277756690979e-02 3.342456743121147156e-02 2.775971405208110809e-02 2.152981981635093689e-02 1.416013203561306000e-02 8.395357057452201843e-03 4.490701016038656235e-03 2.180882031098008156e-03 1.039995229803025723e-03 4.799324378836899996e-04 4.509155405685305595e-04
4.942909479141235352e-01 8.395716547966003418e-01 2.198015153408050537e-01 1.431391984224319458e-01 5.367981642484664917e-02 2.668581902980804443e-02 5.332984961569309235e-03 1.457299664616584778e-02 3.249412402510643005e-02 1.155915390700101852e-02 1.225385256111621857e-02 4.591277334839105606e-03 6.951997876167297363e-01 2.436824142932891846e-01 2.124314382672309875e-02 3.566988557577133179e-02 3.968137875199317932e-02 1.102637778967618942e-02 4.967876896262168884e-02 4.584486782550811768e-02 5.925829336047172546e-02 6.699573248624801636e-02 1.260207146406173706e-01 1.577818393707275391e-01 1.681100428104400635e-01 5.310698971152305603e-02 5.228171125054359436e-02 5.266475304961204529e-02 4.554191604256629944e-02 2.171672321856021881e-02 1.515626348555088043e-02 8.425176143646240234e-03 1.433620601892471313e-02 1.141812466084957123e-02 1.224688813090324402e-02 1.158527005463838577e-02 1.930007897317409515e-02 1.423348113894462585e-02 1.347610354423522949e-02 1.615217141807079315e-02 1.200661621987819672e-02 1.453991513699293137e-02 8.500043302774429321e-03 6.736310664564371109e-03 3.421258879825472832e-03 2.252981532365083694e-03 2.169408835470676422e-03 1.180464867502450943e-03 5.954557564109563828e-04 2.855401835404336452e-04 1.392878912156447768e-04 8.364237844944000244e-03 7.787411659955978394e-02 4.384434595704078674e-02 1.118481718003749847e-02 4.784538876265287399e-03 1.295725628733634949e-02 2.175502665340900421e-02 2.649952098727226257e-02 2.683033049106597900e-02 3.002524562180042267e-02 3.353704139590263367e-02 3.691477328538894653e-02 3.792287036776542664e-02 3.310002759099006653e-02 2.876643091440200806e-02 2.465917915105819702e-02 1.803952269256114960e-02 1.221728883683681488e-02 9.974754415452480316e-03 5.616610124707221985e-02 3.112805783748626709e-01 5.106468126177787781e-02 6.868285685777664185e-02 1.353181898593902588e-02 2.895446959882974625e-03 1.894315355457365513e-03 1.027248217724263668e-03 5.292939604260027409e-04 5.084007862024009228e-04 4.283102753106504679e-04 3.638896159827709198e-04 3.517019213177263737e-04 3.882650053128600121e-04
1.302600502967834473e-01 2.097825050354003906e+00 7.681323289871215820e-01 3.026004647836089134e-03 0.000000000000000000e+00 0.000000000000000000e+00 0.000000000000000000e+00 0.000000000000000000e+00 0.000000000000000000e+00 0.000000000000000000e+00 0.000000000000000000e+00 0.000000000000000000e+00 0.000000000000000000e+00 0.000000000000000000e+00 0.000000000000000000e+00 0.000000000000000000e+00 0.000000000000000000e+00 0.000000000000000000e+00 9.456264524487778544e-05 6.619385676458477974e-04 0.000000000000000000e+00 0.000000000000000000e+00 1.260835328139364719e-03 5.200945772230625153e-03 7.454688660800457001e-03 6.493301596492528915e-03 1.000788062810897827e-02 1.325453072786331177e-02 1.843971572816371918e-02 2.546887286007404327e-02 3.476753458380699158e-02 3.930654004216194153e-02 4.794326424598693848e-02 5.462568998336791992e-02 5.522458627820014954e-02 6.154452264308929443e-02 6.969267129898071289e-02 9.331757575273513794e-02 1.127974763512611389e-01 1.116784885525703430e-01 8.713947981595993042e-02 5.391646921634674072e-02 2.795902267098426819e-02 1.456264778971672058e-02 7.769897580146789551e-03 6.225374527275562286e-03 4.964538849890232086e-03 3.703703638166189194e-03 3.798266407102346420e-03 2.742316806688904762e-03 3.293932182714343071e-03 1.544523239135742188e-02 3.845547791570425034e-03 3.420015797019004822e-03 1.472025178372859955e-02 2.349881827831268311e-02 3.535066917538642883e-02 8.482269197702407837e-02 1.188652515411376953e-01 1.424743831157684326e-01 1.292513757944107056e-01 1.211189925670623779e-01 1.144050434231758118e-01 6.817966699600219727e-02 3.916469588875770569e-02 2.843183651566505432e-02 1.702127605676651001e-02 1.391647011041641235e-02 7.549251429736614227e-03 6.509062368422746658e-03 5.910165607929229736e-03 5.122143309563398361e-03 3.656422486528754234e-03 2.395587041974067688e-03 1.686367206275463104e-03 1.686367206275463104e-03 1.182033098302781582e-03 1.513002323918044567e-03 1.339637557975947857e-03 4.728132335003465414e-04 5.516154342330992222e-04 2.521670539863407612e-04 3.309692547190934420e-04 1.355397980660200119e-03
1.108595013618469238e+00 3.009909987449645996e-01 1.031864881515502930e-01 8.497743308544158936e-02 7.090976461768150330e-03 4.900556057691574097e-03 5.115516250953078270e-04 3.972687991335988045e-04 2.995298057794570923e-02 8.680052123963832855e-04 7.784836459904909134e-03 1.495798826217651367e-01 1.799165308475494385e-01 7.421852648258209229e-02 1.344156265258789062e-01 2.081035636365413666e-02 8.109454065561294556e-02 7.277366518974304199e-02 2.271778881549835205e-01 4.107569456100463867e-01 3.535964712500572205e-02 1.293237060308456421e-01 1.981047242879867554e-01 1.600204259157180786e-01 8.427540957927703857e-02 5.902072414755821228e-02 3.338509425520896912e-02 2.764646336436271667e-02 3.482723236083984375e-02 3.380503877997398376e-02 2.100808359682559967e-02 1.418013870716094971e-02 1.708800159394741058e-02 2.144525945186614990e-02 2.136544324457645416e-02 2.311596646904945374e-02 2.610092423856258392e-02 1.689934358000755310e-02 5.932729225605726242e-03 4.819832276552915573e-03 3.366807941347360611e-03 3.718726336956024170e-03 3.225314896553754807e-03 3.143684240058064461e-03 1.915597589686512947e-03 1.957319909706711769e-03 1.824897015467286110e-03 1.589075312949717045e-03 1.164596294984221458e-03 1.045778393745422363e-03 6.521376199088990688e-04 8.671888150274753571e-03 8.040612563490867615e-03 2.684829756617546082e-02 3.817227482795715332e-02 4.487414285540580750e-02 3.315017744898796082e-02 4.479704797267913818e-02 5.304082855582237244e-02 6.518564373254776001e-02 7.352738082408905029e-02 7.831274718046188354e-02 8.265731483697891235e-02 8.003968745470046997e-02 8.315435051918029785e-02 7.989638298749923706e-02 4.664734005928039551e-02 2.277674525976181030e-02 1.273709163069725037e-02 7.598899770528078079e-03 5.859261844307184219e-03 6.170365028083324432e-03 6.990298628807067871e-03 6.837014574557542801e-03 7.533595431596040726e-03 8.343552239239215851e-03 1.308991666883230209e-02 1.367584336549043655e-02 1.146909687668085098e-02 1.044055074453353882e-02 1.308628916740417480e-02 1.105731539428234100e-02 3.468392649665474892e-03 5.215287092141807079e-04
1.675427258014678955e-01 8.339250087738037109e-01 8.153738379478454590e-01 1.009368002414703369e-01 5.019094794988632202e-02 3.637179359793663025e-02 3.010663762688636780e-02 5.289094895124435425e-02 1.169381216168403625e-01 1.096784323453903198e-01 2.120467722415924072e-01 2.351276278495788574e-01 1.067908778786659241e-01 4.086660593748092651e-02 1.552314870059490204e-02 1.190609857439994812e-02 4.403995815664529800e-03 8.645265363156795502e-03 2.937640622258186340e-02 2.135795354843139648e-02 4.398954659700393677e-02 8.860924094915390015e-02 7.569008320569992065e-02 7.860198616981506348e-02 7.764515280723571777e-02 7.461339980363845825e-02 6.021413579583168030e-02 5.331574007868766785e-02 5.262702703475952148e-02 4.506351798772811890e-02 4.224057495594024658e-02 3.815931454300880432e-02 3.988456353545188904e-02 3.578983247280120850e-02 2.960511110723018646e-02 2.378352917730808258e-02 2.500082738697528839e-02 1.816903054714202881e-02 1.417796779423952103e-02 1.544221863150596619e-02 9.279984980821609497e-03 1.071474608033895493e-02 7.582291029393672943e-03 7.612439338117837906e-03 4.024424124509096146e-03 3.539580386132001877e-03 3.807455301284790039e-03 2.303130459040403366e-03 1.309225917793810368e-03 8.862851536832749844e-04 4.556837666314095259e-04 1.586194708943367004e-02 4.103217273950576782e-02 2.803233638405799866e-02 1.895276270806789398e-02 1.884131319820880890e-02 1.862570270895957947e-02 1.945848762989044189e-02 2.096676640212535858e-02 2.154860273003578186e-02 2.290663495659828186e-02 2.458035759627819061e-02 2.703595906496047974e-02 3.016211278736591339e-02 3.351697325706481934e-02 3.801536932587623596e-02 4.225058481097221375e-02 4.779885336756706238e-02 5.556771904230117798e-02 6.270050257444381714e-02 6.289980560541152954e-02 6.294218450784683228e-02 6.124337762594223022e-02 4.975157231092453003e-02 3.799745440483093262e-02 3.916396945714950562e-02 4.603703320026397705e-02 4.085140675306320190e-02 1.347294263541698456e-02 4.238798283040523529e-03 2.699011936783790588e-03 2.221705392003059387e-03 1.918863621540367603e-03 2.568657742813229561e-03
1.775552183389663696e-01 1.212455034255981445e+00 7.580037415027618408e-02 9.724361822009086609e-03 1.046909764409065247e-02 3.035439178347587585e-02 3.674285411834716797e-01 4.015579447150230408e-02 1.938024163246154785e-02 8.979625999927520752e-03 1.607601344585418701e-02 3.285396471619606018e-02 5.290018916130065918e-01 2.925783395767211914e-01 4.470980912446975708e-02 2.080979198217391968e-02 1.530559826642274857e-02 1.769388839602470398e-02 2.688751928508281708e-02 5.178051441907882690e-02 8.246304932981729507e-04 3.315642243251204491e-03 8.431775495409965515e-03 1.673514768481254578e-02 2.732694149017333984e-02 3.404097631573677063e-02 3.359013795852661133e-02 3.316783532500267029e-02 3.947668895125389099e-02 4.020144790410995483e-02 5.855161696672439575e-02 9.490669518709182739e-02 8.395822346210479736e-02 8.033156394958496094e-02 8.707127720117568970e-02 6.691205501556396484e-02 6.070592999458312988e-02 6.525423377752304077e-02 6.781658530235290527e-02 3.521372005343437195e-02 1.757975295186042786e-02 8.146435953676700592e-03 6.765394005924463272e-03 6.913770455867052078e-03 8.006620220839977264e-03 8.246304467320442200e-03 2.003081608563661575e-03 9.016721160151064396e-04 5.877988878637552261e-04 5.335844471119344234e-04 3.709410375449806452e-04 2.111510606482625008e-03 4.565428389469161630e-05 6.391599890775978565e-04 2.990355482324957848e-03 1.149346586316823959e-02 2.805455774068832397e-02 4.207612946629524231e-02 3.894595801830291748e-02 2.902756445109844208e-02 2.313530817627906799e-02 1.881527155637741089e-02 2.008217759430408478e-02 2.813730575144290924e-02 2.791759371757507324e-02 2.245905436575412750e-02 2.219083532691001892e-02 3.159847110509872437e-02 4.291788116097450256e-02 6.056611239910125732e-02 7.938138395547866821e-02 6.007247790694236755e-02 5.532157793641090393e-02 2.881641313433647156e-02 3.430919349193572998e-02 4.876448214054107666e-02 3.859784454107284546e-02 5.073902755975723267e-02 4.995149374008178711e-02 4.575985670089721680e-02 3.015465475618839264e-02 1.635279320180416107e-02 8.274838328361511230e-03 2.411116845905780792e-03
9.052861481904983521e-03 1.468788385391235352e+00 9.327759742736816406e-01 4.863663762807846069e-02 4.412194341421127319e-02 5.615591257810592651e-02 4.105737432837486267e-02 7.434248924255371094e-02 1.244370788335800171e-01 1.002465561032295227e-01 9.710374474525451660e-02 6.285622948780655861e-04 0.000000000000000000e+00 0.000000000000000000e+00 0.000000000000000000e+00 0.000000000000000000e+00 0.000000000000000000e+00 0.000000000000000000e+00 0.000000000000000000e+00 2.652480732649564743e-03 8.172178786480799317e-05 8.791178464889526367e-03 5.747997760772705078e-02 7.510406523942947388e-02 4.253271594643592834e-02 1.801096089184284210e-02 6.392556708306074142e-03 2.980237128213047981e-03 2.083036350086331367e-03 1.870907377451658249e-03 1.703116926364600658e-03 2.372540067881345749e-03 3.296691924333572388e-03 4.005237016826868057e-03 6.223896984010934830e-03 2.040175907313823700e-02 5.931263417005538940e-02 9.527195990085601807e-02 1.142722740769386292e-01 1.179341077804565430e-01 7.887282967567443848e-02 4.672660678625106812e-02 6.525745987892150879e-02 7.166827470064163208e-02 5.099352821707725525e-02 2.932160533964633942e-02 1.446301862597465515e-02 2.036959165707230568e-03 2.764630771707743406e-04 1.025869278237223625e-04 5.824851177749224007e-05 1.008481704047881067e-04 1.304071156482677907e-05 1.477947262173984200e-05 1.912637708301190287e-05 1.391009209328331053e-05 1.391009209328331053e-05 1.999575761146843433e-05 1.738761602609883994e-05 1.738761602609883994e-05 2.608142312965355814e-05 3.651399310911074281e-05 1.504028768977150321e-04 3.964376228395849466e-04 5.997858010232448578e-03 2.116159722208976746e-02 4.386373609304428101e-02 4.990854114294052124e-02 4.345078021287918091e-02 4.662141203880310059e-02 4.267964139580726624e-02 4.118343442678451538e-02 5.486487969756126404e-02 7.509972155094146729e-02 1.367588043212890625e-01 1.510062217712402344e-01 8.898981660604476929e-02 5.102482438087463379e-02 5.445714294910430908e-02 5.706093832850456238e-02 2.902601473033428192e-02 4.725084640085697174e-03 1.116284867748618126e-03 2.642917388584464788e-04
3.595752120018005371e-01 2.421979427337646484e+00 2.184186279773712158e-01 0.000000000000000000e+00 0.000000000000000000e+00 0.000000000000000000e+00 0.000000000000000000e+00 0.000000000000000000e+00 0.000000000000000000e+00 0.000000000000000000e+00 0.000000000000000000e+00 0.000000000000000000e+00 0.000000000000000000e+00 0.000000000000000000e+00 0.000000000000000000e+00 0.000000000000000000e+00 0.000000000000000000e+00 0.000000000000000000e+00 0.000000000000000000e+00 2.680476427485700697e-05 0.000000000000000000e+00 0.000000000000000000e+00 8.934921424952335656e-07 5.182254608371295035e-05 4.815922875422984362e-04 1.327729318290948868e-03 3.067358629778027534e-03 5.096479319036006927e-03 4.280720837414264679e-03 4.679218400269746780e-03 6.256232038140296936e-03 2.045739628374576569e-02 2.930654212832450867e-02 4.590494558215141296e-02 5.268833786249160767e-02 3.546449169516563416e-02 2.926276251673698425e-02 3.604526072740554810e-02 4.342282563447952271e-02 6.043938547372817993e-02 7.740322500467300415e-02 8.701451867818832397e-02 8.547235280275344849e-02 7.626312971115112305e-02 6.377389281988143921e-02 5.937970057129859924e-02 5.109971016645431519e-02 3.481224179267883301e-02 2.902866713702678680e-02 2.428779751062393188e-02 1.687002554535865784e-02 1.636073552072048187e-02 2.680476427485700697e-06 3.842016303678974509e-05 4.181543190497905016e-04 2.613464603200554848e-03 4.019821062684059143e-03 4.081472288817167282e-03 3.996590618044137955e-03 5.566456355154514313e-03 8.531956933438777924e-03 1.062362175434827805e-02 1.693793013691902161e-02 2.248294278979301453e-02 1.301639340817928314e-02 9.588064625859260559e-03 8.934028446674346924e-03 1.897330582141876221e-02 2.746058814227581024e-02 2.088895253837108612e-02 2.201475389301776886e-02 2.036983519792556763e-02 2.446470968425273895e-02 5.112651363015174866e-02 8.177061378955841064e-02 9.439923614263534546e-02 1.081411466002464294e-01 1.240953356027603149e-01 1.213871613144874573e-01 1.015632525086402893e-01 4.984524846076965332e-02 1.998652704060077667e-02 2.514286898076534271e-03 1.465327077312394977e-04
8.175919204950332642e-02 2.076376438140869141e+00 8.348824381828308105e-01 4.308579489588737488e-03 6.099495221860706806e-04 1.730353324091993272e-05 0.000000000000000000e+00 0.000000000000000000e+00 4.325883310229983181e-06 0.000000000000000000e+00 0.000000000000000000e+00 0.000000000000000000e+00 0.000000000000000000e+00 4.325883310229983181e-06 0.000000000000000000e+00 0.000000000000000000e+00 8.651766620459966362e-06 4.325883310229983181e-06 4.498918424360454082e-04 1.574621535837650299e-03 8.911319309845566750e-04 1.454938668757677078e-03 1.460706582292914391e-03 2.059120452031493187e-03 4.372025839984416962e-03 4.612833261489868164e-03 2.091997116804122925e-02 4.488536342978477478e-02 1.242638751864433289e-01 2.532126903533935547e-01 2.238211929798126221e-01 8.533525466918945312e-02 3.665753453969955444e-02 2.187166549265384674e-02 1.904398016631603241e-02 1.944484561681747437e-02 2.103100158274173737e-02 2.216294221580028534e-02 2.163085713982582092e-02 1.897764950990676880e-02 1.422638818621635437e-02 1.089113205671310425e-02 7.956741377711296082e-03 6.235039792954921722e-03 3.496755613014101982e-03 2.739726100116968155e-03 1.850036089308559895e-03 1.245854306034743786e-03 8.291276171803474426e-04 5.926460144110023975e-04 4.210526240058243275e-04 1.405911985784769058e-03 1.499639474786818027e-04 3.326604142785072327e-03 2.457101643085479736e-02 2.464599907398223877e-02 1.677289046347141266e-02 2.961499616503715515e-02 4.508579522371292114e-02 3.835472092032432556e-02 7.582408189773559570e-02 7.006488740444183350e-02 4.517087340354919434e-02 3.519538417458534241e-02 1.926748454570770264e-02 1.000144239515066147e-02 8.732516318559646606e-03 8.250901475548744202e-03 9.906272403895854950e-03 1.101946644484996796e-02 1.217159349471330643e-02 1.650612801313400269e-02 3.078010119497776031e-02 6.956019997596740723e-02 1.522494554519653320e-01 1.382494568824768066e-01 6.080317124724388123e-02 3.397548571228981018e-02 3.323720302432775497e-03 7.454938604496419430e-04 5.839942605234682560e-04 6.416726973839104176e-04 6.070656236261129379e-04 3.847152227535843849e-03
3.379915952682495117e-01 7.546053528785705566e-01 4.298920631408691406e-01 3.779891729354858398e-01 2.579566836357116699e-01 2.508214712142944336e-01 1.113357692956924438e-01 9.913487732410430908e-02 9.564268589019775391e-02 3.296757861971855164e-02 1.981427893042564392e-02 7.256240118294954300e-03 6.176832597702741623e-03 1.809992454946041107e-02 2.843168377876281738e-02 2.396325208246707916e-02 2.588396146893501282e-02 2.170125767588615417e-02 4.689273610711097717e-02 5.344259738922119141e-02 1.111089065670967102e-02 2.759368717670440674e-02 4.104660078883171082e-02 5.931981280446052551e-02 8.634601533412933350e-02 7.056166231632232666e-02 7.165165245532989502e-02 6.322406977415084839e-02 5.580843240022659302e-02 5.249348655343055725e-02 4.829027503728866577e-02 4.509901255369186401e-02 4.131116345524787903e-02 3.350992873311042786e-02 2.828683704137802124e-02 2.468219585716724396e-02 2.870550379157066345e-02 2.461671829223632812e-02 2.330449596047401428e-02 2.794224582612514496e-02 3.219373896718025208e-02 3.633213043212890625e-02 3.140733018517494202e-02 1.938965916633605957e-02 8.612114004790782928e-03 3.331481479108333588e-03 1.267246087081730366e-03 4.967128043062984943e-04 2.255380532005801797e-04 1.031786960083991289e-04 4.960514343110844493e-05 1.686574891209602356e-03 1.244361512362957001e-02 1.131989341229200363e-02 1.235101930797100067e-02 1.681812852621078491e-02 1.830958947539329529e-02 1.636705175042152405e-02 2.037382498383522034e-02 2.734698541462421417e-02 3.321295976638793945e-02 4.168816283345222473e-02 5.106221139430999756e-02 4.259560629725456238e-02 4.159821197390556335e-02 4.901980236172676086e-02 5.536926165223121643e-02 5.607960745692253113e-02 5.651414766907691956e-02 6.450917571783065796e-02 6.486368179321289062e-02 7.061060518026351929e-02 5.291546136140823364e-02 4.490786790847778320e-02 3.524015471339225769e-02 2.476487122476100922e-02 1.932484097778797150e-02 1.892469264566898346e-02 1.387356687337160110e-02 1.013466157019138336e-02 6.531343795359134674e-03 4.421471618115901947e-03 2.504067728295922279e-03 4.003465641289949417e-03
1.894682496786117554e-01 1.830044746398925781e+00 9.598253965377807617e-01 1.106449961662292480e-02 1.459493068978190422e-03 2.658457378856837749e-05 0.000000000000000000e+00 0.000000000000000000e+00 0.000000000000000000e+00 0.000000000000000000e+00 0.000000000000000000e+00 0.000000000000000000e+00 0.000000000000000000e+00 6.114452116889879107e-05 0.000000000000000000e+00 6.911989476066082716e-05 0.000000000000000000e+00 7.443680806318297982e-05 2.156008966267108917e-03 5.750243552029132843e-03 5.139684071764349937e-05 1.772304926817014348e-06 2.206519566243514419e-04 2.953546121716499329e-03 9.576649405062198639e-03 2.717209234833717346e-02 7.853880524635314941e-02 1.708395630121231079e-01 2.500642538070678711e-01 1.753837466239929199e-01 1.034263968467712402e-01 7.023644447326660156e-02 4.148434102535247803e-02 2.576754055917263031e-02 1.438491232693195343e-02 7.855741307139396667e-03 5.109555087983608246e-03 2.700106473639607430e-03 1.789141795597970486e-03 1.598619041033089161e-03 8.861524402163922787e-04 9.100785828195512295e-04 9.251431329175829887e-04 6.796789239160716534e-04 3.916793793905526400e-04 5.325776292011141777e-04 7.682941504754126072e-04 4.643438733182847500e-04 3.119256580248475075e-04 9.836292156251147389e-05 3.278764052083715796e-05 4.843709524720907211e-03 6.227879319339990616e-03 5.722772330045700073e-03 4.576623067259788513e-02 2.168734073638916016e-01 2.609966993331909180e-01 1.492564231157302856e-01 1.052890866994857788e-01 7.774392515420913696e-02 7.182177156209945679e-02 3.946657106280326843e-02 1.210041157901287079e-02 2.858727704733610153e-03 8.312109857797622681e-04 3.845901519525796175e-04 2.020427637035027146e-04 1.577351358719170094e-04 1.373536360915750265e-04 1.515320618636906147e-04 1.550766755826771259e-04 2.321719366591423750e-04 3.987686068285256624e-04 4.297839477658271790e-04 4.962453967891633511e-04 4.280116409063339233e-04 2.835687773767858744e-04 3.349656180944293737e-04 4.173777997493743896e-04 6.398020777851343155e-04 1.958396896952763200e-04 0.000000000000000000e+00 0.000000000000000000e+00 0.000000000000000000e+00
2.309087514877319336e-01 7.804518342018127441e-01 1.472904205322265625e+00 4.144519567489624023e-01 7.975824177265167236e-02 3.551505971699953079e-03 3.347606252646073699e-05 6.086556822992861271e-06 6.463923491537570953e-03 9.129835234489291906e-05 0.000000000000000000e+00 0.000000000000000000e+00 9.129835234489291906e-05 6.543048657476902008e-04 0.000000000000000000e+00 1.886832469608634710e-04 0.000000000000000000e+00 7.608196028741076589e-05 5.137054249644279480e-03 5.231395829468965530e-03 1.904382184147834778e-02 5.319042131304740906e-02 1.200289279222488403e-01 1.708912402391433716e-01 1.449361294507980347e-01 9.815485775470733643e-02 6.150770187377929688e-02 3.501798957586288452e-02 2.159104682505130768e-02 1.683237403631210327e-02 1.360649801790714264e-02 1.046177651733160019e-02 6.837232504040002823e-03 6.622173823416233063e-03 9.360110387206077576e-03 1.479946356266736984e-02 2.418290451169013977e-02 3.223744779825210571e-02 3.294957429170608521e-02 2.591757290065288544e-02 2.506241202354431152e-02 2.283676154911518097e-02 1.645500585436820984e-02 9.694870561361312866e-03 4.283921793103218079e-03 1.734668738208711147e-03 7.942956872284412384e-04 4.311311058700084686e-04 2.657796430867165327e-04 1.460773637518286705e-04 6.593769649043679237e-05 5.985114330542273819e-05 4.057704700244357809e-06 6.086556822992861271e-06 6.999540346441790462e-05 5.412978120148181915e-03 4.366090148687362671e-02 6.806292384862899780e-02 7.946811616420745850e-02 7.312085479497909546e-02 5.533796176314353943e-02 3.806532546877861023e-02 4.108831658959388733e-02 4.637550562620162964e-02 5.416934192180633545e-02 5.288102105259895325e-02 5.121431872248649597e-02 6.529455631971359253e-02 9.115125983953475952e-02 7.308230549097061157e-02 4.831103235483169556e-02 2.797787263989448547e-02 1.768144778907299042e-02 1.233034953474998474e-02 9.295186959207057953e-03 7.847600616514682770e-03 6.402043625712394714e-03 7.046204060316085815e-03 9.056796319782733917e-03 6.588697899132966995e-03 2.594902180135250092e-03 1.528740162029862404e-03 1.508451648987829685e-03 3.364851465448737144e-03
1.553015470504760742e+00 1.142534092068672180e-01 4.002784788608551025e-01 1.001067087054252625e-02 1.961327216122299433e-04 6.681444210698828101e-05 3.448487041168846190e-05 7.184348760347347707e-07 2.058315731119364500e-04 1.436869752069469541e-06 6.214461609488353133e-05 4.562061076285317540e-05 7.401742935180664062e-01 1.125826984643936157e-01 2.620167843997478485e-02 7.038865238428115845e-03 7.869016379117965698e-03 9.323847480118274689e-03 1.037815026938915253e-02 8.260205388069152832e-03 4.254810512065887451e-03 1.632319949567317963e-02 2.008947357535362244e-02 1.855896785855293274e-02 8.019337058067321777e-02 5.351597070693969727e-02 1.065750233829021454e-02 7.856803946197032928e-03 8.577992208302021027e-03 8.133879862725734711e-03 8.773646317422389984e-03 8.365814574062824249e-03 1.004347950220108032e-02 9.643072262406349182e-03 1.014226488769054413e-02 9.673246182501316071e-03 1.201019529253244400e-02 1.089398656040430069e-02 1.009209360927343369e-02 1.253812480717897415e-02 1.168546266853809357e-02 1.592494733631610870e-02 1.774929277598857880e-02 2.500416710972785950e-02 2.851336263120174408e-02 3.033854626119136810e-02 2.410097420215606689e-02 4.801048710942268372e-02 1.249567717313766479e-01 1.658456623554229736e-01 1.257852464914321899e-01 5.174718424677848816e-02 1.208084076642990112e-02 7.529436610639095306e-03 6.461962126195430756e-03 8.282236754894256592e-03 1.404528133571147919e-02 2.538481727242469788e-02 4.813800752162933350e-02 4.406975209712982178e-02 4.927289485931396484e-02 5.868547037243843079e-02 4.463360458612442017e-02 3.199106454849243164e-02 2.750886976718902588e-02 2.857586555182933807e-02 3.844584524631500244e-02 5.578826367855072021e-02 6.509738415479660034e-02 7.879912853240966797e-02 8.914519101381301880e-02 1.019692569971084595e-01 7.429310679435729980e-02 4.226121306419372559e-02 1.071629393845796585e-02 7.198956795036792755e-03 5.545359104871749878e-03 4.593432880938053131e-03 3.856797702610492706e-03 2.956359414383769035e-03 2.230021869763731956e-03 1.890321844257414341e-03 1.940133282914757729e-03 6.612833589315414429e-03
8.926128149032592773e-01 1.042708635330200195e+00 1.828612089157104492e-01 3.546133171766996384e-03 1.460675848647952080e-03 1.215327996760606766e-03 8.130714995786547661e-04 1.166828908026218414e-03 1.580496900714933872e-03 7.531609735451638699e-04 9.870973881334066391e-04 1.597614143975079060e-03 2.183482199907302856e-01 1.981983035802841187e-01 8.874461799860000610e-02 2.404409646987915039e-02 3.066563419997692108e-02 3.333307802677154541e-02 1.133022308349609375e-01 1.620608419179916382e-01 2.657935488969087601e-03 3.143876418471336365e-02 1.770793646574020386e-01 7.679864764213562012e-02 7.918460667133331299e-02 1.048947870731353760e-01 9.457591176033020020e-02 1.119366511702537537e-01 6.195509806275367737e-02 5.535733327269554138e-02 4.457343742251396179e-02 2.059971354901790619e-02 1.396485976874828339e-02 1.098835282027721405e-02 1.153325289487838745e-02 1.217705383896827698e-02 1.520396210253238678e-02 1.608455181121826172e-02 1.627093926072120667e-02 1.346750743687152863e-02 7.992826402187347412e-03 5.826537031680345535e-03 3.631719388067722321e-03 2.933714305981993675e-03 1.209622249007225037e-03 1.255268347449600697e-03 1.006116624921560287e-03 7.284359890036284924e-04 3.879920404870063066e-04 3.822862636297941208e-04 1.854373695096001029e-04 3.717306070029735565e-03 6.365731824189424515e-03 6.750870961695909500e-03 1.091988384723663330e-02 1.534565538167953491e-02 2.387957833707332611e-02 3.322942554950714111e-02 4.282937571406364441e-02 5.484857037663459778e-02 6.460637599229812622e-02 7.175190001726150513e-02 6.448275595903396606e-02 5.218492820858955383e-02 4.826982319355010986e-02 4.762982577085494995e-02 3.734233230352401733e-02 1.710588298738002777e-02 1.464955229312181473e-02 1.145051978528499603e-02 1.017242856323719025e-02 1.467427704483270645e-02 1.157224271446466446e-02 1.880144700407981873e-02 5.630448833107948303e-02 5.038761347532272339e-02 1.003577485680580139e-01 1.050716638565063477e-01 8.598588407039642334e-03 3.955997235607355833e-04 2.092113936669193208e-05 0.000000000000000000e+00 0.000000000000000000e+00 0.000000000000000000e+00
2.353841960430145264e-01 2.316192150115966797e+00 4.424653053283691406e-01 4.207020625472068787e-03 2.369545836700126529e-05 0.000000000000000000e+00 0.000000000000000000e+00 0.000000000000000000e+00 0.000000000000000000e+00 0.000000000000000000e+00 0.000000000000000000e+00 0.000000000000000000e+00 0.000000000000000000e+00 0.000000000000000000e+00 0.000000000000000000e+00 0.000000000000000000e+00 0.000000000000000000e+00 0.000000000000000000e+00 2.111049834638834000e-04 1.516509335488080978e-03 2.132591180270537734e-04 3.734619542956352234e-02 2.489552497863769531e-01 3.552085459232330322e-01 2.480016797780990601e-01 1.690347678959369659e-02 3.109849290922284126e-03 2.485868986696004868e-03 1.990418415516614914e-03 1.861170516349375248e-03 2.169211395084857941e-03 3.817122662439942360e-03 9.827870875597000122e-03 1.295136287808418274e-02 1.267994195222854614e-02 1.337285432964563370e-02 9.357551112771034241e-03 6.891069933772087097e-03 4.599791020154953003e-03 2.969830762594938278e-03 2.015549922361969948e-03 1.481325132772326469e-03 9.076078422367572784e-04 3.970784309785813093e-04 2.240297762909904122e-04 1.184772845590487123e-04 4.954504765919409692e-05 2.369545654801186174e-05 1.077066281141014770e-05 9.334574315289501101e-06 1.507892739027738571e-05 3.518416269798763096e-05 1.436088268746971153e-06 4.308265033614588901e-06 1.220675039803609252e-05 7.252245995914563537e-05 2.082328137475997210e-04 6.175179732963442802e-04 1.975339604541659355e-03 3.457382554188370705e-03 3.226890461519360542e-03 3.715663030743598938e-02 1.164258345961570740e-01 1.485252827405929565e-01 1.452854722738265991e-01 1.176012754440307617e-01 3.313271328806877136e-02 1.435442082583904266e-02 1.516868267208337784e-02 1.531588193029165268e-02 1.535034831613302231e-02 1.608634367585182190e-02 1.381516922265291214e-02 1.345471106469631195e-02 1.747575961053371429e-02 3.741225600242614746e-02 7.992190867662429810e-02 8.298723399639129639e-02 4.982436820864677429e-02 1.999178528785705566e-02 1.046908437274396420e-03 8.616530249128118157e-05 4.308265033614588901e-06 7.180441343734855764e-07
3.573389947414398193e-01 1.498367071151733398e+00 8.913254141807556152e-01 7.903952151536941528e-02 2.118140645325183868e-02 1.117689721286296844e-02 8.973986841738224030e-03 1.018084213137626648e-02 1.217195205390453339e-02 7.343034259974956512e-03 1.968532614409923553e-02 3.245621174573898315e-02 4.488242324441671371e-03 7.994915358722209930e-03 6.328995805233716965e-04 5.566219799220561981e-03 7.492891745641827583e-05 6.998360622674226761e-04 1.150808297097682953e-02 1.979422196745872498e-02 5.482299253344535828e-03 1.925539970397949219e-02 1.334700454026460648e-02 1.098524499684572220e-02 1.266048941761255264e-02 1.618731021881103516e-02 1.773850619792938232e-02 2.242522500455379486e-02 3.039816208183765411e-02 3.341896459460258484e-02 2.864016406238079071e-02 2.677293494343757629e-02 3.163149207830429077e-02 3.130546957254409790e-02 3.125584870576858521e-02 3.050622716546058655e-02 3.899234160780906677e-02 3.683172538876533508e-02 3.430928662419319153e-02 3.896103799343109131e-02 3.455488383769989014e-02 3.963140398263931274e-02 3.925042971968650818e-02 4.640614241361618042e-02 4.340165853500366211e-02 5.384608358144760132e-02 5.725618451833724976e-02 5.404239892959594727e-02 4.303883761167526245e-02 2.646855637431144714e-02 1.290658954530954361e-02 3.809169679880142212e-02 2.034403383731842041e-02 6.262309104204177856e-02 6.784913688898086548e-02 6.070724129676818848e-02 5.657216534018516541e-02 5.201831832528114319e-02 5.236116051673889160e-02 5.299971997737884521e-02 5.416161939501762390e-02 5.330359935760498047e-02 5.803477764129638672e-02 5.383376404643058777e-02 4.777218028903007507e-02 3.905111923813819885e-02 3.101091459393501282e-02 2.337166108191013336e-02 1.843467913568019867e-02 1.844999752938747406e-02 2.127997949719429016e-02 2.986899763345718384e-02 2.845267392694950104e-02 2.452573366463184357e-02 1.733605377376079559e-02 1.371565554291009903e-02 1.452422142028808594e-02 8.347247727215290070e-03 5.521928425878286362e-03 4.426134284585714340e-03 2.801508875563740730e-03 1.855573034845292568e-03 1.565514830872416496e-03 2.879601437598466873e-03
1.715556681156158447e-01 1.045741319656372070e+00 4.496554732322692871e-01 7.035899907350540161e-02 1.999414525926113129e-02 9.287714026868343353e-03 3.637116635218262672e-03 3.211929462850093842e-03 5.287813395261764526e-02 7.821870967745780945e-03 1.912292242050170898e-01 5.998636484146118164e-01 2.927268445491790771e-01 4.022783786058425903e-02 8.282758295536041260e-03 3.590706735849380493e-03 3.644970711320638657e-04 9.235591278411448002e-04 2.416533417999744415e-02 4.483206663280725479e-03 6.633763015270233154e-02 7.902672141790390015e-02 1.205545142292976379e-01 1.688541322946548462e-01 1.186351627111434937e-01 6.711779534816741943e-02 5.089963972568511963e-02 4.400121048092842102e-02 5.063034221529960632e-02 4.716815799474716187e-02 4.605586454272270203e-02 3.906603902578353882e-02 2.676108106970787048e-02 1.912330277264118195e-02 1.139306183904409409e-02 8.199339732527732849e-03 7.707869168370962143e-03 5.183640867471694946e-03 4.253060556948184967e-03 4.183802753686904907e-03 3.078292589634656906e-03 3.155047539621591568e-03 1.712648314423859119e-03 1.350769191049039364e-03 5.726281087845563889e-04 3.897250571753829718e-04 3.829420602414757013e-04 2.360960352234542370e-04 1.494640309829264879e-04 1.054340173141099513e-04 6.033300815033726394e-05 3.654252504929900169e-03 1.376961078494787216e-02 1.630585826933383942e-02 2.338659763336181641e-02 2.886797674000263214e-02 3.555613383650779724e-02 4.184504598379135132e-02 5.105303227901458740e-02 6.206612661480903625e-02 5.411049723625183105e-02 5.631295219063758850e-02 5.956248566508293152e-02 7.442320883274078369e-02 5.952702090144157410e-02 3.083659335970878601e-02 2.218374609947204590e-02 2.180413529276847839e-02 2.461205981671810150e-02 2.743938192725181580e-02 2.819491177797317505e-02 2.127922698855400085e-02 1.977899298071861267e-02 1.922469027340412140e-02 1.714219152927398682e-02 1.938141323626041412e-02 2.276601269841194153e-02 2.995254285633563995e-02 4.279740527272224426e-02 3.613340482115745544e-02 2.605445869266986847e-02 8.429842069745063782e-03 2.648464404046535492e-03 2.553978469222784042e-03
1.177820563316345215e+00 9.901680350303649902e-01 9.475348144769668579e-02 1.018004585057497025e-02 1.623471616767346859e-03 1.233057701028883457e-03 1.301380143559072167e-05 2.928105095634236932e-05 4.476747475564479828e-03 3.481191815808415413e-04 3.175367368385195732e-03 6.865105777978897095e-02 4.520994424819946289e-02 1.253912299871444702e-01 1.339543163776397705e-01 1.377055346965789795e-01 6.955876946449279785e-03 2.899800240993499756e-02 7.184919714927673340e-02 9.746360778808593750e-02 1.644076965749263763e-02 7.661875337362289429e-03 3.876486048102378845e-02 5.839834734797477722e-02 6.084711104631423950e-02 6.858490407466888428e-02 9.484024345874786377e-02 1.504590660333633423e-01 1.084277406334877014e-01 6.327635794878005981e-02 9.193057566881179810e-02 8.766313642263412476e-02 3.729213029146194458e-02 2.056072093546390533e-02 1.454075425863265991e-02 1.250517833977937698e-02 1.370244845747947693e-02 1.242601126432418823e-02 1.125910691916942596e-02 9.856869466602802277e-03 6.749825086444616318e-03 4.825951065868139267e-03 3.033300163224339485e-03 1.907606376335024834e-03 1.044357544742524624e-03 7.385332137346267700e-04 5.520020495168864727e-04 3.806536842603236437e-04 2.342484222026541829e-04 1.746018388075754046e-04 9.109660459216684103e-05 8.296298328787088394e-04 4.886682145297527313e-03 3.982331603765487671e-02 4.822155460715293884e-02 7.315383106470108032e-02 5.724554136395454407e-02 6.858924031257629395e-02 4.317111521959304810e-02 1.840585283935070038e-02 1.133068278431892395e-02 1.207246910780668259e-02 1.296499930322170258e-02 1.149227097630500793e-02 1.189244538545608521e-02 1.172109693288803101e-02 1.177206728607416153e-02 1.285329740494489670e-02 1.583128981292247772e-02 1.355495862662792206e-02 1.199221797287464142e-02 1.274593360722064972e-02 1.421432383358478546e-02 1.771720498800277710e-02 2.447462268173694611e-02 3.649828955531120300e-02 5.517092719674110413e-02 7.565573602914810181e-02 9.153798967599868774e-02 8.371995389461517334e-02 6.042307987809181213e-02 3.040783107280731201e-02 4.904034081846475601e-03 1.555149210616946220e-03
1.791815161705017090e-01 1.355487108230590820e+00 2.305035591125488281e-01 1.077110990881919861e-01 6.438568234443664551e-02 4.754241555929183960e-02 2.857001312077045441e-02 4.811596125364303589e-02 7.267116010189056396e-02 1.120560169219970703e-01 1.235929504036903381e-01 4.823562502861022949e-02 1.111317425966262817e-01 1.008367985486984253e-01 1.202012002468109131e-01 4.702251031994819641e-02 6.410510092973709106e-02 2.875569462776184082e-02 4.571449756622314453e-02 6.417937576770782471e-02 2.267088182270526886e-02 1.192617882043123245e-02 2.227476239204406738e-02 3.293006494641304016e-02 4.505980387330055237e-02 6.574872136116027832e-02 6.939218193292617798e-02 6.153858825564384460e-02 8.202669024467468262e-02 8.600575476884841919e-02 7.169049233198165894e-02 6.707324087619781494e-02 7.005787640810012817e-02 6.962599605321884155e-02 5.232334136962890625e-02 5.478945374488830566e-02 5.279923602938652039e-02 2.905278280377388000e-02 1.246946584433317184e-02 6.236108485609292984e-03 3.485288703814148903e-03 2.702680416405200958e-03 1.354778767563402653e-03 1.217237790115177631e-03 6.684492109343409538e-04 5.171541124582290649e-04 4.593869089148938656e-04 3.259721270296722651e-04 1.843049249146133661e-04 1.788032823242247105e-04 7.839836325729265809e-05 3.135934472084045410e-03 6.705122999846935272e-03 2.212621830403804779e-02 6.163211539387702942e-02 8.200468868017196655e-02 5.646332725882530212e-02 5.828987061977386475e-02 4.124441742897033691e-02 1.898203231394290924e-02 2.419070899486541748e-02 2.893312275409698486e-02 3.077341988682746887e-02 3.694625943899154663e-02 4.287977889180183411e-02 4.518359154462814331e-02 5.412925407290458679e-02 5.578799918293952942e-02 6.201172992587089539e-02 6.594678014516830444e-02 4.873352125287055969e-02 3.382270410656929016e-02 2.405316755175590515e-02 1.921585202217102051e-02 1.765751279890537262e-02 1.609367132186889648e-02 1.281881984323263168e-02 9.171232581138610840e-03 7.365319877862930298e-03 6.647355854511260986e-03 4.752041306346654892e-03 2.442728029564023018e-03 1.302513177506625652e-03 1.693129539489746094e-03
1.361161768436431885e-01 1.563686728477478027e+00 1.275684714317321777e+00 1.667307317256927490e-02 1.203632447868585587e-03 1.057082437910139561e-03 0.000000000000000000e+00 9.609840162738692015e-06 9.609840162738692015e-06 0.000000000000000000e+00 0.000000000000000000e+00 0.000000000000000000e+00 0.000000000000000000e+00 1.441475978936068714e-05 0.000000000000000000e+00 9.609840162738692015e-06 0.000000000000000000e+00 5.045166471973061562e-05 1.907553290948271751e-03 3.577263094484806061e-03 5.749887786805629730e-04 6.795758847147226334e-03 4.533281922340393066e-02 1.146910414099693298e-01 2.146445959806442261e-01 2.046903967857360840e-01 1.364309042692184448e-01 8.548834174871444702e-02 5.332740768790245056e-02 3.039432317018508911e-02 1.661381311714649200e-02 8.221218362450599670e-03 6.618777755647897720e-03 5.793132353574037552e-03 4.287590272724628448e-03 3.566051600500941277e-03 4.181882366538047791e-03 3.863155841827392578e-03 3.546831896528601646e-03 3.848741063848137856e-03 4.389294423162937164e-03 4.985905718058347702e-03 6.247197277843952179e-03 8.817028254270553589e-03 7.980171591043472290e-03 6.470625754445791245e-03 4.174674861133098602e-03 2.356012584641575813e-03 1.054679974913597107e-03 3.619706549216061831e-04 1.369402307318523526e-04 1.137164435931481421e-04 2.482542186044156551e-04 6.710872054100036621e-03 2.095826156437397003e-02 1.242552418261766434e-02 8.080273866653442383e-03 1.129636727273464203e-02 1.345778070390224457e-02 1.496092043817043304e-02 1.307178568094968796e-02 9.058875963091850281e-03 7.098468951880931854e-03 1.957524567842483521e-02 4.645156487822532654e-02 7.428326457738876343e-02 8.123918622732162476e-02 8.838090300559997559e-02 1.127906963229179382e-01 1.579353213310241699e-01 1.659627407789230347e-01 5.640816316008567810e-02 1.588987186551094055e-02 1.029213890433311462e-02 7.333910092711448669e-03 6.207155995070934296e-03 7.168140262365341187e-03 7.865654304623603821e-03 1.143410895019769669e-02 9.366391226649284363e-03 3.368249163031578064e-03 6.350502953864634037e-04 4.484592136577703059e-05 0.000000000000000000e+00
3.218216896057128906e-01 1.474898338317871094e+00 3.115181326866149902e-01 7.488851249217987061e-02 1.750899665057659149e-02 1.492724195122718811e-02 1.056172768585383892e-04 1.003364101052284241e-03 1.062333732843399048e-01 3.966515418142080307e-03 7.545767817646265030e-03 6.277186423540115356e-02 2.990905046463012695e-01 7.160851359367370605e-02 4.687060043215751648e-02 1.302026212215423584e-02 3.186121117323637009e-03 8.220544084906578064e-03 7.658425718545913696e-02 8.422978222370147705e-02 7.627914100885391235e-02 2.145008556544780731e-02 7.922273874282836914e-02 8.049992471933364868e-02 5.487795174121856689e-02 7.481028139591217041e-02 9.354169666767120361e-02 6.233961880207061768e-02 4.492646083235740662e-02 4.257158562541007996e-02 4.787396267056465149e-02 5.808363482356071472e-02 9.169926494359970093e-02 6.987756490707397461e-02 5.516742169857025146e-02 2.465185336768627167e-02 8.729072287678718567e-03 3.637928282842040062e-03 2.444844227284193039e-03 1.828743494115769863e-03 1.241980935446918011e-03 9.153496939688920975e-04 7.236739038489758968e-04 6.356594967655837536e-04 3.148959367536008358e-04 3.246753185521811247e-04 2.464402932673692703e-04 1.818964228732511401e-04 1.427789102308452129e-04 8.214676927309483290e-05 8.410264126723632216e-05 5.926302401348948479e-04 1.124628353863954544e-03 2.708300761878490448e-02 6.715889275074005127e-02 1.605010926723480225e-01 6.683030724525451660e-02 8.078352361917495728e-02 2.915036678314208984e-02 2.674268558621406555e-02 2.492958866059780121e-02 2.629674598574638367e-02 2.938507311046123505e-02 3.157956525683403015e-02 2.577648311853408813e-02 2.354287356138229370e-02 2.530316077172756195e-02 3.040603920817375183e-02 3.794007375836372375e-02 7.620873302221298218e-02 9.969097375869750977e-02 3.568885847926139832e-02 2.231262624263763428e-02 2.095524966716766357e-02 1.749726198613643646e-02 9.609215892851352692e-03 3.111797850579023361e-03 7.627914601471275091e-05 1.564700323797296733e-05 2.347050576645415276e-05 1.369112851534737274e-05 2.151463013433385640e-05 2.542638139857444912e-05 2.151462977053597569e-04
3.830041885375976562e-01 1.465271115303039551e+00 1.697951108217239380e-01 5.934826657176017761e-02 5.015594512224197388e-02 2.363740280270576477e-02 2.058950625360012054e-02 3.990288078784942627e-02 7.919201254844665527e-02 1.227681189775466919e-01 3.914021253585815430e-01 1.679492294788360596e-01 6.628477945923805237e-03 2.969150431454181671e-03 7.874502334743738174e-04 1.644381321966648102e-03 6.716487405356019735e-05 5.350029678083956242e-04 7.849025540053844452e-03 6.503412500023841858e-03 2.819920890033245087e-02 6.470447778701782227e-02 4.439057409763336182e-02 4.414661973714828491e-02 5.197094008326530457e-02 6.035033985972404480e-02 4.665024951100349426e-02 3.514420986175537109e-02 3.511564806103706360e-02 3.530092909932136536e-02 3.253867849707603455e-02 3.395608812570571899e-02 3.581740334630012512e-02 3.195117786526679993e-02 2.848099358379840851e-02 2.859061770141124725e-02 3.204922378063201904e-02 3.108884207904338837e-02 2.910632081329822540e-02 3.108343854546546936e-02 3.097304143011569977e-02 3.187474980950355530e-02 2.888012304902076721e-02 2.755072154104709625e-02 2.315489575266838074e-02 2.172667719423770905e-02 1.815613172948360443e-02 1.463576592504978180e-02 1.129064615815877914e-02 8.279806934297084808e-03 5.519871599972248077e-03 1.732158847153186798e-02 7.617422845214605331e-03 1.288175862282514572e-02 1.345613412559032440e-02 1.727681234478950500e-02 2.070685289800167084e-02 2.487956732511520386e-02 2.651236765086650848e-02 3.436525166034698486e-02 4.347883164882659912e-02 4.985795170068740845e-02 5.341073870658874512e-02 4.866828396916389465e-02 5.126377940177917480e-02 5.015826225280761719e-02 5.045548453927040100e-02 5.021770671010017395e-02 5.284949019551277161e-02 5.132554098963737488e-02 5.204273760318756104e-02 4.817188158631324768e-02 5.129929259419441223e-02 4.796729609370231628e-02 3.884600102901458740e-02 3.532408922910690308e-02 2.498147264122962952e-02 1.529737841337919235e-02 9.597628377377986908e-03 9.976685047149658203e-03 4.731649532914161682e-03 1.926937024109065533e-03 4.199734539724886417e-04 3.474044933682307601e-05
3.832848370075225830e-02 1.893874406814575195e+00 6.280397064983844757e-03 4.675321746617555618e-03 3.296127542853355408e-02 3.381341695785522461e-01 5.578005313873291016e-01 7.867921143770217896e-02 1.379957702010869980e-02 4.222543502692133188e-04 1.424472429789602757e-04 3.052441024919971824e-05 2.097026817500591278e-02 1.331881806254386902e-02 2.314767771167680621e-04 1.093791361199691892e-04 0.000000000000000000e+00 0.000000000000000000e+00 2.416515781078487635e-04 0.000000000000000000e+00 1.273970119655132294e-02 0.000000000000000000e+00 5.087401405035052449e-06 4.409081520861946046e-05 4.315812257118523121e-04 1.316789072006940842e-03 2.429997362196445465e-02 2.185988575220108032e-01 2.103988230228424072e-01 1.461347639560699463e-01 1.156756430864334106e-01 9.346913546323776245e-02 7.602527737617492676e-02 4.310639947652816772e-02 2.394979074597358704e-02 1.130166277289390564e-02 1.037236396223306656e-02 4.244588781148195267e-03 2.507240977138280869e-03 1.715302234515547752e-03 7.402169285342097282e-04 9.547356748953461647e-04 3.620533971115946770e-04 3.366164164617657661e-04 1.653405488468706608e-04 1.119228327297605574e-04 9.920432785293087363e-05 8.733372669667005539e-05 9.326902727480046451e-06 7.122362148948013783e-05 8.479002531203150284e-07 7.241067942231893539e-04 1.662223599851131439e-02 1.585827767848968506e-02 4.182607308030128479e-02 5.618356540799140930e-02 6.618200987577438354e-02 7.628473639488220215e-02 5.485066771507263184e-02 2.788235247135162354e-02 9.879733435809612274e-03 2.285939175635576248e-03 1.839095610193908215e-03 3.620534203946590424e-03 8.659604936838150024e-03 1.747268065810203552e-02 2.541835419833660126e-02 3.097549267113208771e-02 4.497432708740234375e-02 6.574109941720962524e-02 6.260216981172561646e-02 5.085790529847145081e-02 4.292071238160133362e-02 4.519986733794212341e-02 4.891451820731163025e-02 6.490506976842880249e-02 5.292847752571105957e-02 3.272047266364097595e-02 2.092617750167846680e-02 9.928911924362182617e-03 1.456692698411643505e-03 7.970262231538072228e-05 2.543700702517526224e-06 0.000000000000000000e+00
1.581551879644393921e-01 2.034722417593002319e-01 1.053591251373291016e+00 4.924375563859939575e-02 1.429292745888233185e-02 9.368311613798141479e-03 6.708826869726181030e-03 8.384832181036472321e-03 1.975136622786521912e-02 9.942530095577239990e-02 1.201315283775329590e+00 3.072354570031166077e-02 3.267126530408859253e-02 2.009281702339649200e-02 9.668886661529541016e-03 1.209272071719169617e-02 4.426863975822925568e-03 7.952004671096801758e-03 2.696996554732322693e-02 3.169259428977966309e-02 1.073652785271406174e-02 1.015461608767509460e-02 2.947074733674526215e-02 5.223507434129714966e-02 1.573568582534790039e-02 9.733009152114391327e-03 7.944790646433830261e-03 6.664743181318044662e-03 6.974935997277498245e-03 6.530085578560829163e-03 6.417069584131240845e-03 4.529460333287715912e-03 6.170197390019893646e-03 5.216373596340417862e-03 5.076907109469175339e-03 4.934234078973531723e-03 8.169219829142093658e-03 8.218914270401000977e-03 7.145662326365709305e-03 7.900706492364406586e-03 8.998805657029151917e-03 1.377353537827730179e-02 1.480430550873279572e-02 3.629739955067634583e-02 1.107100769877433777e-01 1.129199042916297913e-01 5.836839973926544189e-02 3.071953542530536652e-02 4.726316779851913452e-02 3.582690283656120300e-02 3.039491549134254456e-02 2.799640893936157227e-01 1.822284236550331116e-02 1.042633503675460815e-02 4.420451819896697998e-03 2.693950897082686424e-03 2.596965292468667030e-03 3.302314085885882378e-03 3.392085665836930275e-03 4.002853296697139740e-03 1.415907219052314758e-02 4.808554053306579590e-02 8.094436675310134888e-02 1.092609092593193054e-01 9.273410588502883911e-02 6.235281750559806824e-02 3.242359310388565063e-02 1.704058237373828888e-02 1.028286106884479523e-02 9.285754524171352386e-03 8.234143257141113281e-03 6.816232576966285706e-03 6.432298570871353149e-03 6.434703245759010315e-03 7.382916286587715149e-03 1.105874404311180115e-02 1.628714054822921753e-02 2.248058281838893890e-02 4.086453467607498169e-02 5.934707075357437134e-02 8.186131715774536133e-02 6.141422316431999207e-02 7.900385558605194092e-02 6.675483286380767822e-02
3.124273121356964111e-01 2.018499135971069336e+00 5.026670098304748535e-01 1.979004032909870148e-02 4.752447362989187241e-03 2.383316867053508759e-03 1.276776893064379692e-04 9.930487431120127439e-05 7.660661358386278152e-03 4.255922976881265640e-05 1.702369190752506256e-04 0.000000000000000000e+00 2.567740157246589661e-03 1.038445159792900085e-02 7.944389944896101952e-04 4.426159895956516266e-03 0.000000000000000000e+00 5.816427874378859997e-04 8.096183836460113525e-02 3.166406601667404175e-02 6.832647323608398438e-02 1.256443001329898834e-02 7.863526791334152222e-02 5.375514030456542969e-01 5.861824378371238708e-02 3.215113282203674316e-02 2.128434367477893829e-02 1.420532446354627609e-02 1.304676756262779236e-02 1.076748501509428024e-02 7.419492118060588837e-03 7.310729473829269409e-03 7.840355858206748962e-03 5.754953250288963318e-03 7.689034100621938705e-03 1.223341375589370728e-02 1.300893723964691162e-02 1.784177497029304504e-02 2.623067051172256470e-02 2.405542135238647461e-02 1.147680543363094330e-02 5.650919862091541290e-03 1.366624142974615097e-03 1.111268764361739159e-03 2.742705692071467638e-04 1.134912745328620076e-04 2.695417788345366716e-04 1.371352846035733819e-04 9.457606211071833968e-05 5.674563726643100381e-05 4.728803105535916984e-05 2.865654649212956429e-03 2.588073909282684326e-02 4.451222345232963562e-02 4.894311353564262390e-02 2.797087095677852631e-02 1.624343916773796082e-02 1.066817995160818100e-02 8.426726795732975006e-03 6.771645974367856979e-03 5.258428864181041718e-03 5.215869750827550888e-03 7.154678925871849060e-03 1.390268094837665558e-02 1.978058367967605591e-02 2.882678434252738953e-02 2.033385261893272400e-02 1.977585442364215851e-02 1.872606016695499420e-02 2.237669564783573151e-02 8.027616143226623535e-02 2.371352910995483398e-01 9.234406799077987671e-02 1.006242036819458008e-01 1.322173327207565308e-01 3.669551340863108635e-03 1.924622920341789722e-03 9.646758553571999073e-04 7.566084968857467175e-05 0.000000000000000000e+00 0.000000000000000000e+00 0.000000000000000000e+00 0.000000000000000000e+00 0.000000000000000000e+00
7.380497455596923828e-02 1.295782029628753662e-01 5.825329944491386414e-02 1.571537693962454796e-03 3.683291724883019924e-04 2.946633030660450459e-04 6.548073724843561649e-05 6.548073724843561649e-05 1.325984951108694077e-03 2.782931260298937559e-04 2.038088161498308182e-03 1.762250252068042755e-02 6.336898356676101685e-02 4.615573585033416748e-02 9.321182966232299805e-02 4.315426349639892578e-01 3.158463239669799805e-01 5.983220338821411133e-01 8.140728473663330078e-01 3.522127270698547363e-01 2.259085420519113541e-03 5.500381812453269958e-03 1.370457280427217484e-02 1.299438029527664185e-01 2.264814972877502441e-01 1.565808206796646118e-01 1.034350097179412842e-01 9.928244352340698242e-02 6.744515895843505859e-02 4.009876772761344910e-02 3.887373208999633789e-02 2.394139394164085388e-02 1.267052255570888519e-02 8.676197379827499390e-03 7.715813815593719482e-03 7.003710605204105377e-03 7.276547141373157501e-03 7.123758550733327866e-03 3.904289100319147110e-03 2.305467613041400909e-03 1.969878794625401497e-03 1.915311557240784168e-03 1.920768292620778084e-03 2.051729708909988403e-03 2.365491585806012154e-03 2.998472191393375397e-03 4.168940242379903793e-03 3.726945258677005768e-03 3.778784302994608879e-03 2.963003469631075859e-03 3.470479045063257217e-03 4.447233397513628006e-03 1.909854836412705481e-05 1.315071480348706245e-03 1.744788885116577148e-02 1.980246603488922119e-02 1.110989879816770554e-02 9.925788268446922302e-03 1.220670063048601151e-02 1.914492994546890259e-02 1.919404044747352600e-02 2.074920944869518280e-02 3.189457580447196960e-02 3.441012650728225708e-02 4.362381249666213989e-02 5.078031122684478760e-02 8.131343126296997070e-02 1.326175928115844727e-01 1.217996254563331604e-01 9.013423323631286621e-02 1.283395141363143921e-01 1.002018973231315613e-01 1.340718101710081100e-02 8.700752630829811096e-03 9.603841230273246765e-03 6.337989587336778641e-03 4.147113300859928131e-03 3.680563066154718399e-03 3.920658957213163376e-03 3.702390007674694061e-03 4.338098806329071522e-04 2.182691241614520550e-05 5.456728104036301374e-06 8.185092156054452062e-06
7.560505717992782593e-02 2.056502580642700195e+00 6.758208274841308594e-01 2.394487895071506500e-02 4.797869361937046051e-03 9.736163774505257607e-04 7.021272176643833518e-05 2.106381725752726197e-05 3.042551223188638687e-03 8.893611084204167128e-05 2.340424089197767898e-06 0.000000000000000000e+00 1.303616212680935860e-03 1.194084435701370239e-02 1.422977773472666740e-03 1.510977745056152344e-02 8.425526903010904789e-05 4.729996901005506516e-03 9.473100304603576660e-02 2.980764023959636688e-02 1.689786091446876526e-02 6.348790135234594345e-03 8.088505826890468597e-03 5.181698594242334366e-03 9.227511473000049591e-03 1.785041391849517822e-02 3.178061842918395996e-01 3.497880697250366211e-01 1.496560722589492798e-01 3.860139474272727966e-02 1.637438684701919556e-02 8.386519737541675568e-03 1.355807669460773468e-02 9.428787976503372192e-03 6.504038348793983459e-03 5.156734492629766464e-03 6.909711752086877823e-03 2.169572981074452400e-03 9.564532665535807610e-04 2.153970301151275635e-03 2.808508870657533407e-04 1.883261254988610744e-03 5.757443141192197800e-04 9.104249766096472740e-04 1.412055862601846457e-04 2.418438234599307179e-04 4.212763160467147827e-04 2.519856498111039400e-04 1.458864280721172690e-04 7.099286449374631047e-05 3.120565452263690531e-06 4.028650000691413879e-03 3.178685903549194336e-02 4.403507709503173828e-02 1.759998872876167297e-02 1.626126654446125031e-02 1.223261654376983643e-02 1.406984962522983551e-02 1.238318346440792084e-02 1.087048929184675217e-02 6.684251129627227783e-03 4.014607518911361694e-03 3.274253336712718010e-03 2.921629231423139572e-03 2.638438018038868904e-03 2.735175658017396927e-03 3.254749579355120659e-03 4.298578947782516479e-03 5.631840322166681290e-03 7.214747369289398193e-03 1.010751165449619293e-02 2.065424248576164246e-02 4.737876355648040771e-02 1.067990064620971680e-01 1.679737865924835205e-01 2.189138978719711304e-01 1.454292684793472290e-01 5.479088798165321350e-02 2.475310489535331726e-02 1.268509775400161743e-03 2.340423998248297721e-05 0.000000000000000000e+00 0.000000000000000000e+00 0.000000000000000000e+00
2.839604914188385010e-01 1.746826529502868652e+00 5.173790454864501953e-01 6.339438259601593018e-02 2.224205806851387024e-02 1.032397802919149399e-02 2.893885597586631775e-03 2.731367945671081543e-03 2.011968381702899933e-02 4.536206834018230438e-03 5.611073225736618042e-02 7.528281956911087036e-02 7.864211499691009521e-02 3.350828215479850769e-02 1.331323105841875076e-02 9.413879364728927612e-03 2.868525683879852295e-03 4.965539090335369110e-03 3.166629746556282043e-02 1.982108131051063538e-02 2.045805379748344421e-02 2.140863426029682159e-02 3.200561925768852234e-02 4.220255836844444275e-02 5.126949399709701538e-02 7.135667651891708374e-02 9.334632754325866699e-02 8.583110570907592773e-02 6.408993154764175415e-02 4.795056208968162537e-02 4.344638437032699585e-02 4.112744331359863281e-02 4.232197627425193787e-02 4.146533459424972534e-02 3.981944173574447632e-02 3.849774971604347229e-02 3.836440294981002808e-02 3.377033397555351257e-02 2.914923615753650665e-02 2.590007334947586060e-02 2.100013755261898041e-02 1.738938875496387482e-02 1.283758413046598434e-02 1.011657435446977615e-02 7.358417846262454987e-03 6.317233666777610779e-03 4.867195151746273041e-03 3.385605756193399429e-03 2.410499844700098038e-03 1.914374530315399170e-03 1.450514653697609901e-03 7.171135861426591873e-03 1.414760760962963104e-02 1.524284575134515762e-02 1.893586479127407074e-02 3.117528930306434631e-02 4.456686228513717651e-02 5.313041061162948608e-02 5.677818879485130310e-02 5.596143379807472229e-02 5.254475399851799011e-02 4.693771526217460632e-02 4.207337647676467896e-02 3.724190220236778259e-02 3.174606710672378540e-02 2.800720743834972382e-02 2.611188217997550964e-02 2.416738495230674744e-02 2.223443798720836639e-02 2.180832065641880035e-02 2.219133824110031128e-02 2.323216572403907776e-02 2.570660039782524109e-02 2.949558384716510773e-02 3.460530564188957214e-02 4.275476187467575073e-02 5.104613676667213440e-02 5.030629411339759827e-02 3.565244376659393311e-02 2.141541987657546997e-02 1.553466264158487320e-02 1.111180149018764496e-02 6.848838645964860916e-03 7.287100888788700104e-03
1.614476442337036133e-01 2.473170280456542969e+00 1.691177189350128174e-01 8.424548432230949402e-03 4.068002104759216309e-03 2.454991918057203293e-03 1.764377579092979431e-03 3.753441385924816132e-03 1.188944466412067413e-02 1.917873695492744446e-02 3.354445844888687134e-02 5.524913780391216278e-03 1.187052391469478607e-02 1.082041207700967789e-02 8.859729394316673279e-03 6.080716848373413086e-03 1.459277351386845112e-03 5.950635299086570740e-03 2.788000367581844330e-02 3.274032101035118103e-02 7.788331247866153717e-03 1.634138450026512146e-02 2.863605320453643799e-02 5.216502770781517029e-02 2.954181432723999023e-01 2.161110192537307739e-01 7.416614145040512085e-02 6.078036129474639893e-02 5.012708529829978943e-02 1.791182160377502441e-02 6.772907916456460953e-03 6.475691217929124832e-03 6.394488736987113953e-03 4.917867481708526611e-03 8.068991824984550476e-03 1.159617025405168533e-02 1.323913875967264175e-02 1.379730645567178726e-02 1.874434389173984528e-02 2.778224460780620575e-02 2.470365166664123535e-02 1.492625568062067032e-02 6.105156149715185165e-03 2.976106014102697372e-03 9.799469262361526489e-04 1.195172662846744061e-03 1.032767933793365955e-03 9.168771794065833092e-04 4.611978947650641203e-04 5.487072048708796501e-04 1.616163499420508742e-04 8.758029900491237640e-03 1.206998247653245926e-02 1.171521469950675964e-02 5.540681537240743637e-03 4.023064393550157547e-03 5.930137354880571365e-03 8.494713343679904938e-03 1.242948044091463089e-02 1.644623838365077972e-02 1.955242455005645752e-02 2.308906428515911102e-02 2.620550058782100677e-02 2.663516253232955933e-02 2.462008409202098846e-02 2.254902943968772888e-02 3.434702381491661072e-02 4.995443299412727356e-02 5.673049390316009521e-02 6.481367349624633789e-02 8.421473205089569092e-02 8.214367926120758057e-02 7.333519309759140015e-02 7.001378387212753296e-02 6.869167834520339966e-02 9.976144134998321533e-02 7.478816062211990356e-02 1.860401220619678497e-02 1.886575249955058098e-03 6.401584250852465630e-04 6.299095693975687027e-04 1.434837904525920749e-04 7.883724606472242158e-07 0.000000000000000000e+00
2.918908298015594482e-01 1.870602607727050781e+00 4.038488268852233887e-01 1.607250869274139404e-01 3.820100799202919006e-02 1.626316830515861511e-02 1.917763031087815762e-03 4.272583872079849243e-03 2.189834415912628174e-02 7.960560731589794159e-03 1.440576650202274323e-02 1.032171677798032761e-02 1.867872104048728943e-02 1.761644333600997925e-02 2.359292004257440567e-03 8.245971985161304474e-03 2.548572083469480276e-04 1.672593411058187485e-03 1.001819819211959839e-01 8.681911975145339966e-03 7.836101204156875610e-02 1.951855793595314026e-02 4.256462678313255310e-02 2.602669298648834229e-01 3.230314850807189941e-01 1.109525486826896667e-01 2.902155183255672455e-02 1.181397214531898499e-02 1.424045581370592117e-02 1.107734534889459610e-02 1.193581148982048035e-02 3.922465723007917404e-03 1.135443430393934250e-02 5.594189744442701340e-03 3.342578653246164322e-03 2.145296428352594376e-03 1.200300361961126328e-02 3.114796942099928856e-03 2.201682887971401215e-03 5.384541116654872894e-03 1.377868233248591423e-03 7.664593867957592010e-03 1.754192519001662731e-03 3.799011465162038803e-03 6.390059716068208218e-04 9.449091157875955105e-04 1.203989144414663315e-03 7.297957199625670910e-04 5.338090704753994942e-04 4.032754804939031601e-04 8.842998067848384380e-05 1.901381276547908783e-02 1.079528853297233582e-01 6.919620931148529053e-02 4.371111467480659485e-02 3.423569351434707642e-02 2.459285035729408264e-02 1.506352517753839493e-02 1.047348789870738983e-02 8.681165985763072968e-03 6.792341358959674835e-03 5.637411028146743774e-03 4.933448974043130875e-03 4.105783998966217041e-03 3.701515030115842819e-03 8.313784375786781311e-03 6.470950692892074585e-02 7.992641627788543701e-02 7.230802625417709351e-02 7.193406671285629272e-02 5.715321376919746399e-02 4.678703472018241882e-02 4.589230194687843323e-02 4.345228150486946106e-02 2.307985164225101471e-02 1.875858195126056671e-02 2.253337576985359192e-02 2.819127961993217468e-02 2.553726173937320709e-02 1.854682154953479767e-02 1.630129665136337280e-02 1.171510946005582809e-02 4.192599561065435410e-03 1.589752500876784325e-03
7.056610286235809326e-02 2.233537912368774414e+00 4.936820268630981445e-01 6.737758219242095947e-02 3.991441428661346436e-02 1.227397099137306213e-02 1.434959098696708679e-02 2.028590813279151917e-02 1.479770615696907043e-02 1.246356032788753510e-02 1.929364912211894989e-02 1.122754532843828201e-03 2.092853828798979521e-04 2.708398824324831367e-05 9.848723493632860482e-06 0.000000000000000000e+00 0.000000000000000000e+00 0.000000000000000000e+00 6.894106627441942692e-05 1.969744698726572096e-05 4.161085933446884155e-03 5.379208549857139587e-02 6.038662791252136230e-02 8.387091010808944702e-02 1.571150422096252441e-01 1.581146866083145142e-01 1.105511039495468140e-01 9.135758131742477417e-02 8.942476660013198853e-02 6.314098834991455078e-02 3.594291582703590393e-02 2.355896681547164917e-02 1.840644329786300659e-02 1.617488637566566467e-02 1.261621527373790741e-02 9.716586209833621979e-03 6.693849340081214905e-03 2.520452486351132393e-03 1.206468674354255199e-03 6.409877678379416466e-04 2.618118887767195702e-04 9.192142169922590256e-05 4.678143886849284172e-05 5.088507168693467975e-05 1.559381234983447939e-05 2.626326204335782677e-05 2.133890120603609830e-05 9.027996384247671813e-06 2.462180873408215120e-06 1.477308524044929072e-05 0.000000000000000000e+00 6.647888221777975559e-05 2.872544428100809455e-05 2.733020810410380363e-04 1.368151861242949963e-03 4.733953159302473068e-03 1.163216307759284973e-02 1.778022944927215576e-02 2.346868813037872314e-02 3.654697164893150330e-02 4.633578285574913025e-02 4.692506417632102966e-02 6.110066175460815430e-02 8.116661757230758667e-02 8.360089361667633057e-02 8.902261406183242798e-02 1.183291301131248474e-01 1.232058927416801453e-01 7.239468395709991455e-02 3.418409824371337891e-02 2.032940648496150970e-02 1.792385615408420563e-02 1.540504489094018936e-02 1.463520340621471405e-02 1.681094989180564880e-02 1.893499121069908142e-02 1.925507560372352600e-02 1.362078450620174408e-02 6.364737637341022491e-03 2.284903777763247490e-03 4.596071084961295128e-04 2.322657383047044277e-04 3.192627918906509876e-04 1.326294732280075550e-03
6.630436331033706665e-02 1.667223691940307617e+00 5.169849395751953125e-01 1.801665574312210083e-01 7.224636524915695190e-02 5.621976032853126526e-02 2.359848096966743469e-02 2.960690855979919434e-02 8.271314948797225952e-02 4.492167755961418152e-02 1.445462703704833984e-01 7.024223357439041138e-02 3.440879285335540771e-02 3.784203669056296349e-03 3.613681474234908819e-04 2.022471744567155838e-04 1.487111603637458757e-06 2.230667450930923223e-05 6.144745275378227234e-03 3.003965539392083883e-04 1.284038368612527847e-02 1.688218861818313599e-02 2.655039727687835693e-02 4.550429433584213257e-02 7.697223871946334839e-02 1.054646372795104980e-01 1.556072384119033813e-01 1.852643787860870361e-01 8.940317481756210327e-02 2.264672890305519104e-02 1.777726411819458008e-02 1.640763320028781891e-02 1.729577034711837769e-02 1.778635196387767792e-02 1.923562400043010712e-02 1.773132756352424622e-02 1.700627803802490234e-02 1.596067473292350769e-02 1.773265004158020020e-02 2.115763351321220398e-02 2.213301323354244232e-02 2.013383992016315460e-02 1.497257128357887268e-02 9.951256215572357178e-03 5.657799076288938522e-03 3.712491830810904503e-03 2.341209445148706436e-03 1.392762758769094944e-03 9.122604387812316418e-04 6.126899970695376396e-04 4.205221484880894423e-04 2.532716374844312668e-03 6.143919192254543304e-03 2.059286274015903473e-02 2.164491079747676849e-02 2.157303318381309509e-02 2.329543977975845337e-02 2.281229384243488312e-02 2.345208264887332916e-02 2.890366874635219574e-02 3.307303413748741150e-02 3.358658403158187866e-02 3.026701882481575012e-02 2.597505040466785431e-02 2.334104478359222412e-02 2.235360257327556610e-02 2.761500328779220581e-02 3.607039153575897217e-02 4.051222652196884155e-02 3.831427544355392456e-02 3.636731579899787903e-02 3.160178288817405701e-02 3.343307971954345703e-02 4.239904135465621948e-02 5.914524197578430176e-02 5.988384038209915161e-02 3.801354765892028809e-02 3.494960442185401917e-02 5.222240462899208069e-02 6.982369720935821533e-02 4.024421796202659607e-02 1.242581009864807129e-02 7.235294207930564880e-03 2.728684805333614349e-03
2.040444314479827881e-01 1.869972944259643555e+00 6.855124235153198242e-01 6.689434498548507690e-02 3.164266794919967651e-02 1.670654676854610443e-02 9.993439540266990662e-03 1.066652499139308929e-02 1.830678805708885193e-02 5.781112238764762878e-03 9.646209888160228729e-03 1.034994516521692276e-02 1.879516802728176117e-02 5.656093358993530273e-03 1.148156705312430859e-03 1.485304324887692928e-03 9.594186558388173580e-04 1.834550290368497372e-03 2.318736165761947632e-02 7.416439242660999298e-03 2.840535156428813934e-02 1.340080797672271729e-02 1.667697355151176453e-02 1.999736577272415161e-02 1.934108324348926544e-02 2.151009254157543182e-02 2.393371053040027618e-02 2.647186070680618286e-02 3.319773823022842407e-02 3.469097614288330078e-02 3.459270671010017395e-02 3.384044393897056580e-02 3.814203292131423950e-02 3.856521472334861755e-02 3.883958235383033752e-02 3.870407864451408386e-02 4.668444767594337463e-02 4.907983541488647461e-02 4.977523535490036011e-02 5.251166969537734985e-02 5.132963508367538452e-02 5.097823962569236755e-02 4.556089267134666443e-02 4.103736206889152527e-02 3.274216130375862122e-02 2.769959904253482819e-02 2.194335684180259705e-02 1.691719703376293182e-02 1.216607913374900818e-02 8.948121219873428345e-03 5.476630758494138718e-03 2.683952450752258301e-02 3.814404830336570740e-02 2.810893580317497253e-02 2.581934444606304169e-02 3.033521212637424469e-02 3.605435043573379517e-02 3.979711979627609253e-02 4.359500482678413391e-02 4.455227032303810120e-02 4.024234786629676819e-02 3.539108112454414368e-02 3.334789723157882690e-02 3.480631485581398010e-02 3.858416900038719177e-02 3.565886244177818298e-02 3.291557356715202332e-02 3.286892548203468323e-02 3.173353895545005798e-02 3.111449629068374634e-02 3.061065636575222015e-02 2.860027365386486053e-02 2.526939474046230316e-02 2.572268992662429810e-02 2.843062393367290497e-02 3.016287460923194885e-02 2.726579830050468445e-02 2.785782329738140106e-02 2.945954166352748871e-02 2.784209512174129486e-02 2.459738589823246002e-02 2.340890094637870789e-02 2.295775711536407471e-02 1.474469248205423355e-02
3.043128848075866699e-01 1.683160066604614258e+00 9.034089446067810059e-01 3.344293311238288879e-02 8.046044036746025085e-03 5.953323096036911011e-03 6.959078833460807800e-03 7.049659267067909241e-03 7.202708162367343903e-03 3.810626454651355743e-03 8.901873370632529259e-04 3.310872125439345837e-04 2.373832976445555687e-04 3.167192917317152023e-03 8.433353650616481900e-05 9.557800367474555969e-04 6.246928478503832594e-06 1.018249429762363434e-03 1.167863234877586365e-02 1.828476041555404663e-02 1.159429922699928284e-02 2.204312086105346680e-01 1.855972856283187866e-01 8.570473641157150269e-02 2.190797775983810425e-02 1.776105910539627075e-02 2.278150804340839386e-02 3.175105527043342590e-02 1.663661189377307892e-02 1.590572111308574677e-02 1.663765311241149902e-02 2.000682987272739410e-02 1.489476021379232407e-02 1.339757908135652542e-02 1.001799106597900391e-02 7.335976697504520416e-03 9.590076282620429993e-03 8.588485419750213623e-03 5.844001658260822296e-03 8.587444201111793518e-03 5.680540576577186584e-03 9.958645328879356384e-03 1.223669201135635376e-02 1.435231883078813553e-02 1.324557047337293625e-02 2.139885351061820984e-02 3.220291808247566223e-02 2.522197365760803223e-02 1.919681206345558167e-02 2.209017984569072723e-02 2.390699647367000580e-02 5.553623661398887634e-02 3.761067613959312439e-02 3.916095569729804993e-02 8.878967724740505219e-03 4.770571365952491760e-03 4.188565537333488464e-03 5.934582091867923737e-03 1.177962496876716614e-02 1.122677139937877655e-02 1.195870339870452881e-02 1.730711571872234344e-02 2.495231479406356812e-02 3.822287544608116150e-02 5.811101198196411133e-02 3.272661939263343811e-02 2.872754260897636414e-02 3.002586215734481812e-02 2.926373668015003204e-02 3.653308004140853882e-02 5.650554969906806946e-02 5.034503713250160217e-02 5.763520300388336182e-02 1.023049056529998779e-01 1.289189010858535767e-01 1.539097428321838379e-01 1.761738024652004242e-02 5.455650971271097660e-04 3.269225999247282743e-04 1.665847667027264833e-04 1.197327947011217475e-04 9.370392945129424334e-05 6.246928387554362416e-05 6.871621735626831651e-05
3.769913613796234131e-01 2.306906223297119141e+00 1.369017064571380615e-01 2.334458380937576294e-02 4.352956078946590424e-03 1.397397834807634354e-03 1.480870880186557770e-03 1.007857732474803925e-03 2.222851850092411041e-03 1.137704588472843170e-03 5.589591339230537415e-03 7.203400600701570511e-03 8.829576894640922546e-03 5.765812471508979797e-03 3.598608775064349174e-03 5.098029039800167084e-03 2.170294988900423050e-03 8.542058058083057404e-03 3.543269261717796326e-02 6.202653795480728149e-02 1.024964544922113419e-02 5.753342807292938232e-02 1.440546214580535889e-01 1.051243096590042114e-01 7.068710774183273315e-02 1.104603856801986694e-01 2.246811836957931519e-01 1.116063371300697327e-01 4.803606867790222168e-02 3.761947527527809143e-02 2.841478772461414337e-02 1.470977719873189926e-02 9.864227846264839172e-03 6.588174495846033096e-03 4.442612174898386002e-03 2.997810021042823792e-03 2.474301261827349663e-03 1.563313184306025505e-03 1.124307629652321339e-03 1.120185479521751404e-03 5.503027350641787052e-04 6.605693488381803036e-04 4.967151908203959465e-04 5.142341833561658859e-04 2.277470048284158111e-04 2.617544669192284346e-04 3.256472991779446602e-04 2.081669517792761326e-04 1.535488845547661185e-04 1.566404680488631129e-04 4.843488204642198980e-05 3.044184064492583275e-03 3.570784581825137138e-03 3.469792660325765610e-03 3.208038164302706718e-03 4.702305886894464493e-03 5.134097766131162643e-03 6.132680457085371017e-03 8.572974242269992828e-03 1.370191946625709534e-02 2.045807056128978729e-02 2.365168184041976929e-02 2.362385764718055725e-02 2.131856232881546021e-02 1.825582981109619141e-02 1.978616602718830109e-02 2.228726074099540710e-02 2.382068708539009094e-02 2.496457472443580627e-02 2.605693601071834564e-02 3.108901157975196838e-02 4.522787407040596008e-02 5.814556404948234558e-02 5.111013725399971008e-02 5.447069555521011353e-02 5.918021500110626221e-02 7.533479481935501099e-02 9.132139384746551514e-02 1.213541179895401001e-01 9.108849614858627319e-02 4.053896665573120117e-02 6.020353175699710846e-03 1.834342372603714466e-03 5.678217275999486446e-04
6.040568351745605469e-01 1.259416341781616211e+00 2.104230225086212158e-01 4.619695246219635010e-02 1.229935046285390854e-02 1.887801475822925568e-02 8.629383519291877747e-04 3.662528470158576965e-03 3.081780672073364258e-02 1.820601522922515869e-02 9.893289953470230103e-02 4.804185777902603149e-02 5.969400331377983093e-02 2.617083489894866943e-02 5.174158513545989990e-02 2.809508889913558960e-02 1.393149495124816895e-01 6.246879696846008301e-02 9.291712939739227295e-02 1.878031343221664429e-01 5.261774361133575439e-02 1.326684951782226562e-01 1.976169943809509277e-01 1.254913955926895142e-01 6.665867567062377930e-02 6.712651252746582031e-02 7.388620078563690186e-02 7.184208929538726807e-02 5.508587881922721863e-02 3.154684230685234070e-02 2.989039756357669830e-02 2.463672310113906860e-02 1.570398919284343719e-02 9.126977995038032532e-03 7.875551469624042511e-03 6.088509224355220795e-03 6.267047952860593796e-03 5.503297783434391022e-03 3.990676254034042358e-03 3.623679513111710548e-03 1.463854103349149227e-03 1.474599470384418964e-03 9.348497842438519001e-04 1.029905281029641628e-03 2.413582114968448877e-04 5.579342250712215900e-04 7.976393098942935467e-04 7.282075239345431328e-04 3.529450623318552971e-04 4.587459261529147625e-04 2.562364716141019017e-05 4.686647560447454453e-03 7.489543873816728592e-03 1.709014549851417542e-02 7.094443775713443756e-03 1.670496352016925812e-02 4.318989440798759460e-02 3.632854297757148743e-02 3.739978000521659851e-02 5.269461497664451599e-02 7.372088730335235596e-02 7.344481348991394043e-02 5.706633999943733215e-02 3.776677697896957397e-02 3.058306127786636353e-02 2.928617410361766815e-02 2.833231352269649506e-02 3.688978403806686401e-02 3.913144022226333618e-02 2.891504578292369843e-02 2.086426131427288055e-02 2.305549569427967072e-02 3.141707181930541992e-02 5.495858937501907349e-02 3.846770524978637695e-02 6.297218054533004761e-02 5.914185568690299988e-02 3.339670225977897644e-02 1.185300294309854507e-02 8.463242091238498688e-03 2.182969357818365097e-03 8.678976882947608829e-05 1.157196948042837903e-05 0.000000000000000000e+00
1.034965276718139648e+00 1.653147697448730469e+00 2.445605024695396423e-02 1.142297685146331787e-02 1.225703512318432331e-03 2.668987493962049484e-03 1.044386415742337704e-03 1.015375673887319863e-04 7.883667014539241791e-03 2.901073312386870384e-04 3.626341931521892548e-04 1.523063547210767865e-04 7.890920154750347137e-03 2.959820255637168884e-02 2.484769374132156372e-02 3.507397696375846863e-02 1.176385302096605301e-02 2.600812353193759918e-02 6.101682409644126892e-02 6.607919931411743164e-02 1.821148768067359924e-02 1.857170462608337402e-02 1.059254407882690430e-01 1.629822999238967896e-01 2.216299176216125488e-01 1.631998866796493530e-01 1.657189875841140747e-01 6.708973646163940430e-02 3.482496738433837891e-02 7.600812241435050964e-03 5.620829761028289795e-03 2.436901675537228584e-03 4.402379039674997330e-03 2.025916241109371185e-03 1.155594247393310070e-03 1.257131807506084442e-04 3.696450963616371155e-03 8.050478645600378513e-04 3.263707621954381466e-04 1.530316192656755447e-03 1.281307486351579428e-04 2.137124072760343552e-03 5.923024727962911129e-04 9.960351744666695595e-04 9.186732495436444879e-05 1.571414759382605553e-04 4.762595635838806629e-04 1.788995286915451288e-04 9.428488556295633316e-05 2.417561154288705438e-05 0.000000000000000000e+00 7.243013475090265274e-03 2.983512170612812042e-02 2.581713534891605377e-02 1.591480523347854614e-02 1.273571234196424484e-02 9.832221083343029022e-03 7.953776046633720398e-03 6.304999347776174545e-03 7.516197860240936279e-03 2.088047564029693604e-02 1.627502217888832092e-02 1.591480523347854614e-02 1.395658031105995178e-02 6.363021209836006165e-03 6.822357419878244400e-03 2.458417974412441254e-02 4.835364222526550293e-02 6.206846609711647034e-02 4.691519215703010559e-02 6.178561225533485413e-02 7.382989674806594849e-02 7.043806463479995728e-02 7.671405375003814697e-02 7.638768106698989868e-02 7.211101800203323364e-02 6.584469228982925415e-02 4.875253885984420776e-02 3.994294628500938416e-02 1.555458828806877136e-02 4.499081522226333618e-03 3.493375843390822411e-03 3.522386541590094566e-03 9.080359712243080139e-03
6.963227391242980957e-01 1.180906653404235840e+00 2.603195309638977051e-01 8.761077374219894409e-02 1.895184814929962158e-02 1.525967940688133240e-02 1.174562028609216213e-03 4.038760438561439514e-03 4.847957193851470947e-02 1.223662588745355606e-02 6.307494640350341797e-02 1.663160622119903564e-01 1.848491132259368896e-01 4.884541779756546021e-02 4.026244580745697021e-02 1.593842171132564545e-02 8.611850440502166748e-03 1.778691262006759644e-02 6.395586580038070679e-02 6.505821645259857178e-02 4.657010361552238464e-02 7.296084612607955933e-02 8.748561888933181763e-02 8.348697423934936523e-02 7.919147610664367676e-02 7.426698505878448486e-02 6.796574592590332031e-02 5.216692388057708740e-02 5.104049667716026306e-02 4.373639076948165894e-02 4.021110013127326965e-02 3.461588546633720398e-02 3.897074982523918152e-02 4.118187725543975830e-02 3.368522226810455322e-02 2.972989901900291443e-02 2.981975674629211426e-02 2.596231363713741302e-02 1.985844224691390991e-02 1.498529408127069473e-02 1.092727854847908020e-02 7.336199283599853516e-03 4.762432072311639786e-03 2.920359140262007713e-03 2.012159675359725952e-03 2.506374148651957512e-03 1.209863112308084965e-03 3.369645128259435296e-05 1.604592966941709165e-06 0.000000000000000000e+00 0.000000000000000000e+00 3.979390603490173817e-04 2.154968446120619774e-03 8.127263747155666351e-03 3.018881194293498993e-02 3.933017700910568237e-02 5.250228196382522583e-02 5.417105928063392639e-02 6.326107680797576904e-02 6.729020923376083374e-02 7.216817140579223633e-02 7.521690428256988525e-02 7.590366899967193604e-02 6.203677505254745483e-02 5.210915580391883850e-02 4.927063360810279846e-02 4.450980573892593384e-02 4.403484612703323364e-02 3.760524094104766846e-02 3.202125802636146545e-02 2.683039940893650055e-02 1.990337111055850983e-02 2.003494836390018463e-02 2.038314379751682281e-02 1.456168107688426971e-02 9.752715937793254852e-03 6.610922981053590775e-03 4.614809527993202209e-03 2.524024806916713715e-03 1.067054341547191143e-03 7.365081692114472389e-04 7.878551841713488102e-04 7.573678740300238132e-04 9.532886557281017303e-03
1.068869233131408691e-01 1.044508934020996094e+00 5.253494977951049805e-01 2.983675897121429443e-01 4.947012662887573242e-02 3.750958014279603958e-03 5.040436983108520508e-03 7.485133130103349686e-03 6.889343261718750000e-03 1.069904118776321411e-02 4.242414608597755432e-02 1.130098477005958557e-01 5.743077397346496582e-01 1.808711439371109009e-01 1.177593879401683807e-02 3.703406546264886856e-03 1.580381300300359726e-03 1.809746259823441505e-03 6.458584684878587723e-03 5.611052736639976501e-03 2.204142278060317039e-03 1.453298144042491913e-02 1.665600575506687164e-02 2.675273083150386810e-02 3.252508491277694702e-02 5.256842076778411865e-02 8.062648028135299683e-02 1.024404093623161316e-01 8.250429481267929077e-02 4.779371246695518494e-02 2.669958584010601044e-02 2.053936198353767395e-02 1.911282353103160858e-02 1.848253607749938965e-02 2.244700863957405090e-02 2.681426890194416046e-02 3.349196165800094604e-02 3.574552014470100403e-02 3.496045619249343872e-02 4.193837568163871765e-02 3.528679162263870239e-02 3.314418345689773560e-02 3.193022683262825012e-02 3.647837042808532715e-02 1.307287625968456268e-02 2.213466167449951172e-02 1.642850600183010101e-02 1.197639945894479752e-02 1.183747500181198120e-02 6.832468323409557343e-03 4.774709232151508331e-03 3.726716339588165283e-02 2.509869262576103210e-02 3.706390410661697388e-02 1.066584885120391846e-01 1.087078526616096497e-01 7.753565162420272827e-02 5.006125569343566895e-02 3.619492799043655396e-02 3.436280414462089539e-02 3.797670081257820129e-02 5.223742872476577759e-02 7.368306070566177368e-02 7.254555821418762207e-02 6.018222495913505554e-02 5.089386925101280212e-02 4.434297978878021240e-02 3.266867250204086304e-02 2.206100337207317352e-02 1.694131456315517426e-02 1.545603573322296143e-02 1.302159577608108521e-02 9.868292137980461121e-03 6.424086634069681168e-03 4.092208575457334518e-03 2.834430197253823280e-03 1.819070079363882542e-03 1.448915922082960606e-03 1.126312999986112118e-03 8.344785892404615879e-04 6.908923387527465820e-04 6.181668140925467014e-04 6.107077933847904205e-04 1.938414527103304863e-03
1.622216552495956421e-01 4.836711883544921875e-01 1.318964511156082153e-01 5.357101187109947205e-02 1.381246838718652725e-02 1.498649921268224716e-02 2.800062531605362892e-03 2.154345856979489326e-03 2.457245811820030212e-02 4.719602409750223160e-03 2.892811037600040436e-02 1.449058890342712402e+00 3.474132120609283447e-01 7.414589077234268188e-02 2.980863302946090698e-02 2.541188895702362061e-02 4.194223880767822266e-02 4.759519547224044800e-02 4.478926211595535278e-02 1.650099828839302063e-02 5.808515474200248718e-02 6.718193739652633667e-02 5.615191906690597534e-02 6.127851828932762146e-02 1.107012853026390076e-01 1.648612618446350098e-01 8.510155230760574341e-02 7.070793956518173218e-02 4.774977639317512512e-02 2.822956256568431854e-02 1.589637249708175659e-02 1.258169300854206085e-02 1.925409957766532898e-02 1.854772493243217468e-02 2.411849796772003174e-02 2.776777744293212891e-02 3.262434899806976318e-02 1.939694024622440338e-02 1.299064699560403824e-02 1.219426281750202179e-02 6.173443514853715897e-03 9.797284379601478577e-03 4.244119860231876373e-03 4.424137994647026062e-03 1.620162045583128929e-03 1.577114220708608627e-03 2.297186292707920074e-03 1.312957378104329109e-03 7.807302754372358322e-04 5.165733746252954006e-04 1.995851780520752072e-04 2.163542434573173523e-02 7.439439743757247925e-02 3.134465590119361877e-02 6.930693052709102631e-03 3.492740681394934654e-03 3.524048021063208580e-03 4.670684691518545151e-03 7.175282575190067291e-03 1.426251325756311417e-02 2.874026447534561157e-02 3.195710852742195129e-02 2.394239418208599091e-02 1.456189062446355820e-02 9.724885225296020508e-03 1.652056537568569183e-02 5.336163938045501709e-02 6.701757013797760010e-02 7.070793956518173218e-02 6.541110575199127197e-02 2.797910198569297791e-02 1.982350461184978485e-02 2.041834592819213867e-02 3.262630477547645569e-02 8.573944121599197388e-02 1.441278904676437378e-01 1.182092130184173584e-01 9.750322438776493073e-03 5.439674481749534607e-03 5.490548908710479736e-03 1.886275596916675568e-03 5.302703939378261566e-04 2.054553333437070251e-04 3.326419755467213690e-05
1.557932496070861816e-01 1.564663767814636230e+00 4.187915921211242676e-01 7.670671492815017700e-02 4.730493575334548950e-02 3.864500299096107483e-02 6.878950633108615875e-03 1.735875196754932404e-02 6.474145501852035522e-02 2.948343753814697266e-02 7.995370030403137207e-02 1.585891544818878174e-01 1.849267184734344482e-01 6.019178777933120728e-02 3.686013072729110718e-02 1.477282773703336716e-02 2.197064226493239403e-03 3.655292792245745659e-03 2.412493340671062469e-02 1.436063461005687714e-02 2.087535150349140167e-02 3.169346228241920471e-02 3.694956749677658081e-02 6.863395869731903076e-02 6.307972967624664307e-02 5.360707268118858337e-02 4.432496428489685059e-02 2.761042304337024689e-02 2.541206218302249908e-02 2.457471564412117004e-02 3.622887656092643738e-02 5.134260654449462891e-02 7.013496011495590210e-02 7.467426359653472900e-02 5.775362625718116760e-02 3.683550283312797546e-02 3.056965582072734833e-02 2.555334940552711487e-02 2.454619854688644409e-02 2.163233421742916107e-02 1.813258603215217590e-02 1.816369406878948212e-02 2.202767692506313324e-02 3.058650530874729156e-02 2.932530082762241364e-02 2.799798920750617981e-02 2.025706321001052856e-02 6.561380345374345779e-03 6.986535154283046722e-04 8.425320265814661980e-05 3.240507794544100761e-05 9.980764298234134912e-05 2.851646968338172883e-05 1.228670962154865265e-02 6.091506779193878174e-02 3.603185713291168213e-02 5.059080943465232849e-02 1.014667823910713196e-01 9.392288327217102051e-02 4.249472543597221375e-02 1.874050498008728027e-02 1.548962760716676712e-02 1.378382463008165359e-02 1.422323752194643021e-02 1.824017055332660675e-02 2.581777423620223999e-02 3.585038706660270691e-02 4.029766097664833069e-02 4.605539515614509583e-02 4.175459221005439758e-02 4.077206924557685852e-02 6.330008059740066528e-02 7.616748660802841187e-02 5.601801350712776184e-02 3.414588049054145813e-02 2.157789468765258789e-02 1.576442271471023560e-02 1.061979215592145920e-02 5.700701382011175156e-03 2.868497511371970177e-03 1.988375559449195862e-03 1.314350054599344730e-03 1.156213227659463882e-03 6.156964809633791447e-04
2.910625338554382324e-01 2.363635778427124023e+00 5.059999600052833557e-02 1.502527855336666107e-02 1.943080453202128410e-03 5.883720004931092262e-04 1.198535610456019640e-04 0.000000000000000000e+00 3.588343039155006409e-03 3.268733416916802526e-05 3.995118822786025703e-05 1.216695178300142288e-03 5.861928686499595642e-03 8.825580589473247528e-03 8.048348128795623779e-03 1.310035772621631622e-02 7.394601590931415558e-03 1.509065274149179459e-02 5.805996805429458618e-02 1.557660400867462158e-01 1.635214127600193024e-02 4.800195805728435516e-03 9.336471557617187500e-03 1.958092488348484039e-02 2.309783920645713806e-02 2.333149313926696777e-02 2.178792469203472137e-02 1.616449281573295593e-02 1.988600566983222961e-02 1.927826367318630219e-02 4.704675823450088501e-02 1.298425644636154175e-01 1.373751759529113770e-01 1.217712163925170898e-01 1.052725911140441895e-01 1.029905304312705994e-01 8.544832468032836914e-02 4.184342175722122192e-02 2.426126599311828613e-02 1.055800914764404297e-02 3.709407057613134384e-03 3.699722001329064369e-03 2.009665826335549355e-03 1.970925135537981987e-03 7.614938076585531235e-04 7.663363940082490444e-04 8.547132601961493492e-04 6.101636099629104137e-04 4.079863720107823610e-04 2.784476673696190119e-04 2.239687746623530984e-04 4.681552760303020477e-03 2.788229659199714661e-02 4.109040275216102600e-02 4.939540475606918335e-02 5.813018605113029480e-02 1.013222634792327881e-01 6.402843445539474487e-02 4.909153282642364502e-02 4.650197178125381470e-02 4.103592038154602051e-02 2.328064665198326111e-02 1.019239518791437149e-02 5.811081733554601669e-03 4.342572763562202454e-03 3.514493815600872040e-03 6.449089851230382919e-03 8.966014720499515533e-03 1.294176373630762100e-02 3.223576396703720093e-02 5.405758693814277649e-02 4.252016916871070862e-02 5.423070862889289856e-02 6.094250828027725220e-02 5.846311524510383606e-02 5.099224299192428589e-02 5.098255723714828491e-02 3.398998454213142395e-02 7.093151565641164780e-03 1.464876841055229306e-04 1.392238336848095059e-04 1.234854862559586763e-04 4.842568159801885486e-05 5.811081791762262583e-05
3.014297485351562500e-01 7.524700164794921875e-01 8.393363952636718750e-01 9.551034867763519287e-02 2.340185642242431641e-02 8.708906359970569611e-03 1.889511826448142529e-03 3.657620865851640701e-03 5.511981993913650513e-02 4.663431085646152496e-03 2.528360299766063690e-02 8.368695527315139771e-02 4.382256269454956055e-01 1.925668120384216309e-01 3.112965635955333710e-02 1.480764616280794144e-02 1.079922803910449147e-04 7.224188884720206261e-04 1.194705218076705933e-01 7.811088580638170242e-03 1.856277883052825928e-01 2.494346350431442261e-01 1.369906663894653320e-01 7.505157589912414551e-02 4.520217701792716980e-02 3.081744350492954254e-02 2.016620524227619171e-02 1.344421505928039551e-02 1.572393439710140228e-02 1.777414046227931976e-02 2.103849500417709351e-02 2.450377680361270905e-02 2.535042166709899902e-02 2.377135865390300751e-02 2.203007042407989502e-02 1.801976934075355530e-02 1.489234622567892075e-02 1.190408971160650253e-02 9.497908875346183777e-03 7.670863065868616104e-03 5.898166447877883911e-03 4.982349462807178497e-03 3.662443952634930611e-03 2.929202280938625336e-03 1.773284864611923695e-03 1.558947260491549969e-03 1.218383433297276497e-03 9.733421611599624157e-04 7.584163104183971882e-04 6.176028982736170292e-04 4.243225848767906427e-04 6.291667465120553970e-03 5.521252285689115524e-03 5.231390707194805145e-03 7.406764198094606400e-03 1.240381877869367599e-02 2.374465391039848328e-02 4.219815880060195923e-02 6.126667559146881104e-02 7.460713386535644531e-02 7.576423138380050659e-02 7.173628360033035278e-02 6.313595175743103027e-02 5.368192493915557861e-02 4.695416986942291260e-02 4.726932570338249207e-02 4.620481282472610474e-02 3.940953314304351807e-02 3.607635945081710815e-02 3.413579240441322327e-02 3.071897849440574646e-02 2.798588015139102936e-02 2.640211209654808044e-02 2.537100948393344879e-02 2.417709492146968842e-02 2.338715083897113800e-02 2.273319661617279053e-02 2.159057371318340302e-02 1.878371462225914001e-02 1.244628615677356720e-02 7.289831526577472687e-03 4.267106764018535614e-03 2.755802823230624199e-03 5.343029741197824478e-03
