1.097840070724487305e-01 2.338170856237411499e-01 6.470313668251037598e-02 1.626317016780376434e-02 5.655052140355110168e-03 3.558761905878782272e-03 1.087788958102464676e-03 9.978649904951453209e-04 2.445833059027791023e-03 6.397649180144071579e-03 2.995528979226946831e-03 1.463051885366439819e-02 7.857220247387886047e-03 3.749729366973042488e-03 2.425527665764093399e-03 1.180613529868423939e-03 3.461586020421236753e-04 1.117763575166463852e-03 4.208051133900880814e-03 1.677853986620903015e-02 2.992724999785423279e-02 7.617133110761642456e-02 3.717540502548217773e-01 6.592146158218383789e-01 2.980744838714599609e-01 7.873851060867309570e-02 6.463786959648132324e-02 4.390025883913040161e-02 3.872238472104072571e-02 3.043488413095474243e-02 3.420878574252128601e-02 2.564571239054203033e-02 3.767810761928558350e-02 3.431901335716247559e-02 3.500650078058242798e-02 2.743548527359962463e-02 4.736668244004249573e-02 4.192773625254631042e-02 3.851353004574775696e-02 4.998607933521270752e-02 4.562621936202049255e-02 5.644028633832931519e-02 6.139481067657470703e-02 6.548489630222320557e-02 6.270595639944076538e-02 7.353162765502929688e-02 8.542769402265548706e-02 9.636649489402770996e-02 1.011730730533599854e-01 9.206464886665344238e-02 7.129514217376708984e-02 1.248259544372558594e-01 2.444672584533691406e-02 4.355313256382942200e-02 3.012836910784244537e-02 2.467298693954944611e-02 2.413054183125495911e-02 2.425334230065345764e-02 2.592515200376510620e-02 2.440031431615352631e-02 2.290061488747596741e-02 2.390911616384983063e-02 2.355232276022434235e-02 2.190565131604671478e-02 2.226631343364715576e-02 2.340534888207912445e-02 2.514871209859848022e-02 2.884622849524021149e-02 3.490883857011795044e-02 3.069982118904590607e-02 3.672858700156211853e-02 3.922131657600402832e-02 5.755708739161491394e-02 9.395015239715576172e-02 7.581356912851333618e-02 5.432079359889030457e-02 5.688120797276496887e-02 6.124493479728698730e-02 3.094251826405525208e-02 1.279239729046821594e-02 9.011726942844688892e-04 3.712986072059720755e-04 1.411708217347040772e-04 8.025464921956881881e-05
0.000000000000000000e+00 5.000000000000000000e-01 0.000000000000000000e+00 0.000000000000000000e+00 0.000000000000000000e+00 0.000000000000000000e+00 0.000000000000000000e+00 0.000000000000000000e+00 0.000000000000000000e+00 0.000000000000000000e+00 0.000000000000000000e+00 0.000000000000000000e+00 0.000000000000000000e+00 0.000000000000000000e+00 0.000000000000000000e+00 0.000000000000000000e+00 0.000000000000000000e+00 0.000000000000000000e+00 0.000000000000000000e+00 0.000000000000000000e+00 0.000000000000000000e+00 0.000000000000000000e+00 0.000000000000000000e+00 0.000000000000000000e+00 0.000000000000000000e+00 0.000000000000000000e+00 0.000000000000000000e+00 0.000000000000000000e+00 0.000000000000000000e+00 3.000000000000000000e+00 0.000000000000000000e+00 0.000000000000000000e+00 0.000000000000000000e+00 0.000000000000000000e+00 0.000000000000000000e+00 0.000000000000000000e+00 0.000000000000000000e+00 0.000000000000000000e+00 0.000000000000000000e+00 0.000000000000000000e+00 0.000000000000000000e+00 0.000000000000000000e+00 0.000000000000000000e+00 0.000000000000000000e+00 0.000000000000000000e+00 0.000000000000000000e+00 0.000000000000000000e+00 0.000000000000000000e+00 0.000000000000000000e+00 0.000000000000000000e+00 0.000000000000000000e+00 0.000000000000000000e+00 0.000000000000000000e+00 0.000000000000000000e+00 0.000000000000000000e+00 0.000000000000000000e+00 0.000000000000000000e+00 0.000000000000000000e+00 0.000000000000000000e+00 0.000000000000000000e+00 0.000000000000000000e+00 0.000000000000000000e+00 0.000000000000000000e+00 0.000000000000000000e+00 0.000000000000000000e+00 0.000000000000000000e+00 0.000000000000000000e+00 0.000000000000000000e+00 0.000000000000000000e+00 1.000000000000000000e+00 0.000000000000000000e+00 0.000000000000000000e+00 0.000000000000000000e+00 0.000000000000000000e+00 0.000000000000000000e+00 0.000000000000000000e+00 0.000000000000000000e+00 0.000000000000000000e+00 0.000000000000000000e+00 0.000000000000000000e+00 0.000000000000000000e+00 0.000000000000000000e+00 0.000000000000000000e+00 0.000000000000000000e+00
6.765322387218475342e-02 2.814174890518188477e-01 1.164141595363616943e-01 7.721244823187589645e-03 3.097659209743142128e-03 8.731849375180900097e-04 5.153222446097061038e-05 7.157253276091068983e-05 1.273991074413061142e-03 0.000000000000000000e+00 0.000000000000000000e+00 0.000000000000000000e+00 3.893545945174992085e-04 2.015482634305953979e-03 1.746369816828519106e-04 9.304429404437541962e-04 0.000000000000000000e+00 5.725802620872855186e-04 1.012608222663402557e-02 7.217374164611101151e-03 1.759138405323028564e-01 5.489899590611457825e-02 5.962278693914413452e-02 3.349594771862030029e-01 5.837398767471313477e-01 6.031331419944763184e-01 3.375017046928405762e-01 2.045485675334930420e-01 1.816682815551757812e-01 9.674316644668579102e-02 7.396592199802398682e-02 3.957674652338027954e-02 5.912463739514350891e-02 4.053868353366851807e-02 3.201868757605552673e-02 1.580321579240262508e-03 4.016077890992164612e-02 1.303765177726745605e-02 3.126288298517465591e-03 1.121684815734624863e-02 1.271128188818693161e-03 9.670880623161792755e-03 4.225642420351505280e-03 4.603545647114515305e-03 9.275800548493862152e-04 1.357015222311019897e-03 2.988868858665227890e-03 1.064999261870980263e-03 7.558059878647327423e-04 4.294351965654641390e-04 3.435481630731374025e-05 2.559433877468109131e-02 7.186455279588699341e-02 9.039324522018432617e-02 1.243644393980503082e-02 5.044432356953620911e-03 4.689432680606842041e-03 4.901287145912647247e-03 5.811689887195825577e-03 5.565480329096317291e-03 5.450964439660310745e-03 4.162658471614122391e-03 4.248545505106449127e-03 6.710640620440244675e-03 1.268265303224325180e-02 2.453506551682949066e-02 4.562319815158843994e-02 7.303833961486816406e-02 1.414559632539749146e-01 1.445650607347488403e-01 1.134396046400070190e-01 1.101186349987983704e-01 4.402569681406021118e-02 2.355595305562019348e-02 2.139159850776195526e-02 7.048462983220815659e-03 2.061289036646485329e-03 1.362741109915077686e-03 2.536530606448650360e-03 4.924190230667591095e-03 4.248545505106449127e-03 1.872337539680302143e-03 2.347579138586297631e-04 0.000000000000000000e+00
2.980714477598667145e-02 1.421138942241668701e-01 1.655866652727127075e-01 1.747566834092140198e-02 1.636278070509433746e-02 1.499183289706707001e-02 1.210477761924266815e-02 5.524562206119298935e-03 5.133775062859058380e-03 7.645499426871538162e-04 1.537724398076534271e-03 1.408257149159908295e-02 4.922465234994888306e-02 8.204743266105651855e-03 4.612725228071212769e-03 2.343604341149330139e-03 1.646929769776761532e-03 1.726341783069074154e-03 3.758794628083705902e-03 2.996260765939950943e-03 7.403791695833206177e-02 1.464777290821075439e-01 1.292575597763061523e-01 1.202973276376724243e-01 1.400060653686523438e-01 1.474192589521408081e-01 1.515704095363616943e-01 1.772340089082717896e-01 2.273791283369064331e-01 3.184678852558135986e-01 3.040433526039123535e-01 1.813999563455581665e-01 1.089231669902801514e-01 8.410699665546417236e-02 7.563264667987823486e-02 7.837387174367904663e-02 7.609568536281585693e-02 7.155139744281768799e-02 6.089159846305847168e-02 5.022239685058593750e-02 4.373525828123092651e-02 3.956327587366104126e-02 3.081474453210830688e-02 2.964540943503379822e-02 2.419118583202362061e-02 2.226379327476024628e-02 1.796546764671802521e-02 1.547760050743818283e-02 1.366042159497737885e-02 1.151193119585514069e-02 9.294221177697181702e-03 1.848831027746200562e-02 5.338185001164674759e-04 2.144906437024474144e-03 4.731114953756332397e-03 8.210231550037860870e-03 1.022879593074321747e-02 1.300944574177265167e-02 2.129494585096836090e-02 4.720205441117286682e-02 7.733917236328125000e-02 7.204690575599670410e-02 4.994865506887435913e-02 4.882994666695594788e-02 4.974547773599624634e-02 4.398615285754203796e-02 4.073149338364601135e-02 4.122208058834075928e-02 3.888810798525810242e-02 4.234773665666580200e-02 4.202224686741828918e-02 3.966116905212402344e-02 3.870934620499610901e-02 3.563120961189270020e-02 3.314961493015289307e-02 3.156428784132003784e-02 2.857956290245056152e-02 2.261549048125743866e-02 1.886868104338645935e-02 1.560819894075393677e-02 1.303610298782587051e-02 1.281791646033525467e-02 1.290662493556737900e-02 4.238850623369216919e-02
4.304264485836029053e-02 3.329838812351226807e-01 4.560906812548637390e-02 3.513117786496877670e-03 1.034259679727256298e-03 1.024988479912281036e-03 3.056079367524944246e-05 1.115984050557017326e-04 2.766610356047749519e-03 4.106821434106677771e-04 2.863443456590175629e-03 1.893567480146884918e-02 1.252923905849456787e-02 4.808346275240182877e-03 4.363325890153646469e-03 2.655698684975504875e-03 2.902245381847023964e-03 3.606173675507307053e-03 7.692048791795969009e-03 9.116387926042079926e-03 4.135596752166748047e-02 1.050432845950126648e-01 1.471327096223831177e-01 1.642062366008758545e-01 1.689696013927459717e-01 1.964310407638549805e-01 2.128329277038574219e-01 2.214613705873489380e-01 1.885958164930343628e-01 1.170032024383544922e-01 7.504563778638839722e-02 6.144986301660537720e-02 5.526902526617050171e-02 5.351160466670989990e-02 6.269426643848419189e-02 7.751385122537612915e-02 1.013306602835655212e-01 1.276177465915679932e-01 1.208373829722404480e-01 1.376719176769256592e-01 2.882967889308929443e-01 1.864077895879745483e-01 4.709795862436294556e-02 1.479073707014322281e-02 1.055068522691726685e-02 7.818755693733692169e-03 5.245468579232692719e-03 2.424947451800107956e-03 5.830587469972670078e-04 2.369319990975782275e-04 1.442194770788773894e-04 4.285378963686525822e-04 3.433797019170015119e-06 8.172437082976102829e-05 8.155267685651779175e-03 1.408886909484863281e-02 1.727131195366382599e-02 1.607909798622131348e-02 2.199827693402767181e-02 3.021535463631153107e-02 2.794012054800987244e-02 3.627119958400726318e-02 3.414018452167510986e-02 2.730967476963996887e-02 3.317528590559959412e-02 4.219793155789375305e-02 5.144102871417999268e-02 5.973158776760101318e-02 7.287616282701492310e-02 8.000747114419937134e-02 7.977328449487686157e-02 8.593901246786117554e-02 6.279934197664260864e-02 3.586875647306442261e-02 2.846480347216129303e-02 2.713729813694953918e-02 2.266649529337882996e-02 1.916745491325855255e-02 1.491641439497470856e-02 1.603308506309986115e-02 1.705498248338699341e-02 1.366925984621047974e-02 3.308806801214814186e-03 2.170159714296460152e-04
7.240391802042722702e-03 4.743250608444213867e-01 1.837762258946895599e-02 2.867918738047592342e-05 3.088527819272712804e-06 0.000000000000000000e+00 0.000000000000000000e+00 0.000000000000000000e+00 0.000000000000000000e+00 0.000000000000000000e+00 0.000000000000000000e+00 0.000000000000000000e+00 0.000000000000000000e+00 0.000000000000000000e+00 0.000000000000000000e+00 0.000000000000000000e+00 2.647309429448796436e-06 0.000000000000000000e+00 1.588385748618748039e-05 6.618273800995666534e-06 4.315114638302475214e-04 2.488470927346497774e-04 4.632791504263877869e-02 7.669202685356140137e-01 9.641845822334289551e-01 5.473815202713012695e-01 1.876121759414672852e-01 8.080647885799407959e-02 6.022364646196365356e-02 5.716600269079208374e-02 6.716224551200866699e-02 7.031783461570739746e-02 6.176172941923141479e-02 4.486130550503730774e-02 2.204414643347263336e-02 1.027950271964073181e-02 4.243636969476938248e-03 1.715456601232290268e-03 1.098633394576609135e-03 9.556787554174661636e-04 6.327070295810699463e-04 5.241673206910490990e-04 3.520921745803207159e-04 4.818103625439107418e-04 2.382578677497804165e-04 2.647309447638690472e-04 1.667805045144632459e-04 2.011955075431615114e-04 1.800170575734227896e-04 1.270708453375846148e-04 7.412466948153451085e-05 1.013919478282332420e-03 4.323938992456533015e-05 6.362367421388626099e-04 3.798889229074120522e-03 6.398546975106000900e-03 9.089978411793708801e-03 4.987531341612339020e-03 3.542100079357624054e-03 3.138826694339513779e-03 3.749472787603735924e-03 5.166665650904178619e-03 8.990263566374778748e-03 1.162963081151247025e-02 1.814818941056728363e-02 1.749077439308166504e-02 2.019367739558219910e-02 2.484676428139209747e-02 2.798559144139289856e-02 3.645080327987670898e-02 5.751986056566238403e-02 7.753616571426391602e-02 9.808988124132156372e-02 1.177117377519607544e-01 1.210058704018592834e-01 1.007689535617828369e-01 7.522329688072204590e-02 5.796107649803161621e-02 3.881308808922767639e-02 2.414875850081443787e-02 1.633654721081256866e-02 7.477766834199428558e-03 9.565611835569143295e-04 1.632507483009248972e-04
2.691568806767463684e-02 9.337406605482101440e-02 1.179482564330101013e-01 1.788267493247985840e-02 8.143980987370014191e-03 1.273507345467805862e-02 1.753121963702142239e-03 8.899541571736335754e-03 2.596200071275234222e-02 9.420952759683132172e-03 2.732071653008460999e-02 4.308496043086051941e-02 7.538516819477081299e-02 1.446325611323118210e-02 7.367176469415426254e-03 1.236329670064151287e-03 2.623217296786606312e-04 6.950602401047945023e-04 3.247617045417428017e-03 3.902035765349864960e-03 2.889159917831420898e-01 5.143898725509643555e-01 6.390046477317810059e-01 4.895616173744201660e-01 2.480325847864151001e-01 2.401241362094879150e-01 1.823126673698425293e-01 1.068887114524841309e-01 7.687874138355255127e-02 6.292396783828735352e-02 4.161217063665390015e-02 2.536854147911071777e-02 2.130902186036109924e-02 1.415151916444301605e-02 1.085956580936908722e-02 8.670471608638763428e-03 6.758479401469230652e-03 4.982265643775463104e-03 3.901574062183499336e-03 3.355686087161302567e-03 2.186322351917624474e-03 1.706938608549535275e-03 1.435380196198821068e-03 1.316227018833160400e-03 1.235867850482463837e-03 7.758811698295176029e-04 7.315450930036604404e-04 4.101086233276873827e-04 6.096209472161717713e-05 4.433606954989954829e-05 1.385502127959625795e-05 8.035912469495087862e-05 1.200768474518554285e-05 1.163821798400022089e-04 4.664523876272141933e-04 1.116714673116803169e-03 2.249131677672266960e-03 4.480713978409767151e-03 8.288997225463390350e-03 9.337360970675945282e-03 1.903402805328369141e-02 3.179819881916046143e-02 6.173058599233627319e-02 7.830950617790222168e-02 1.281238496303558350e-01 1.188733130693435669e-01 1.380209475755691528e-01 1.775881201028823853e-01 8.376191556453704834e-02 4.329601675271987915e-02 3.015960939228534698e-02 2.169511653482913971e-02 1.475282665342092514e-02 1.077920664101839066e-02 6.171026267111301422e-03 3.334441687911748886e-03 1.961871050298213959e-03 1.340242335572838783e-03 1.613648142665624619e-03 1.299600931815803051e-03 2.420010278001427650e-04 2.586270602478180081e-05 1.662602517171762884e-05 3.694672386700403877e-06
8.500683307647705078e-02 1.871838420629501343e-01 1.666272990405559540e-02 8.889432996511459351e-03 4.264599177986383438e-03 4.108947701752185822e-03 3.909426741302013397e-03 5.614422727376222610e-03 7.774984464049339294e-03 8.433867245912551880e-03 2.676911279559135437e-02 1.271533872932195663e-02 5.141562782227993011e-03 3.611200256273150444e-03 2.920680912211537361e-03 1.487041730433702469e-02 1.471307780593633652e-02 1.521926186978816986e-02 2.363709919154644012e-02 4.855315759778022766e-02 2.252771332859992981e-02 2.855130285024642944e-02 5.072721838951110840e-02 7.766632735729217529e-02 5.166947841644287109e-01 5.777835845947265625e-01 1.442548036575317383e-01 8.615502715110778809e-02 7.201984524726867676e-02 7.108087092638015747e-02 7.292084395885467529e-02 6.996220350265502930e-02 7.087839394807815552e-02 6.611014157533645630e-02 7.894191145896911621e-02 9.431724250316619873e-02 1.121425107121467590e-01 1.237948685884475708e-01 8.726863563060760498e-02 7.353332638740539551e-02 5.662425979971885681e-02 5.076517909765243530e-02 3.925456106662750244e-02 3.903183713555335999e-02 3.165167942643165588e-02 3.113536909222602844e-02 3.224391490221023560e-02 3.213002160191535950e-02 2.950545772910118103e-02 3.270707279443740845e-02 3.845478966832160950e-02 8.916428685188293457e-02 1.626031287014484406e-02 2.356960810720920563e-02 2.066073939204216003e-02 1.446420419961214066e-02 1.446336042135953903e-02 1.392933633178472519e-02 1.645772531628608704e-02 1.413687225431203842e-02 1.418833434581756592e-02 1.448529493063688278e-02 1.522094942629337311e-02 1.525806915014982224e-02 1.566639170050621033e-02 1.694113016128540039e-02 1.881654188036918640e-02 2.630468830466270447e-02 3.473433852195739746e-02 4.825619608163833618e-02 1.216444224119186401e-01 9.522331506013870239e-02 8.118177205324172974e-02 7.602291554212570190e-02 7.626503705978393555e-02 5.108829587697982788e-02 3.374727815389633179e-02 2.740479446947574615e-02 1.946192607283592224e-02 1.869168318808078766e-02 1.624597236514091492e-02 1.230195537209510803e-02 9.123120456933975220e-03 7.783420849591493607e-03
6.376733072102069855e-03 2.368641644716262817e-01 2.460951209068298340e-01 5.664390511810779572e-03 6.037389975972473621e-04 1.557924260850995779e-04 0.000000000000000000e+00 0.000000000000000000e+00 5.253223353065550327e-04 1.318510476266965270e-05 6.835436215624213219e-05 4.017987230326980352e-04 2.700864570215344429e-03 2.931951021309942007e-04 6.072087853681296110e-05 3.816740900219883770e-06 0.000000000000000000e+00 6.939528702787356451e-07 1.009701445582322776e-04 7.113016908988356590e-05 1.725860871374607086e-02 2.941041626036167145e-02 2.805304527282714844e-02 1.475600600242614746e-01 2.582066953182220459e-01 4.412000179290771484e-01 4.650414586067199707e-01 3.850834965705871582e-01 3.226277232170104980e-01 2.567889392375946045e-01 2.145730108022689819e-01 1.577986478805541992e-01 1.150747388601303101e-01 6.229753792285919189e-02 3.598284721374511719e-02 2.191364392638206482e-02 1.579714380204677582e-02 8.941583335399627686e-03 5.666819401085376740e-03 3.961777314543724060e-03 2.273389603942632675e-03 1.519756857305765152e-03 7.952699670568108559e-04 6.328850286081433296e-04 2.352500305278226733e-04 3.018694987986236811e-04 1.998584193643182516e-04 2.144314348697662354e-04 1.977765641640871763e-04 4.996460484107956290e-05 1.353208208456635475e-04 2.061040140688419342e-04 6.245576059882296249e-06 3.108909004367887974e-04 8.366989903151988983e-03 2.254930511116981506e-02 4.381549358367919922e-02 8.870314061641693115e-02 1.247297078371047974e-01 1.206943690776824951e-01 9.355179220438003540e-02 7.587403059005737305e-02 7.995516806840896606e-02 6.814548373222351074e-02 4.980222508311271667e-02 4.032490774989128113e-02 3.053462132811546326e-02 2.096778713166713715e-02 1.833145879209041595e-02 2.562004700303077698e-02 2.198928594589233398e-02 2.983095310628414154e-02 2.187200821936130524e-02 6.333013996481895447e-03 9.604308288544416428e-04 4.031866264995187521e-04 3.879196592606604099e-04 3.372610954102128744e-04 4.135959316045045853e-04 5.503046559169888496e-04 5.197707214392721653e-04 8.362132357433438301e-04 8.056793012656271458e-04 2.476717811077833176e-03
1.249179467558860779e-01 1.026042476296424866e-01 1.257734745740890503e-01 4.023002460598945618e-02 1.512779109179973602e-02 8.251277729868888855e-03 4.369114991277456284e-03 5.829970352351665497e-03 9.642184711992740631e-03 6.257734727114439011e-03 3.368307836353778839e-03 3.466505324468016624e-03 5.977939348667860031e-03 5.894538480788469315e-03 2.672854345291852951e-03 3.341404255479574203e-03 5.649717422784306109e-05 1.004842575639486313e-03 2.134517021477222443e-02 9.868172928690910339e-03 1.416626274585723877e-01 5.878127366304397583e-02 1.578208208084106445e-01 2.728571295738220215e-01 3.472719788551330566e-01 2.558434307575225830e-01 1.773688495159149170e-01 1.242776364088058472e-01 1.440274417400360107e-01 1.240435838699340820e-01 1.384665071964263916e-01 9.364810585975646973e-02 1.301372051239013672e-01 9.249395132064819336e-02 7.900726795196533203e-02 5.006456375122070312e-02 1.215173602104187012e-01 6.364810466766357422e-02 4.526230692863464355e-02 7.538337260484695435e-02 3.266343846917152405e-02 5.671509355306625366e-02 3.666666522622108459e-02 4.460048303008079529e-02 1.510088890790939331e-02 1.430185697972774506e-02 1.578692533075809479e-02 9.459241293370723724e-03 5.891848355531692505e-03 4.681194201111793518e-03 1.033091219142079353e-03 6.951573491096496582e-02 1.185794994235038757e-01 1.203416734933853149e-01 1.005891859531402588e-01 5.839924514293670654e-02 4.583266004920005798e-02 4.014796763658523560e-02 3.659402579069137573e-02 3.519235923886299133e-02 3.429916501045227051e-02 3.387409076094627380e-02 3.302125260233879089e-02 3.154963627457618713e-02 3.193435445427894592e-02 3.384449705481529236e-02 3.559860214591026306e-02 3.593220189213752747e-02 3.334947675466537476e-02 2.899112179875373840e-02 2.445520646870136261e-02 2.052730694413185120e-02 1.670971140265464783e-02 1.381490472704172134e-02 1.032015029340982437e-02 5.719666369259357452e-03 3.104654373601078987e-03 1.953188097104430199e-03 1.815980649553239346e-03 1.786386827006936073e-03 1.783696585334837437e-03 2.219531917944550514e-03 1.794457901269197464e-03 5.924132186919450760e-03
4.825664684176445007e-02 2.527318596839904785e-01 4.323315620422363281e-02 8.217400871217250824e-03 2.105112886056303978e-03 6.512526306323707104e-04 1.929242571350187063e-04 2.366253320360556245e-04 1.394170918501913548e-03 2.909852191805839539e-04 7.247983594425022602e-04 2.935433294624090195e-03 5.447605624794960022e-02 2.294093370437622070e-02 2.176153659820556641e-02 1.225601974874734879e-02 1.090928097255527973e-03 2.843234688043594360e-03 1.675989478826522827e-02 6.901039276272058487e-03 1.457548141479492188e-01 1.658775657415390015e-01 2.488531172275543213e-01 3.434041142463684082e-01 5.837675333023071289e-01 3.842731714248657227e-01 2.503208220005035400e-01 2.233263552188873291e-01 2.173883467912673950e-01 1.252899169921875000e-01 7.056871056556701660e-02 4.175478219985961914e-02 3.789522871375083923e-02 2.459944039583206177e-02 1.900677010416984558e-02 1.017169188708066940e-02 1.973902992904186249e-02 1.071209274232387543e-02 6.449638865888118744e-03 9.583326056599617004e-03 4.601403605192899704e-03 7.364164106547832489e-03 4.742099903523921967e-03 5.400813650339841843e-03 2.174395136535167694e-03 2.532530575990676880e-03 2.826713491231203079e-03 2.311893505975604057e-03 1.781085273250937462e-03 1.231091329827904701e-03 4.764483310282230377e-04 2.582094073295593262e-02 2.806888148188591003e-02 5.977134779095649719e-02 4.903367161750793457e-02 4.228665307164192200e-02 5.535434186458587646e-02 4.897398501634597778e-02 4.844104498624801636e-02 5.367344990372657776e-02 5.140312388539314270e-02 3.888862952589988708e-02 1.805813796818256378e-02 1.746444217860698700e-02 1.766482740640640259e-02 1.897266320884227753e-02 1.973050273954868317e-02 2.082729339599609375e-02 2.273095399141311646e-02 2.349625714123249054e-02 2.434469759464263916e-02 2.501939982175827026e-02 2.501513622701168060e-02 2.686017379164695740e-02 2.991711720824241638e-02 3.050335124135017395e-02 3.074743784964084625e-02 3.309876844286918640e-02 4.565163701772689819e-02 4.864569380879402161e-02 3.289945051074028015e-02 1.047440152615308762e-02 1.736318343318998814e-03 2.462182601448148489e-04
1.540522426366806030e-01 2.251902967691421509e-01 1.002388074994087219e-01 7.687686476856470108e-03 1.382462680339813232e-03 8.992537186713889241e-05 1.567164144944399595e-05 6.343283530441112816e-06 7.835820724721997976e-06 0.000000000000000000e+00 0.000000000000000000e+00 0.000000000000000000e+00 8.955224075180012733e-06 4.664179141400381923e-05 7.835820724721997976e-05 1.589552266523241997e-04 5.485074507305398583e-05 2.354477619519457221e-04 1.846641767770051956e-03 8.898880332708358765e-03 3.996268846094608307e-03 2.005522325634956360e-02 5.020589828491210938e-01 1.207665681838989258e+00 5.524590015411376953e-01 2.030641883611679077e-01 8.527387678623199463e-02 3.587910532951354980e-02 2.999104559421539307e-02 2.345149219036102295e-02 1.823059841990470886e-02 1.915746182203292847e-02 2.345149219036102295e-02 2.353880554437637329e-02 2.547537162899971008e-02 2.401343174278736115e-02 3.429178893566131592e-02 2.995970100164413452e-02 2.187761291861534119e-02 2.143208868801593781e-02 1.114029902964830399e-02 1.263134367763996124e-02 9.002238512039184570e-03 1.466641761362552643e-02 4.963432438671588898e-03 3.745522350072860718e-03 2.984328428283333778e-03 2.619402948766946793e-03 1.457462669350206852e-03 9.268657304346561432e-04 4.164179263170808554e-04 3.012313507497310638e-02 1.552611961960792542e-02 1.994402892887592316e-02 2.077164128422737122e-02 3.082462772727012634e-02 1.479179132729768753e-02 1.062910445034503937e-02 3.381865844130516052e-02 6.587836146354675293e-02 7.332760840654373169e-02 7.423358410596847534e-02 7.069104164838790894e-02 6.967686861753463745e-02 7.577238976955413818e-02 8.179850876331329346e-02 8.632387965917587280e-02 7.728731632232666016e-02 6.465298682451248169e-02 5.063208937644958496e-02 3.651268780231475830e-02 1.803806051611900330e-02 5.543283652514219284e-03 1.388059696182608604e-03 4.805970238521695137e-04 2.761193900369107723e-04 2.104477607645094395e-04 1.582089607836678624e-04 1.410447730449959636e-04 1.828358217608183622e-04 2.425373095320537686e-04 1.470149290980771184e-04 3.955224019591696560e-05 5.895522554055787623e-05
1.123330555856227875e-02 4.516167044639587402e-01 3.466697037220001221e-02 8.486792212352156639e-04 2.357972698519006371e-04 3.484453554847277701e-05 3.627650221460498869e-05 2.863934469132800587e-06 8.209945372072979808e-05 4.773224304699397180e-07 4.773224191012559459e-06 4.773224304699397180e-07 3.245792322559282184e-05 1.326956262346357107e-04 7.637158887519035488e-06 7.446229574270546436e-05 4.773224304699397180e-07 1.336502737103728577e-05 6.419986602850258350e-04 3.336483787279576063e-04 4.739811643958091736e-03 1.887332880869507790e-03 2.823839429765939713e-03 6.982272025197744370e-03 1.606380939483642578e-02 7.903599739074707031e-02 1.749720722436904907e-01 2.773520052433013916e-01 2.566314339637756348e-01 2.176017463207244873e-01 2.099292576313018799e-01 2.033508121967315674e-01 1.909900605678558350e-01 1.677578240633010864e-01 1.480396389961242676e-01 1.370478570461273193e-01 1.451155543327331543e-01 1.364263892173767090e-01 1.255033314228057861e-01 1.173869445919990540e-01 9.782913327217102051e-02 7.716012001037597656e-02 5.497322231531143188e-02 4.003493860363960266e-02 2.339548058807849884e-02 1.716928556561470032e-02 1.259558368474245071e-02 9.402297437191009521e-03 6.756021641194820404e-03 5.152218043804168701e-03 3.353667212650179863e-03 3.254002332687377930e-02 1.055837143212556839e-02 1.541846897453069687e-02 1.831295154988765717e-02 2.005804330110549927e-02 2.003513090312480927e-02 2.042653597891330719e-02 2.021746896207332611e-02 2.168571203947067261e-02 2.557875402271747589e-02 2.887132391333580017e-02 3.180017322301864624e-02 3.613903373479843140e-02 4.096380993723869324e-02 4.568357393145561218e-02 5.039570108056068420e-02 5.438898131251335144e-02 5.935313180088996887e-02 5.965670943260192871e-02 5.467155575752258301e-02 4.824393242597579956e-02 4.237286373972892761e-02 3.723687678575515747e-02 3.254766017198562622e-02 2.823934890329837799e-02 2.512147836387157440e-02 2.396922186017036438e-02 2.487613447010517120e-02 2.599497884511947632e-02 2.637874521315097809e-02 2.364082448184490204e-02 1.629101485013961792e-02 1.087149512022733688e-02
1.237979754805564880e-01 3.379156291484832764e-01 8.124792948365211487e-03 4.494723398238420486e-04 5.011722169001586735e-05 9.495895028521772474e-06 2.743258482951205224e-05 0.000000000000000000e+00 4.167642691754736006e-05 0.000000000000000000e+00 0.000000000000000000e+00 0.000000000000000000e+00 4.642437488655559719e-05 2.036341902567073703e-04 4.167642691754736006e-05 3.270808083470910788e-04 4.484172313823364675e-05 4.626610898412764072e-04 4.865590948611497879e-03 2.359149418771266937e-02 1.462589353322982788e-01 6.659185886383056641e-01 2.067604511976242065e-01 2.037818916141986847e-02 1.264220103621482849e-02 1.053727790713310242e-02 7.552401162683963776e-03 7.976551540195941925e-03 9.616175666451454163e-03 1.233200170099735260e-02 1.692801527678966522e-02 5.481346696615219116e-02 1.462146192789077759e-01 1.555142700672149658e-01 1.573311537504196167e-01 1.722080409526824951e-01 1.813715845346450806e-01 1.970746368169784546e-01 2.237707525491714478e-01 2.195640653371810913e-01 1.433500200510025024e-01 8.470971137285232544e-02 4.150022566318511963e-02 2.636060118675231934e-02 1.429132092744112015e-02 1.000867225229740143e-02 7.872097194194793701e-03 7.229540962725877762e-03 4.583351779729127884e-03 4.374442156404256821e-03 1.652285689488053322e-03 2.930433303117752075e-02 7.919576019048690796e-03 6.400233134627342224e-03 5.839975085109472275e-03 5.708087701350450516e-03 3.916529007256031036e-03 9.975965134799480438e-03 5.776458233594894409e-02 5.946012586355209351e-02 2.135732211172580719e-02 1.200703158974647522e-02 1.004982180893421173e-02 1.281523704528808594e-02 1.757162623107433319e-02 1.883985474705696106e-02 3.097244352102279663e-02 4.976587370038032532e-02 4.914652928709983826e-02 6.775742769241333008e-02 1.039631664752960205e-01 1.259978562593460083e-01 1.518551856279373169e-01 2.775966562330722809e-02 5.358849652111530304e-03 1.499401777982711792e-02 2.711289003491401672e-02 3.449330851435661316e-02 3.181652352213859558e-02 2.115052193403244019e-02 6.774793379008769989e-03 1.316764042712748051e-03 1.245017338078469038e-04 1.371629241475602612e-05
2.011081436648964882e-03 4.786732494831085205e-01 6.675876677036285400e-03 2.006188151426613331e-04 1.166198853752575815e-04 1.141733082477003336e-04 1.092801685445010662e-04 1.671823556534945965e-04 3.253939503338187933e-04 1.104219001717865467e-03 4.423400387167930603e-03 2.365018553973641247e-05 0.000000000000000000e+00 0.000000000000000000e+00 0.000000000000000000e+00 0.000000000000000000e+00 0.000000000000000000e+00 8.155236628226703033e-07 1.223285471496637911e-05 6.042214576154947281e-03 4.893141976936021820e-06 5.235662101767957211e-04 2.378067001700401306e-03 3.986442834138870239e-02 2.332413792610168457e-01 2.486254423856735229e-01 2.250649631023406982e-01 2.001637518405914307e-01 1.550000607967376709e-01 1.290664076805114746e-01 1.066509187221527100e-01 7.219341397285461426e-02 7.539843022823333740e-02 9.332689642906188965e-02 1.357455551624298096e-01 2.334175407886505127e-01 2.822511196136474609e-01 2.477055341005325317e-01 1.919383853673934937e-01 1.291055530309677124e-01 6.803424656391143799e-02 3.741785511374473572e-02 1.992487348616123199e-02 1.017284207046031952e-02 5.426494404673576355e-03 4.824637901037931442e-03 5.729869473725557327e-03 8.602143265306949615e-03 2.243505418300628662e-02 1.082852296531200409e-02 2.617830876260995865e-03 2.319349208846688271e-03 9.623179357731714845e-05 3.669856523629277945e-04 4.909452400170266628e-04 6.834088126197457314e-04 1.823510858230292797e-03 2.715693786740303040e-03 5.154109559953212738e-03 1.537751406431198120e-02 2.457172796130180359e-02 3.687634691596031189e-02 6.915477663278579712e-02 9.268262982368469238e-02 9.912526607513427734e-02 9.235805273056030273e-02 9.121794998645782471e-02 6.766889244318008423e-02 4.340869188308715820e-02 2.807521820068359375e-02 2.183320000767707825e-02 2.557156048715114594e-02 3.220666199922561646e-02 3.097685053944587708e-02 3.137808665633201599e-02 3.152814507484436035e-02 2.652898430824279785e-02 2.225890196859836578e-02 2.089045383036136627e-02 1.890057697892189026e-02 2.247746288776397705e-02 1.660079881548881531e-02 1.580321788787841797e-02 1.119713950902223587e-02
8.866906911134719849e-02 2.178294360637664795e-01 1.583059877157211304e-01 7.513827178627252579e-03 6.246379925869405270e-04 2.362267259741201997e-04 8.744931983528658748e-05 0.000000000000000000e+00 7.313942769542336464e-04 1.135705474553105887e-06 1.135705474553105887e-06 3.407116309972479939e-06 3.043690521735697985e-04 1.591123291291296482e-03 6.019238935550674796e-05 7.211729534901678562e-04 1.022134892991743982e-05 8.517791138729080558e-05 2.145120501518249512e-02 1.772836199961602688e-03 1.884475946426391602e-01 3.830280154943466187e-02 3.313284218311309814e-01 2.563173770904541016e-01 3.873959779739379883e-01 5.329411476850509644e-02 3.195193782448768616e-02 2.419052459299564362e-02 3.017342090606689453e-02 4.434021189808845520e-02 1.790235191583633423e-01 1.723796427249908447e-01 8.577755838632583618e-02 6.622071564197540283e-02 5.057523399591445923e-02 2.807464078068733215e-02 6.186641752719879150e-02 4.698413237929344177e-02 7.760047912597656250e-02 1.257566660642623901e-01 1.047892719507217407e-01 1.051504313945770264e-01 9.630554914474487305e-02 1.012322455644607544e-01 7.023429870605468750e-02 5.035717785358428955e-02 3.944078087806701660e-02 2.861296199262142181e-02 2.757038548588752747e-02 2.588045597076416016e-02 1.842568442225456238e-02 5.199941247701644897e-02 9.844749420881271362e-02 1.607704535126686096e-02 2.429955452680587769e-02 5.939058214426040649e-02 1.089845672249794006e-01 6.541208922863006592e-02 1.906849443912506104e-02 2.200088649988174438e-02 3.584059327840805054e-02 5.151332914829254150e-02 6.499642133712768555e-02 7.952209562063217163e-02 4.042429849505424500e-02 1.257907319813966751e-02 1.182496547698974609e-02 1.289479993283748627e-02 1.056206040084362030e-02 1.161599531769752502e-02 1.526161003857851028e-02 2.077205292880535126e-02 2.543525956571102142e-02 2.434725314378738403e-02 1.932743564248085022e-02 4.480357840657234192e-02 2.684580534696578979e-02 2.669134922325611115e-02 4.197794571518898010e-02 4.585978575050830841e-03 1.065291697159409523e-03 1.385560608468949795e-03 1.969313248991966248e-03 7.722796726739034057e-05
2.878613583743572235e-02 3.817372024059295654e-01 6.345015764236450195e-02 4.706109873950481415e-03 2.369007095694541931e-03 2.053976990282535553e-03 1.877352362498641014e-03 1.391354948282241821e-03 3.909424121957272291e-04 1.348530931863933802e-04 3.122671332675963640e-04 1.116057275794446468e-03 4.602897912263870239e-03 1.751577132381498814e-03 6.856457330286502838e-04 5.836836644448339939e-04 2.914142387453466654e-04 4.717884585261344910e-04 1.653430401347577572e-03 1.634156331419944763e-03 7.559929974377155304e-03 9.608776308596134186e-03 1.472240500152111053e-02 2.002114430069923401e-02 2.915155515074729919e-02 4.471426084637641907e-02 6.869179755449295044e-02 1.309244632720947266e-01 2.890155613422393799e-01 3.244419097900390625e-01 2.954920530319213867e-01 3.378393650054931641e-01 3.042258024215698242e-01 1.564266830682754517e-01 1.148699671030044556e-01 1.359986066818237305e-01 1.314047873020172119e-01 9.685425460338592529e-02 7.114006578922271729e-02 5.904236435890197754e-02 4.590504243969917297e-02 4.069313779473304749e-02 3.396324440836906433e-02 3.369327634572982788e-02 2.394596301019191742e-02 2.347825281322002411e-02 1.968210376799106598e-02 1.725198701024055481e-02 1.411655265837907791e-02 1.234083436429500580e-02 9.643114171922206879e-03 8.314067870378494263e-02 1.264158915728330612e-02 2.129665762186050415e-02 2.635634504258632660e-02 2.828836254775524139e-02 2.764764614403247833e-02 2.476547472178936005e-02 2.238666638731956482e-02 2.011258155107498169e-02 1.749130152165889740e-02 1.667705178260803223e-02 1.647089049220085144e-02 1.462899520993232727e-02 1.331756450235843658e-02 1.305680535733699799e-02 1.372567657381296158e-02 1.512854360044002533e-02 1.719712466001510620e-02 2.181278355419635773e-02 3.098463453352451324e-02 4.503790661692619324e-02 6.913095712661743164e-02 9.384472668170928955e-02 1.094253212213516235e-01 7.039660215377807617e-02 3.825315088033676147e-02 3.461435437202453613e-02 4.058104380965232849e-02 5.921300500631332397e-02 4.602450504899024963e-02 1.581057161092758179e-02 3.146747592836618423e-03 5.344129167497158051e-04
2.564005553722381592e-01 1.834449470043182373e-01 6.886763032525777817e-03 6.171580753289163113e-04 6.124529754742980003e-04 3.834692470263689756e-04 1.201380160637199879e-03 2.688205800950527191e-03 1.074341271305456758e-04 1.019447972794296220e-05 7.841907176953100134e-07 0.000000000000000000e+00 1.475062686949968338e-03 3.828419139608740807e-03 2.709378954023122787e-03 2.827007556334137917e-03 2.710163127630949020e-03 3.902917262166738510e-03 8.121078833937644958e-03 2.207261696457862854e-02 2.120137959718704224e-02 1.508139818906784058e-01 3.615197539329528809e-01 7.485884428024291992e-01 9.100314378738403320e-01 5.005285739898681641e-01 1.640589684247970581e-01 5.024152994155883789e-02 4.107591137290000916e-02 1.588456705212593079e-02 1.261919736862182617e-02 6.516625173389911652e-03 5.768506787717342377e-03 4.037013743072748184e-03 2.733688801527023315e-03 3.858218551613390446e-04 1.124529517255723476e-03 5.693224375136196613e-04 2.352572046220302582e-04 4.658093093894422054e-04 1.082183152902871370e-04 2.587829367257654667e-04 1.835006114561110735e-04 1.787954824976623058e-04 4.705144419858697802e-06 3.293600821052677929e-05 7.528231071773916483e-05 4.705144419858697802e-06 2.352572118979878724e-05 0.000000000000000000e+00 0.000000000000000000e+00 7.292973459698259830e-04 2.118883421644568443e-03 5.823400337249040604e-03 3.232434019446372986e-02 9.161072969436645508e-02 1.083328127861022949e-01 1.002430990338325500e-01 6.976160407066345215e-02 4.598023742437362671e-02 3.439773991703987122e-02 4.071361199021339417e-02 1.809441670775413513e-02 1.200282294303178787e-02 1.380018796771764755e-02 1.526819355785846710e-02 3.843318670988082886e-02 5.405897274613380432e-02 6.638174504041671753e-02 7.021800428628921509e-02 6.413895636796951294e-02 4.072145372629165649e-02 9.363236837089061737e-03 6.254705134779214859e-03 6.988707464188337326e-03 7.474905811250209808e-03 9.976474568247795105e-03 1.266624871641397476e-02 1.300031412392854691e-02 7.178481668233871460e-03 2.137703821063041687e-03 5.348180420696735382e-04 0.000000000000000000e+00 0.000000000000000000e+00
1.370686222799122334e-03 4.455786943435668945e-01 5.059920623898506165e-02 1.942097675055265427e-03 4.432069254107773304e-04 2.003195049837813713e-06 0.000000000000000000e+00 0.000000000000000000e+00 0.000000000000000000e+00 0.000000000000000000e+00 0.000000000000000000e+00 0.000000000000000000e+00 0.000000000000000000e+00 0.000000000000000000e+00 0.000000000000000000e+00 0.000000000000000000e+00 0.000000000000000000e+00 0.000000000000000000e+00 2.654233503562863916e-05 3.755990837817080319e-05 2.644217456690967083e-04 3.906230558641254902e-04 1.531542744487524033e-02 9.639434814453125000e-01 8.067387342453002930e-01 5.330171585083007812e-01 2.066846489906311035e-01 1.507534533739089966e-01 9.595204889774322510e-02 7.282415032386779785e-02 5.262593924999237061e-02 3.422759473323822021e-02 1.902935281395912170e-02 1.128900609910488129e-02 8.849114179611206055e-03 6.186868064105510712e-03 5.465717986226081848e-03 3.650823142379522324e-03 2.418857999145984650e-03 2.379795769229531288e-03 1.394223771058022976e-03 1.075715757906436920e-03 9.044426260516047478e-04 8.593706879764795303e-04 3.876182308886200190e-04 5.138195119798183441e-04 4.447092942427843809e-04 4.206709563732147217e-04 2.493977954145520926e-04 2.253594575449824333e-04 1.412252604495733976e-04 1.376194995827972889e-03 3.745974972844123840e-04 5.250374320894479752e-03 9.503157809376716614e-03 8.380366489291191101e-03 8.368347771465778351e-03 8.295230567455291748e-03 9.127558209002017975e-03 1.067102048546075821e-02 1.402036286890506744e-02 2.119680866599082947e-02 4.058974236249923706e-02 3.332114592194557190e-02 2.757798694074153900e-02 2.556878142058849335e-02 2.110566385090351105e-02 1.851052418351173401e-02 1.435790117830038071e-02 1.259008143097162247e-02 1.455922238528728485e-02 2.000791206955909729e-02 4.099238291382789612e-02 6.421241909265518188e-02 8.710493147373199463e-02 1.275264024734497070e-01 1.142021492123603821e-01 1.274312585592269897e-01 8.345711231231689453e-02 1.590637117624282837e-02 6.365152541548013687e-03 4.654423799365758896e-03 3.421457251533865929e-03 1.349151949398219585e-03
9.399388730525970459e-02 3.443207144737243652e-01 3.579188138246536255e-02 2.656992000993341208e-04 5.514511576620861888e-05 8.098233593045733869e-06 8.098233593045733869e-06 1.272579629585379735e-05 3.740612737601622939e-05 3.470671799732372165e-05 3.131317207589745522e-04 1.042127050459384918e-02 9.910696098813787103e-05 3.354982618475332856e-05 1.619646718609146774e-05 1.234016599482856691e-05 1.542520749353570864e-06 3.452161327004432678e-03 7.093667052686214447e-03 4.028678406029939651e-03 8.098233956843614578e-05 4.442459903657436371e-04 7.450375123880803585e-04 1.958615705370903015e-02 7.076468318700790405e-02 3.618059307336807251e-02 3.427404165267944336e-02 2.044688351452350616e-02 2.431784011423587799e-02 4.082204028964042664e-02 5.396431684494018555e-02 9.252116084098815918e-02 7.507988065481185913e-02 5.855485796928405762e-02 4.322374612092971802e-02 4.504700377583503723e-02 7.027647644281387329e-02 8.287269622087478638e-02 1.193980425596237183e-01 7.307614386081695557e-02 5.402447283267974854e-02 6.804136186838150024e-02 6.972579658031463623e-02 6.643790751695632935e-02 5.571121722459793091e-02 1.054389998316764832e-01 2.147443294525146484e-01 3.144590556621551514e-01 3.950249254703521729e-01 4.380149841308593750e-01 2.245362550020217896e-01 3.216387331485748291e-02 3.856301646010251716e-06 7.712603292020503432e-06 2.236655018350575119e-05 1.064339303411543369e-04 5.406535346992313862e-04 1.480819890275597572e-03 3.392774378880858421e-03 5.431986879557371140e-03 7.368621416389942169e-03 8.316500112414360046e-03 1.211264450103044510e-02 1.632295362651348114e-02 2.445049583911895752e-02 3.313797339797019958e-02 3.214459121227264404e-02 2.637633308768272400e-02 2.803300134837627411e-02 4.046186059713363647e-02 4.620698094367980957e-02 6.588722765445709229e-02 6.710582226514816284e-02 6.017913296818733215e-02 7.061274349689483643e-02 1.123556718230247498e-01 1.485262364149093628e-01 1.257447451353073120e-01 4.129250720143318176e-02 1.412563398480415344e-02 6.365211680531501770e-03 1.196996076032519341e-03 6.301196990534663200e-04 5.938704998698085546e-05
8.358365856111049652e-03 4.038352072238922119e-01 8.550824224948883057e-02 8.728565298952162266e-04 3.018958959728479385e-04 1.324568293057382107e-04 2.679326098586898297e-05 4.905808600597083569e-05 1.260415447177365422e-04 1.090598962036892772e-04 6.037918137735687196e-05 9.056877388502471149e-06 3.962383925681933761e-05 8.188926585717126727e-05 3.773698836084804498e-06 4.264279777999036014e-05 1.132109673562808894e-06 8.679507118358742446e-06 2.600078587420284748e-04 1.728354109218344092e-04 5.780552048236131668e-03 9.998792782425880432e-03 3.056696057319641113e-02 1.246656551957130432e-01 6.246279478073120117e-01 5.207024812698364258e-01 1.632321029901504517e-01 5.899876356124877930e-02 2.778876386582851410e-02 1.931152679026126862e-02 2.510113455355167389e-02 5.618886649608612061e-02 5.439560860395431519e-02 8.373083174228668213e-02 1.389234364032745361e-01 2.355218231678009033e-01 2.726437151432037354e-01 1.750150918960571289e-01 9.989961981773376465e-02 8.677167445421218872e-02 6.761864572763442993e-02 4.168880730867385864e-02 2.207840234041213989e-02 1.549178827553987503e-02 7.403996773064136505e-03 6.455289199948310852e-03 4.668820183724164963e-03 3.765396773815155029e-03 2.434035763144493103e-03 1.886094687506556511e-03 1.089089550077915192e-03 1.155431102961301804e-02 3.979742992669343948e-03 6.447741761803627014e-03 1.208111923187971115e-02 1.584953442215919495e-02 1.611897721886634827e-02 1.462836656719446182e-02 1.607142947614192963e-02 1.375890616327524185e-02 8.801020681858062744e-03 7.307390216737985611e-03 6.627369672060012817e-03 7.306635845452547073e-03 7.680986542254686356e-03 9.958036243915557861e-03 1.342455577105283737e-02 1.684352755546569824e-02 2.232671156525611877e-02 3.546144813299179077e-02 6.451666355133056641e-02 6.090221554040908813e-02 6.614162027835845947e-02 4.875769838690757751e-02 7.173424214124679565e-02 1.425726115703582764e-01 1.673688292503356934e-01 9.910714626312255859e-02 3.117452561855316162e-02 7.734572980552911758e-03 3.303495934233069420e-03 1.466459361836314201e-03 3.788793692365288734e-04 1.675522216828539968e-04
9.511895477771759033e-02 2.292649447917938232e-01 7.916759699583053589e-02 1.046487875282764435e-02 4.726209212094545364e-03 2.353601157665252686e-03 1.798694604076445103e-03 2.543205861002206802e-03 5.390984471887350082e-03 5.081312265247106552e-03 1.321206055581569672e-02 6.515168584883213043e-03 2.785658696666359901e-03 1.927106524817645550e-03 1.233589253388345242e-03 1.824655104428529739e-03 6.272252066992223263e-04 2.747644903138279915e-03 1.332471054047346115e-02 1.989180035889148712e-02 5.363818258047103882e-02 2.822430133819580078e-01 4.804461300373077393e-01 5.907654762268066406e-01 5.102831721305847168e-01 3.473631441593170166e-01 2.154344618320465088e-01 1.280735433101654053e-01 8.978638052940368652e-02 5.840287357568740845e-02 4.538273438811302185e-02 3.270749747753143311e-02 3.151424229145050049e-02 2.366210520267486572e-02 2.057187445461750031e-02 1.352636888623237610e-02 1.863595843315124512e-02 1.086448598653078079e-02 6.569871213287115097e-03 8.369492366909980774e-03 3.218179568648338318e-03 5.888406187295913696e-03 2.723075216636061668e-03 3.265465144068002701e-03 5.841121310368180275e-04 1.282265176996588707e-03 1.660547452047467232e-03 1.120939035899937153e-03 6.147084641270339489e-04 4.033155273646116257e-04 8.900756802177056670e-05 1.090898923575878143e-02 9.674936532974243164e-03 9.976265020668506622e-03 1.458518765866756439e-02 1.721091009676456451e-02 2.304368838667869568e-02 3.586077690124511719e-02 4.671321064233779907e-02 5.282135307788848877e-02 5.644284933805465698e-02 5.765928700566291809e-02 5.774829536676406860e-02 5.616841092705726624e-02 5.498349666595458984e-02 5.338136106729507446e-02 5.123127251863479614e-02 4.851005226373672485e-02 4.561823233962059021e-02 4.278389737010002136e-02 3.887220099568367004e-02 3.585150465369224548e-02 3.354565426707267761e-02 3.140947222709655762e-02 2.884679660201072693e-02 2.651869133114814758e-02 2.501761540770530701e-02 2.168261446058750153e-02 1.342159882187843323e-02 6.081256549805402756e-03 2.952084178104996681e-03 1.143190893344581127e-03 2.178831055061891675e-04 2.596054036985151470e-05
5.461750086396932602e-03 3.968841731548309326e-01 8.661008626222610474e-02 8.412760682404041290e-03 1.050107646733522415e-03 4.253977385815232992e-04 1.189923750644084066e-05 1.338664151262491941e-05 2.528587938286364079e-04 1.487404688305105083e-06 0.000000000000000000e+00 0.000000000000000000e+00 3.421030851313844323e-05 1.665893214521929622e-04 0.000000000000000000e+00 5.205916386330500245e-05 0.000000000000000000e+00 1.636145134398248047e-05 4.358095757197588682e-04 1.710515352897346020e-04 1.240495592355728149e-02 0.000000000000000000e+00 0.000000000000000000e+00 3.926748177036643028e-04 1.956234686076641083e-02 2.637168578803539276e-02 1.487702131271362305e-02 1.073608733713626862e-02 1.268161274492740631e-02 1.166422665119171143e-02 2.357833832502365112e-02 4.347088932991027832e-02 1.687163114547729492e-01 5.309945344924926758e-01 6.458073258399963379e-01 4.373594522476196289e-01 2.548816800117492676e-01 1.582658141851425171e-01 1.254774630069732666e-01 1.068343296647071838e-01 1.013101041316986084e-01 9.810623526573181152e-02 7.307321578264236450e-02 4.504158720374107361e-02 2.173098176717758179e-02 1.450219564139842987e-02 9.870417416095733643e-03 7.041373290121555328e-03 4.694249480962753296e-03 3.659015521407127380e-03 2.739799208939075470e-03 1.415414270013570786e-02 4.313473473303020000e-04 3.202977031469345093e-02 6.598127074539661407e-03 3.575720824301242828e-03 5.030402448028326035e-03 7.237710990011692047e-03 1.035233680158853531e-02 1.697426103055477142e-02 2.782934159040451050e-02 4.152833670377731323e-02 6.974142789840698242e-02 1.008400842547416687e-01 9.633027762174606323e-02 8.318459242582321167e-02 8.101000636816024780e-02 8.082556724548339844e-02 9.532776474952697754e-02 9.499458223581314087e-02 6.708492338657379150e-02 4.692464321851730347e-02 1.639119908213615417e-02 5.863348953425884247e-03 2.745748963207006454e-03 2.168636070564389229e-03 9.549137903377413750e-04 8.299718028865754604e-04 8.061733096837997437e-04 6.366092129610478878e-04 4.700198769569396973e-04 2.141862642019987106e-04 2.320351195521652699e-04 8.359214407391846180e-04
5.253824219107627869e-02 1.623717248439788818e-01 1.390300691127777100e-01 1.271221041679382324e-02 6.677638739347457886e-03 3.613648703321814537e-03 9.031107765622437000e-04 2.056493423879146576e-03 5.296764895319938660e-03 4.274673759937286377e-03 1.312892884016036987e-02 2.043681591749191284e-02 8.299329318106174469e-03 3.715686500072479248e-03 2.930921968072652817e-03 2.478858921676874161e-03 2.954654628410935402e-03 5.321957170963287354e-03 1.679473929107189178e-02 3.446352481842041016e-02 8.636015653610229492e-02 1.903972327709197998e-01 1.700410693883895874e-01 2.149826288223266602e-01 2.609346807003021240e-01 2.666571736335754395e-01 3.050591647624969482e-01 3.011227250099182129e-01 2.796045541763305664e-01 2.172270715236663818e-01 1.780198067426681519e-01 1.367557942867279053e-01 1.060172840952873230e-01 8.096548169851303101e-02 6.001041457056999207e-02 4.076867550611495972e-02 3.052567876875400543e-02 2.023623138666152954e-02 1.356265321373939514e-02 1.068998407572507858e-02 6.637788377702236176e-03 5.383255891501903534e-03 2.963284496217966080e-03 2.514394465833902359e-03 9.236705955117940903e-04 9.152943966910243034e-04 1.152875018306076527e-03 7.820361061021685600e-04 5.170423537492752075e-04 4.016786988358944654e-04 1.336390851065516472e-04 7.736598607152700424e-03 5.365234334021806717e-03 5.585808772593736649e-03 7.495590951293706894e-03 1.135526038706302643e-02 1.757626608014106750e-02 2.482463233172893524e-02 3.008440136909484863e-02 3.286505863070487976e-02 3.404483944177627563e-02 3.456746786832809448e-02 3.683971241116523743e-02 4.087426513433456421e-02 4.735480993986129761e-02 5.653744935989379883e-02 7.165402173995971680e-02 7.198488712310791016e-02 6.158565729856491089e-02 4.877483472228050232e-02 3.904037922620773315e-02 3.514441102743148804e-02 3.264638781547546387e-02 3.091567941009998322e-02 3.013681620359420776e-02 2.985938638448715210e-02 3.145975619554519653e-02 3.341027721762657166e-02 2.904257550835609436e-02 2.249489538371562958e-02 1.625383645296096802e-02 1.212930027395486832e-02 1.013842131942510605e-02 7.957680150866508484e-03
1.030429825186729431e-02 2.720760107040405273e-01 1.840418279170989990e-01 4.718211945146322250e-03 1.775658340193331242e-03 1.859646174125373363e-03 3.156990715069696307e-05 3.216556506231427193e-04 3.158181905746459961e-03 8.601309964433312416e-04 1.355718937702476978e-03 3.689509350806474686e-03 6.042956374585628510e-03 2.197384601458907127e-03 1.903129275888204575e-03 9.048054344020783901e-04 6.969205569475889206e-04 1.083503011614084244e-03 1.544542727060616016e-03 1.434345962479710579e-03 5.414893850684165955e-02 2.048446238040924072e-01 3.374239206314086914e-01 7.834816724061965942e-02 6.891293823719024658e-02 5.858421698212623596e-02 5.159714072942733765e-02 6.855554133653640747e-02 6.359131634235382080e-02 5.713319033384323120e-02 7.167917490005493164e-02 5.443128570914268494e-02 8.358757942914962769e-02 2.006344795227050781e-01 3.799253404140472412e-01 5.446130633354187012e-01 3.744393289089202881e-01 8.026380091905593872e-02 3.680455312132835388e-02 3.388106077909469604e-02 3.711191192269325256e-02 3.405975922942161560e-02 1.888833381235599518e-02 4.781947471201419830e-03 1.029298058710992336e-03 4.145784187130630016e-04 1.858454779721796513e-04 4.646136949304491282e-05 3.931346873287111521e-05 7.147903488657902926e-06 3.573951744328951463e-06 3.216556433471851051e-05 1.310448897129390389e-05 4.074304888490587473e-04 8.752607740461826324e-03 1.168801262974739075e-02 1.160819455981254578e-02 1.436013728380203247e-02 1.051694806665182114e-02 6.291346158832311630e-03 3.436950035393238068e-03 2.082422375679016113e-03 2.342129591852426529e-03 3.323775017634034157e-03 3.152225399389863014e-03 4.350690636783838272e-03 8.523874916136264801e-03 8.072365075349807739e-03 9.457867592573165894e-03 1.063369773328304291e-02 1.390505395829677582e-02 2.862854301929473877e-02 5.397620052099227905e-02 8.942265063524246216e-02 1.439182609319686890e-01 1.651499271392822266e-01 1.522896587848663330e-01 1.343341171741485596e-01 4.525218531489372253e-02 3.089919500052928925e-02 2.270888909697532654e-02 5.015445640310645103e-04 0.000000000000000000e+00 0.000000000000000000e+00
2.295963652431964874e-02 4.617093205451965332e-01 9.296176955103874207e-03 2.097017830237746239e-03 8.079348481260240078e-04 1.165922221844084561e-04 1.502561790402978659e-04 1.543615362606942654e-04 2.750591083895415068e-04 2.093733637593686581e-04 5.172753590159118176e-04 4.212099302094429731e-04 6.404361338354647160e-04 1.231608039233833551e-04 5.172753662918694317e-05 3.448502320679835975e-05 4.023252768092788756e-05 4.680110214394517243e-05 1.264450838789343834e-04 2.225105126854032278e-04 3.744088462553918362e-04 3.059314331039786339e-03 9.749408811330795288e-03 1.307967677712440491e-02 1.565127447247505188e-02 1.872536726295948029e-02 1.732133328914642334e-02 1.461672317236661911e-02 1.602075621485710144e-02 2.485877461731433868e-02 4.147563129663467407e-02 7.168944180011749268e-02 1.473988443613052368e-01 2.113537788391113281e-01 2.861025333404541016e-01 3.569446206092834473e-01 4.237273335456848145e-01 3.508161604404449463e-01 2.632833123207092285e-01 1.748242974281311035e-01 1.237027049064636230e-01 9.573534876108169556e-02 7.500985264778137207e-02 5.788065120577812195e-02 4.265797510743141174e-02 3.404164314270019531e-02 2.593273669481277466e-02 1.966138929128646851e-02 1.536554098129272461e-02 1.208946295082569122e-02 9.010443463921546936e-03 2.783926762640476227e-02 6.732790643582120538e-05 1.041119336150586605e-03 2.614293247461318970e-03 3.831121837720274925e-03 5.929782055318355560e-03 7.360089104622602463e-03 9.161521680653095245e-03 1.285470277070999146e-02 1.876313798129558563e-02 2.582107111811637878e-02 2.885575406253337860e-02 3.281167894601821899e-02 3.935069590806961060e-02 4.329841211438179016e-02 4.653507471084594727e-02 4.884228855371475220e-02 5.136626213788986206e-02 5.772957205772399902e-02 7.129039615392684937e-02 8.471656590700149536e-02 8.618464320898056030e-02 7.464037090539932251e-02 4.998029395937919617e-02 4.445119574666023254e-02 4.379762336611747742e-02 3.898942470550537109e-02 2.775059081614017487e-02 1.981739327311515808e-02 1.144574396312236786e-02 5.704808048903942108e-03 3.074093488976359367e-03 1.922950614243745804e-03
8.957359939813613892e-02 1.093807145953178406e-01 3.001134097576141357e-02 5.288526415824890137e-03 2.686370164155960083e-03 2.179396105930209160e-03 9.119608439505100250e-04 1.856506918556988239e-03 5.713403224945068359e-03 5.676162894815206528e-03 5.351369455456733704e-02 1.010973155498504639e-01 3.012771718204021454e-02 8.552542887628078461e-03 6.265234667807817459e-03 9.594843722879886627e-03 9.682442760095000267e-04 4.243263043463230133e-03 1.929040625691413879e-02 1.306875888258218765e-02 1.366849541664123535e-01 1.997334063053131104e-01 1.796668618917465210e-01 1.979077756404876709e-01 1.839147955179214478e-01 1.500634849071502686e-01 1.232429444789886475e-01 1.134927868843078613e-01 1.536842435598373413e-01 1.788670569658279419e-01 1.847984045743942261e-01 1.631474792957305908e-01 1.710923314094543457e-01 1.302914917469024658e-01 1.104407832026481628e-01 7.579727470874786377e-02 1.179387569427490234e-01 7.439823448657989502e-02 3.766757994890213013e-02 7.863599061965942383e-02 1.823583245277404785e-02 3.395033627748489380e-02 2.556368149816989899e-02 3.193936496973037720e-02 8.980804122984409332e-03 1.157068833708763123e-02 1.755281351506710052e-02 1.179920788854360580e-02 8.681190200150012970e-03 7.437029853463172913e-03 4.252996295690536499e-03 5.856946855783462524e-02 7.067590951919555664e-02 8.823972195386886597e-02 6.158507615327835083e-02 5.280655249953269958e-02 4.887602478265762329e-02 4.322906211018562317e-02 4.037765040993690491e-02 3.767604380846023560e-02 3.459018841385841370e-02 3.388093411922454834e-02 3.094488382339477539e-02 2.638888917863368988e-02 2.277405373752117157e-02 1.969666220247745514e-02 1.810549199581146240e-02 2.310498431324958801e-02 3.183949366211891174e-02 3.072567470371723175e-02 2.904732897877693176e-02 3.497105464339256287e-02 4.036072269082069397e-02 3.720969706773757935e-02 3.176247701048851013e-02 3.054793737828731537e-02 3.233969956636428833e-02 2.153581753373146057e-02 1.301966980099678040e-02 6.851343903690576553e-03 3.436251543462276459e-03 2.214097185060381889e-03 9.614733280614018440e-04 2.251337282359600067e-04
1.351687014102935791e-01 2.676192522048950195e-01 7.486384361982345581e-02 7.682504598051309586e-03 2.731156535446643829e-03 1.306967576965689659e-03 1.923631789395585656e-04 9.868632332654669881e-05 7.073354208841919899e-04 8.015132334548979998e-05 1.382610353175550699e-04 1.202269868372241035e-05 2.870419411920011044e-04 7.864848594181239605e-04 9.618158946977928281e-05 4.383275518193840981e-04 5.861065801582299173e-05 1.803404884412884712e-04 2.467658836394548416e-03 5.084098782390356064e-03 4.177887737751007080e-02 1.545217446982860565e-02 1.785671338438987732e-02 2.253654971718788147e-02 3.247631341218948364e-02 3.353130817413330078e-02 4.371453449130058289e-02 5.879099667072296143e-02 7.699637115001678467e-02 8.527399599552154541e-02 1.223700344562530518e-01 1.602806150913238525e-01 2.525037527084350586e-01 3.495028614997863770e-01 3.279822468757629395e-01 2.430779337882995605e-01 2.031595706939697266e-01 1.562740504741668701e-01 1.204313784837722778e-01 1.446481049060821533e-01 1.277051120996475220e-01 1.110566705465316772e-01 8.012226969003677368e-02 5.494673922657966614e-02 4.246717691421508789e-02 2.566846087574958801e-02 1.046275347471237183e-02 6.227758247405290604e-03 3.699985332787036896e-03 2.807300072163343430e-03 2.128017600625753403e-03 2.406944334506988525e-02 1.721950992941856384e-02 2.085737884044647217e-02 2.532581426203250885e-02 3.009081073105335236e-02 3.807288035750389099e-02 4.045037180185317993e-02 3.784845769405364990e-02 3.611819073557853699e-02 3.869806230068206787e-02 4.064673930406570435e-02 4.829417914152145386e-02 5.083698034286499023e-02 4.540773108601570129e-02 4.234394431114196777e-02 4.321358725428581238e-02 3.899562358856201172e-02 3.752885386347770691e-02 3.799673914909362793e-02 3.794063255190849304e-02 3.456425666809082031e-02 3.507321700453758240e-02 3.441197052597999573e-02 3.221181407570838928e-02 3.228195011615753174e-02 2.141543291509151459e-02 1.659432984888553619e-02 1.569262705743312836e-02 1.826047524809837341e-02 1.725758239626884460e-02 1.017420925199985504e-02 7.299781776964664459e-03 1.687586121261119843e-02
3.132950887084007263e-02 1.223526298999786377e-01 6.732881814241409302e-02 7.843517698347568512e-03 2.673546550795435905e-03 1.233730348758399487e-03 9.134617721429094672e-05 1.203095962409861386e-04 4.123945720493793488e-03 4.372362745925784111e-04 1.921054674312472343e-03 2.364919148385524750e-02 6.284059584140777588e-02 6.458954513072967529e-02 5.496421828866004944e-02 1.700598374009132385e-02 1.020347885787487030e-02 7.240855135023593903e-03 1.189171243458986282e-02 8.158773183822631836e-03 1.702380776405334473e-01 4.825818538665771484e-01 2.892276048660278320e-01 1.422426998615264893e-01 1.274011880159378052e-01 1.373701691627502441e-01 1.465738415718078613e-01 9.653842449188232422e-02 1.152900159358978271e-01 8.013621717691421509e-02 8.969748765230178833e-02 8.312056213617324829e-02 1.075166761875152588e-01 1.148589104413986206e-01 1.097457408905029297e-01 1.005453988909721375e-01 1.034963279962539673e-01 8.599128574132919312e-02 6.754381209611892700e-02 5.321694165468215942e-02 3.661087900400161743e-02 2.845990285277366638e-02 4.156696796417236328e-02 3.740291669964790344e-02 3.559493273496627808e-02 1.605798862874507904e-02 1.153635326772928238e-02 1.508882828056812286e-02 7.612923625856637955e-03 4.184100311249494553e-03 4.003636073321104050e-03 5.854733288288116455e-02 2.508343756198883057e-02 1.038160398602485657e-01 9.763903915882110596e-02 9.671777486801147461e-02 5.951983109116554260e-02 3.826402127742767334e-02 2.698165550827980042e-02 2.061415836215019226e-02 2.105640806257724762e-02 2.391598746180534363e-02 2.258478477597236633e-02 1.958595588803291321e-02 1.799853891134262085e-02 1.651917584240436554e-02 1.689792796969413757e-02 1.737805269658565521e-02 1.786708831787109375e-02 1.926401630043983459e-02 1.979092881083488464e-02 2.433373034000396729e-02 3.562166541814804077e-02 3.907499834895133972e-02 4.312096536159515381e-02 5.783326923847198486e-02 5.266775563359260559e-02 3.224074468016624451e-02 9.663756936788558960e-03 7.051479071378707886e-03 5.159944761544466019e-03 4.942719358950853348e-03 5.088650155812501907e-03 1.705499948002398014e-03
1.795702986419200897e-02 2.338275015354156494e-01 1.827203333377838135e-01 1.375897042453289032e-02 4.381060134619474411e-03 2.167964121326804161e-03 1.461965846829116344e-03 1.713130390271544456e-03 2.436279784888029099e-03 1.712195808067917824e-03 6.921675521880388260e-03 1.503293309360742569e-02 5.513801705092191696e-03 1.462185638956725597e-03 9.288526489399373531e-04 7.757021812722086906e-04 6.075994460843503475e-04 1.157368998974561691e-03 2.688433974981307983e-03 2.775013912469148636e-03 5.266012251377105713e-02 1.222674995660781860e-01 1.061616390943527222e-01 8.179257065057754517e-02 6.858557462692260742e-02 5.986325070261955261e-02 5.564111471176147461e-02 5.827941745519638062e-02 7.120671868324279785e-02 8.576701581478118896e-02 1.036697775125503540e-01 1.203897893428802490e-01 1.289267539978027344e-01 1.291945576667785645e-01 1.238305568695068359e-01 1.218255311250686646e-01 1.301715224981307983e-01 1.411686688661575317e-01 1.573233455419540405e-01 1.724730432033538818e-01 1.754975765943527222e-01 1.674603074789047241e-01 1.458664238452911377e-01 1.204336583614349365e-01 9.340815246105194092e-02 6.986234337091445923e-02 5.119172483682632446e-02 3.540183603763580322e-02 2.325391396880149841e-02 1.383433490991592407e-02 7.272393442690372467e-03 5.318818148225545883e-03 5.387202236306620762e-06 1.903111697174608707e-04 9.717853390611708164e-04 2.905681030824780464e-03 6.640661507844924927e-03 1.175520569086074829e-02 1.623856648802757263e-02 2.031634934246540070e-02 2.622270211577415466e-02 3.558082133531570435e-02 4.778360575437545776e-02 6.099203601479530334e-02 7.210759818553924561e-02 7.043382525444030762e-02 6.032116338610649109e-02 5.661334097385406494e-02 5.709027126431465149e-02 5.753850936889648438e-02 5.247827619314193726e-02 5.010922998189926147e-02 4.617810994386672974e-02 4.251184314489364624e-02 3.722930699586868286e-02 3.361658379435539246e-02 2.955452166497707367e-02 2.604217641055583954e-02 2.369797416031360626e-02 2.059802412986755371e-02 1.457754988223314285e-02 7.122211623936891556e-03 5.858967546373605728e-03 6.717401556670665741e-03
2.906202673912048340e-01 2.152929315343499184e-03 2.196295681642368436e-04 4.663048116526624653e-07 0.000000000000000000e+00 0.000000000000000000e+00 0.000000000000000000e+00 0.000000000000000000e+00 0.000000000000000000e+00 0.000000000000000000e+00 0.000000000000000000e+00 0.000000000000000000e+00 0.000000000000000000e+00 0.000000000000000000e+00 0.000000000000000000e+00 0.000000000000000000e+00 0.000000000000000000e+00 0.000000000000000000e+00 0.000000000000000000e+00 2.070066928863525391e-01 0.000000000000000000e+00 0.000000000000000000e+00 0.000000000000000000e+00 0.000000000000000000e+00 0.000000000000000000e+00 5.595657967205625027e-06 5.595657421508803964e-05 1.029601087793707848e-03 2.059202175587415695e-03 4.994124174118041992e-03 3.961725626140832901e-03 2.196295652538537979e-03 2.154328394681215286e-03 2.814615843817591667e-03 2.803424606099724770e-03 3.279055468738079071e-03 3.265066305175423622e-03 4.633204545825719833e-03 8.183649741113185883e-03 1.519500836730003357e-02 2.605058252811431885e-02 5.337977409362792969e-02 1.160091757774353027e-01 2.055229246616363525e-01 3.217251300811767578e-01 3.294667303562164307e-01 3.300990462303161621e-01 3.498601019382476807e-01 6.980471611022949219e-01 4.565553069114685059e-01 5.117228999733924866e-02 5.480946972966194153e-03 5.595657967205625027e-06 8.393486496061086655e-06 3.543916682247072458e-05 6.901311280671507120e-05 4.140786768402904272e-04 1.585436402820050716e-03 3.283718600869178772e-03 6.995504721999168396e-03 1.183761376887559891e-02 1.727845892310142517e-02 2.498367987573146820e-02 3.251916542649269104e-02 5.574207752943038940e-02 7.939118891954421997e-02 1.107744425535202026e-01 1.080670729279518127e-01 1.018652170896530151e-01 9.045287221670150757e-02 6.443866342306137085e-02 5.356350168585777283e-02 4.242627695202827454e-02 3.798798844218254089e-02 3.557252883911132812e-02 3.083393909037113190e-02 2.746535278856754303e-02 2.532967738807201385e-02 1.848152466118335724e-02 1.145058125257492065e-02 5.691716447472572327e-03 1.324305660091340542e-03 9.699140355223789811e-05 2.797828892653342336e-05
4.444846138358116150e-02 4.300039708614349365e-01 1.994197629392147064e-02 7.933735032565891743e-04 9.246011177310720086e-05 4.667275061365216970e-05 4.578736115945503116e-05 5.160564251127652824e-05 1.277492701774463058e-04 7.525822729803621769e-05 3.124165232293307781e-04 3.996275190729647875e-04 5.875834031030535698e-04 6.157893803901970387e-04 1.682875154074281454e-04 1.516548218205571175e-04 2.213477273471653461e-06 3.769235627260059118e-05 1.104588503949344158e-03 9.928394574671983719e-04 4.994743503630161285e-03 8.519105613231658936e-03 2.262717857956886292e-02 2.479271590709686279e-02 1.942572928965091705e-02 2.506402507424354553e-02 3.286634385585784912e-02 4.672018438577651978e-02 9.207509458065032959e-02 1.253834962844848633e-01 1.555712819099426270e-01 1.659831106662750244e-01 1.688813716173171997e-01 1.506770849227905273e-01 1.386507004499435425e-01 1.371803283691406250e-01 1.622204482555389404e-01 1.943241059780120850e-01 2.320519834756851196e-01 2.406450808048248291e-01 2.163619697093963623e-01 1.806531548500061035e-01 1.455738246440887451e-01 1.031221151351928711e-01 5.893478170037269592e-02 3.705550730228424072e-02 2.476425841450691223e-02 1.811965182423591614e-02 1.151868328452110291e-02 7.067696191370487213e-03 4.963628016412258148e-03 4.321061819791793823e-02 1.102311722934246063e-02 3.015211597084999084e-02 4.789914563298225403e-02 5.165029317140579224e-02 6.539510190486907959e-02 7.214861363172531128e-02 6.455992162227630615e-02 5.833625793457031250e-02 5.193968862295150757e-02 5.281837657094001770e-02 5.296522378921508789e-02 4.613671079277992249e-02 3.995807468891143799e-02 3.744773566722869873e-02 3.616935759782791138e-02 3.360362350940704346e-02 3.356542438268661499e-02 3.150752186775207520e-02 2.346273325383663177e-02 1.897873356938362122e-02 2.037385851144790649e-02 1.878609880805015564e-02 1.653113402426242828e-02 1.520557794719934464e-02 1.388609223067760468e-02 1.304876524955034256e-02 1.254092995077371597e-02 1.199932396411895752e-02 8.676957339048385620e-03 3.679937683045864105e-03 1.848063897341489792e-03 3.705487586557865143e-03
3.855852782726287842e-02 1.997676491737365723e-01 1.513504832983016968e-01 4.728505760431289673e-02 2.276317402720451355e-02 1.287773437798023224e-02 3.013357287272810936e-03 2.749598817899823189e-03 3.186164656654000282e-03 8.171248482540249825e-04 1.317835296504199505e-03 2.257504966109991074e-03 1.032535685226321220e-03 5.576745606958866119e-04 4.619364335667341948e-04 4.313002282287925482e-04 3.073193656746298075e-04 1.084712916053831577e-03 3.392001613974571228e-03 6.788311526179313660e-03 3.229438513517379761e-02 6.448537111282348633e-02 1.029921993613243103e-01 1.312856823205947876e-01 2.032070457935333252e-01 2.815763652324676514e-01 3.008024692535400391e-01 2.766994535923004150e-01 2.940299510955810547e-01 3.071872591972351074e-01 2.798473238945007324e-01 2.130326330661773682e-01 1.384172141551971436e-01 7.983697950839996338e-02 4.806532710790634155e-02 2.695219591259956360e-02 2.467458508908748627e-02 2.036924287676811218e-02 1.955642551183700562e-02 2.859506011009216309e-02 1.990682631731033325e-02 2.048412710428237915e-02 2.143768034875392914e-02 1.861149072647094727e-02 9.136289358139038086e-03 6.669118069112300873e-03 6.025757174938917160e-03 4.423101432621479034e-03 2.358030062168836594e-03 1.062693074345588684e-03 3.389129415154457092e-04 1.563882268965244293e-02 8.692064322531223297e-03 1.981013268232345581e-02 2.129407227039337158e-02 3.460837528109550476e-02 6.128867343068122864e-02 8.604750782251358032e-02 9.995538741350173950e-02 1.058892384171485901e-01 8.997564762830734253e-02 7.122724503278732300e-02 4.962489753961563110e-02 3.823397681117057800e-02 3.679407387971878052e-02 3.022739663720130920e-02 2.161766774952411652e-02 1.698585785925388336e-02 1.843246072530746460e-02 1.126359030604362488e-02 7.597777526825666428e-03 7.352687884122133255e-03 7.220569066703319550e-03 1.124348491430282593e-02 1.663928478956222534e-02 2.507285587489604950e-02 3.485154733061790466e-02 3.353897854685783386e-02 2.150373905897140503e-02 6.641353480517864227e-03 2.043051412329077721e-03 9.707845747470855713e-04 5.773008451797068119e-04 2.778320340439677238e-03
1.994605064392089844e-01 9.504698961973190308e-02 3.804700076580047607e-02 3.684160998091101646e-03 2.828384749591350555e-03 2.191274194046854973e-03 1.675458042882382870e-03 1.502120401710271835e-03 2.145526465028524399e-03 2.866158029064536095e-03 3.977953922003507614e-03 4.121450707316398621e-02 3.637447953224182129e-02 1.119476277381181717e-02 1.001875195652246475e-02 7.638191804289817810e-03 8.817979251034557819e-04 2.365871099755167961e-03 1.312288269400596619e-02 2.376321703195571899e-02 1.998210325837135315e-02 1.096912920475006104e-01 2.244089543819427490e-01 2.718800306320190430e-01 2.951509058475494385e-01 2.370001077651977539e-01 1.920246183872222900e-01 1.414637267589569092e-01 1.812441051006317139e-01 1.021114513278007507e-01 7.918050140142440796e-02 7.460489124059677124e-02 9.146943688392639160e-02 1.057603508234024048e-01 1.248384118080139160e-01 1.074601560831069946e-01 1.445032209157943726e-01 1.136927604675292969e-01 9.003404527902603149e-02 9.521655738353729248e-02 5.311940610408782959e-02 4.726957529783248901e-02 3.302398324012756348e-02 2.621722407639026642e-02 9.458447806537151337e-03 5.801986902952194214e-03 5.222795531153678894e-03 3.077269066125154495e-03 1.415241626091301441e-03 7.957586785778403282e-04 7.554670446552336216e-05 1.280516572296619415e-02 2.336911484599113464e-02 7.385949790477752686e-02 9.335390478372573853e-02 8.675868064165115356e-02 9.870260953903198242e-02 9.704393893480300903e-02 8.622985333204269409e-02 6.564001739025115967e-02 4.921783879399299622e-02 4.922203719615936279e-02 3.474057093262672424e-02 2.059403248131275177e-02 1.519496086984872818e-02 1.233509834855794907e-02 1.127408724278211594e-02 1.241232361644506454e-02 1.265911012887954712e-02 1.170554198324680328e-02 1.200101431459188461e-02 1.223436929285526276e-02 1.368906348943710327e-02 1.308720745146274567e-02 1.134207844734191895e-02 9.856326505541801453e-03 1.056982390582561493e-02 1.413059141486883163e-02 1.022398751229047775e-02 1.011738274246454239e-02 1.957247219979763031e-02 8.215284906327724457e-03 6.220012437552213669e-04 2.518223482184112072e-05
2.123749814927577972e-02 1.968062222003936768e-01 2.195736020803451538e-01 4.083583876490592957e-02 1.399910356849431992e-02 4.379515536129474640e-03 1.534698676550760865e-04 7.713668310316279531e-05 1.992697798414155841e-04 5.688830860890448093e-04 4.057710975757800043e-05 0.000000000000000000e+00 4.017535673028760357e-07 2.169469371438026428e-05 0.000000000000000000e+00 5.544199302676133811e-05 0.000000000000000000e+00 5.222796517045935616e-06 1.754056080244481564e-03 2.920748374890536070e-04 9.449244476854801178e-03 7.282185554504394531e-02 2.706485390663146973e-01 4.733227491378784180e-01 5.658746957778930664e-01 4.640302062034606934e-01 2.843619883060455322e-01 1.330270469188690186e-01 1.097558587789535522e-01 7.586875557899475098e-02 7.374989986419677734e-02 7.245786488056182861e-02 6.804178655147552490e-02 5.037507414817810059e-02 3.278550133109092712e-02 2.263479679822921753e-02 2.999893948435783386e-02 2.063165418803691864e-02 1.562982052564620972e-02 2.035444229841232300e-02 1.191279664635658264e-02 1.356641482561826706e-02 8.928571827709674835e-03 1.217795349657535553e-02 4.329296760261058807e-03 5.269399844110012054e-03 6.252892781049013138e-03 4.138865508139133453e-03 3.222867380827665329e-03 2.923962427303195000e-03 2.297227038070559502e-03 5.915901809930801392e-02 2.383523620665073395e-02 3.405745327472686768e-02 3.850325942039489746e-02 5.415477603673934937e-02 9.115547686815261841e-02 8.479008823633193970e-02 7.073996216058731079e-02 5.715426802635192871e-02 4.635995253920555115e-02 3.839076682925224304e-02 3.506746143102645874e-02 3.470668941736221313e-02 3.084342554211616516e-02 2.589783817529678345e-02 2.164326794445514679e-02 2.131543681025505066e-02 2.294334396719932556e-02 1.657153107225894928e-02 1.494041178375482559e-02 1.557678915560245514e-02 1.191199384629726410e-02 7.801251020282506943e-03 5.987735465168952942e-03 6.999350618571043015e-03 9.016957134008407593e-03 9.279703721404075623e-03 1.095340959727764130e-02 1.700140722095966339e-02 2.275451831519603729e-02 2.536511421203613281e-02 3.102019615471363068e-02 6.326092034578323364e-02
6.916194688528776169e-03 4.037488996982574463e-01 8.927773684263229370e-02 1.595277899468783289e-05 0.000000000000000000e+00 0.000000000000000000e+00 0.000000000000000000e+00 0.000000000000000000e+00 0.000000000000000000e+00 0.000000000000000000e+00 0.000000000000000000e+00 0.000000000000000000e+00 0.000000000000000000e+00 0.000000000000000000e+00 0.000000000000000000e+00 0.000000000000000000e+00 0.000000000000000000e+00 0.000000000000000000e+00 0.000000000000000000e+00 4.121134770684875548e-05 0.000000000000000000e+00 9.639467112720012665e-03 2.974156439304351807e-01 4.612547159194946289e-01 3.262104094028472900e-01 5.997088551521301270e-01 5.719031691551208496e-01 3.000279068946838379e-01 1.189957708120346069e-01 4.221903160214424133e-02 2.794528193771839142e-02 3.171412646770477295e-02 3.403525426983833313e-02 2.998723648488521576e-02 2.711573615670204163e-02 2.935710176825523376e-02 2.117731608450412750e-02 1.636755093932151794e-02 1.017388515174388885e-02 9.196777828037738800e-03 6.520698778331279755e-03 6.153784692287445068e-03 4.729999229311943054e-03 3.744914894923567772e-03 2.819653833284974098e-03 2.396905096247792244e-03 1.910345396026968956e-03 1.734864898025989532e-03 1.427773851901292801e-03 8.893675403669476509e-04 8.774028392508625984e-04 2.349046990275382996e-03 1.329398287452931982e-06 1.861157579696737230e-05 5.596766714006662369e-04 2.802371745929121971e-03 4.541224800050258636e-03 5.427933298051357269e-03 3.424530150368809700e-03 2.992475638166069984e-03 4.137087613344192505e-03 7.747733499854803085e-03 1.269841287285089493e-02 1.971098966896533966e-02 2.887054346501827240e-02 4.009997099637985229e-02 5.282098427414894104e-02 6.599664688110351562e-02 7.635132968425750732e-02 8.244529366493225098e-02 8.129802346229553223e-02 7.765813171863555908e-02 7.133950293064117432e-02 6.163223460316658020e-02 5.480710417032241821e-02 4.755922406911849976e-02 4.130041599273681641e-02 3.664353489875793457e-02 3.360984846949577332e-02 3.315652161836624146e-02 3.194145485758781433e-02 1.648055016994476318e-02 1.833240268751978874e-03 9.305788262281566858e-05
3.558460995554924011e-02 4.413447082042694092e-01 1.543187350034713745e-02 1.552297151647508144e-03 5.797834019176661968e-04 1.947456767084077001e-04 6.478026534750824794e-06 8.097533282125368714e-06 1.862432691268622875e-05 4.048766641062684357e-06 0.000000000000000000e+00 0.000000000000000000e+00 1.902920303109567612e-05 2.712673631322104484e-05 4.939495192957110703e-05 1.048630510922521353e-04 1.214629946844070219e-06 2.664088387973606586e-04 1.421521999873220921e-03 3.385173855349421501e-03 1.025633513927459717e-02 2.024253755807876587e-01 1.069897055625915527e+00 1.326494932174682617e+00 9.293377399444580078e-02 8.396737277507781982e-02 8.247337490320205688e-02 5.982052534818649292e-02 3.859608247876167297e-02 1.936849020421504974e-02 8.091865107417106628e-03 2.713483292609453201e-03 1.119888853281736374e-03 5.150031065568327904e-04 2.987989864777773619e-04 1.821944897528737783e-04 1.506141124991700053e-04 1.263215090148150921e-04 5.830223744851537049e-05 3.643889795057475567e-05 3.158037725370377302e-05 4.615593934431672096e-05 4.129741864744573832e-05 1.943407914950512350e-05 4.858519787376280874e-06 1.214629992318805307e-05 2.672186019481159747e-05 3.643889795057475567e-05 2.186333949794061482e-05 2.186333949794061482e-05 7.287779681064421311e-06 2.040578256128355861e-04 2.024383320531342179e-05 8.583385351812466979e-05 4.243107396177947521e-04 1.941788475960493088e-03 4.133790731430053711e-03 6.040759850293397903e-03 6.678845267742872238e-03 7.828694768249988556e-03 1.056080311536788940e-02 1.425489783287048340e-02 1.431400980800390244e-02 1.297710649669170380e-02 1.138351205736398697e-02 7.700753863900899887e-03 8.516984991729259491e-03 7.959875278174877167e-03 5.959784612059593201e-03 5.286879371851682663e-03 6.063432898372411728e-03 7.146073039621114731e-03 9.876561351120471954e-03 1.711899414658546448e-02 4.202052950859069824e-02 1.162716671824455261e-01 2.112322449684143066e-01 2.409477680921554565e-01 1.648900657892227173e-01 5.727223306894302368e-02 1.091547426767647266e-03 0.000000000000000000e+00 0.000000000000000000e+00 0.000000000000000000e+00
8.011829853057861328e-02 2.812593281269073486e-01 3.241872787475585938e-02 1.144412346184253693e-02 4.023980814963579178e-03 2.940038917586207390e-03 4.844248178415000439e-04 5.919699906371533871e-04 6.477707996964454651e-03 9.858304401859641075e-04 2.517876913771033287e-03 1.494783093221485615e-03 7.906925864517688751e-03 1.220778841525316238e-02 6.276296451687812805e-03 8.090885356068611145e-03 1.366955344565212727e-03 4.205580800771713257e-03 2.483679540455341339e-02 1.035169139504432678e-02 1.946029365062713623e-01 4.439916089177131653e-02 9.856230020523071289e-02 1.097639650106430054e-01 1.229354143142700195e-01 1.078507974743843079e-01 1.033537089824676514e-01 8.593422919511795044e-02 1.115016788244247437e-01 1.016188412904739380e-01 1.228024065494537354e-01 1.155091375112533569e-01 1.543753892183303833e-01 1.597243398427963257e-01 1.904879212379455566e-01 2.247551977634429932e-01 2.341314256191253662e-01 1.316069513559341431e-01 1.096224635839462280e-01 8.986528217792510986e-02 4.527650400996208191e-02 4.683024808764457703e-02 3.448802977800369263e-02 3.530310839414596558e-02 2.073923125863075256e-02 2.093168161809444427e-02 2.076470293104648590e-02 1.753834821283817291e-02 1.377992890775203705e-02 1.191486977040767670e-02 9.180959314107894897e-03 1.098488718271255493e-01 7.275994867086410522e-02 1.088121011853218079e-01 9.763306379318237305e-02 8.432671427726745605e-02 6.879587471485137939e-02 5.130374804139137268e-02 3.494462370872497559e-02 2.467311918735504150e-02 1.905813068151473999e-02 1.619592122733592987e-02 1.495160441845655441e-02 1.434595603495836258e-02 1.464028935879468918e-02 1.447991561144590378e-02 1.521952450275421143e-02 1.540159620344638824e-02 1.702515035867691040e-02 1.766570471227169037e-02 1.985056884586811066e-02 2.255240455269813538e-02 2.588441781699657440e-02 3.193147480487823486e-02 3.191920742392539978e-02 3.608422353863716125e-02 3.564366698265075684e-02 3.820305317640304565e-02 3.382294625043869019e-02 1.743174716830253601e-02 3.811248810961842537e-03 5.848946166224777699e-04 4.622554115485399961e-05 9.433784384782484267e-07
3.448943421244621277e-02 2.559157311916351318e-01 1.824522316455841064e-01 8.915002457797527313e-03 1.637809327803552151e-03 3.663699608296155930e-04 1.854465153883211315e-05 1.935880718519911170e-04 2.307678340002894402e-03 6.807243917137384415e-04 5.020625540055334568e-04 8.955709927249699831e-05 1.269630156457424164e-03 1.055688248015940189e-03 2.392712340224534273e-04 2.238927554572001100e-04 4.523085692653694423e-07 2.713851426960900426e-05 3.822007449343800545e-03 5.793168209493160248e-03 6.105623021721839905e-02 3.273719176650047302e-02 6.302377581596374512e-02 2.296868115663528442e-01 5.890659093856811523e-01 5.093410611152648926e-01 1.883277297019958496e-01 1.432859301567077637e-01 1.842759400606155396e-01 1.554629802703857422e-01 1.394051164388656616e-01 1.282511949539184570e-01 1.282919049263000488e-01 1.025998741388320923e-01 1.033244729042053223e-01 8.474272489547729492e-02 6.228832155466079712e-02 3.278061002492904663e-02 1.820180192589759827e-02 1.293150242418050766e-02 5.916195921599864960e-03 6.442683748900890350e-03 3.234911011531949043e-03 3.441163804382085800e-03 9.769864846020936966e-04 5.074902437627315521e-04 9.525619097985327244e-04 4.070777213200926781e-04 3.066652279812842607e-04 1.356925786240026355e-04 2.713851426960900426e-05 8.570343255996704102e-03 1.962386071681976318e-02 2.629902958869934082e-02 3.305833041667938232e-02 3.690657019615173340e-02 3.987733274698257446e-02 3.566814959049224854e-02 2.539441362023353577e-02 2.949142456054687500e-02 3.060591220855712891e-02 2.951403893530368805e-02 2.244897931814193726e-02 9.673071093857288361e-03 9.425206109881401062e-03 1.325535494834184647e-02 3.168331086635589600e-02 6.318479776382446289e-02 3.795321285724639893e-02 3.324196860194206238e-02 3.050640411674976349e-02 3.270372003316879272e-02 1.379088871181011200e-02 7.098530884832143784e-03 3.653567656874656677e-02 1.632815897464752197e-01 8.394033461809158325e-02 3.743305802345275879e-02 1.638171263039112091e-02 1.922582834959030151e-02 1.911817863583564758e-02 9.046171791851520538e-03 2.762700896710157394e-03 8.702417253516614437e-04
1.740648411214351654e-02 2.051083445549011230e-01 1.235634684562683105e-01 1.766111142933368683e-02 1.029618270695209503e-02 1.088265702128410339e-02 1.096053328365087509e-02 1.159420702606439590e-02 1.350365485996007919e-02 5.600043106824159622e-03 4.047719296067953110e-03 4.556317813694477081e-03 3.299805149435997009e-02 1.993696764111518860e-02 4.399841185659170151e-03 1.178017468191683292e-03 5.620516021735966206e-04 8.567040786147117615e-04 3.445841139182448387e-03 1.441795961000025272e-03 1.132871676236391068e-02 2.027533017098903656e-02 3.658628091216087341e-02 4.432979598641395569e-02 5.716376751661300659e-02 7.504119724035263062e-02 8.990298211574554443e-02 1.067495197057723999e-01 1.225442290306091309e-01 1.113312393426895142e-01 1.104342564940452576e-01 9.767335653305053711e-02 1.008509397506713867e-01 1.025058925151824951e-01 1.004871577024459839e-01 1.032026261091232300e-01 1.283693462610244751e-01 1.354690492153167725e-01 1.442304253578186035e-01 1.781446933746337891e-01 1.913025379180908203e-01 1.945010572671890259e-01 1.968014091253280640e-01 1.817697882652282715e-01 1.276394277811050415e-01 8.194538950920104980e-02 5.578135326504707336e-02 3.727551549673080444e-02 2.403076738119125366e-02 1.406748406589031219e-02 7.085878401994705200e-03 1.117862574756145477e-02 2.396585885435342789e-03 1.202427037060260773e-02 2.600696682929992676e-02 4.010499641299247742e-02 4.304507002234458923e-02 4.368519410490989685e-02 4.363081976771354675e-02 4.534238576889038086e-02 4.583294317126274109e-02 4.385806247591972351e-02 4.552433639764785767e-02 4.839357733726501465e-02 4.773186147212982178e-02 5.023377388715744019e-02 5.063875764608383179e-02 5.705646798014640808e-02 5.707845464348793030e-02 5.329036340117454529e-02 4.554329439997673035e-02 3.937165439128875732e-02 3.428251296281814575e-02 2.766244485974311829e-02 2.187722362577915192e-02 1.747744902968406677e-02 1.402008719742298126e-02 1.004780828952789307e-02 8.059759624302387238e-03 7.117740344256162643e-03 6.525802426040172577e-03 5.444224923849105835e-03 3.795197932049632072e-03 2.899917773902416229e-03
6.102614570409059525e-03 3.062019050121307373e-01 1.473564058542251587e-01 2.129536354914307594e-03 9.345911676064133644e-04 4.027869726996868849e-04 4.983901089872233570e-05 1.098338980227708817e-04 9.253756143152713776e-04 3.333885106258094311e-04 1.994876889511942863e-03 1.976471021771430969e-02 9.713592007756233215e-03 1.335309352725744247e-03 5.663466872647404671e-04 3.079361340496689081e-04 7.905282109277322888e-05 1.757216959958896041e-04 9.536491124890744686e-04 5.625225603580474854e-04 6.978514790534973145e-02 1.785346120595932007e-01 2.653805017471313477e-01 3.816412091255187988e-01 3.844348192214965820e-01 3.306109309196472168e-01 2.773061394691467285e-01 2.138022184371948242e-01 1.657186597585678101e-01 1.202147081494331360e-01 7.780189067125320435e-02 5.015045776963233948e-02 3.451642766594886780e-02 2.390391752123832703e-02 1.714612543582916260e-02 1.477905269712209702e-02 1.856832206249237061e-02 2.466974593698978424e-02 3.019341081380844116e-02 3.321384638547897339e-02 3.278616815805435181e-02 3.343990817666053772e-02 3.666684031486511230e-02 4.016497731208801270e-02 3.703282773494720459e-02 3.136133775115013123e-02 2.473030611872673035e-02 1.703967526555061340e-02 1.135313883423805237e-02 7.430714555084705353e-03 4.861278459429740906e-03 1.076071243733167648e-02 1.234879018738865852e-03 1.415804028511047363e-03 1.074516563676297665e-03 1.008942141197621822e-03 1.174194505438208580e-03 1.642367802560329437e-03 2.759764669463038445e-03 4.789434839040040970e-03 7.671697065234184265e-03 1.119478233158588409e-02 1.482908055186271667e-02 1.728529669344425201e-02 1.824283413589000702e-02 2.021721005439758301e-02 2.797579579055309296e-02 4.236491397023200989e-02 5.723800510168075562e-02 6.951858848333358765e-02 8.098569512367248535e-02 9.035455435514450073e-02 9.226159751415252686e-02 9.003333002328872681e-02 8.881136029958724976e-02 7.899627089500427246e-02 6.098226085305213928e-02 4.527889937162399292e-02 3.031754121184349060e-02 1.955845765769481659e-02 1.188500504940748215e-02 7.092060055583715439e-03 1.588830025866627693e-03 2.160317380912601948e-04
4.837704077363014221e-02 4.125387072563171387e-01 1.224252488464117050e-02 7.287764456123113632e-04 8.800452633295208216e-05 4.771329622599296272e-05 3.110200123046524823e-05 1.060295517163467593e-06 2.163002791348844767e-04 6.008341188135091215e-06 2.827454636644688435e-06 1.767159119481220841e-06 1.975683844648301601e-04 1.075139618478715420e-03 5.697321030311286449e-04 1.105534727685153484e-03 1.901463256217539310e-04 8.496501250192523003e-04 1.545557379722595215e-02 6.274828687310218811e-03 4.277443885803222656e-02 1.335823833942413330e-01 1.546568274497985840e-01 3.715254068374633789e-01 8.512285351753234863e-01 7.048144340515136719e-01 4.147239625453948975e-01 1.210730150341987610e-01 5.937442183494567871e-02 3.070615790784358978e-02 2.293206937611103058e-02 1.021064538508653641e-02 1.659998670220375061e-02 1.009613368660211563e-02 7.814377546310424805e-03 3.967625554651021957e-03 8.395419456064701080e-03 2.604085719212889671e-03 1.861878787167370319e-03 3.295398317277431488e-03 1.121792593039572239e-03 3.679225221276283264e-03 1.465328270569443703e-03 2.319926628842949867e-03 6.446596235036849976e-04 8.779246127232909203e-04 1.138757332228124142e-03 9.266982087865471840e-04 5.237859440967440605e-04 6.807096651755273342e-04 6.573832069989293814e-05 1.431822963058948517e-02 2.300417050719261169e-02 2.925001829862594604e-02 9.253552183508872986e-03 5.325510632246732712e-03 5.419523455202579498e-03 6.493249442428350449e-03 9.896798059344291687e-03 5.560896359384059906e-03 8.079451508820056915e-03 1.164487190544605255e-02 1.416272018104791641e-02 1.634268835186958313e-02 2.166466414928436279e-02 2.703824080526828766e-02 3.931363672018051147e-02 4.994274303317070007e-02 7.254329323768615723e-02 9.348271787166595459e-02 8.109281212091445923e-02 6.660775840282440186e-02 5.731179937720298767e-02 5.683537200093269348e-02 6.162861362099647522e-02 6.482646614313125610e-02 5.404537916183471680e-02 4.263024032115936279e-02 3.305365145206451416e-02 2.341061644256114960e-02 8.938997983932495117e-03 9.973846608772873878e-04 1.039089547703042626e-04 9.825404413277283311e-05
4.889525100588798523e-02 2.712565958499908447e-01 1.739338934421539307e-01 1.463251654058694839e-03 3.930777602363377810e-04 2.139419666491448879e-04 8.167849591700360179e-05 4.548006836557760835e-05 4.487676196731626987e-04 6.543561175931245089e-05 1.415451115462929010e-04 5.935613298788666725e-04 6.719912635162472725e-04 3.680172958411276340e-04 1.290148939006030560e-04 1.359761226922273636e-04 2.645269341883249581e-05 9.281646634917706251e-05 4.659386759158223867e-04 5.773184238933026791e-04 2.005392685532569885e-02 4.572139121592044830e-03 1.515878643840551376e-02 2.843831479549407959e-01 4.459311366081237793e-01 1.847344785928726196e-01 8.059161156415939331e-02 5.371567606925964355e-02 6.625703722238540649e-02 1.071528941392898560e-01 1.521976590156555176e-01 1.653349101543426514e-01 1.695478409528732300e-01 1.761526763439178467e-01 1.791292876005172729e-01 1.760886162519454956e-01 1.678966432809829712e-01 1.390130817890167236e-01 1.167510449886322021e-01 9.385137259960174561e-02 6.768826395273208618e-02 4.465771466493606567e-02 2.770293131470680237e-02 1.711071655154228210e-02 1.078713033348321915e-02 7.417892105877399445e-03 5.479884333908557892e-03 3.630980383604764938e-03 2.751080086454749107e-03 1.996482256799936295e-03 1.534256152808666229e-03 1.072865538299083710e-02 8.719178847968578339e-03 2.464277204126119614e-03 1.117510255426168442e-03 1.713391975499689579e-03 3.912214189767837524e-03 3.562296042218804359e-03 4.275126382708549500e-03 6.912970449775457382e-03 1.245132926851511002e-02 2.233813889324665070e-02 1.857071928679943085e-02 2.012075483798980713e-02 2.311408519744873047e-02 2.420932054519653320e-02 2.747181802988052368e-02 3.316239640116691589e-02 4.230574518442153931e-02 5.216935276985168457e-02 5.769193172454833984e-02 7.369442284107208252e-02 9.103625267744064331e-02 1.118753999471664429e-01 1.114438101649284363e-01 7.209333777427673340e-02 4.751089587807655334e-02 3.084662556648254395e-02 2.228709124028682709e-02 3.425855934619903564e-02 3.597102314233779907e-02 2.080017002299427986e-03 4.557288775686174631e-04 1.642851566430181265e-04
2.278493717312812805e-02 1.519638597965240479e-01 1.098380684852600098e-01 8.166440762579441071e-03 6.419163197278976440e-03 5.968817695975303650e-02 1.264323852956295013e-02 7.525602122768759727e-04 1.578278141096234322e-03 3.907415375579148531e-04 4.990603192709386349e-04 1.110976212657988071e-03 1.023827865719795227e-01 8.456803858280181885e-03 2.498704241588711739e-03 1.946335192769765854e-03 5.841273814439773560e-04 1.217593671754002571e-03 4.357136785984039307e-03 2.721012802794575691e-03 2.064067870378494263e-02 3.627260914072394371e-03 8.251507766544818878e-03 1.430488284677267075e-02 2.363844588398933411e-02 3.260111436247825623e-02 4.852567613124847412e-02 5.802936851978302002e-02 8.595860004425048828e-02 8.311395347118377686e-02 6.915954500436782837e-02 5.743049830198287964e-02 7.536263763904571533e-02 1.127683520317077637e-01 1.642679721117019653e-01 2.596656084060668945e-01 2.661136984825134277e-01 1.399898231029510498e-01 9.962718188762664795e-02 1.189918518066406250e-01 1.427766084671020508e-01 1.693958044052124023e-01 1.416162997484207153e-01 7.407982647418975830e-02 5.398017913103103638e-02 5.396656692028045654e-02 5.192836001515388489e-02 3.907982259988784790e-02 5.551138520240783691e-02 1.195635050535202026e-01 1.236977726221084595e-01 2.323352396488189697e-01 2.730426937341690063e-02 5.718436837196350098e-02 4.560390114784240723e-02 2.960561774671077728e-02 2.040362544357776642e-02 1.462700311094522476e-02 1.540394965559244156e-02 1.789584755897521973e-02 2.201309613883495331e-02 1.975371316075325012e-02 1.272263471037149429e-02 1.082734018564224243e-02 1.159407757222652435e-02 1.301072910428047180e-02 1.946788839995861053e-02 3.426956385374069214e-02 4.815705120563507080e-02 6.229973956942558289e-02 7.867004722356796265e-02 6.124490499496459961e-02 4.319253563880920410e-02 6.067552417516708374e-02 6.571149826049804688e-02 5.471061915159225464e-02 5.153591558337211609e-02 3.500114008784294128e-02 2.715341746807098389e-02 1.449429895728826523e-02 1.003564894199371338e-02 7.295354269444942474e-03 6.828051991760730743e-03 1.306630554609000683e-03
6.451587378978729248e-02 1.296226978302001953e-01 1.333423610776662827e-02 2.707748906686902046e-03 7.117966888472437859e-04 2.430201420793309808e-04 5.179117943043820560e-05 7.967873534653335810e-05 3.333227068651467562e-04 1.779491722118109465e-04 6.042303866706788540e-04 1.243121083825826645e-02 2.329992204904556274e-01 1.259853597730398178e-02 5.521736573427915573e-03 2.987952670082449913e-03 2.543079666793346405e-03 3.099502762779593468e-03 6.199005525559186935e-03 9.237421676516532898e-03 1.762493699789047241e-02 7.429245114326477051e-02 1.950296312570571899e-01 9.354522228240966797e-01 4.717538952827453613e-01 1.408082544803619385e-01 1.139326244592666626e-01 1.019011288881301880e-01 9.746302664279937744e-02 9.578180313110351562e-02 9.967809915542602539e-02 9.883350133895874023e-02 9.640330076217651367e-02 8.104123920202255249e-02 7.633222639560699463e-02 5.670735985040664673e-02 3.826172649860382080e-02 3.091534972190856934e-02 2.529799751937389374e-02 2.207100950181484222e-02 1.752932183444499969e-02 1.693969964981079102e-02 1.395971514284610748e-02 1.330634765326976776e-02 1.150560937821865082e-02 1.059727184474468231e-02 7.465897127985954285e-03 5.649222061038017273e-03 4.541687667369842529e-03 4.095486830919981003e-03 3.513832110911607742e-03 2.131406217813491821e-02 5.418154178187251091e-04 4.076895304024219513e-03 7.662438321858644485e-03 1.238207519054412842e-02 1.582950912415981293e-02 1.933006197214126587e-02 2.107502520084381104e-02 2.157169021666049957e-02 2.237644419074058533e-02 2.238441258668899536e-02 2.622227184474468231e-02 2.881448715925216675e-02 2.760336920619010925e-02 2.690750919282436371e-02 2.603369951248168945e-02 2.496600337326526642e-02 2.459151297807693481e-02 2.251720987260341644e-02 2.179479040205478668e-02 2.305371500551700592e-02 2.378144674003124237e-02 2.556359395384788513e-02 3.087816573679447174e-02 3.270280733704566956e-02 4.168525710701942444e-02 5.252688005566596985e-02 1.482210457324981689e-01 2.344493716955184937e-01 5.999808665364980698e-03 3.099502762779593468e-03 1.195181044749915600e-03 1.620134280528873205e-04
1.811405643820762634e-02 6.363239139318466187e-02 6.749937683343887329e-02 3.032453358173370361e-02 9.120406582951545715e-03 8.721335791051387787e-03 2.237950538983568549e-04 1.140808919444680214e-03 1.460186950862407684e-02 3.990708384662866592e-03 1.767071150243282318e-02 2.175785228610038757e-02 2.223582714796066284e-01 1.321300584822893143e-02 1.832814770750701427e-03 8.533323416486382484e-04 4.112006572540849447e-04 5.749531555920839310e-04 2.781972754746675491e-03 1.176591846160590649e-03 9.050417691469192505e-02 1.017121225595474243e-01 1.938829421997070312e-01 1.668564975261688232e-01 1.354669630527496338e-01 1.428758502006530762e-01 2.035297751426696777e-01 1.679991185665130615e-01 8.903403580188751221e-02 6.426738947629928589e-02 8.783319592475891113e-02 6.498061865568161011e-02 6.167282164096832275e-02 5.590145289897918701e-02 1.324575543403625488e-01 8.827714622020721436e-02 6.491876393556594849e-02 9.510380029678344727e-02 1.842761188745498657e-01 2.303742617368698120e-01 2.535179555416107178e-01 1.534870266914367676e-01 3.851094469428062439e-02 3.213915228843688965e-02 6.768435984849929810e-02 2.887501940131187439e-02 1.692108926363289356e-03 6.768435705453157425e-04 1.637524837860837579e-04 7.641782576683908701e-05 3.275049675721675158e-05 1.219046302139759064e-03 5.925413686782121658e-03 2.758925966918468475e-02 8.725944906473159790e-02 6.393503397703170776e-02 4.620973765850067139e-02 3.852064907550811768e-02 2.093848399817943573e-02 1.673671603202819824e-02 1.621998660266399384e-02 1.752394065260887146e-02 1.677067950367927551e-02 1.807342097163200378e-02 2.667224593460559845e-02 7.587319612503051758e-02 1.276335269212722778e-01 7.702188938856124878e-02 4.961093515157699585e-02 3.580963611602783203e-02 2.908729203045368195e-02 9.329039603471755981e-03 1.085011754184961319e-02 1.684831082820892334e-02 2.436272986233234406e-02 2.826610393822193146e-02 2.731512673199176788e-02 2.552112750709056854e-02 1.268293242901563644e-02 3.416968509554862976e-03 1.536847325041890144e-03 1.859500422142446041e-03 3.505516098812222481e-03 3.709418326616287231e-02
8.723887801170349121e-02 3.507220447063446045e-01 5.847123265266418457e-02 7.788513903506100178e-04 2.887770242523401976e-04 1.222834271175088361e-05 5.643850272463168949e-06 9.406417689206136856e-07 4.703208560385974124e-06 0.000000000000000000e+00 0.000000000000000000e+00 0.000000000000000000e+00 7.525134151364909485e-06 1.975347731786314398e-05 0.000000000000000000e+00 1.693155172688420862e-05 0.000000000000000000e+00 2.069411857519298792e-05 9.086599457077682018e-04 1.503145555034279823e-03 2.771130530163645744e-03 3.662858856841921806e-03 3.399855643510818481e-02 2.150871455669403076e-01 4.634673595428466797e-01 5.136693716049194336e-01 4.177691340446472168e-01 2.868317663669586182e-01 2.461509108543395996e-01 2.208946645259857178e-01 1.694678962230682373e-01 1.239615306258201599e-01 1.060648858547210693e-01 8.193742483854293823e-02 4.482910409569740295e-02 1.990021765232086182e-02 1.278896536678075790e-02 7.528896443545818329e-03 4.836780019104480743e-03 4.340121056884527206e-03 2.398636424914002419e-03 2.161594573408365250e-03 2.167238388210535049e-03 1.969703705981373787e-03 9.933176916092634201e-04 9.481669403612613678e-04 8.860845118761062622e-04 8.691529510542750359e-04 7.337005808949470520e-04 3.555625735316425562e-04 7.337005808949470520e-05 6.484784185886383057e-03 2.823806600645184517e-03 9.479787200689315796e-03 1.813745498657226562e-02 3.071383386850357056e-02 4.723150283098220825e-02 6.617978960275650024e-02 8.322986215353012085e-02 9.394753724336624146e-02 9.553157538175582886e-02 9.047468751668930054e-02 7.925470918416976929e-02 6.667269021272659302e-02 5.130636319518089294e-02 3.839135169982910156e-02 3.055956959724426270e-02 2.644332125782966614e-02 2.765863016247749329e-02 3.005914762616157532e-02 2.824559062719345093e-02 2.363832667469978333e-02 1.848737336695194244e-02 1.309185195714235306e-02 9.270965121686458588e-03 6.021988578140735626e-03 3.405123017728328705e-03 2.063767984509468079e-03 1.723255729302763939e-03 2.675185212865471840e-03 3.241451457142829895e-03 3.574438596842810512e-05 3.762567075682454742e-06 0.000000000000000000e+00
1.345500815659761429e-02 3.941223919391632080e-01 7.007172703742980957e-02 1.126149483025074005e-02 3.019499708898365498e-04 7.402880146401003003e-05 1.094021627068286762e-06 2.188043254136573523e-06 2.162516175303608179e-04 1.130489090428454801e-05 1.010146661428734660e-04 9.266363922506570816e-04 7.231483468785881996e-04 3.592037828639149666e-04 1.768668444128707051e-04 1.385760842822492123e-04 1.134135818574577570e-04 3.263831313233822584e-04 2.888217335566878319e-03 4.729091189801692963e-03 1.584581099450588226e-02 3.039848618209362030e-02 6.024777144193649292e-02 4.451618194580078125e-01 1.119477391242980957e+00 4.902223944664001465e-01 8.156587928533554077e-02 6.568506360054016113e-02 6.715105473995208740e-02 7.239141315221786499e-02 7.874986529350280762e-02 6.849232316017150879e-02 6.690599024295806885e-02 6.057598069310188293e-02 5.594389513134956360e-02 4.872334748506546021e-02 4.390090331435203552e-02 3.434790670871734619e-02 2.719081565737724304e-02 2.222614362835884094e-02 1.574516110122203827e-02 1.028380356729030609e-02 6.334385834634304047e-03 4.568634554743766785e-03 2.343394560739398003e-03 1.671665115281939507e-03 9.933717083185911179e-04 7.176782237365841866e-04 5.295064765959978104e-04 3.457108396105468273e-04 3.194543241988867521e-04 9.430467034690082073e-04 1.677499858487863094e-05 5.076260422356426716e-04 2.542506437748670578e-03 5.998885724693536758e-03 1.192556601017713547e-02 1.169873867183923721e-02 1.313263643532991409e-02 1.713237911462783813e-02 2.280232869088649750e-02 3.691010177135467529e-02 3.562499210238456726e-02 2.343321591615676880e-02 2.327786386013031006e-02 1.956913061439990997e-02 1.699890941381454468e-02 1.157037355005741119e-02 1.026265230029821396e-02 1.248862221837043762e-02 1.479627843946218491e-02 3.453899547457695007e-02 1.259510666131973267e-01 1.139700710773468018e-01 1.002276986837387085e-01 1.203693673014640808e-01 9.335140883922576904e-02 6.576310098171234131e-02 3.873055428266525269e-02 1.571744447574019432e-03 1.364609692245721817e-03 2.350687980651855469e-03 3.217882476747035980e-03 7.903212681412696838e-03
4.114728886634111404e-03 7.649268209934234619e-02 1.693737506866455078e-01 7.978378981351852417e-02 7.881127297878265381e-02 4.086068272590637207e-02 1.605065166950225830e-02 2.198390662670135498e-02 6.281062960624694824e-03 4.666668362915515900e-03 7.008399115875363350e-04 4.105026164324954152e-06 3.731841934495605528e-05 1.582300901645794511e-04 5.187260103411972523e-05 1.145675414591096342e-04 8.210052328649908304e-06 3.881115480908192694e-05 2.929495822172611952e-04 1.739038270898163319e-04 2.339864848181605339e-03 1.092235464602708817e-02 1.788910627365112305e-01 4.829391539096832275e-01 4.947369694709777832e-01 2.225468754768371582e-01 2.101668715476989746e-01 1.788753867149353027e-01 1.768691539764404297e-01 1.667416840791702271e-01 1.150452196598052979e-01 7.960914075374603271e-02 6.226950883865356445e-02 3.951348736882209778e-02 3.081008419394493103e-02 2.610796689987182617e-02 2.557729557156562805e-02 2.539145015180110931e-02 2.690060809254646301e-02 3.065782785415649414e-02 3.624215349555015564e-02 4.484031721949577332e-02 5.168526247143745422e-02 5.491181463003158569e-02 5.064855515956878662e-02 4.592404514551162720e-02 3.572044521570205688e-02 2.650876715779304504e-02 1.882639527320861816e-02 1.228149142116308212e-02 8.508599363267421722e-03 2.699017152190208435e-02 4.048301838338375092e-03 5.102173890918493271e-03 5.616421811282634735e-03 5.781369283795356750e-03 6.791205611079931259e-03 8.288420736789703369e-03 9.858033619821071625e-03 1.116641703993082047e-02 1.167991850525140762e-02 1.177619956433773041e-02 1.327789295464754105e-02 1.771953143179416656e-02 2.702151983976364136e-02 4.445892572402954102e-02 6.734481453895568848e-02 7.722225785255432129e-02 8.275955915451049805e-02 9.897963702678680420e-02 1.227559521794319153e-01 1.137510165572166443e-01 7.723867893218994141e-02 4.196008294820785522e-02 2.894864231348037720e-02 3.678178042173385620e-02 3.321189805865287781e-02 2.290081977844238281e-02 1.025136932730674744e-02 2.767533762380480766e-03 4.754366527777165174e-04 5.299215263221412897e-05 8.210052328649908304e-06 2.985473429362173192e-06
1.362655907869338989e-01 3.406461775302886963e-01 1.336452737450599670e-02 2.718360046856105328e-04 1.782531217031646520e-05 0.000000000000000000e+00 4.456328042579116300e-06 0.000000000000000000e+00 7.130124868126586080e-05 0.000000000000000000e+00 5.347593469195999205e-05 9.358288662042468786e-05 8.823529351502656937e-04 8.778966148383915424e-04 3.119429457001388073e-04 1.559714728500694036e-04 1.782531217031646520e-05 1.515151525381952524e-04 1.791443792171776295e-03 5.022281780838966370e-03 1.355614978820085526e-02 9.286096692085266113e-02 8.307218551635742188e-01 7.789572477340698242e-01 3.645721971988677979e-01 2.422459870576858521e-01 1.919518709182739258e-01 1.770053505897521973e-01 1.546791493892669678e-01 7.540106773376464844e-02 3.446523845195770264e-02 2.034759335219860077e-02 1.168449223041534424e-02 5.989304743707180023e-03 2.754010725766420364e-03 1.149732619524002075e-03 1.069518737494945526e-03 3.743315464816987514e-04 8.021390385692939162e-05 0.000000000000000000e+00 0.000000000000000000e+00 2.673796916496939957e-05 0.000000000000000000e+00 0.000000000000000000e+00 0.000000000000000000e+00 0.000000000000000000e+00 5.347593832993879914e-05 0.000000000000000000e+00 0.000000000000000000e+00 0.000000000000000000e+00 0.000000000000000000e+00 5.347593832993879914e-05 4.456327951629646122e-05 7.130124868126586080e-05 9.803921420825645328e-05 1.069518693839199841e-04 1.604278077138587832e-04 1.782531151548027992e-03 6.105169188231229782e-03 1.467023137956857681e-02 2.743315510451793671e-02 3.284313902258872986e-02 3.688057139515876770e-02 4.505347460508346558e-02 5.880570411682128906e-02 5.344028398394584656e-02 5.108734220266342163e-02 4.785205051302909851e-02 3.752228245139122009e-02 4.037433117628097534e-02 4.885917901992797852e-02 5.043672025203704834e-02 6.469696760177612305e-02 9.469696879386901855e-02 1.093850284814834595e-01 8.584669977426528931e-02 6.657753884792327881e-02 1.918894797563552856e-02 4.821747075766324997e-03 9.982174960896372795e-04 1.426024973625317216e-04 1.782531217031646520e-05 0.000000000000000000e+00 0.000000000000000000e+00
1.367380563169717789e-02 4.617881774902343750e-01 2.103078737854957581e-02 7.230277406051754951e-04 4.221037961542606354e-04 2.011070464504882693e-04 1.742191088851541281e-04 2.924523723777383566e-04 2.593028475530445576e-04 1.285464386455714703e-04 1.031318151945015416e-05 1.104983766708755866e-06 2.173134816985111684e-05 4.125272607780061662e-05 9.944854355126153678e-06 6.003745147609151900e-05 2.578295379862538539e-06 4.825095675187185407e-05 4.744063771795481443e-04 6.368389585986733437e-04 2.466323785483837128e-03 1.036253757774829865e-02 1.612834259867668152e-02 1.273383386433124542e-02 1.187636610120534897e-02 1.343439333140850067e-02 1.308079808950424194e-02 1.560679078102111816e-02 2.478920482099056244e-02 3.411968797445297241e-02 4.978835955262184143e-02 6.054206192493438721e-02 1.371594369411468506e-01 2.257570177316665649e-01 2.620314359664916992e-01 2.646347582340240479e-01 3.151701092720031738e-01 3.535329103469848633e-01 2.933290004730224609e-01 2.340687215328216553e-01 1.839908361434936523e-01 1.350886821746826172e-01 9.648939967155456543e-02 7.751682400703430176e-02 3.709209710359573364e-02 3.251304104924201965e-02 2.165105193853378296e-02 1.585209742188453674e-02 1.005314197391271591e-02 4.731540568172931671e-03 4.881818313151597977e-03 2.952737733721733093e-02 7.339301984757184982e-03 2.029707841575145721e-02 3.033843450248241425e-02 3.574180603027343750e-02 4.841081053018569946e-02 6.021719425916671753e-02 9.279211610555648804e-02 9.470668435096740723e-02 4.527855291962623596e-02 3.292556852102279663e-02 2.039284445345401764e-02 1.315741054713726044e-02 1.155002694576978683e-02 1.157507300376892090e-02 1.240381132811307907e-02 1.725984737277030945e-02 2.684963308274745941e-02 5.009922757744789124e-02 4.874598979949951172e-02 4.300302267074584961e-02 3.758786618709564209e-02 4.091460257768630981e-02 4.777360334992408752e-02 5.246020853519439697e-02 5.048523470759391785e-02 2.496453002095222473e-02 8.820717222988605499e-03 6.324190646409988403e-03 4.260080866515636444e-03 2.720470074564218521e-03 5.804848042316734791e-04 2.357298762944992632e-05
3.138537704944610596e-02 2.833594977855682373e-01 1.061223745346069336e-01 1.320813689380884171e-02 7.542500738054513931e-03 3.224267391487956047e-03 3.473930060863494873e-03 4.852762911468744278e-03 6.783646997064352036e-03 9.985324926674365997e-03 1.547089777886867523e-02 1.019757334142923355e-02 1.157635240815579891e-03 6.193857989273965359e-04 2.454577188473194838e-04 3.162431239616125822e-04 1.779069680196698755e-05 1.291712396778166294e-04 8.984841406345367432e-04 1.009541214443743229e-03 1.871581375598907471e-02 1.043401807546615601e-01 9.821531921625137329e-02 1.058057993650436401e-01 1.103391945362091064e-01 1.449281871318817139e-01 1.514447629451751709e-01 1.534114480018615723e-01 1.460402756929397583e-01 1.190876886248588562e-01 1.272765845060348511e-01 1.539733111858367920e-01 1.364588588476181030e-01 1.251232624053955078e-01 1.378866285085678101e-01 1.451326310634613037e-01 1.619943231344223022e-01 1.421978175640106201e-01 1.063793152570724487e-01 9.722227603197097778e-02 9.361691027879714966e-02 8.957551419734954834e-02 7.685451954603195190e-02 6.489981710910797119e-02 4.984468221664428711e-02 4.081347584724426270e-02 3.114601224660873413e-02 2.153353765606880188e-02 1.429045945405960083e-02 9.102044627070426941e-03 5.579162854701280594e-03 1.677015796303749084e-02 4.898048471659421921e-03 5.405892152339220047e-03 6.089809816330671310e-03 1.025046035647392273e-02 1.575155928730964661e-02 1.971640624105930328e-02 2.481090649962425232e-02 2.885769680142402649e-02 3.156080469489097595e-02 3.546969220042228699e-02 4.285056516528129578e-02 5.129327625036239624e-02 6.176822260022163391e-02 7.388702780008316040e-02 8.427097648382186890e-02 8.690334856510162354e-02 7.549897581338882446e-02 7.039994746446609497e-02 6.416846066713333130e-02 5.470262095332145691e-02 4.528972506523132324e-02 3.307139500975608826e-02 2.460701391100883484e-02 1.801971159875392914e-02 1.129924878478050232e-02 6.513228174299001694e-03 4.186528269201517105e-03 3.068949095904827118e-03 1.781334052793681622e-03 1.272520050406455994e-03 9.572473354637622833e-04 1.378401648253202438e-03
9.656375274062156677e-03 3.973757326602935791e-01 8.425056934356689453e-02 6.656493060290813446e-03 1.250346424058079720e-03 2.253945131087675691e-04 0.000000000000000000e+00 9.490295269642956555e-07 4.840050678467378020e-05 0.000000000000000000e+00 0.000000000000000000e+00 0.000000000000000000e+00 0.000000000000000000e+00 0.000000000000000000e+00 0.000000000000000000e+00 0.000000000000000000e+00 0.000000000000000000e+00 5.219662398303626105e-06 1.546918065287172794e-04 3.758156963158398867e-04 2.710428321734070778e-03 2.475258708000183105e-02 9.488491714000701904e-02 5.481983423233032227e-01 5.099534392356872559e-01 4.512977004051208496e-01 6.398888230323791504e-01 2.085634768009185791e-01 1.697718948125839233e-01 1.268093287944793701e-01 9.011889249086380005e-02 5.226969718933105469e-02 3.470885753631591797e-02 1.875946670770645142e-02 1.085879653692245483e-02 5.378150381147861481e-03 4.561035893857479095e-03 2.346000866964459419e-03 1.355214160867035389e-03 7.658668328076601028e-04 4.099807702004909515e-04 2.021432737819850445e-04 4.982404643669724464e-04 1.309660729020833969e-04 1.708253112155944109e-04 3.985923831351101398e-05 1.395073340972885489e-04 1.452015130780637264e-04 5.694177161785773933e-06 1.992961915675550699e-05 5.694177161785773933e-06 2.790146681945770979e-04 1.992962061194702983e-04 2.608882263302803040e-03 7.422360125929117203e-03 4.388692229986190796e-02 7.981243729591369629e-02 4.237227141857147217e-02 2.749718166887760162e-02 5.891575478017330170e-03 5.317412316799163818e-03 1.479821745306253433e-02 1.192075945436954498e-02 1.172241289168596268e-02 2.049713954329490662e-02 1.358440890908241272e-02 1.090529840439558029e-02 9.961013682186603546e-03 8.147418498992919922e-03 1.116058696061372757e-02 1.697624102234840393e-02 1.842445880174636841e-02 3.490815311670303345e-02 5.538536235690116882e-02 8.411723375320434570e-02 1.455564498901367188e-01 1.731741577386856079e-01 9.719485789537429810e-02 3.804089874029159546e-02 6.347109563648700714e-03 1.202420447953045368e-03 7.459372282028198242e-04 2.211238752352073789e-04 0.000000000000000000e+00
3.419395070523023605e-04 7.695350330322980881e-03 1.099075004458427429e-02 4.558939952403306961e-03 5.790150258690118790e-03 5.826854705810546875e-02 3.291203975677490234e-01 4.026176035404205322e-02 2.378780767321586609e-02 1.850086636841297150e-02 6.834986852481961250e-04 0.000000000000000000e+00 0.000000000000000000e+00 0.000000000000000000e+00 0.000000000000000000e+00 0.000000000000000000e+00 0.000000000000000000e+00 0.000000000000000000e+00 0.000000000000000000e+00 0.000000000000000000e+00 8.717746241018176079e-04 2.715737558901309967e-03 9.598649106919765472e-03 1.414009183645248413e-02 4.228791594505310059e-02 4.916854500770568848e-01 1.003330349922180176e+00 7.495824098587036133e-01 5.063892006874084473e-01 1.386418342590332031e-01 3.649586439132690430e-02 3.694772254675626755e-03 1.460564672015607357e-04 5.020691241952590644e-05 2.053919160971418023e-05 3.194985401933081448e-05 4.107838321942836046e-05 2.510345620976295322e-05 2.053919160971418023e-05 1.369279561913572252e-05 1.597492700966540724e-05 2.510345620976295322e-05 4.564264600048772991e-06 4.564264600048772991e-06 2.053919160971418023e-05 2.282132300024386495e-06 6.846397809567861259e-06 1.369279561913572252e-05 0.000000000000000000e+00 1.597492700966540724e-05 0.000000000000000000e+00 1.072602244676090777e-04 1.141066240961663425e-05 2.890701034630183131e-05 3.118914173683151603e-05 1.977848114620428532e-05 3.727482908288948238e-05 2.738558941928204149e-05 4.868549149250611663e-05 1.964155351743102074e-03 7.038781046867370605e-02 3.060993850231170654e-01 2.123029828071594238e-01 1.718537062406539917e-01 7.182402908802032471e-02 4.627860337495803833e-02 2.908577769994735718e-02 2.074306271970272064e-02 1.443220581859350204e-02 6.653176620602607727e-03 4.533075727522373199e-03 3.274860093370079994e-03 3.206396009773015976e-03 3.326588310301303864e-03 2.889940282329916954e-03 3.046646714210510254e-03 3.496226854622364044e-03 3.459712723270058632e-03 2.968293614685535431e-03 2.661727136000990868e-03 2.764423144981265068e-03 2.557509811595082283e-03 2.781919436529278755e-03 7.203170564025640488e-03
2.734494954347610474e-02 3.502285107970237732e-02 2.951010465621948242e-01 8.762006647884845734e-03 1.239146920852363110e-03 2.120122779160737991e-03 6.220376963028684258e-05 2.126516337739303708e-04 1.781678386032581329e-02 1.630418002605438232e-03 1.597244851291179657e-02 3.404863551259040833e-02 4.874777421355247498e-02 6.411117035895586014e-03 1.213772688060998917e-03 6.421506404876708984e-04 1.712934608804062009e-04 2.167141938116401434e-04 2.825076691806316376e-03 4.388229281175881624e-04 5.201648473739624023e-01 3.395534455776214600e-01 1.339089870452880859e-01 2.523088641464710236e-02 5.369770340621471405e-03 1.652329112403094769e-03 1.675905310548841953e-03 3.116448409855365753e-03 7.181138265877962112e-03 1.065522525459527969e-02 1.492530666291713715e-02 2.011765725910663605e-02 2.961605228483676910e-02 3.355926647782325745e-02 3.502977639436721802e-02 3.209993988275527954e-02 2.978148683905601501e-02 2.214440703392028809e-02 1.444579288363456726e-02 1.043624710291624069e-02 5.955178290605545044e-03 5.496841855347156525e-03 3.295867238193750381e-03 4.077876452356576920e-03 1.715864986181259155e-03 1.970807090401649475e-03 2.122254110872745514e-03 2.169406274333596230e-03 2.679690252989530563e-03 5.148793570697307587e-03 5.557340383529663086e-02 1.619129061698913574e+00 8.096479810774326324e-03 3.616476431488990784e-03 2.883617533370852470e-03 3.702256362885236740e-03 4.202550277113914490e-03 5.553850438445806503e-03 7.911333814263343811e-03 1.019782107323408127e-02 1.584331318736076355e-02 2.251057140529155731e-02 2.813102118670940399e-02 2.857137471437454224e-02 2.677039615809917450e-02 3.001444973051548004e-02 3.118753060698509216e-02 3.587052598595619202e-02 5.370768904685974121e-02 6.480127573013305664e-02 5.946440249681472778e-02 7.058449089527130127e-02 9.964177757501602173e-02 1.331127285957336426e-01 1.552294343709945679e-01 6.708416342735290527e-02 5.319687537848949432e-03 4.440576303750276566e-03 3.666292643174529076e-03 2.923976629972457886e-03 2.420618897303938866e-03 2.121454803273081779e-03 2.067509340122342110e-03 8.350356481969356537e-03
3.467665985226631165e-03 2.739896476268768311e-01 1.048400327563285828e-01 4.708050284534692764e-03 1.329503138549625874e-03 6.018793210387229919e-02 1.824685954488813877e-03 9.931395761668682098e-04 7.302904850803315639e-04 4.317244165576994419e-04 8.707309607416391373e-04 1.532361609861254692e-03 1.134481653571128845e-02 2.692573331296443939e-02 2.242886461317539215e-03 1.412033685483038425e-03 1.134273596107959747e-03 6.505341734737157822e-04 8.357075275853276253e-04 5.482379929162561893e-04 5.154061317443847656e-02 3.811034187674522400e-02 3.105711191892623901e-02 2.476745843887329102e-02 3.510179370641708374e-02 7.863834500312805176e-02 3.060832619667053223e-01 5.701363086700439453e-01 6.754250526428222656e-01 5.743557810783386230e-01 3.175515234470367432e-01 1.834755986928939819e-01 2.679812349379062653e-02 1.387551799416542053e-02 1.247527543455362320e-02 1.392129249870777130e-02 1.998624019324779510e-02 2.360232174396514893e-02 2.914920216426253319e-03 4.369259477243758738e-05 1.248359785677166656e-05 1.040299866872373968e-05 4.161199285590555519e-06 1.248359785677166656e-05 8.322398571181111038e-06 8.322398571181111038e-06 6.241798928385833278e-06 4.161199285590555519e-06 0.000000000000000000e+00 1.456419795431429520e-05 0.000000000000000000e+00 5.825679181725718081e-05 7.628865205333568156e-06 1.803186387405730784e-05 2.843486254278104752e-05 1.941893060575239360e-05 2.427366234769579023e-05 4.382436629384756088e-03 1.060530170798301697e-01 1.947240084409713745e-01 2.150043100118637085e-01 1.314127594232559204e-01 7.572619616985321045e-02 2.372785285115242004e-02 1.111733727157115936e-03 1.788691617548465729e-02 4.415309801697731018e-02 4.190396890044212341e-02 2.097660489380359650e-02 7.772426586598157883e-03 2.937806770205497742e-03 2.708247164264321327e-03 2.517525572329759598e-03 2.515444997698068619e-03 3.365716664120554924e-03 4.691752139478921890e-03 6.175220012664794922e-03 8.629634045064449310e-03 1.399688702076673508e-02 1.174983941018581390e-02 9.168509393930435181e-03 9.520130231976509094e-03 9.760786779224872589e-03 2.732937037944793701e-02
1.361521333456039429e-01 1.065672114491462708e-01 1.365595310926437378e-01 2.998332493007183075e-02 5.458866246044635773e-03 3.183256834745407104e-03 2.695982948353048414e-05 4.453364526852965355e-04 8.998592384159564972e-03 7.079451461322605610e-04 1.068408091668970883e-04 1.897173206089064479e-05 4.096895456314086914e-03 3.780367225408554077e-02 4.553215578198432922e-03 2.684000879526138306e-03 3.994048893218860030e-05 3.325045690871775150e-04 1.925331167876720428e-02 3.027488943189382553e-03 1.413450002670288086e+00 4.292184710502624512e-01 1.384357362985610962e-01 1.357637047767639160e-01 1.272803544998168945e-01 9.325704723596572876e-02 4.783272743225097656e-02 3.531737625598907471e-02 3.557499498128890991e-02 3.144115209579467773e-02 4.302189871668815613e-02 4.658059403300285339e-02 5.420723184943199158e-02 5.646586418151855469e-02 5.506994575262069702e-02 4.540035128593444824e-02 3.879220038652420044e-02 3.923553973436355591e-02 4.702393710613250732e-02 2.631878480315208435e-02 1.334811095148324966e-02 1.424078084528446198e-02 1.127520017325878143e-02 9.993109852075576782e-03 6.907707080245018005e-03 2.258634660392999649e-03 6.530269747599959373e-04 3.115358122158795595e-04 1.737411221256479621e-04 2.036964870058000088e-04 1.198214667965658009e-04 8.267681114375591278e-04 4.002036992460489273e-03 3.909375146031379700e-02 5.054468661546707153e-02 4.381471499800682068e-02 2.369469404220581055e-02 1.563270762562751770e-02 1.305055432021617889e-02 1.161469426006078720e-02 1.322828978300094604e-02 1.082986313849687576e-02 9.030544199049472809e-03 6.975606549531221390e-03 6.184784695506095886e-03 6.092921365052461624e-03 7.125383242964744568e-03 8.473374880850315094e-03 1.158074475824832916e-02 2.080699801445007324e-02 2.977164089679718018e-02 2.262828312814235687e-02 3.157495334744453430e-02 3.474023565649986267e-02 4.951621964573860168e-02 6.207750365138053894e-02 6.167011335492134094e-02 9.730501472949981689e-02 9.551368653774261475e-02 1.658848375082015991e-01 4.679827019572257996e-02 7.428930839523673058e-04 0.000000000000000000e+00 0.000000000000000000e+00
1.003605872392654419e-01 1.766679733991622925e-01 7.915161550045013428e-02 1.636455580592155457e-02 7.623680867254734039e-03 3.288697218522429466e-03 2.842156100086867809e-04 4.533345636446028948e-04 4.738694988191127777e-03 7.590297027491033077e-04 2.340686507523059845e-03 8.737122640013694763e-03 4.065421596169471741e-02 1.588288322091102600e-02 8.825434371829032898e-03 4.495691508054733276e-03 1.608635648153722286e-03 3.008686937391757965e-03 1.595515012741088867e-02 8.799103088676929474e-03 1.551537662744522095e-01 1.267472207546234131e-01 1.825910210609436035e-01 1.923674494028091431e-01 2.043895125389099121e-01 1.960346102714538574e-01 1.834539473056793213e-01 1.613200753927230835e-01 1.764258742332458496e-01 1.630156636238098145e-01 1.642993986606597900e-01 1.527439206838607788e-01 1.546157449483871460e-01 1.357573568820953369e-01 1.188135147094726562e-01 9.688769280910491943e-02 9.224151074886322021e-02 6.944423168897628784e-02 5.605730786919593811e-02 4.859911650419235229e-02 3.438924625515937805e-02 3.414041921496391296e-02 2.064441703259944916e-02 1.758164167404174805e-02 1.025699358433485031e-02 7.635585032403469086e-03 5.696604494005441666e-03 4.000627435743808746e-03 2.958740573376417160e-03 2.083385130390524864e-03 1.425412716343998909e-03 2.822798490524291992e-02 3.960670158267021179e-02 3.087669610977172852e-02 4.434539750218391418e-02 5.742707848548889160e-02 7.957480102777481079e-02 8.159452676773071289e-02 8.222700655460357666e-02 7.858661562204360962e-02 6.855515390634536743e-02 5.941005423665046692e-02 5.588844418525695801e-02 5.264439061284065247e-02 4.603710398077964783e-02 4.093687981367111206e-02 3.649786487221717834e-02 3.000147081911563873e-02 2.346082404255867004e-02 1.819277368485927582e-02 1.429475750774145126e-02 1.178126409649848938e-02 9.176935069262981415e-03 7.065471727401018143e-03 5.456059705466032028e-03 4.312468692660331726e-03 3.648673649877309799e-03 3.665883094072341919e-03 3.652814077213406563e-03 2.150023356080055237e-03 1.297570648603141308e-03 1.125993207097053528e-03 1.133498153649270535e-03 5.374799482524394989e-03
3.712695837020874023e-02 2.284708321094512939e-01 1.248627677559852600e-01 1.418617460876703262e-02 8.073889766819775105e-04 5.393008468672633171e-04 3.024584148079156876e-04 3.966954536736011505e-04 8.423841791227459908e-04 1.194210839457809925e-03 3.987576812505722046e-03 8.218619972467422485e-03 1.009786128997802734e-02 7.924097590148448944e-03 7.021347060799598694e-03 3.069140482693910599e-03 3.528639907017350197e-03 6.813438143581151962e-03 1.221750769764184952e-02 2.839259617030620575e-02 2.127307467162609100e-02 6.166177242994308472e-02 1.219354793429374695e-01 2.409032583236694336e-01 1.643953919410705566e-01 1.408700048923492432e-01 1.226268857717514038e-01 9.493245184421539307e-02 1.248953342437744141e-01 1.535166501998901367e-01 1.491312384605407715e-01 1.634332835674285889e-01 1.519411057233810425e-01 1.378310471773147583e-01 1.367170810699462891e-01 1.367703229188919067e-01 1.350598037242889404e-01 1.309462487697601318e-01 1.170877814292907715e-01 1.004025712609291077e-01 8.590331673622131348e-02 7.436764985322952271e-02 6.130782142281532288e-02 4.752021655440330505e-02 3.156390786170959473e-02 2.363862469792366028e-02 1.737698540091514587e-02 1.379922777414321899e-02 9.483571164309978485e-03 7.540213409811258316e-03 4.525252617895603180e-03 1.664246246218681335e-02 1.306695281527936459e-03 5.552486516535282135e-03 1.426228880882263184e-02 1.859369315207004547e-02 2.037944830954074860e-02 1.860181801021099091e-02 1.792803406715393066e-02 1.724350452423095703e-02 1.755158603191375732e-02 1.888665370643138885e-02 2.028233557939529419e-02 2.139068394899368286e-02 2.319968491792678833e-02 2.709027566015720367e-02 2.911587245762348175e-02 3.437989950180053711e-02 3.756396099925041199e-02 3.902900964021682739e-02 3.561122715473175049e-02 3.860094398260116577e-02 4.659321904182434082e-02 5.002024769783020020e-02 4.558323323726654053e-02 4.547412320971488953e-02 5.635187774896621704e-02 6.902050971984863281e-02 5.813425779342651367e-02 5.521053448319435120e-02 4.280199110507965088e-02 2.232405543327331543e-02 2.097561582922935486e-02 3.094024583697319031e-02
2.079102583229541779e-02 2.991613447666168213e-01 1.659532040357589722e-01 5.206739995628595352e-03 3.183381049893796444e-04 4.146227365708909929e-05 1.013522251014364883e-05 0.000000000000000000e+00 1.842767778725828975e-05 0.000000000000000000e+00 0.000000000000000000e+00 1.842767687776358798e-06 2.635157899931073189e-03 2.944742795079946518e-03 4.155441129114478827e-04 2.423239493509754539e-04 7.831762923160567880e-05 2.040865219896659255e-04 7.850190158933401108e-04 1.192270661704242229e-03 1.722619310021400452e-02 3.784123342484235764e-03 3.290998935699462891e-02 6.394311785697937012e-02 2.551118135452270508e-01 5.521917939186096191e-01 4.805035293102264404e-01 3.103064298629760742e-01 3.219517767429351807e-01 2.560737729072570801e-01 2.227795720100402832e-01 1.198342591524124146e-01 1.203318089246749878e-01 7.906578481197357178e-02 3.160531073808670044e-02 1.261005923151969910e-02 5.454223975539207458e-02 8.195709437131881714e-03 4.488982260227203369e-03 2.055146731436252594e-02 2.028887160122394562e-03 1.091563422232866287e-02 1.882387208752334118e-03 6.661605089902877808e-03 6.274624029174447060e-04 5.086038727313280106e-04 8.098963880911469460e-04 5.279529141262173653e-04 1.934906031237915158e-04 1.520283258287236094e-04 4.422642450663261116e-05 7.640114519745111465e-03 4.649395123124122620e-02 8.664509654045104980e-02 6.104997172951698303e-02 5.248478800058364868e-02 4.490364342927932739e-02 4.121810570359230042e-02 3.538298234343528748e-02 3.645363077521324158e-02 3.974942117929458618e-02 3.228713199496269226e-02 3.184486925601959229e-02 3.041672334074974060e-02 2.524499595165252686e-02 2.355794236063957214e-02 2.522288262844085693e-02 3.038908168673515320e-02 2.994589693844318390e-02 2.888077683746814728e-02 3.375950455665588379e-02 4.130287468433380127e-02 4.764107242226600647e-02 4.817916080355644226e-02 4.238273575901985168e-02 3.300581127405166626e-02 2.136597037315368652e-02 1.211527641862630844e-02 7.393184117972850800e-03 5.312699358910322189e-03 3.948129713535308838e-03 1.360883936285972595e-03 6.081133324187248945e-05 0.000000000000000000e+00
8.188661187887191772e-02 1.525877714157104492e-01 1.430075466632843018e-01 2.454026602208614349e-02 1.473651360720396042e-02 1.016608439385890961e-02 5.688910838216543198e-03 4.305613227188587189e-03 6.955417338758707047e-03 2.171444939449429512e-03 3.421285189688205719e-03 1.196419354528188705e-02 1.105429325252771378e-02 8.042220957577228546e-03 5.260995589196681976e-03 1.925967866554856300e-03 2.534285304136574268e-04 8.857912616804242134e-04 4.542057868093252182e-03 6.603581830859184265e-03 6.702078133821487427e-02 1.085513830184936523e-01 1.612797826528549194e-01 1.736252605915069580e-01 1.178515255451202393e-01 8.602257817983627319e-02 8.557526022195816040e-02 8.993774652481079102e-02 1.163126304745674133e-01 1.300355643033981323e-01 1.778522431850433350e-01 2.075434774160385132e-01 2.527419328689575195e-01 2.603733837604522705e-01 2.224888801574707031e-01 1.675792336463928223e-01 1.383261829614639282e-01 1.031957864761352539e-01 8.190932869911193848e-02 6.772457808256149292e-02 4.792699962854385376e-02 3.349455073475837708e-02 2.100441604852676392e-02 1.649270206689834595e-02 1.226876489818096161e-02 1.153901312500238419e-02 1.034744083881378174e-02 8.577640168368816376e-03 4.836897365748882294e-03 2.968243556097149849e-03 1.771709765307605267e-03 1.282409578561782837e-02 9.658273309469223022e-03 1.511462032794952393e-02 2.372559346258640289e-02 2.641076408326625824e-02 3.077884577214717865e-02 4.384567961096763611e-02 3.825982287526130676e-02 3.116127848625183105e-02 2.515341900289058685e-02 2.056435123085975647e-02 2.023980580270290375e-02 2.170579880475997925e-02 2.438320964574813843e-02 2.844671718776226044e-02 3.601967543363571167e-02 4.503038525581359863e-02 5.211836844682693481e-02 5.214521288871765137e-02 4.605389386415481567e-02 4.313526675105094910e-02 4.353449493646621704e-02 4.037783294916152954e-02 4.222129657864570618e-02 5.006880313158035278e-02 5.471588298678398132e-02 4.830676317214965820e-02 3.640783205628395081e-02 2.720476500689983368e-02 1.326873991638422012e-02 4.652805626392364502e-03 1.720693311654031277e-03 3.569118678569793701e-03
4.957945272326469421e-02 1.699977070093154907e-01 1.195566728711128235e-01 2.530707977712154388e-02 1.369717158377170563e-02 8.615834638476371765e-03 8.702807128429412842e-03 9.146003983914852142e-03 1.204669568687677383e-02 9.644039906561374664e-03 2.195751480758190155e-02 1.653313636779785156e-02 6.839201785624027252e-03 3.000298747792840004e-03 2.582095330581068993e-03 2.212871331721544266e-03 1.817281008698046207e-03 2.743865363299846649e-03 8.139770478010177612e-03 7.880499586462974548e-03 6.455036997795104980e-02 1.551871895790100098e-01 2.084438800811767578e-01 2.369780242443084717e-01 3.100750148296356201e-01 3.418329954147338867e-01 3.323712348937988281e-01 2.418470531702041626e-01 2.096226811408996582e-01 1.846601068973541260e-01 1.431887447834014893e-01 1.017355024814605713e-01 9.057474136352539062e-02 7.076958566904067993e-02 5.507926642894744873e-02 3.660013154149055481e-02 3.235785290598869324e-02 1.881476305425167084e-02 1.621490716934204102e-02 2.019296772778034210e-02 1.667137816548347473e-02 2.369423210620880127e-02 1.867523975670337677e-02 1.785403117537498474e-02 8.248349651694297791e-03 6.646029651165008545e-03 5.066231358796358109e-03 3.349656239151954651e-03 2.469670958817005157e-03 2.014847239479422569e-03 7.926457328721880913e-04 2.342067658901214600e-02 2.072213031351566315e-02 8.284420706331729889e-03 7.196615915745496750e-03 9.096109308302402496e-03 1.485959067940711975e-02 2.986254915595054626e-02 4.045349732041358948e-02 4.019422829151153564e-02 4.773580655455589294e-02 5.085731670260429382e-02 4.748404026031494141e-02 4.592548310756683350e-02 4.520662501454353333e-02 4.822102561593055725e-02 4.987003281712532043e-02 4.764993116259574890e-02 4.446231946349143982e-02 4.083489999175071716e-02 4.062579572200775146e-02 3.634030744433403015e-02 3.442891314625740051e-02 3.517267107963562012e-02 3.482093289494514465e-02 3.416744619607925415e-02 3.517084196209907532e-02 3.129641711711883545e-02 2.559885196387767792e-02 1.902386546134948730e-02 1.428300421684980392e-02 9.001811966300010681e-03 6.315532140433788300e-03 4.836988635361194611e-03
4.539966583251953125e-02 1.393167227506637573e-01 1.580084562301635742e-01 1.189113873988389969e-02 1.066681928932666779e-03 4.308764473535120487e-04 1.751530248839117121e-06 2.510526610421948135e-05 1.214394345879554749e-03 1.167686878034146503e-05 4.670747512136586010e-05 3.596475580707192421e-04 2.264495007693767548e-02 2.855344675481319427e-02 6.893614679574966431e-02 3.363522002473473549e-03 4.095661453902721405e-03 1.899242633953690529e-03 5.517904181033372879e-03 7.216304540634155273e-03 4.230646044015884399e-02 6.852687150239944458e-02 7.516866922378540039e-02 2.664848268032073975e-01 3.956881761550903320e-01 2.081203311681747437e-01 1.288215517997741699e-01 1.065946295857429504e-01 1.182563155889511108e-01 1.401224136352539062e-01 1.514373123645782471e-01 1.497558355331420898e-01 1.469849199056625366e-01 1.254130601882934570e-01 1.164732575416564941e-01 1.012594699859619141e-01 8.698450028896331787e-02 7.365535199642181396e-02 6.437224149703979492e-02 5.755177885293960571e-02 5.031095445156097412e-02 4.937914013862609863e-02 4.567290470004081726e-02 4.667127504944801331e-02 4.283542186021804810e-02 4.013806581497192383e-02 3.319149836897850037e-02 2.440932579338550568e-02 1.758536323904991150e-02 1.185435615479946136e-02 6.186404731124639511e-03 7.787303533405065536e-03 1.179363680421374738e-04 1.449099392630159855e-03 2.303145453333854675e-02 9.321644157171249390e-02 2.231799811124801636e-01 1.522383391857147217e-01 5.994437262415885925e-02 2.528158761560916901e-02 1.946650631725788116e-02 1.730628684163093567e-02 1.656013540923595428e-02 1.618880964815616608e-02 1.574508845806121826e-02 1.506432797759771347e-02 1.444778963923454285e-02 1.381140016019344330e-02 1.352064590901136398e-02 1.344591379165649414e-02 1.392583362758159637e-02 1.430533174425363541e-02 1.392933633178472519e-02 1.290410757064819336e-02 1.206921134144067764e-02 1.216729637235403061e-02 1.284805871546268463e-02 1.445713080465793610e-02 1.421074848622083664e-02 1.463929004967212677e-02 1.733898185193538666e-02 2.289016544818878174e-02 3.434750810265541077e-02 5.595088377594947815e-02
1.596220210194587708e-02 5.803963914513587952e-02 1.803077906370162964e-01 3.156290203332901001e-02 6.831793580204248428e-03 3.278903430327773094e-03 2.273395424708724022e-03 2.583957975730299950e-03 4.617270547896623611e-03 8.570910431444644928e-03 5.072617530822753906e-02 9.330415725708007812e-02 2.459799684584140778e-02 4.195309709757566452e-03 3.710050135850906372e-03 1.437740516848862171e-03 1.243920647539198399e-03 1.456195604987442493e-03 2.808925928547978401e-03 2.490764018148183823e-03 2.441428229212760925e-02 4.171226173639297485e-02 7.910303026437759399e-02 1.038705557584762573e-01 1.069900393486022949e-01 1.242684721946716309e-01 1.422303318977355957e-01 1.726681590080261230e-01 2.158654928207397461e-01 2.466289848089218140e-01 2.576303780078887939e-01 2.393819242715835571e-01 2.033880352973937988e-01 1.668139696121215820e-01 1.390542387962341309e-01 1.191217750310897827e-01 1.052223667502403259e-01 9.215017408132553101e-02 8.079104870557785034e-02 7.092151790857315063e-02 5.752364918589591980e-02 4.827591031789779663e-02 3.879719972610473633e-02 3.182369098067283630e-02 2.448392659425735474e-02 1.921095885336399078e-02 1.401214487850666046e-02 9.908108972012996674e-03 6.708954926580190659e-03 4.439233802258968353e-03 2.761744428426027298e-03 9.827441535890102386e-03 6.699434947222471237e-03 1.983792986720800400e-03 1.647259690798819065e-03 4.181196913123130798e-03 1.493322756141424179e-02 4.434857890009880066e-02 6.482500582933425903e-02 7.062857598066329956e-02 6.334275007247924805e-02 5.886944755911827087e-02 5.718411132693290710e-02 5.309543758630752563e-02 5.211740359663963318e-02 5.311163887381553650e-02 4.899524524807929993e-02 3.789649158716201782e-02 2.943606115877628326e-02 2.841577120125293732e-02 2.932048588991165161e-02 3.044332191348075867e-02 3.249208256602287292e-02 3.273442015051841736e-02 3.045701794326305389e-02 2.671924233436584473e-02 2.268167771399021149e-02 1.825797744095325470e-02 1.532521005719900131e-02 1.398091390728950500e-02 1.247160788625478745e-02 1.028773188591003418e-02 9.002725593745708466e-03 2.411415800452232361e-02
5.936867743730545044e-02 1.667101830244064331e-01 1.575405597686767578e-01 1.576674543321132660e-02 4.379500634968280792e-03 3.399631008505821228e-03 2.856669016182422638e-03 1.843713922426104546e-03 2.903804183006286621e-03 1.840541372075676918e-03 4.101674538105726242e-03 1.178970746695995331e-02 1.577626354992389679e-02 1.557503174990415573e-02 4.145637154579162598e-03 3.941233269870281219e-03 5.891001317650079727e-03 3.725498681887984276e-03 8.704161271452903748e-03 9.739777073264122009e-03 4.703374207019805908e-02 1.091571152210235596e-01 2.101154029369354248e-01 2.642031311988830566e-01 3.040632307529449463e-01 3.142444491386413574e-01 3.254427015781402588e-01 3.004410862922668457e-01 2.904556393623352051e-01 2.102405130863189697e-01 1.406498104333877563e-01 9.553048014640808105e-02 7.869776338338851929e-02 6.086431816220283508e-02 4.773261398077011108e-02 3.680085763335227966e-02 3.373343870043754578e-02 2.642112784087657928e-02 1.945689320564270020e-02 1.779537647962570190e-02 1.389583945274353027e-02 1.170132867991924286e-02 9.572084993124008179e-03 7.219853810966014862e-03 4.854025784879922867e-03 4.002871457487344742e-03 2.974960254505276680e-03 2.417495241388678551e-03 1.740378909744322300e-03 1.299845520406961441e-03 7.450997363775968552e-04 6.496508605778217316e-03 3.565964056178927422e-03 1.238750945776700974e-02 1.946686394512653351e-02 3.728852421045303345e-02 5.182250216603279114e-02 5.177989974617958069e-02 5.682790651917457581e-02 6.185324862599372864e-02 5.735908448696136475e-02 5.225397273898124695e-02 4.922009259462356567e-02 4.760842770338058472e-02 4.600854963064193726e-02 4.306984692811965942e-02 3.955917805433273315e-02 3.851041570305824280e-02 3.446584939956665039e-02 3.135764226317405701e-02 3.542215004563331604e-02 4.125785827636718750e-02 3.916124626994132996e-02 3.126246482133865356e-02 2.882865257561206818e-02 2.397734671831130981e-02 1.859486103057861328e-02 1.429920736700296402e-02 1.021656859666109085e-02 6.862713024020195007e-03 5.564680323004722595e-03 3.781698411330580711e-03 2.501794835552573204e-03 3.863278776407241821e-03
8.412011899054050446e-03 7.908702641725540161e-02 1.505916267633438110e-01 7.293508201837539673e-02 4.764042422175407410e-02 2.164383418858051300e-02 1.940266229212284088e-02 2.163033559918403625e-02 2.644011937081813812e-02 1.854568719863891602e-02 2.170207165181636810e-02 4.712978843599557877e-03 1.059070345945656300e-03 7.736690458841621876e-04 7.227595779113471508e-04 6.710788002237677574e-04 2.090371999656781554e-04 5.056231748312711716e-04 1.335986773483455181e-03 1.978911226615309715e-03 2.491623163223266602e-01 9.191256761550903320e-01 7.325450181961059570e-01 4.836673140525817871e-01 2.277757227420806885e-01 1.369324773550033569e-01 8.130235224962234497e-02 4.743833094835281372e-02 3.540750592947006226e-02 2.487619780004024506e-02 1.833202317357063293e-02 1.168371364474296570e-02 8.892951533198356628e-03 7.759059313684701920e-03 5.484333727508783340e-03 3.554403781890869141e-03 2.277039922773838043e-03 1.362984301522374153e-03 6.710788002237677574e-04 4.905817331746220589e-04 2.684315259102731943e-04 1.990095770452171564e-04 1.110751181840896606e-04 1.319017028436064720e-04 5.090942431706935167e-05 6.710788147756829858e-05 6.247975397855043411e-05 3.702503818203695118e-05 2.776877954602241516e-05 4.859536056756041944e-05 6.942194886505603790e-06 2.476049412507563829e-04 6.865058821858838201e-05 3.563659847714006901e-04 1.730920514091849327e-03 4.028786905109882355e-03 5.249842070043087006e-03 4.175344482064247131e-03 3.838262287899851799e-03 4.345813766121864319e-03 5.935576278716325760e-03 9.703645482659339905e-03 1.598015986382961273e-02 2.121380344033241272e-02 2.630629017949104309e-02 3.364727646112442017e-02 4.032875224947929382e-02 4.732802510261535645e-02 6.142145395278930664e-02 7.478594779968261719e-02 7.689483463764190674e-02 7.941176742315292358e-02 8.934219181537628174e-02 9.703182429075241089e-02 1.010837554931640625e-01 8.218632638454437256e-02 5.584995448589324951e-02 2.832646854221820831e-02 1.333981286734342575e-02 7.023186888545751572e-03 4.154517780989408493e-03 2.852470614016056061e-03 1.546566723845899105e-03 5.114083178341388702e-04
2.847979590296745300e-02 3.377358615398406982e-01 8.032037317752838135e-02 7.198855280876159668e-03 1.588872750289738178e-03 1.663536764681339264e-03 1.821349433157593012e-04 3.099687746725976467e-04 4.854292143136262894e-03 1.696909312158823013e-03 8.437033742666244507e-03 9.144078940153121948e-03 9.215914644300937653e-03 7.030860870145261288e-04 3.846327890641987324e-04 1.210461996379308403e-04 2.262545785924885422e-05 1.255712995771318674e-04 1.061134040355682373e-03 6.754264701157808304e-03 1.553011499345302582e-02 7.966989278793334961e-02 6.366464495658874512e-02 1.421263515949249268e-01 1.963323950767517090e-01 1.148739755153656006e-01 8.351169526576995850e-02 6.012489646673202515e-02 5.387687310576438904e-02 5.241752788424491882e-02 5.005203932523727417e-02 4.925788566470146179e-02 5.822774767875671387e-02 7.062536478042602539e-02 9.955088049173355103e-02 1.549753397703170776e-01 1.260667890310287476e-01 1.726469546556472778e-01 1.950868666172027588e-01 2.656070590019226074e-01 2.632042169570922852e-01 1.790578812360763550e-01 1.175958216190338135e-01 8.970202505588531494e-02 8.334879577159881592e-02 7.215598225593566895e-02 4.842979460954666138e-02 2.378048747777938843e-02 1.068034768104553223e-02 3.889316227287054062e-03 1.679940382018685341e-03 2.250101882964372635e-03 1.244400209543528035e-05 8.258291927631944418e-05 4.332775133661925793e-04 3.884791163727641106e-03 1.895108446478843689e-02 3.082379326224327087e-02 5.130435898900032043e-02 4.273835942149162292e-02 2.344789355993270874e-02 2.209149673581123352e-02 4.006516188383102417e-02 4.089212045073509216e-02 2.917665988206863403e-02 2.854767255485057831e-02 4.232544451951980591e-02 5.752070248126983643e-02 7.440947741270065308e-02 9.028915315866470337e-02 7.569120824337005615e-02 8.407280594110488892e-02 7.404407113790512085e-02 3.961378335952758789e-02 2.257002517580986023e-02 1.539436168968677521e-02 1.936060376465320587e-02 2.599099464714527130e-02 2.550680935382843018e-02 1.258314866572618484e-02 6.669985130429267883e-03 1.188967842608690262e-03 2.613240503706037998e-04 5.543237421079538763e-05
5.400428548455238342e-03 3.413922190666198730e-01 7.693965733051300049e-02 1.532405614852905273e-02 1.011259737424552441e-03 5.538684315979480743e-03 3.755546733736991882e-02 9.022851474583148956e-03 6.097744917497038841e-04 3.682796523207798600e-05 5.614755355054512620e-05 4.829897079616785049e-06 3.531862166710197926e-04 1.698916312307119370e-03 1.774987176759168506e-04 3.060947346966713667e-04 3.139433101750910282e-05 3.085096832364797592e-04 9.315664065070450306e-04 3.300630953162908554e-03 1.334138307720422745e-02 2.249524462968111038e-03 9.936305694282054901e-03 8.302882909774780273e-01 6.989609599113464355e-01 6.830078363418579102e-02 6.199776381254196167e-02 1.923941075801849365e-01 1.210142746567726135e-01 5.767983943223953247e-02 8.336643874645233154e-02 1.209345757961273193e-01 1.679753661155700684e-01 1.334681808948516846e-01 1.343701481819152832e-01 1.423974335193634033e-01 9.626226872205734253e-02 2.752316929399967194e-02 7.893258705735206604e-03 5.813988856971263885e-03 3.379720728844404221e-03 4.433845635503530502e-03 2.213300438597798347e-03 2.017689403146505356e-03 6.121894693933427334e-04 4.817822482436895370e-04 7.099948707036674023e-04 4.093337920494377613e-04 3.513750270940363407e-04 3.368853358551859856e-04 1.340296439593657851e-04 8.751773275434970856e-03 8.175808005034923553e-03 5.444501526653766632e-03 3.057324793189764023e-03 4.721224308013916016e-03 1.571286283433437347e-02 1.615721359848976135e-02 1.452712249010801315e-02 2.270534634590148926e-02 6.285265833139419556e-02 5.251305550336837769e-02 3.202463313937187195e-02 6.961089093238115311e-03 4.392791539430618286e-03 7.498415187001228333e-03 1.346696075052022934e-02 2.360732853412628174e-02 4.461013525724411011e-02 3.345186635851860046e-02 1.429287251085042953e-02 2.366166561841964722e-02 4.298004508018493652e-02 8.770731091499328613e-02 1.328680515289306641e-01 7.999396324157714844e-02 8.024028688669204712e-02 8.074018359184265137e-02 7.276602089405059814e-02 1.223533693701028824e-02 6.278866203501820564e-04 6.037371349520981312e-06 0.000000000000000000e+00 0.000000000000000000e+00
1.138276234269142151e-02 4.390525519847869873e-01 4.209810867905616760e-02 1.613849774003028870e-03 4.164135898463428020e-04 1.055863467627204955e-04 3.519544770824722946e-05 0.000000000000000000e+00 1.558090734761208296e-04 7.909089845270500518e-07 7.909089845270500518e-07 0.000000000000000000e+00 7.118180656107142568e-05 4.804772033821791410e-04 4.310454096412286162e-05 3.353453939780592918e-04 1.146817976405145600e-05 2.016817888943478465e-04 2.572035882622003555e-03 1.422845292836427689e-03 1.534442417323589325e-02 2.519835904240608215e-02 1.192224174737930298e-01 7.394437193870544434e-01 8.195280432701110840e-01 5.542191863059997559e-01 2.410761713981628418e-01 1.123984456062316895e-01 8.354845643043518066e-02 5.408868193626403809e-02 4.682102054357528687e-02 3.647118806838989258e-02 3.230467438697814941e-02 1.980277895927429199e-02 1.566711440682411194e-02 6.401617079973220825e-03 1.353166252374649048e-02 6.335180718451738358e-03 4.384799394756555557e-03 6.119262892752885818e-03 2.204263349995017052e-03 6.192817352712154388e-03 3.122508525848388672e-03 5.462017375975847244e-03 1.155517995357513428e-03 1.653790706768631935e-03 2.325272187590599060e-03 1.492445124313235283e-03 9.490907541476190090e-04 6.857180851511657238e-04 1.281272561755031347e-04 2.272123284637928009e-02 1.613137871026992798e-02 1.791250705718994141e-02 9.326398372650146484e-03 4.081090446561574936e-03 3.987763077020645142e-03 5.292763002216815948e-03 6.419808138161897659e-03 8.935689926147460938e-03 1.120164338499307632e-02 1.274787075817584991e-02 1.485643442720174789e-02 1.649836078286170959e-02 2.110145054757595062e-02 2.597345039248466492e-02 3.763935714960098267e-02 4.519570246338844299e-02 5.658795684576034546e-02 5.939963832497596741e-02 6.526422500610351562e-02 7.725836336612701416e-02 9.134998917579650879e-02 8.607620745897293091e-02 7.914784550666809082e-02 7.373406738042831421e-02 5.524419993162155151e-02 4.401250183582305908e-02 3.395609557628631592e-02 2.019744180142879486e-02 4.682181170210242271e-04 1.581817969054100104e-06 0.000000000000000000e+00 0.000000000000000000e+00
2.198934927582740784e-02 7.699836790561676025e-02 1.131541281938552856e-01 1.733488589525222778e-02 7.285506930202245712e-03 5.514553748071193695e-03 3.310801927000284195e-03 6.966232787817716599e-03 1.081676222383975983e-02 1.709845662117004395e-02 7.207515835762023926e-02 9.653585404157638550e-02 3.452556580305099487e-02 5.405506584793329239e-03 3.071891143918037415e-03 1.248411484993994236e-03 8.111951756291091442e-04 1.195763936266303062e-03 2.797821536660194397e-03 1.863782177679240704e-03 6.715570390224456787e-02 1.043172180652618408e-01 1.116373986005783081e-01 1.151586100459098816e-01 1.301279366016387939e-01 1.363987922668457031e-01 1.388202011585235596e-01 1.398825943470001221e-01 1.697540730237960815e-01 1.717245429754257202e-01 1.648908853530883789e-01 1.562283784151077271e-01 1.647184193134307861e-01 1.552287936210632324e-01 1.378997862339019775e-01 1.150859892368316650e-01 1.040783077478408813e-01 9.108998626470565796e-02 9.013252705335617065e-02 8.749324828386306763e-02 7.077749073505401611e-02 6.251800060272216797e-02 6.426735222339630127e-02 6.467836350202560425e-02 4.897851496934890747e-02 3.640956431627273560e-02 2.689452469348907471e-02 2.008738368749618530e-02 1.448750309646129608e-02 1.065149717032909393e-02 7.421482354402542114e-03 2.100490033626556396e-02 5.280121229588985443e-03 1.760726235806941986e-02 4.728254303336143494e-02 6.292743980884552002e-02 6.578844040632247925e-02 5.495879054069519043e-02 4.473282769322395325e-02 4.604732245206832886e-02 4.664121195673942566e-02 4.466348141431808472e-02 4.058844223618507385e-02 3.935915231704711914e-02 3.958293423056602478e-02 3.961452469229698181e-02 3.985428065061569214e-02 4.118511453270912170e-02 3.939449414610862732e-02 3.602142259478569031e-02 3.381288796663284302e-02 3.202541545033454895e-02 2.961319126188755035e-02 2.511733770370483398e-02 2.096193656325340271e-02 2.031443268060684204e-02 1.888229884207248688e-02 1.509676221758127213e-02 1.174741331487894058e-02 1.019546110183000565e-02 7.867594249546527863e-03 4.809197969734668732e-03 3.168290480971336365e-03 1.485797297209501266e-02
4.169144853949546814e-02 2.163347750902175903e-01 1.099420711398124695e-01 8.771091699600219727e-03 3.835226409137248993e-03 2.891214797273278236e-03 2.757185371592640877e-03 2.154209185391664505e-03 4.542704205960035324e-03 3.450305433943867683e-03 1.347235962748527527e-02 5.133825913071632385e-02 1.432023383677005768e-02 7.127405609935522079e-03 3.134927246719598770e-03 2.039469545707106590e-03 2.753002918325364590e-04 5.256300210021436214e-04 8.387481793761253357e-03 3.008701140061020851e-03 9.394407272338867188e-02 2.196165919303894043e-01 2.426260709762573242e-01 1.917187273502349854e-01 1.670746803283691406e-01 1.499408930540084839e-01 1.261313557624816895e-01 1.121820509433746338e-01 1.317474842071533203e-01 1.545723080635070801e-01 1.601322442293167114e-01 1.488359421491622925e-01 1.462941914796829224e-01 1.445307731628417969e-01 1.169003695249557495e-01 9.975534677505493164e-02 9.408865123987197876e-02 8.634353429079055786e-02 7.316508144140243530e-02 7.672075927257537842e-02 6.697737425565719604e-02 5.246923863887786865e-02 3.682206943631172180e-02 2.634567394852638245e-02 1.696261763572692871e-02 1.202818751335144043e-02 1.096107158809900284e-02 1.239038445055484772e-02 1.089627295732498169e-02 6.025892682373523712e-03 3.093476174399256706e-03 8.706605061888694763e-03 3.378265304490923882e-03 6.833814550191164017e-03 8.926846086978912354e-03 1.128593832254409790e-02 1.662289351224899292e-02 2.088611572980880737e-02 2.562365122139453888e-02 2.760056965053081512e-02 2.890428155660629272e-02 3.096497617661952972e-02 3.302142769098281860e-02 3.534955531358718872e-02 3.558939695358276367e-02 3.460668027400970459e-02 3.757855296134948730e-02 4.247802123427391052e-02 5.027170479297637939e-02 6.565031409263610840e-02 7.064567506313323975e-02 8.873995393514633179e-02 9.319632500410079956e-02 7.919421792030334473e-02 5.723186954855918884e-02 3.988595306873321533e-02 2.300698868930339813e-02 1.071923132985830307e-02 6.061600521206855774e-03 4.593956284224987030e-03 2.905572764575481415e-03 1.814235118217766285e-03 1.268004416488111019e-03 5.163409747183322906e-03
1.083792150020599365e-01 1.812865585088729858e-01 1.913073472678661346e-02 5.225673783570528030e-03 1.539372256956994534e-03 9.225506219081580639e-04 2.618444268591701984e-04 1.340916642220690846e-04 1.833398710004985332e-03 2.696461451705545187e-04 3.167001064866781235e-03 3.282076213508844376e-03 3.430308308452367783e-03 3.852331265807151794e-02 7.592513691633939743e-03 6.122527644038200378e-02 8.372195297852158546e-04 7.276057265698909760e-03 3.478727862238883972e-02 2.089586853981018066e-02 2.319444268941879272e-01 2.380297705531120300e-02 4.583594202995300293e-02 1.338185966014862061e-01 3.496632575988769531e-01 2.371784001588821411e-01 2.222693562507629395e-01 1.580662727355957031e-01 1.691251844167709351e-01 1.343481391668319702e-01 1.257438510656356812e-01 8.600492775440216064e-02 1.003229916095733643e-01 8.438412100076675415e-02 7.447499036788940430e-02 5.942844599485397339e-02 8.049888163805007935e-02 5.757066607475280762e-02 4.987331852316856384e-02 6.167826056480407715e-02 6.788646429777145386e-02 8.923190087080001831e-02 8.740045875310897827e-02 7.820518314838409424e-02 4.565455392003059387e-02 2.662621624767780304e-02 1.949058845639228821e-02 1.458722166717052460e-02 1.206239871680736542e-02 1.220575347542762756e-02 8.577965199947357178e-03 5.203828960657119751e-02 7.063168287277221680e-02 1.875878870487213135e-01 1.774017959833145142e-01 4.255240410566329956e-02 2.097583562135696411e-02 1.802484504878520966e-02 1.422249246388673782e-02 1.265825238078832626e-02 1.235691178590059280e-02 1.216577086597681046e-02 1.297909766435623169e-02 1.351546403020620346e-02 1.441655959933996201e-02 1.492172013968229294e-02 1.557413674890995026e-02 1.675511896610260010e-02 1.704280637204647064e-02 1.712082326412200928e-02 1.883817091584205627e-02 2.073495835065841675e-02 2.231772802770137787e-02 2.663596719503402710e-02 3.242677450180053711e-02 2.873949892818927765e-02 3.246285766363143921e-02 3.812884166836738586e-02 2.838354744017124176e-02 1.947791129350662231e-02 1.480664499104022980e-02 1.090774685144424438e-02 8.830545470118522644e-03 6.405192892998456955e-03
6.391099095344543457e-02 2.160587161779403687e-01 1.254145503044128418e-01 1.967377960681915283e-02 4.106911364942789078e-03 2.902688924223184586e-03 4.821596376132220030e-04 6.626594695262610912e-04 9.302672930061817169e-03 1.652610022574663162e-03 3.132479498162865639e-03 6.374734453856945038e-03 1.131869945675134659e-02 9.827254340052604675e-03 1.256566145457327366e-03 1.018380164168775082e-03 2.535774256102740765e-04 4.820960457436740398e-04 1.801563613116741180e-02 4.152831155806779861e-03 2.420502603054046631e-01 2.081487178802490234e-01 2.066486179828643799e-01 1.845127940177917480e-01 1.544654816389083862e-01 1.005963981151580811e-01 8.061090856790542603e-02 5.827739834785461426e-02 7.046552747488021851e-02 7.136611640453338623e-02 9.378625452518463135e-02 8.406444638967514038e-02 9.880437701940536499e-02 1.017538160085678101e-01 1.095778793096542358e-01 1.109677031636238098e-01 1.296549737453460693e-01 1.183510199189186096e-01 1.140961050987243652e-01 1.140132993459701538e-01 1.081735789775848389e-01 1.134893447160720825e-01 9.386600553989410400e-02 7.715278863906860352e-02 4.779734462499618530e-02 3.145390376448631287e-02 1.954435184597969055e-02 1.218431070446968079e-02 8.074791170656681061e-03 5.581374745815992355e-03 4.179734736680984497e-03 2.629039064049720764e-02 2.865380421280860901e-02 3.096328675746917725e-02 5.960322543978691101e-02 6.342679262161254883e-02 4.953988268971443176e-02 4.140149429440498352e-02 4.149574786424636841e-02 4.258637875318527222e-02 3.926017135381698608e-02 3.719707950949668884e-02 3.648347780108451843e-02 3.539780527353286743e-02 3.228135406970977783e-02 3.201410174369812012e-02 3.125699609518051147e-02 3.132657706737518311e-02 3.557372838258743286e-02 3.294077143073081970e-02 2.993116900324821472e-02 3.296735510230064392e-02 4.245727136731147766e-02 4.768909513950347900e-02 3.709506615996360779e-02 3.800710290670394897e-02 2.846872620284557343e-02 1.791629195213317871e-02 6.899570580571889877e-03 3.871651133522391319e-03 3.087958786636590958e-03 2.372065093368291855e-03 1.998981460928916931e-03 5.835015792399644852e-03
5.860795080661773682e-02 3.441690206527709961e-01 7.115291059017181396e-02 4.305595997720956802e-03 4.244839656166732311e-04 1.093613318516872823e-04 1.701176188362296671e-05 3.240335672671790235e-06 6.148536922410130501e-04 4.860503395320847631e-06 2.025209869316313416e-05 4.455461748875677586e-05 1.923139207065105438e-03 4.729270003736019135e-03 1.165710738860070705e-03 2.021159278228878975e-03 3.321344047435559332e-05 1.198924219352193177e-04 9.258449077606201172e-03 1.275072107091546059e-03 1.672061830759048462e-01 5.190046131610870361e-02 9.969379007816314697e-02 3.985029458999633789e-01 6.173325777053833008e-01 7.779965400695800781e-01 3.656799793243408203e-01 2.078205496072769165e-01 1.366773545742034912e-01 5.840381234884262085e-02 3.755711019039154053e-02 1.576747372746467590e-02 1.645766571164131165e-02 9.677262976765632629e-03 5.064644850790500641e-03 1.093613216653466225e-03 8.899582549929618835e-03 2.148342551663517952e-03 8.651696844026446342e-04 4.189753904938697815e-03 5.346554098650813103e-04 2.449693856760859489e-03 1.161660300567746162e-03 2.255273517221212387e-03 4.228638135828077793e-04 7.776805432513356209e-05 8.262855699285864830e-04 2.624671906232833862e-04 7.776805432513356209e-05 2.916302037192508578e-05 0.000000000000000000e+00 8.967628702521324158e-03 4.311590641736984253e-02 3.966819122433662415e-02 4.209844022989273071e-02 7.419072836637496948e-02 8.920320123434066772e-02 9.761997312307357788e-02 6.244450807571411133e-02 2.212339267134666443e-02 1.400797162204980850e-02 1.261624693870544434e-02 1.004017982631921768e-02 8.645216003060340881e-03 9.048637002706527710e-03 9.912187233567237854e-03 1.039499696344137192e-02 1.048410590738058090e-02 1.027996465563774109e-02 9.665921330451965332e-03 1.255468092858791351e-02 1.855902187526226044e-02 2.952593937516212463e-02 3.774991258978843689e-02 5.419137328863143921e-02 5.426428094506263733e-02 5.192152038216590881e-02 5.559929832816123962e-02 4.200609028339385986e-02 3.919510170817375183e-02 2.185282483696937561e-02 5.976799409836530685e-03 5.265545332804322243e-04 5.168335628695785999e-04
2.230295212939381599e-03 2.281230986118316650e-01 2.613302767276763916e-01 8.086198940873146057e-03 9.852404036791995168e-05 2.891053009079769254e-05 0.000000000000000000e+00 0.000000000000000000e+00 6.466828835982596502e-06 0.000000000000000000e+00 3.804017012498661643e-07 0.000000000000000000e+00 0.000000000000000000e+00 5.325623988028382882e-06 0.000000000000000000e+00 7.608034024997323286e-07 1.902008534671040252e-06 0.000000000000000000e+00 8.711199188837781549e-05 7.608034024997323286e-07 8.086578920483589172e-03 3.024193458259105682e-03 1.819765567779541016e-02 2.096074223518371582e-01 5.005416870117187500e-01 5.756831765174865723e-01 5.008338093757629395e-01 3.521599173545837402e-01 2.197641581296920776e-01 1.129131168127059937e-01 7.525106519460678101e-02 7.842589914798736572e-02 7.998706400394439697e-02 6.933049112558364868e-02 6.133520603179931641e-02 6.547778844833374023e-02 4.925897717475891113e-02 1.699254475533962250e-02 2.645313506945967674e-03 2.807364508043974638e-04 4.108338180230930448e-05 1.369446090393466875e-05 1.825928120524622500e-05 1.141205120802624151e-05 2.054169090115465224e-05 1.369446090393466875e-05 6.847230451967334375e-06 2.282410150655778125e-06 2.282410150655778125e-06 9.129640602623112500e-06 6.847230451967334375e-06 5.706025331164710224e-05 8.368837370653636754e-06 1.825928120524622500e-05 1.978088948817458004e-05 1.825928120524622500e-05 1.666159514570608735e-04 6.191418040543794632e-03 5.221317708492279053e-02 1.134122014045715332e-01 1.224109828472137451e-01 1.076757460832595825e-01 1.065847501158714294e-01 1.110430583357810974e-01 9.306070953607559204e-02 7.603316754102706909e-02 7.112523168325424194e-02 4.982425272464752197e-02 3.348752111196517944e-02 2.278225868940353394e-02 1.384586095809936523e-02 7.224589120596647263e-03 3.797930665314197540e-03 1.538344542495906353e-03 5.683201598003506660e-04 2.662811893969774246e-04 2.191113744629547000e-04 3.431223449297249317e-04 4.640900879167020321e-04 5.234327400103211403e-04 4.587644652929157019e-04 2.921484992839396000e-04 3.324710996821522713e-04 4.049756564199924469e-03
7.226034998893737793e-02 3.036530911922454834e-01 9.759864956140518188e-02 7.464381866157054901e-03 3.874797839671373367e-04 2.744220255408436060e-04 0.000000000000000000e+00 1.027797793540230487e-06 7.102083181962370872e-04 1.130577584262937307e-05 1.516001793788745999e-04 1.578697469085454941e-03 9.693674743175506592e-03 1.751367468386888504e-03 8.407385903410613537e-04 3.386593889445066452e-04 2.245738287456333637e-04 2.086429594783112407e-04 1.413735910318791866e-03 1.437375205568969250e-03 3.225229680538177490e-02 9.768807888031005859e-02 6.867179870605468750e-01 6.925178766250610352e-01 4.357914328575134277e-01 3.202443420886993408e-01 2.777952551841735840e-01 1.390147954225540161e-01 8.298645168542861938e-02 5.272294208407402039e-02 3.758348152041435242e-02 2.534241043031215668e-02 1.875319890677928925e-02 1.291633583605289459e-02 1.219482161104679108e-02 1.058837305754423141e-02 9.435184299945831299e-03 6.943801883608102798e-03 4.390752408653497696e-03 4.483254160732030869e-03 2.938473829999566078e-03 2.889139577746391296e-03 3.345482051372528076e-03 3.052559681236743927e-03 2.130624838173389435e-03 2.873722696676850319e-03 5.062932148575782776e-03 1.013511419296264648e-02 5.577858537435531616e-03 4.440086777321994305e-04 2.528382465243339539e-04 9.342682315036654472e-04 9.044620674103498459e-04 1.913759508170187473e-03 3.246813314035534859e-03 8.137075230479240417e-03 1.510040555149316788e-02 2.807635255157947540e-02 4.452009126543998718e-02 7.061073929071426392e-02 7.952380180358886719e-02 6.352613121271133423e-02 3.379604965448379517e-02 1.490204036235809326e-02 2.662613056600093842e-02 3.883020207285881042e-02 5.583717301487922668e-02 3.430275246500968933e-02 1.622584462165832520e-02 8.788699284195899963e-03 6.451487075537443161e-03 1.063873525708913803e-02 1.383415888994932175e-02 1.764420606195926666e-02 4.275124892592430115e-02 6.167609244585037231e-02 8.223102241754531860e-02 1.043111979961395264e-01 5.749706551432609558e-02 5.299017205834388733e-02 5.094793625175952911e-03 1.130577584262937307e-05 0.000000000000000000e+00 0.000000000000000000e+00
2.979273721575737000e-02 1.446439623832702637e-01 7.772246003150939941e-02 8.378764614462852478e-03 2.974267816171050072e-03 1.091241743415594101e-02 2.636840939521789551e-02 2.439248934388160706e-02 2.202365361154079437e-02 3.212284762412309647e-03 1.201419043354690075e-03 2.010393422096967697e-03 8.914963901042938232e-02 3.974269703030586243e-02 3.132001264020800591e-03 1.489022863097488880e-03 8.358929771929979324e-04 1.160332816652953625e-03 2.304608933627605438e-03 8.552554063498973846e-03 5.587731953710317612e-03 1.038774102926254272e-02 2.333699911832809448e-02 3.222863376140594482e-02 4.494837298989295959e-02 5.436421185731887817e-02 5.263858661055564880e-02 5.132949352264404297e-02 6.944145262241363525e-02 8.032789826393127441e-02 8.832412958145141602e-02 1.234033107757568359e-01 9.176404774188995361e-02 7.477416098117828369e-02 7.719684392213821411e-02 7.834725081920623779e-02 1.047189682722091675e-01 1.357688456773757935e-01 1.711115390062332153e-01 1.797878146171569824e-01 1.705420017242431641e-01 1.780225336551666260e-01 2.092990875244140625e-01 1.296965777873992920e-01 9.932674467563629150e-02 9.919924288988113403e-02 8.091160655021667480e-02 7.316755503416061401e-02 7.747168838977813721e-02 8.894184231758117676e-02 8.818528801202774048e-02 1.554477512836456299e-01 2.545459428802132607e-03 2.089260146021842957e-02 4.371767491102218628e-02 3.853891417384147644e-02 2.593818306922912598e-02 2.101916633546352386e-02 1.954572834074497223e-02 2.213841304183006287e-02 2.294597029685974121e-02 2.250204980373382568e-02 2.983523905277252197e-02 4.039204865694046021e-02 4.915617406368255615e-02 4.507399350404739380e-02 4.306785017251968384e-02 4.286289215087890625e-02 4.181164875626564026e-02 4.417859762907028198e-02 5.340930819511413574e-02 4.850446060299873352e-02 4.445628076791763306e-02 4.445722699165344238e-02 3.674812242388725281e-02 4.184754192829132080e-02 3.074574843049049377e-02 2.313959598541259766e-02 1.961845532059669495e-02 1.517358236014842987e-02 9.353500790894031525e-03 8.671563118696212769e-03 1.197735406458377838e-02 3.573466092348098755e-02
5.077490210533142090e-02 4.055669009685516357e-01 9.810689836740493774e-03 3.774040087591856718e-04 3.946412107325159013e-05 4.082495252077933401e-06 8.618601896159816533e-06 0.000000000000000000e+00 4.581467146635986865e-05 9.072211923921713606e-07 0.000000000000000000e+00 0.000000000000000000e+00 4.989716671843780205e-06 2.018567174673080444e-04 6.577353633474558592e-05 8.015299099497497082e-04 1.796298020053654909e-04 2.283475827425718307e-03 1.837848685681819916e-02 1.145548187196254730e-02 1.096830423921346664e-02 1.616668188944458961e-03 2.457390166819095612e-02 7.213143706321716309e-01 6.708247661590576172e-01 9.603363275527954102e-01 2.965061962604522705e-01 1.010689735412597656e-01 7.196623086929321289e-02 3.728679195046424866e-02 3.255654126405715942e-02 1.568494737148284912e-02 1.634086854755878448e-02 8.627673611044883728e-03 6.774220615625381470e-03 1.276460243389010429e-03 6.216280162334442139e-03 2.686281921342015266e-03 1.132211997173726559e-03 2.348795766010880470e-03 5.633843829855322838e-04 1.611224841326475143e-03 1.110438723117113113e-03 9.553038980811834335e-04 3.456512931734323502e-04 3.265996347181499004e-04 5.742710200138390064e-04 2.966613392345607281e-04 2.449497114866971970e-04 1.632998100831173360e-05 0.000000000000000000e+00 3.848432563245296478e-03 9.983969852328300476e-03 2.101487293839454651e-02 2.620780654251575470e-02 1.575208269059658051e-02 3.054341673851013184e-02 3.026489913463592529e-02 2.655255049467086792e-02 3.742105886340141296e-02 1.708116009831428528e-02 1.234546583145856857e-02 8.848128840327262878e-03 1.353936921805143356e-02 1.277548912912607193e-02 5.815288051962852478e-03 7.147995755076408386e-03 9.489533491432666779e-03 9.940423071384429932e-03 1.131939888000488281e-02 1.267569512128829956e-02 1.872776821255683899e-02 2.391707338392734528e-02 3.577989712357521057e-02 5.177602171897888184e-02 6.638228148221969604e-02 7.637895643711090088e-02 1.317593604326248169e-01 1.253861337900161743e-01 1.066792383790016174e-01 4.189275205135345459e-02 1.079593203030526638e-03 8.754684822633862495e-04 6.468486972153186798e-04
6.005133502185344696e-03 2.337965881451964378e-03 2.440735464915633202e-03 2.149227308109402657e-03 9.022246813401579857e-04 8.093715296126902103e-04 6.398919504135847092e-04 1.921314978972077370e-03 6.915471516549587250e-03 1.156394928693771362e-02 7.050391286611557007e-02 2.804989516735076904e-01 6.853580474853515625e-02 2.217682823538780212e-02 1.150723733007907867e-02 4.105126485228538513e-03 1.788304653018712997e-03 1.691353740170598030e-03 2.161602256819605827e-03 1.345592434518039227e-03 5.269716680049896240e-02 8.601662516593933105e-02 1.237999200820922852e-01 1.581500172615051270e-01 2.034320533275604248e-01 2.471351623535156250e-01 2.747152447700500488e-01 2.826707959175109863e-01 2.904247343540191650e-01 2.588238120079040527e-01 2.088527679443359375e-01 1.621103286743164062e-01 1.446699947118759155e-01 1.273761987686157227e-01 1.112615391612052917e-01 8.307908475399017334e-02 5.848569422960281372e-02 4.081917181611061096e-02 2.882611751556396484e-02 2.004546858370304108e-02 1.325923576951026917e-02 9.178942069411277771e-03 5.941455252468585968e-03 3.106688614934682846e-03 1.371407764963805676e-03 9.126327931880950928e-04 6.362859858199954033e-04 4.651673370972275734e-04 3.383035073056817055e-04 2.758550690487027168e-04 1.553836045786738396e-04 9.667220292612910271e-04 5.376141634769737720e-04 2.948026871308684349e-03 8.830640465021133423e-03 1.458507869392633438e-02 1.636543311178684235e-02 2.080402895808219910e-02 2.851223573088645935e-02 3.112048283219337463e-02 3.300376981496810913e-02 3.371135517954826355e-02 3.514013066887855530e-02 3.598949685692787170e-02 3.680493310093879700e-02 4.044005647301673889e-02 4.636610671877861023e-02 4.914432391524314880e-02 4.851737990975379944e-02 4.484587162733078003e-02 4.058741033077239990e-02 3.720929101109504700e-02 3.667282313108444214e-02 3.791327029466629028e-02 3.976738452911376953e-02 4.151250049471855164e-02 4.090686142444610596e-02 3.924517706036567688e-02 3.583132848143577576e-02 3.236928954720497131e-02 2.724556252360343933e-02 2.109774947166442871e-02 1.598500646650791168e-02 2.598938159644603729e-02
3.852138295769691467e-02 4.236370027065277100e-01 1.990363001823425293e-02 4.285985138267278671e-03 1.610948005691170692e-03 3.607914084568619728e-03 4.909878480248153210e-04 1.049698112183250487e-04 4.283445596229285002e-04 7.026205275906249881e-05 2.395681949565187097e-04 1.879298215499147773e-04 3.860180149786174297e-04 1.109801814891397953e-03 1.252865535207092762e-03 5.036857910454273224e-04 2.878204577427823097e-05 1.794645213522017002e-04 2.155267167836427689e-03 1.295192050747573376e-03 6.316474080085754395e-02 2.724982425570487976e-02 3.356324881315231323e-02 4.388923197984695435e-02 1.249377727508544922e-01 2.428662925958633423e-01 4.367946088314056396e-01 5.219928622245788574e-01 3.049643933773040771e-01 2.203147113323211670e-01 1.895094513893127441e-01 1.633059382438659668e-01 1.399264484643936157e-01 9.393443167209625244e-02 6.370312720537185669e-02 4.411271587014198303e-02 3.673774003982543945e-02 2.519783377647399902e-02 1.819363981485366821e-02 1.866092532873153687e-02 1.416076533496379852e-02 1.812252961099147797e-02 1.300271227955818176e-02 1.337857171893119812e-02 7.517193444073200226e-03 8.492396213114261627e-03 1.014821045100688934e-02 1.042756624519824982e-02 1.355634443461894989e-02 1.568452268838882446e-02 9.574262425303459167e-03 5.291494354605674744e-02 3.886253386735916138e-02 1.483460515737533569e-02 1.402024179697036743e-02 1.393389608711004257e-02 1.642777584493160248e-02 2.069259807467460632e-02 2.944572642445564270e-02 3.151126205921173096e-02 3.626537695527076721e-02 4.307317733764648438e-02 4.850452020764350891e-02 6.010876223444938660e-02 6.398079544305801392e-02 6.437020003795623779e-02 6.177642941474914551e-02 6.185938790440559387e-02 6.482224911451339722e-02 6.434310972690582275e-02 6.396216899156570435e-02 5.834290012717247009e-02 4.501850530505180359e-02 3.437930718064308167e-02 2.547718957066535950e-02 1.449937839061021805e-02 7.881200872361660004e-03 1.494973315857350826e-03 1.117420615628361702e-04 0.000000000000000000e+00 0.000000000000000000e+00 0.000000000000000000e+00 0.000000000000000000e+00 0.000000000000000000e+00
3.060224093496799469e-02 2.110249698162078857e-01 9.173768013715744019e-02 3.707539290189743042e-03 2.950053196400403976e-03 1.407464384101331234e-03 2.592022763565182686e-03 5.025249440222978592e-03 3.728251904249191284e-03 7.298694108612835407e-04 4.684972518589347601e-04 5.986901815049350262e-04 1.339852809906005859e-01 8.444786071777343750e-03 9.695427725091576576e-04 4.349627124611288309e-04 2.031798649113625288e-04 2.169882063753902912e-04 5.848818691447377205e-04 5.878407973796129227e-04 5.485856439918279648e-03 3.775594756007194519e-02 7.464788854122161865e-02 3.666706010699272156e-02 4.395786672830581665e-02 1.867558360099792480e-01 6.026571393013000488e-01 4.693277478218078613e-01 2.042904496192932129e-01 1.021836921572685242e-01 7.660078257322311401e-02 5.729672312736511230e-02 4.253757745027542114e-02 3.223458305001258850e-02 3.346550092101097107e-02 2.960705384612083435e-02 4.687536880373954773e-02 6.687182188034057617e-02 9.140726923942565918e-02 1.436146199703216553e-01 1.844360232353210449e-01 1.574446558952331543e-01 9.437802433967590332e-02 5.223102867603302002e-02 2.697360701858997345e-02 2.315066754817962646e-02 2.039294503629207611e-02 1.858207955956459045e-02 1.301337406039237976e-02 8.776186034083366394e-03 5.403006449341773987e-03 1.097763050347566605e-02 2.035743789747357368e-03 2.062176913022994995e-02 6.023395434021949768e-02 7.102812826633453369e-02 8.951552212238311768e-02 1.149702146649360657e-01 8.997119963169097900e-02 7.946502417325973511e-02 7.650806754827499390e-02 6.625241786241531372e-02 6.900619715452194214e-02 5.543456971645355225e-02 4.804513230919837952e-02 4.842979460954666138e-02 4.467392712831497192e-02 4.269933328032493591e-02 1.537262834608554840e-02 2.290211850777268410e-03 1.252613728865981102e-03 7.495956378988921642e-04 4.754014371428638697e-04 3.728251904249191284e-04 3.294275375083088875e-04 1.795084244804456830e-04 8.482266275677829981e-05 1.972620111700962298e-06 0.000000000000000000e+00 0.000000000000000000e+00 0.000000000000000000e+00 0.000000000000000000e+00 0.000000000000000000e+00 0.000000000000000000e+00
1.048141345381736755e-01 2.048616260290145874e-01 6.404735893011093140e-02 6.056837737560272217e-03 3.075978485867381096e-03 1.734917168505489826e-03 5.871630855835974216e-04 9.025914478115737438e-04 4.878093022853136063e-03 1.841451041400432587e-03 4.764256533235311508e-03 1.423790771514177322e-02 3.434443846344947815e-02 1.203764136880636215e-02 7.360771764069795609e-03 4.133031703531742096e-03 1.786833978258073330e-03 2.918264362961053848e-03 7.621522061526775360e-03 1.799518615007400513e-02 9.760395437479019165e-02 1.378542184829711914e-01 1.212404668331146240e-01 1.218542605638504028e-01 1.407578736543655396e-01 1.311216056346893311e-01 1.367805302143096924e-01 1.391768008470535278e-01 1.432889103889465332e-01 1.352613270282745361e-01 1.493985205888748169e-01 1.436280310153961182e-01 1.408738493919372559e-01 1.434575468301773071e-01 1.579206138849258423e-01 1.497891843318939209e-01 1.642489433288574219e-01 1.484400928020477295e-01 1.156139373779296875e-01 9.619189798831939697e-02 5.939908325672149658e-02 4.950838163495063782e-02 4.422759264707565308e-02 2.717678993940353394e-02 1.492700167000293732e-02 8.905388414859771729e-03 1.539682969450950623e-02 8.495208807289600372e-03 3.584100399166345596e-03 2.071517286822199821e-03 1.149533782154321671e-03 5.065607279539108276e-02 3.343785926699638367e-02 4.955587908625602722e-02 3.586935624480247498e-02 3.269788995385169983e-02 3.076064586639404297e-02 2.885727398097515106e-02 2.636269107460975647e-02 2.432750165462493896e-02 2.333703264594078064e-02 2.166845463216304779e-02 2.043423242866992950e-02 2.020054683089256287e-02 2.283578366041183472e-02 2.656053937971591949e-02 2.809729985892772675e-02 2.965210378170013428e-02 3.157069534063339233e-02 3.321423381567001343e-02 3.564990684390068054e-02 3.938362002372741699e-02 4.203886538743972778e-02 4.237699881196022034e-02 3.995053470134735107e-02 4.123445972800254822e-02 4.551459103822708130e-02 4.252317547798156738e-02 3.860891982913017273e-02 3.488625213503837585e-02 2.790362574160099030e-02 2.068350650370121002e-02 1.704564876854419708e-02 1.275987364351749420e-02
6.270124763250350952e-02 2.595284879207611084e-01 4.649658501148223877e-02 3.091246634721755981e-02 2.356669865548610687e-02 1.572323590517044067e-02 7.936599664390087128e-03 4.946536850184202194e-03 3.867794061079621315e-03 1.077740686014294624e-03 1.244857441633939743e-03 5.586885381489992142e-03 1.584502309560775757e-02 5.861228331923484802e-03 4.187408369034528732e-03 2.178765833377838135e-03 4.249539342708885670e-04 1.088704913854598999e-03 3.977908287197351456e-03 2.846878953278064728e-03 7.430415600538253784e-02 1.203028112649917603e-01 8.856407552957534790e-02 7.404136657714843750e-02 7.960662245750427246e-02 1.017487943172454834e-01 1.281380206346511841e-01 1.151591539382934570e-01 1.319564133882522583e-01 1.366406381130218506e-01 1.529724448919296265e-01 1.432538628578186035e-01 1.597359776496887207e-01 1.522548198699951172e-01 1.723982989788055420e-01 1.832847595214843750e-01 2.012025117874145508e-01 1.799155473709106445e-01 1.439686715602874756e-01 1.241095364093780518e-01 1.021802872419357300e-01 8.115223050117492676e-02 4.879666119813919067e-02 3.225759416818618774e-02 1.778829097747802734e-02 1.284694299101829529e-02 9.069574065506458282e-03 5.800806917250156403e-03 3.371336497366428375e-03 2.028390299528837204e-03 1.060704817064106464e-03 2.008866705000400543e-02 2.188386023044586182e-02 2.695902064442634583e-02 2.525955811142921448e-02 2.438618987798690796e-02 3.141640871763229370e-02 4.056084901094436646e-02 4.859801009297370911e-02 4.770294949412345886e-02 4.867086932063102722e-02 5.274675041437149048e-02 5.450598523020744324e-02 5.345270782709121704e-02 4.899697005748748779e-02 4.941255226731300354e-02 4.617149010300636292e-02 4.238044470548629761e-02 4.294928908348083496e-02 4.065009579062461853e-02 3.401682898402214050e-02 3.060187026858329773e-02 2.780963480472564697e-02 2.742293849587440491e-02 2.480589784681797028e-02 2.515345253050327301e-02 2.762100286781787872e-02 2.146179415285587311e-02 1.459332648664712906e-02 9.354174137115478516e-03 4.798224195837974548e-03 2.798247151076793671e-03 1.748270704410970211e-03 1.110338722355663776e-03
7.435251772403717041e-02 2.674380242824554443e-01 1.916577666997909546e-02 1.384626026265323162e-03 2.155395304725971073e-05 2.241611218778416514e-05 3.362416828167624772e-05 0.000000000000000000e+00 3.974549181293696165e-04 0.000000000000000000e+00 1.724316348372667562e-06 8.621581741863337811e-07 8.966444875113666058e-05 2.948580950032919645e-04 8.621581741863337811e-07 5.724729853682219982e-04 2.931337803602218628e-05 1.485498505644500256e-03 7.142463326454162598e-02 6.328413635492324829e-02 2.091164588928222656e-01 3.249646723270416260e-02 2.120236605405807495e-01 3.734558820724487305e-01 1.317482829093933105e+00 3.139204084873199463e-01 1.007535308599472046e-01 6.845363229513168335e-02 8.053246885538101196e-02 5.939579755067825317e-02 7.124702632427215576e-02 5.072076246142387390e-02 4.995516687631607056e-02 1.183053385466337204e-02 5.943718366324901581e-03 2.503707306459546089e-03 1.334620825946331024e-02 1.174259465187788010e-03 1.148394658230245113e-03 2.767527708783745766e-03 2.896851510740816593e-04 5.638514179736375809e-03 7.345587364397943020e-04 1.567403553053736687e-03 1.396696170559152961e-04 7.293857634067535400e-04 5.328137194737792015e-04 2.793392341118305922e-04 1.396696170559152961e-04 1.448425755370408297e-04 5.172949022380635142e-05 1.148394681513309479e-02 9.090078622102737427e-02 1.005845442414283752e-01 6.755526363849639893e-02 5.994930490851402283e-02 5.653170868754386902e-02 4.443908110260963440e-02 2.936683036386966705e-02 1.483774185180664062e-02 5.717833060771226883e-03 5.495395977050065994e-03 1.184605294838547707e-03 5.741973291151225567e-04 4.397006705403327942e-04 6.569644901901483536e-04 1.141497399657964706e-03 2.426113002002239227e-03 9.764803573489189148e-03 1.599648222327232361e-02 6.985205225646495819e-03 1.123392116278409958e-02 2.722178213298320770e-02 4.456150531768798828e-02 5.682484433054924011e-02 7.875470072031021118e-02 8.380521833896636963e-02 7.761320471763610840e-02 6.586026400327682495e-02 3.148601576685905457e-02 6.564472336322069168e-03 1.294961548410356045e-03 2.069179608952254057e-04 2.414042864984367043e-05
2.165526710450649261e-02 1.092265620827674866e-01 5.462838709354400635e-02 2.293237857520580292e-02 1.312387175858020782e-02 1.480108499526977539e-02 1.135774701833724976e-02 7.769634481519460678e-03 1.368533913046121597e-02 1.248759683221578598e-02 5.120862647891044617e-02 1.009549871087074280e-01 3.638707473874092102e-02 9.524005465209484100e-03 5.223981570452451706e-03 3.194234566763043404e-03 8.230161038227379322e-04 9.993866551667451859e-04 6.724755279719829559e-03 3.292064415290951729e-03 6.835307180881500244e-02 2.088896930217742920e-01 2.740535736083984375e-01 2.735329866409301758e-01 2.814013957977294922e-01 2.513509392738342285e-01 2.307821810245513916e-01 1.554139852523803711e-01 1.309856772422790527e-01 1.015744656324386597e-01 9.227902442216873169e-02 8.691366016864776611e-02 8.771551400423049927e-02 7.605390995740890503e-02 6.330586969852447510e-02 5.052422732114791870e-02 4.853264987468719482e-02 5.126884579658508301e-02 5.509354546666145325e-02 5.996485799551010132e-02 6.080902367830276489e-02 6.099362671375274658e-02 5.365617200732231140e-02 4.261514544486999512e-02 2.953565865755081177e-02 2.408815547823905945e-02 1.815405860543251038e-02 1.325454190373420715e-02 9.479204192757606506e-03 6.588691845536231995e-03 4.525759257376194000e-03 2.830984815955162048e-02 7.977670058608055115e-03 1.167502067983150482e-02 1.426505949348211288e-02 2.277592010796070099e-02 2.956746332347393036e-02 3.611453250050544739e-02 4.089347645640373230e-02 4.433778300881385803e-02 4.986313357949256897e-02 5.712315440177917480e-02 5.789376422762870789e-02 5.363197252154350281e-02 4.756070673465728760e-02 4.139444977045059204e-02 3.892470896244049072e-02 3.878615796566009521e-02 3.969421237707138062e-02 4.414875805377960205e-02 4.873218014836311340e-02 5.024878680706024170e-02 4.422536492347717285e-02 3.650087490677833557e-02 2.956552803516387939e-02 2.513089217245578766e-02 2.184878289699554443e-02 1.934544183313846588e-02 1.581167243421077728e-02 1.054683048278093338e-02 4.970453213900327682e-03 2.489789621904492378e-03 2.077866811305284500e-03 1.187759358435869217e-02
3.942994226235896349e-04 3.822916150093078613e-01 1.172152981162071228e-01 7.877652387833222747e-05 1.667228025326039642e-05 1.250420950782427099e-06 0.000000000000000000e+00 0.000000000000000000e+00 2.084035031657549553e-06 0.000000000000000000e+00 0.000000000000000000e+00 0.000000000000000000e+00 0.000000000000000000e+00 0.000000000000000000e+00 0.000000000000000000e+00 0.000000000000000000e+00 0.000000000000000000e+00 0.000000000000000000e+00 0.000000000000000000e+00 0.000000000000000000e+00 2.775934699457138777e-04 6.077046273276209831e-04 1.025345176458358765e-03 1.920646522194147110e-03 1.189950630068778992e-01 4.875666499137878418e-01 5.795176029205322266e-01 4.600498974323272705e-01 3.358755707740783691e-01 2.778985500335693359e-01 1.846721768379211426e-01 1.296711564064025879e-01 1.000436842441558838e-01 7.798375189304351807e-02 6.639234721660614014e-02 5.307786911725997925e-02 3.934074565768241882e-02 2.735920995473861694e-02 1.788352057337760925e-02 1.233415212482213974e-02 8.075218647718429565e-03 5.619391798973083496e-03 3.311114851385354996e-03 3.086038865149021149e-03 1.397970598191022873e-03 1.472995849326252937e-03 9.028039639815688133e-04 7.427500095218420029e-04 5.351802101358771324e-04 3.451161901466548443e-04 2.950993366539478302e-04 1.723080058582127094e-03 6.668912101304158568e-05 1.374629442580044270e-03 6.944004446268081665e-03 1.753840409219264984e-02 3.157896548509597778e-02 3.731506317853927612e-02 4.074038192629814148e-02 4.315202683210372925e-02 3.958499431610107422e-02 4.111134260892868042e-02 4.346796870231628418e-02 4.534193128347396851e-02 4.265185818076133728e-02 3.929906338453292847e-02 3.714417293667793274e-02 3.700412437319755554e-02 3.718752041459083557e-02 3.670652583241462708e-02 3.719085454940795898e-02 3.843877464532852173e-02 4.247930273413658142e-02 4.866721853613853455e-02 5.463589355349540710e-02 5.084878578782081604e-02 4.172571375966072083e-02 3.573786467313766479e-02 3.409564495086669922e-02 2.934404648840427399e-02 7.725100964307785034e-03 2.209077065344899893e-04 1.367126969853416085e-04 5.435163038782775402e-04
3.251306340098381042e-02 2.025378197431564331e-01 2.455235421657562256e-01 1.032233610749244690e-02 1.179067534394562244e-03 2.720019256230443716e-04 1.538596843602135777e-04 4.187966405879706144e-04 5.955782718956470490e-03 1.452246942790225148e-05 0.000000000000000000e+00 0.000000000000000000e+00 7.849983489904843736e-07 1.255997358384774998e-05 7.849983489904843736e-07 1.766246350598521531e-05 7.849983489904843736e-07 2.394244984316173941e-05 4.286091134417802095e-04 6.240737275220453739e-04 4.257831256836652756e-03 2.354995012865401804e-05 1.422417070716619492e-02 2.636888064444065094e-02 5.030975863337516785e-02 4.381232708692550659e-02 5.516340583562850952e-02 1.255283057689666748e-01 2.367029190063476562e-01 2.270874679088592529e-01 2.099030613899230957e-01 2.077529579401016235e-01 2.131247073411941528e-01 1.846010088920593262e-01 1.667407155036926270e-01 1.253917217254638672e-01 1.394698768854141235e-01 1.049809679388999939e-01 7.953995466232299805e-02 8.678392320871353149e-02 8.091291785240173340e-02 1.144292205572128296e-01 1.428069025278091431e-01 1.267882287502288818e-01 9.319422394037246704e-02 6.263580918312072754e-02 3.244241327047348022e-02 1.505783945322036743e-02 6.655216217041015625e-03 4.648760426789522171e-03 2.206630539149045944e-03 1.645435020327568054e-02 1.727624423801898956e-02 6.162080168724060059e-02 4.972886294126510620e-02 3.968637809157371521e-02 3.348959982395172119e-02 3.500464558601379395e-02 3.691454976797103882e-02 3.350372985005378723e-02 3.039278090000152588e-02 3.757708519697189331e-02 4.865498468279838562e-02 4.249510169029235840e-02 4.324163496494293213e-02 4.209082573652267456e-02 4.448742792010307312e-02 3.293853253126144409e-02 3.381537646055221558e-02 3.330355510115623474e-02 3.390015289187431335e-02 3.419531509280204773e-02 4.088506847620010376e-02 3.927660733461380005e-02 2.723787352442741394e-02 1.927798986434936523e-02 1.649124547839164734e-02 1.659329608082771301e-02 1.365426182746887207e-02 1.569839753210544586e-02 1.604144088923931122e-02 2.226726338267326355e-02 8.254257962107658386e-03 4.709990207629743963e-06
5.027755722403526306e-02 1.324844658374786377e-01 2.915262989699840546e-02 7.846234366297721863e-03 4.280821885913610458e-03 2.889554714784026146e-03 2.555697225034236908e-03 3.635208820924162865e-03 7.223886903375387192e-03 6.816743407398462296e-03 5.697913467884063721e-02 1.553612649440765381e-01 1.464320253580808640e-02 4.692618269473314285e-03 2.843024209141731262e-03 1.031817635521292686e-03 3.827147884294390678e-04 7.840418256819248199e-04 3.706168150529265404e-03 1.241322048008441925e-02 2.127382345497608185e-02 6.655049324035644531e-02 1.331009864807128906e-01 2.124730199575424194e-01 1.906198859214782715e-01 1.981857717037200928e-01 1.901033967733383179e-01 1.636018455028533936e-01 1.534325778484344482e-01 1.349156796932220459e-01 1.459504365921020508e-01 1.427467912435531616e-01 1.212775409221649170e-01 1.038006246089935303e-01 9.083253145217895508e-02 6.990768015384674072e-02 6.544771790504455566e-02 5.915211886167526245e-02 5.407097190618515015e-02 5.707219243049621582e-02 4.903169721364974976e-02 5.699542164802551270e-02 4.422973096370697021e-02 5.298215150833129883e-02 3.138726577162742615e-02 3.951152041554450989e-02 3.424192219972610474e-02 3.382314741611480713e-02 2.565701305866241455e-02 2.770203724503517151e-02 2.604787051677703857e-02 2.038741409778594971e-01 2.910958975553512573e-02 4.377372935414314270e-02 5.650684982538223267e-02 3.432567790150642395e-02 2.679701521992683411e-02 2.610370703041553497e-02 2.588501386344432831e-02 2.340260148048400879e-02 2.355382591485977173e-02 2.351194992661476135e-02 2.306758053600788116e-02 2.464497089385986328e-02 3.335318714380264282e-02 5.053463578224182129e-02 5.988264828920364380e-02 6.946331262588500977e-02 9.230755269527435303e-02 1.326077580451965332e-01 4.755434766411781311e-02 1.825165562331676483e-02 1.396618131548166275e-02 1.451524347066879272e-02 1.613451167941093445e-02 1.843777857720851898e-02 2.088994532823562622e-02 1.964292302727699280e-02 1.413834467530250549e-02 8.924582973122596741e-03 5.130006931722164154e-03 2.787187229841947556e-03 7.235519587993621826e-04 7.212254422483965755e-05
4.940431937575340271e-02 1.807053983211517334e-01 1.266484856605529785e-01 2.105997689068317413e-02 1.266910322010517120e-02 9.229443036019802094e-03 7.724515628069639206e-03 1.026016101241111755e-02 1.658930815756320953e-02 1.803250983357429504e-02 1.728088967502117157e-02 7.290758658200502396e-03 7.436526007950305939e-03 3.367066849023103714e-03 1.496848650276660919e-03 1.172126503661274910e-03 4.565405834000557661e-04 1.097034197300672531e-03 4.554885905236005783e-03 3.524109721183776855e-03 4.252052307128906250e-02 8.115728199481964111e-02 1.161083579063415527e-01 1.443502902984619141e-01 1.646646261215209961e-01 1.627410501241683960e-01 1.589901596307754517e-01 1.478856801986694336e-01 1.481050252914428711e-01 1.215809136629104614e-01 1.093455106019973755e-01 9.928092360496520996e-02 9.339372813701629639e-02 8.602270483970642090e-02 8.351711183786392212e-02 7.578097283840179443e-02 8.157470822334289551e-02 7.791517674922943115e-02 7.424832135438919067e-02 7.907957583665847778e-02 6.979962438344955444e-02 7.135808467864990234e-02 7.651329785585403442e-02 8.747655153274536133e-02 8.151262998580932617e-02 8.258008956909179688e-02 7.791028916835784912e-02 7.340928167104721069e-02 6.209661066532135010e-02 5.154903978109359741e-02 3.738657757639884949e-02 8.014527708292007446e-02 1.420338172465562820e-02 2.465598098933696747e-02 3.176941350102424622e-02 4.538042470812797546e-02 5.923984572291374207e-02 6.553365290164947510e-02 6.589911878108978271e-02 6.541241705417633057e-02 6.209312379360198975e-02 6.193247810006141663e-02 6.205894798040390015e-02 6.040691584348678589e-02 5.303217470645904541e-02 4.711557179689407349e-02 4.109586030244827271e-02 3.528468683362007141e-02 2.944317832589149475e-02 2.404431626200675964e-02 2.064284123480319977e-02 1.681720092892646790e-02 1.358834467828273773e-02 1.241918280720710754e-02 1.208359189331531525e-02 1.190690416842699051e-02 1.123025920242071152e-02 1.045108865946531296e-02 9.898008778691291809e-03 8.370356634259223938e-03 6.677523721009492874e-03 5.283665377646684647e-03 4.042549058794975281e-03 7.986989803612232208e-03
1.673583537340164185e-01 2.008221894502639771e-01 1.028466969728469849e-01 1.284353248775005341e-02 2.517555607482790947e-03 9.434791281819343567e-04 5.097511893836781383e-05 9.491918899584561586e-05 2.408134983852505684e-03 8.481205441057682037e-05 6.943162588868290186e-05 1.335899723926559091e-04 1.141666900366544724e-03 1.643508148845285177e-04 4.086798435309901834e-05 2.944252628367394209e-05 0.000000000000000000e+00 5.273288024909561500e-06 4.003304638899862766e-04 8.044401183724403381e-03 3.045323770493268967e-03 9.280986851081252098e-04 3.657025285065174103e-03 8.040709793567657471e-02 3.719039261341094971e-01 3.497244715690612793e-01 1.434176117181777954e-01 6.011284887790679932e-02 3.749571368098258972e-02 4.194637015461921692e-02 5.511904507875442505e-02 6.709732115268707275e-02 7.623592764139175415e-02 7.068842649459838867e-02 8.325731009244918823e-02 1.022411435842514038e-01 1.052284687757492065e-01 8.735992759466171265e-02 9.929601848125457764e-02 1.242307573556900024e-01 1.206132844090461731e-01 1.379465758800506592e-01 1.479420959949493408e-01 1.366599053144454956e-01 1.361747533082962036e-01 1.495820879936218262e-01 1.165765821933746338e-01 4.584332928061485291e-02 1.810847222805023193e-02 7.791283540427684784e-03 2.119862008839845657e-03 1.724892482161521912e-02 3.366115503013134003e-03 3.516228497028350830e-02 3.870330005884170532e-02 2.805477194488048553e-02 3.295101970434188843e-02 3.692883625626564026e-02 4.579323530197143555e-02 6.420667469501495361e-02 7.093275338411331177e-02 4.708431288599967957e-02 4.398098215460777283e-02 3.763281926512718201e-02 3.044708631932735443e-02 2.988284453749656677e-02 2.709591202437877655e-02 2.795897424221038818e-02 2.718731574714183807e-02 2.862868085503578186e-02 2.766454778611660004e-02 2.917446754872798920e-02 3.560436144471168518e-02 4.150077700614929199e-02 5.374974757432937622e-02 6.184512376785278320e-02 5.733733996748924255e-02 1.670489832758903503e-02 1.085506379604339600e-02 4.978863056749105453e-03 3.757217898964881897e-03 5.334810120984911919e-04 7.997820648597553372e-05 2.162048185709863901e-04
1.354588847607374191e-02 3.463831841945648193e-01 1.227333173155784607e-01 4.213391337543725967e-03 1.365766278468072414e-03 1.070258091203868389e-03 1.357611035928130150e-04 5.996515392325818539e-05 1.351374667137861252e-03 5.564766252064146101e-05 8.634982077637687325e-05 2.302661960129626095e-05 1.363847404718399048e-03 2.179853152483701706e-03 8.092896896414458752e-04 1.073616091161966324e-03 4.941128645441494882e-05 2.556914114393293858e-04 2.238379325717687607e-03 1.005975413136184216e-03 2.326552011072635651e-02 3.557612653821706772e-03 1.258116774260997772e-02 4.286117106676101685e-02 3.930816650390625000e-01 4.375690817832946777e-01 1.311912834644317627e-01 8.078601211309432983e-02 1.034787446260452271e-01 2.687839567661285400e-01 7.392379641532897949e-01 4.581750333309173584e-01 1.172083616256713867e-01 3.151768445968627930e-02 1.834070309996604919e-02 1.288627088069915771e-02 2.066639065742492676e-02 1.248618401587009430e-02 1.003960613161325455e-02 1.113624870777130127e-02 6.148107349872589111e-03 8.888274431228637695e-03 5.267339292913675308e-03 5.978285335004329681e-03 2.507023047655820847e-03 3.048148471862077713e-03 3.367642872035503387e-03 2.550197998061776161e-03 1.819103024899959564e-03 1.983167603611946106e-03 7.541217491962015629e-04 2.883796393871307373e-02 2.066734991967678070e-02 2.256320789456367493e-02 1.379582285881042480e-02 1.006167288869619370e-02 8.772182278335094452e-03 6.727610249072313309e-03 6.350549403578042984e-03 7.574798073619604111e-03 9.186661802232265472e-03 8.720372803509235382e-03 8.137990720570087433e-03 8.470917120575904846e-03 9.351685643196105957e-03 1.156607829034328461e-02 1.580969244241714478e-02 2.819033712148666382e-02 1.295727025717496872e-02 1.126577332615852356e-02 1.329691335558891296e-02 1.805286854505538940e-02 3.250111266970634460e-02 6.353715807199478149e-02 1.303843855857849121e-01 1.371810883283615112e-01 1.154669821262359619e-01 1.355797648429870605e-01 9.408196806907653809e-02 3.420891985297203064e-02 4.209074191749095917e-03 9.527263464406132698e-04 3.530748072080314159e-04 2.398606193310115486e-05
7.057131081819534302e-02 2.617176771163940430e-01 2.116638049483299255e-02 1.631103083491325378e-02 8.646731264889240265e-03 6.280208006501197815e-03 4.893443081527948380e-03 6.884369999170303345e-03 1.491223648190498352e-02 2.596157975494861603e-02 3.892833366990089417e-02 4.636139608919620514e-03 2.073130337521433830e-03 1.154857920482754707e-03 9.643865632824599743e-04 8.668117225170135498e-04 6.088400259613990784e-04 1.355354092083871365e-03 4.487772472202777863e-03 7.579423021525144577e-03 1.455602142959833145e-02 2.548707090318202972e-02 5.893384292721748352e-02 1.119169592857360840e-01 1.276519000530242920e-01 1.535800546407699585e-01 2.989437878131866455e-01 3.010169267654418945e-01 2.367538958787918091e-01 1.381899714469909668e-01 1.139660328626632690e-01 1.133204251527786255e-01 1.050760298967361450e-01 7.631686329841613770e-02 4.769402742385864258e-02 2.444850280880928040e-02 2.372671477496623993e-02 2.413572743535041809e-02 2.481340616941452026e-02 3.315805643796920776e-02 4.370816424489021301e-02 5.794739723205566406e-02 7.322921603918075562e-02 9.649880230426788330e-02 1.229442507028579712e-01 1.406360268592834473e-01 1.314733475446701050e-01 1.067040562629699707e-01 7.363422214984893799e-02 4.335127770900726318e-02 2.259992808103561401e-02 3.358711674809455872e-02 6.723304744809865952e-03 9.554310701787471771e-03 1.147105358541011810e-02 1.502785552293062210e-02 1.885332167148590088e-02 2.297953329980373383e-02 2.722470462322235107e-02 3.965413197875022888e-02 5.132835358381271362e-02 7.229357212781906128e-02 8.325269073247909546e-02 8.666647225618362427e-02 9.027807414531707764e-02 8.407472074031829834e-02 8.468155562877655029e-02 6.508105248212814331e-02 3.283458948135375977e-02 2.137556485831737518e-02 1.649281382560729980e-02 7.799300830811262131e-03 3.796060569584369659e-03 7.093554362654685974e-03 2.496444620192050934e-02 3.551722690463066101e-02 3.439712151885032654e-02 3.933066502213478088e-02 7.064147852361202240e-03 1.857931056292727590e-04 4.009923031844664365e-06 0.000000000000000000e+00 0.000000000000000000e+00 0.000000000000000000e+00
1.027754619717597961e-01 3.747707903385162354e-01 1.590755768120288849e-02 5.369334015995264053e-03 1.319758739555254579e-04 2.183059405069798231e-05 8.930697731557302177e-06 0.000000000000000000e+00 3.274589107604697347e-05 2.976899168061208911e-06 0.000000000000000000e+00 0.000000000000000000e+00 9.922997605826822110e-07 7.739938155282288790e-05 6.946098437765613198e-06 1.141144748544320464e-04 0.000000000000000000e+00 9.922997378453146666e-06 4.078352067153900862e-04 3.611971042118966579e-04 1.804000930860638618e-03 5.715646548196673393e-04 2.202905481681227684e-03 1.007978059351444244e-02 1.829006895422935486e-02 2.438080497086048126e-02 1.717670820653438568e-02 1.261014584451913834e-02 1.718861609697341919e-02 3.007263690233230591e-02 6.271135807037353516e-02 1.302810162305831909e-01 2.808823585510253906e-01 4.785841703414916992e-01 6.086270809173583984e-01 6.277565956115722656e-01 3.892533779144287109e-01 1.679626107215881348e-01 5.685282498598098755e-02 2.277923375368118286e-02 9.722553193569183350e-03 6.430102512240409851e-03 3.036437323316931725e-03 3.030483378097414970e-03 1.160990679636597633e-03 1.422957750037312508e-03 1.172898337244987488e-03 1.107406453229486942e-03 6.668254500254988670e-04 6.489640800282359123e-04 1.190759649034589529e-04 1.141343172639608383e-02 5.354449618607759476e-03 3.998967818915843964e-03 4.139874596148729324e-03 3.979121800512075424e-03 5.618401337414979935e-03 1.263197604566812515e-02 5.224061384797096252e-02 1.132035404443740845e-01 1.624295413494110107e-01 1.791914701461791992e-01 1.171171739697456360e-01 8.586766570806503296e-02 6.751210242509841919e-02 4.853735119104385376e-02 3.749305382370948792e-02 3.567317500710487366e-02 3.198976069688796997e-02 1.755576767027378082e-02 6.989759393036365509e-03 3.375803818926215172e-03 1.561879762448370457e-03 5.021036486141383648e-04 6.529332604259252548e-04 4.247042816132307053e-04 6.311026518233120441e-04 8.275780128315091133e-04 2.540287387091666460e-04 1.627371530048549175e-04 6.549178215209394693e-05 1.587679616932291538e-05 1.984599521165364422e-06 0.000000000000000000e+00
9.315841831266880035e-03 4.623587131500244141e-01 1.791354641318321228e-02 6.855453830212354660e-03 2.199483336880803108e-03 9.924762416630983353e-04 2.015290228882804513e-04 1.547222782392054796e-04 8.234519555117003620e-06 0.000000000000000000e+00 0.000000000000000000e+00 0.000000000000000000e+00 0.000000000000000000e+00 0.000000000000000000e+00 0.000000000000000000e+00 0.000000000000000000e+00 0.000000000000000000e+00 0.000000000000000000e+00 0.000000000000000000e+00 0.000000000000000000e+00 0.000000000000000000e+00 1.534220937173813581e-04 2.348138019442558289e-03 1.208914071321487427e-02 5.283180624246597290e-02 1.310380697250366211e-01 1.955637633800506592e-01 2.187851071357727051e-01 2.068935930728912354e-01 1.840389072895050049e-01 1.576060950756072998e-01 1.359293758869171143e-01 1.204883456230163574e-01 1.099100261926651001e-01 1.012949869036674500e-01 9.781048446893692017e-02 9.246411919593811035e-02 9.221968054771423340e-02 9.308040142059326172e-02 9.696795791387557983e-02 1.008269190788269043e-01 1.139640063047409058e-01 1.231485307216644287e-01 1.306922137737274170e-01 1.074344739317893982e-01 9.483305364847183228e-02 7.115405052900314331e-02 5.155502259731292725e-02 3.524807840585708618e-02 2.215779013931751251e-02 1.598190143704414368e-02 3.149053454399108887e-02 9.534705895930528641e-06 8.927952148951590061e-05 3.621454816311597824e-03 2.018757350742816925e-02 4.316274821758270264e-02 6.197299063205718994e-02 5.214270949363708496e-02 6.104725599288940430e-02 6.109666451811790466e-02 5.469627678394317627e-02 4.903612658381462097e-02 4.357360675930976868e-02 4.222748056054115295e-02 3.936620056629180908e-02 3.421226143836975098e-02 3.018428012728691101e-02 2.922214195132255554e-02 2.990777418017387390e-02 3.098952956497669220e-02 3.205568343400955200e-02 3.255408629775047302e-02 3.304295986890792847e-02 3.280892595648765564e-02 3.197767212986946106e-02 3.069481998682022095e-02 2.852437458932399750e-02 2.527650631964206696e-02 2.119651809334754944e-02 1.678108237683773041e-02 1.259534712880849838e-02 8.914950303733348846e-03 6.831183563917875290e-03
3.379007056355476379e-02 6.881412863731384277e-02 1.383090466260910034e-01 1.156269479542970657e-02 8.817304857075214386e-03 9.070426225662231445e-03 4.183687735348939896e-03 3.907256294041872025e-03 6.439163349568843842e-03 3.722333814948797226e-03 1.346771232783794403e-02 7.368921488523483276e-02 5.720972269773483276e-02 2.420174703001976013e-02 1.441765297204256058e-02 7.403182797133922577e-03 3.894100897014141083e-03 5.468508228659629822e-03 6.641337182372808456e-03 4.990710411220788956e-03 3.452780097723007202e-02 2.026466131210327148e-01 3.129290938377380371e-01 2.586373984813690186e-01 1.969324350357055664e-01 1.964581608772277832e-01 1.900079548358917236e-01 1.552734971046447754e-01 1.389025896787643433e-01 1.317679882049560547e-01 1.345953047275543213e-01 1.327608525753021240e-01 1.295336782932281494e-01 1.331766247749328613e-01 1.261084973812103271e-01 9.795056283473968506e-02 9.763310849666595459e-02 8.998510986566543579e-02 5.934362858533859253e-02 3.704354912042617798e-02 2.726372703909873962e-02 2.290175110101699829e-02 1.940905675292015076e-02 1.897355169057846069e-02 1.802222430706024170e-02 1.352350600063800812e-02 7.878556847572326660e-03 4.238731693476438522e-03 2.382468897849321365e-03 1.416257000528275967e-03 8.405456319451332092e-04 6.935193669050931931e-03 4.688892047852277756e-03 5.308915395289659500e-03 1.049643382430076599e-02 2.181945182383060455e-02 3.914180025458335876e-02 4.773442819714546204e-02 3.377368673682212830e-02 2.397482097148895264e-02 2.136594429612159729e-02 2.324678562581539154e-02 2.372037246823310852e-02 2.531722374260425568e-02 3.277723863720893860e-02 3.959288075566291809e-02 4.038784652948379517e-02 3.537180647253990173e-02 3.911548852920532227e-02 5.363809317350387573e-02 6.527891010046005249e-02 6.263022124767303467e-02 5.747167021036148071e-02 6.952121853828430176e-02 6.305857747793197632e-02 4.326778650283813477e-02 2.900817058980464935e-02 1.831590943038463593e-02 1.431904733180999756e-02 1.181056536734104156e-02 9.523183107376098633e-03 7.625724188983440399e-03 6.795795168727636337e-03 1.990110613405704498e-02
6.546258181333541870e-02 3.832656145095825195e-01 4.112545773386955261e-02 3.772382857277989388e-03 2.948232227936387062e-03 2.203856711275875568e-04 7.116620690794661641e-05 1.463498629163950682e-04 4.137970681767910719e-04 1.647153403609991074e-04 6.772267806809395552e-05 7.747933705104514956e-05 8.551423525204882026e-05 6.829660560470074415e-05 2.869605123123619705e-05 4.820936737814918160e-05 7.460973392880987376e-06 3.558310345397330821e-05 3.696051426231861115e-04 1.620752969756722450e-03 2.961432561278343201e-03 3.791322465986013412e-03 5.327134858816862106e-03 4.248622804880142212e-02 2.653443515300750732e-01 5.678409337997436523e-01 2.662740945816040039e-01 1.097279638051986694e-01 7.492079585790634155e-02 5.968319624662399292e-02 5.519627779722213745e-02 5.983126536011695862e-02 8.004476875066757202e-02 1.025757491588592529e-01 1.230165362358093262e-01 1.387534439563751221e-01 1.383264511823654175e-01 1.204304397106170654e-01 1.044008284807205200e-01 8.796142786741256714e-02 7.751032710075378418e-02 7.086776942014694214e-02 6.147382780909538269e-02 5.584022402763366699e-02 5.162534117698669434e-02 5.407369136810302734e-02 5.112259089946746826e-02 4.660812765359878540e-02 3.996556624770164490e-02 3.036845661699771881e-02 1.909435167908668518e-02 3.255509585142135620e-02 5.704775103367865086e-04 6.439393851906061172e-03 1.078168023377656937e-02 1.133264508098363876e-02 1.844352670013904572e-02 2.289141342043876648e-02 1.814967952668666840e-02 2.176652848720550537e-02 2.798898145556449890e-02 2.932277321815490723e-02 3.290404006838798523e-02 3.081611543893814087e-02 2.607323229312896729e-02 2.539830096065998077e-02 2.629476599395275116e-02 2.758264541625976562e-02 3.125000000000000000e-02 4.699265211820602417e-02 5.587350949645042419e-02 6.737603247165679932e-02 6.328167766332626343e-02 7.086547464132308960e-02 8.549701422452926636e-02 7.973599433898925781e-02 5.761937424540519714e-02 3.948232159018516541e-02 2.463613450527191162e-02 1.685606129467487335e-02 1.303374674171209335e-02 6.248852238059043884e-03 2.832874190062284470e-03 1.662075286731123924e-03
2.998416125774383545e-02 1.203394457697868347e-01 1.767246276140213013e-01 2.087749540805816650e-02 1.078249141573905945e-02 7.340942975133657455e-03 6.047307047992944717e-03 8.828206919133663177e-03 2.409885078668594360e-02 1.707648858428001404e-02 1.988813094794750214e-02 4.178360849618911743e-02 7.954142987728118896e-03 1.465559471398591995e-03 5.960831767879426479e-04 4.952981835231184959e-04 2.619589213281869888e-04 5.600689910352230072e-04 2.295598154887557030e-03 2.599528059363365173e-03 5.442350357770919800e-02 1.119025945663452148e-01 1.291898339986801147e-01 1.277750134468078613e-01 1.284861266613006592e-01 1.234648078680038452e-01 1.050774306058883667e-01 7.748547196388244629e-02 6.899036467075347900e-02 6.024630367755889893e-02 5.653547495603561401e-02 4.889114201068878174e-02 4.983271658420562744e-02 5.188840627670288086e-02 5.401187390089035034e-02 5.593158304691314697e-02 6.236895173788070679e-02 6.449447572231292725e-02 6.842632591724395752e-02 7.434484362602233887e-02 7.455147802829742432e-02 7.950747758150100708e-02 7.999099791049957275e-02 8.609232306480407715e-02 8.377043157815933228e-02 9.181816875934600830e-02 9.667393565177917480e-02 1.016052737832069397e-01 1.049348786473274231e-01 1.079399436712265015e-01 1.005692183971405029e-01 4.187785983085632324e-01 1.786003820598125458e-02 2.651467919349670410e-02 2.320807985961437225e-02 2.397136203944683075e-02 2.604101598262786865e-02 3.102343901991844177e-02 3.859135508537292480e-02 4.637425765395164490e-02 4.893469065427780151e-02 4.675165563821792603e-02 4.427968338131904602e-02 4.078383743762969971e-02 3.655908256769180298e-02 3.409026190638542175e-02 3.299326449632644653e-02 3.282168507575988770e-02 3.325700387358665466e-02 3.738426044583320618e-02 4.393775388598442078e-02 4.959650337696075439e-02 5.179145559668540955e-02 4.802557080984115601e-02 4.130994901061058044e-02 3.200431168079376221e-02 2.447583526372909546e-02 2.012277208268642426e-02 1.512761320918798447e-02 1.161821279674768448e-02 8.867712691426277161e-03 7.457544095814228058e-03 6.614565383642911911e-03 1.761054061353206635e-02
6.828037090599536896e-03 4.757705628871917725e-01 8.733282797038555145e-03 9.884686442092061043e-04 5.670116515830159187e-04 5.670116515830159187e-04 5.105277523398399353e-04 5.952536012046039104e-04 9.428469347767531872e-04 2.711228094995021820e-03 2.237632143078371882e-04 8.907079609343782067e-05 9.949859231710433960e-04 1.325199700659140944e-04 5.648392107104882598e-05 4.127671127207577229e-05 2.824196053552441299e-05 4.996654388378374279e-05 6.951866816962137818e-05 9.993308776756748557e-05 3.649730060715228319e-04 3.584556514397263527e-03 5.513699259608983994e-03 1.085794717073440552e-02 3.915639221668243408e-02 2.517531514167785645e-01 1.180583477020263672e+00 8.949398994445800781e-01 3.021585643291473389e-01 9.962459653615951538e-02 4.936259984970092773e-02 3.246956318616867065e-02 2.441408671438694000e-02 1.758387871086597443e-02 1.777939870953559875e-02 1.423394866287708282e-02 1.046690531075000763e-02 7.742641959339380264e-03 6.217576563358306885e-03 5.292108748108148575e-03 4.575197584927082062e-03 6.400062236934900284e-03 7.390703074634075165e-03 4.275398328900337219e-03 2.033421071246266365e-03 7.429808028973639011e-04 3.519382444210350513e-04 1.303475073655135930e-05 1.303475073655135930e-05 5.213900294620543718e-05 0.000000000000000000e+00 5.213900294620543718e-05 8.689833521202672273e-06 0.000000000000000000e+00 4.344916760601336136e-06 3.475933408481068909e-05 2.693848509807139635e-04 5.822188686579465866e-04 1.264370861463248730e-03 2.689503598958253860e-03 3.458553925156593323e-03 4.614301957190036774e-03 5.400731693953275681e-03 6.960556842386722565e-03 9.623991325497627258e-03 1.256984472274780273e-02 1.160092838108539581e-02 1.097091473639011383e-02 1.416008453816175461e-02 1.690172590315341949e-02 1.979544200003147125e-02 2.279777824878692627e-02 3.714469447731971741e-02 6.224093586206436157e-02 8.961390703916549683e-02 1.586807072162628174e-01 2.595044970512390137e-01 1.507381945848464966e-01 6.239300593733787537e-02 2.840272150933742523e-02 6.347923539578914642e-03 1.099264016374945641e-03 1.260025892406702042e-04 0.000000000000000000e+00
9.322627447545528412e-03 2.081193178892135620e-01 2.297505140304565430e-01 2.241051383316516876e-02 6.092266645282506943e-03 2.190662315115332603e-03 2.553644881118088961e-04 6.306590512394905090e-04 3.263649297878146172e-03 1.073442865163087845e-03 2.747448161244392395e-03 8.569302037358283997e-03 2.580549335107207298e-03 9.115599677897989750e-04 5.526816821657121181e-04 3.014212998095899820e-04 1.026017998810857534e-04 1.956274354597553611e-04 5.006967694498598576e-04 4.291035293135792017e-04 6.353376805782318115e-02 1.768170893192291260e-01 2.301946580410003662e-01 4.564412236213684082e-01 4.558447301387786865e-01 4.142212271690368652e-01 2.451964169740676880e-01 1.514457166194915771e-01 1.259566992521286011e-01 1.012419760227203369e-01 8.579425513744354248e-02 7.895687222480773926e-02 7.616336643695831299e-02 6.833827495574951172e-02 5.551715195178985596e-02 4.329522326588630676e-02 3.594346344470977783e-02 2.867378294467926025e-02 2.168318070471286774e-02 1.616730913519859314e-02 1.394563540816307068e-02 1.334370672702789307e-02 1.171849388629198074e-02 1.093324739485979080e-02 8.440707810223102570e-03 5.379070527851581573e-03 2.544524613767862320e-03 1.119043678045272827e-03 5.417375359684228897e-04 2.653966657817363739e-04 1.121779641835018992e-04 2.298280305694788694e-04 2.371241498622111976e-05 4.377676668809726834e-05 5.563297308981418610e-04 1.420920947566628456e-03 6.043930072337388992e-03 1.754353940486907959e-02 3.408842161297798157e-02 4.386340826749801636e-02 5.459692701697349548e-02 5.511403828859329224e-02 5.977991223335266113e-02 5.923999845981597900e-02 4.705728963017463684e-02 4.534634575247764587e-02 5.199676752090454102e-02 7.051434367895126343e-02 7.716293632984161377e-02 6.355930864810943604e-02 4.911023750901222229e-02 5.929471924901008606e-02 7.972478866577148438e-02 5.249837785959243774e-02 3.527313098311424255e-02 2.940521948039531708e-02 5.794949829578399658e-03 8.463508565910160542e-04 9.940974268829450011e-05 9.120159916164993774e-07 0.000000000000000000e+00 0.000000000000000000e+00 0.000000000000000000e+00 0.000000000000000000e+00
4.903712496161460876e-02 6.989106535911560059e-02 3.779569268226623535e-02 1.792635582387447357e-02 7.167545612901449203e-03 8.463073521852493286e-03 1.069075707346200943e-02 5.536616966128349304e-02 9.455853700637817383e-02 4.449684917926788330e-02 2.642002329230308533e-02 1.677817478775978088e-02 9.171087294816970825e-03 4.042670596390962601e-03 2.084706909954547882e-03 2.812699880450963974e-03 2.805831842124462128e-03 8.954437449574470520e-03 1.443061698228120804e-02 1.710658334195613861e-02 9.102658182382583618e-02 3.447539731860160828e-02 5.777616053819656372e-02 7.238221913576126099e-02 8.335830271244049072e-02 7.207129895687103271e-02 7.437515258789062500e-02 6.408835202455520630e-02 8.045507967472076416e-02 7.312020659446716309e-02 8.690961450338363647e-02 7.156182825565338135e-02 1.012759208679199219e-01 7.424777746200561523e-02 6.687919795513153076e-02 6.359386444091796875e-02 9.495250135660171509e-02 5.455826222896575928e-02 4.242088273167610168e-02 5.702319368720054626e-02 5.080091580748558044e-02 6.490874290466308594e-02 5.600051209330558777e-02 6.662071496248245239e-02 6.866983324289321899e-02 9.639848768711090088e-02 1.224039494991302490e-01 1.089554280042648315e-01 1.259065568447113037e-01 1.616743654012680054e-01 1.946812868118286133e-01 4.664274454116821289e-01 7.380948960781097412e-02 6.653205305337905884e-02 4.747312888503074646e-02 4.409538954496383667e-02 5.586564913392066956e-02 4.583108425140380859e-02 2.745769359171390533e-02 2.050991915166378021e-02 1.894904300570487976e-02 1.873051933944225311e-02 1.826475374400615692e-02 1.831720024347305298e-02 1.846454665064811707e-02 1.918130181729793549e-02 1.926496438682079315e-02 1.936860755085945129e-02 1.956839859485626221e-02 2.184228412806987762e-02 2.612907625734806061e-02 3.301441669464111328e-02 4.558758810162544250e-02 4.742318019270896912e-02 5.008166655898094177e-02 2.731034718453884125e-02 2.334447205066680908e-02 2.271137945353984833e-02 1.929992809891700745e-02 1.809493079781532288e-02 1.753676123917102814e-02 1.735570095479488373e-02 2.185726910829544067e-02 5.672725290060043335e-02
2.481594947312260047e-06 2.253875434398651123e-01 2.742377221584320068e-01 3.722392139025032520e-04 0.000000000000000000e+00 0.000000000000000000e+00 0.000000000000000000e+00 0.000000000000000000e+00 0.000000000000000000e+00 0.000000000000000000e+00 0.000000000000000000e+00 0.000000000000000000e+00 0.000000000000000000e+00 0.000000000000000000e+00 0.000000000000000000e+00 0.000000000000000000e+00 0.000000000000000000e+00 0.000000000000000000e+00 0.000000000000000000e+00 0.000000000000000000e+00 2.481594947312260047e-06 1.389693061355501413e-04 3.864091634750366211e-02 2.100322544574737549e-01 3.705393373966217041e-01 2.211498022079467773e-01 1.609760969877243042e-01 1.203077137470245361e-01 1.261717230081558228e-01 9.276697784662246704e-02 6.158325821161270142e-02 4.675572738051414490e-02 4.184217005968093872e-02 8.657043427228927612e-02 1.135900467634201050e-01 1.966763138771057129e-01 3.348813056945800781e-01 3.337968587875366211e-01 2.936247587203979492e-01 1.133666932582855225e-01 2.225742489099502563e-02 5.859045311808586121e-03 3.305484075099229813e-03 2.052278956398367882e-03 1.081975409761071205e-03 7.097361376509070396e-04 5.037637311033904552e-04 3.796840319409966469e-04 1.513772876933217049e-04 1.340061280643567443e-04 7.941103831399232149e-05 7.196624937932938337e-05 2.481594947312260047e-06 5.790388058812823147e-06 3.308793111500563100e-06 4.135991275688866153e-06 6.617586223001126200e-06 1.902555959532037377e-05 4.582678375300019979e-04 3.332781838253140450e-03 9.362230077385902405e-03 2.106625773012638092e-02 2.500951290130615234e-02 2.086359448730945587e-02 1.806518249213695526e-02 2.005790360271930695e-02 1.913888566195964813e-02 1.468359678983688354e-02 1.094796881079673767e-02 1.590040512382984161e-02 2.728017233312129974e-02 5.120274797081947327e-02 8.624452352523803711e-02 1.147522553801536560e-01 1.282422095537185669e-01 1.678310930728912354e-01 7.244023680686950684e-02 9.233848750591278076e-02 5.144759640097618103e-02 1.580610498785972595e-02 7.644966710358858109e-03 4.676152020692825317e-03 1.070394529961049557e-03 9.512780525255948305e-05
8.238154649734497070e-02 9.421824663877487183e-02 3.207972645759582520e-01 1.869700150564312935e-03 3.420316497795283794e-04 2.141795557690784335e-04 1.529853943793568760e-05 0.000000000000000000e+00 0.000000000000000000e+00 0.000000000000000000e+00 0.000000000000000000e+00 0.000000000000000000e+00 0.000000000000000000e+00 0.000000000000000000e+00 0.000000000000000000e+00 0.000000000000000000e+00 0.000000000000000000e+00 0.000000000000000000e+00 1.420578701072372496e-05 1.475216413382440805e-04 0.000000000000000000e+00 1.442433800548315048e-03 4.038814455270767212e-03 1.314581651240587234e-02 1.898767426609992981e-02 2.675780057907104492e-01 4.615132808685302734e-01 4.911290109157562256e-01 4.543273150920867920e-01 2.588053941726684570e-01 1.267112493515014648e-01 4.748885333538055420e-02 2.833726629614830017e-02 2.281668037176132202e-02 2.067925408482551575e-02 2.386572211980819702e-02 2.947154641151428223e-02 3.787044435739517212e-02 4.981641471385955811e-02 6.746000051498413086e-02 8.842775225639343262e-02 1.259441375732421875e-01 1.389129310846328735e-01 1.139850541949272156e-01 5.843168497085571289e-02 2.890768274664878845e-02 8.287437260150909424e-03 2.845528535544872284e-03 1.357199042104184628e-03 7.277734111994504929e-04 4.523996904026716948e-04 6.235248409211635590e-03 3.518664161674678326e-04 1.735291560180485249e-03 1.053195167332887650e-02 1.872759871184825897e-02 4.946236684918403625e-02 2.792639285326004028e-02 6.970233470201492310e-02 7.656481862068176270e-02 4.418655484914779663e-02 2.738875709474086761e-02 2.811653167009353638e-02 4.061543941497802734e-02 5.762523040175437927e-02 5.258108302950859070e-02 3.832284361124038696e-02 2.526881732046604156e-02 2.423070184886455536e-02 1.731357723474502563e-02 6.612466275691986084e-02 6.898767501115798950e-02 1.003387570381164551e-01 1.231182813644409180e-01 2.171081304550170898e-02 1.486143912188708782e-03 2.316636033356189728e-03 2.843342954292893410e-03 1.481772866100072861e-03 6.010140641592442989e-04 3.103418275713920593e-04 2.841157402144744992e-05 0.000000000000000000e+00 0.000000000000000000e+00
6.774015724658966064e-02 1.504832208156585693e-01 1.808765083551406860e-01 5.334189906716346741e-02 1.389888115227222443e-02 3.343970049172639847e-03 9.448818746022880077e-04 9.212598670274019241e-04 3.667219309136271477e-03 2.975963521748781204e-03 1.781185274012386799e-03 1.930791535414755344e-03 2.735184389166533947e-04 5.685868090949952602e-04 2.726895909290760756e-04 1.458765007555484772e-03 6.406962056644260883e-04 1.535847550258040428e-03 5.956485867500305176e-03 7.387484423816204071e-03 2.666431665420532227e-01 9.155656397342681885e-02 2.565304636955261230e-01 2.713725566864013672e-01 2.741127312183380127e-01 3.135018646717071533e-01 3.536692857742309570e-01 2.429763674736022949e-01 1.678383797407150269e-01 1.362420320510864258e-01 1.106058806180953979e-01 9.555491805076599121e-02 8.036966621875762939e-02 6.857853382825851440e-02 5.902776494622230530e-02 4.782594367861747742e-02 3.771073371171951294e-02 3.214338794350624084e-02 2.627517655491828918e-02 2.001906372606754303e-02 1.529216766357421875e-02 9.988396428525447845e-03 5.917944014072418213e-03 4.453377332538366318e-03 2.528802491724491119e-03 2.133443951606750488e-03 1.651056809350848198e-03 1.352673047222197056e-03 8.926647715270519257e-04 7.061748765408992767e-04 6.390385096892714500e-04 1.889763865619897842e-03 2.320762541785370559e-05 7.252382929436862469e-04 1.193617936223745346e-02 3.141897916793823242e-02 3.649067506194114685e-02 4.148860275745391846e-02 3.895151242613792419e-02 3.375051915645599365e-02 3.042934089899063110e-02 2.879734709858894348e-02 2.282387018203735352e-02 2.171404846012592316e-02 2.139825932681560516e-02 2.331371791660785675e-02 2.009117230772972107e-02 2.009365893900394440e-02 1.863240823149681091e-02 1.798425242304801941e-02 1.722171530127525330e-02 1.156817283481359482e-02 1.588644832372665405e-02 3.354993835091590881e-02 4.612101241946220398e-02 2.548528835177421570e-02 1.653791964054107666e-02 2.227351814508438110e-02 2.529631182551383972e-02 2.951595559716224670e-02 3.359884023666381836e-02 3.272026404738426208e-02 5.341152101755142212e-02 2.167501002550125122e-01
4.098315164446830750e-02 1.580234766006469727e-01 1.720908582210540771e-01 3.202012926340103149e-02 1.613614521920681000e-02 8.861087262630462646e-03 4.543273709714412689e-03 5.547722335904836655e-03 9.514397010207176208e-03 5.819012410938739777e-03 1.217315997928380966e-02 1.683706790208816528e-02 8.744205348193645477e-03 2.170195337384939194e-03 1.058399328030645847e-03 6.319021922536194324e-04 2.564642054494470358e-04 4.527648270595818758e-04 1.932862796820700169e-03 2.203722018748521805e-03 3.849768266081809998e-02 1.104644089937210083e-01 1.750166118144989014e-01 1.663076579570770264e-01 1.457623541355133057e-01 1.357844173908233643e-01 1.348358243703842163e-01 1.264177262783050537e-01 1.276619583368301392e-01 1.197081804275512695e-01 1.138180643320083618e-01 1.038663387298583984e-01 1.020662337541580200e-01 9.579002112150192261e-02 9.706822782754898071e-02 9.552279114723205566e-02 9.700731933116912842e-02 9.697005152702331543e-02 1.006846874952316284e-01 1.132134720683097839e-01 1.232308968901634216e-01 1.248036324977874756e-01 1.022496744990348816e-01 7.758851349353790283e-02 5.929176509380340576e-02 4.559181630611419678e-02 3.464647382497787476e-02 2.590060979127883911e-02 2.109047397971153259e-02 1.925308629870414734e-02 1.655495166778564453e-02 5.333409458398818970e-02 5.311005283147096634e-03 1.013221219182014465e-02 1.433049887418746948e-02 2.245418168604373932e-02 3.258061036467552185e-02 4.118671268224716187e-02 4.798507317900657654e-02 5.600405484437942505e-02 5.847088620066642761e-02 6.105902791023254395e-02 6.285285949707031250e-02 5.828325822949409485e-02 5.144860222935676575e-02 4.860897734761238098e-02 4.678192362189292908e-02 4.374827817082405090e-02 3.894884884357452393e-02 3.545837476849555969e-02 3.261579945683479309e-02 2.893905341625213623e-02 2.508267946541309357e-02 2.243535779416561127e-02 2.013708464801311493e-02 1.809324510395526886e-02 1.854871585965156555e-02 1.698975451290607452e-02 1.578512787818908691e-02 1.430429238826036453e-02 1.333441585302352905e-02 8.253853768110275269e-03 6.576901301741600037e-03 2.325833216309547424e-02
7.565815001726150513e-02 3.335073888301849365e-01 1.872899010777473450e-02 3.415020182728767395e-03 2.860694890841841698e-03 2.413161564618349075e-03 3.300236770883202553e-03 5.237765144556760788e-03 7.299744058400392532e-03 6.845185998827219009e-03 1.582923904061317444e-02 1.989422552287578583e-02 8.319068583659827709e-04 8.571064099669456482e-04 1.803281193133443594e-04 2.900202234741300344e-04 4.047393304063007236e-05 1.179415557999163866e-04 1.072365790605545044e-03 1.620052848011255264e-03 2.422906085848808289e-02 9.942821413278579712e-02 1.159968674182891846e-01 5.454120039939880371e-02 3.690217435359954834e-02 2.522402442991733551e-02 2.491157501935958862e-02 3.344319760799407959e-02 4.436303675174713135e-02 6.247228384017944336e-02 8.844379335641860962e-02 1.056999862194061279e-01 1.180231422185897827e-01 1.323323547840118408e-01 1.459621489048004150e-01 1.602118015289306641e-01 1.792924255132675171e-01 1.916554123163223267e-01 1.991460621356964111e-01 2.022473514080047607e-01 1.891670376062393188e-01 1.742855161428451538e-01 1.415724009275436401e-01 1.123174801468849182e-01 7.669565081596374512e-02 5.966682359576225281e-02 4.217589646577835083e-02 3.195906803011894226e-02 2.245104499161243439e-02 1.870127581059932709e-02 1.185563951730728149e-02 7.462606579065322876e-02 1.525764074176549911e-02 1.349083799868822098e-02 1.644053682684898376e-02 2.016246318817138672e-02 2.559305913746356964e-02 3.117253258824348450e-02 3.675600141286849976e-02 3.933318704366683960e-02 3.947316855192184448e-02 4.068790376186370850e-02 4.241642355918884277e-02 4.208631440997123718e-02 4.121264442801475525e-02 4.004779458045959473e-02 3.991631790995597839e-02 4.227399080991744995e-02 4.894445464015007019e-02 6.320378184318542480e-02 7.367647439241409302e-02 7.495127618312835693e-02 6.431346386671066284e-02 4.943194612860679626e-02 3.589457646012306213e-02 2.428938634693622589e-02 1.440704427659511566e-02 8.701895363628864288e-03 5.732346326112747192e-03 3.772840602323412895e-03 2.359217731282114983e-03 1.707767951302230358e-03 1.437726896256208420e-03 8.549795602448284626e-04
9.380492568016052246e-02 2.972586750984191895e-01 8.987642824649810791e-02 1.801126520149409771e-03 7.431520498357713223e-04 3.690774610731750727e-04 4.997180076315999031e-05 1.106518466258421540e-04 9.059173753485083580e-04 2.291564014740288258e-04 8.502345299348235130e-04 1.957466825842857361e-03 3.488745540380477905e-03 1.261431025341153145e-03 7.981210364960134029e-04 5.968061159364879131e-04 1.135073762270621955e-04 3.483748587314039469e-04 1.893217442557215691e-03 3.543000668287277222e-03 1.940762065351009369e-02 3.184203058481216431e-02 3.110530413687229156e-02 3.282719105482101440e-02 3.685777261853218079e-02 4.024586081504821777e-02 4.480757191777229309e-02 5.160944908857345581e-02 6.507613509893417358e-02 8.599147200584411621e-02 1.042854338884353638e-01 1.354592740535736084e-01 1.577795445919036865e-01 1.761805862188339233e-01 2.023686766624450684e-01 2.211252152919769287e-01 2.228685319423675537e-01 2.141691446304321289e-01 2.008523643016815186e-01 1.828239858150482178e-01 1.533805876970291138e-01 1.323752999305725098e-01 1.039299219846725464e-01 8.571305871009826660e-02 6.087421998381614685e-02 5.011029541492462158e-02 3.500738739967346191e-02 2.851819247007369995e-02 1.872229203581809998e-02 1.529137138277292252e-02 1.004861481487751007e-02 4.834557697176933289e-02 6.105126347392797470e-03 1.446612272411584854e-02 2.017004601657390594e-02 2.568836137652397156e-02 3.141227364540100098e-02 3.627524524927139282e-02 3.737890720367431641e-02 3.809279203414916992e-02 3.964191675186157227e-02 4.083981364965438843e-02 4.165506735444068909e-02 4.152228310704231262e-02 3.908223286271095276e-02 3.817560151219367981e-02 3.898371756076812744e-02 4.090120643377304077e-02 4.326701536774635315e-02 4.712198302149772644e-02 5.278449878096580505e-02 5.324709787964820862e-02 5.232904106378555298e-02 5.327707901597023010e-02 5.161801725625991821e-02 4.815568402409553528e-02 3.515016660094261169e-02 1.685477420687675476e-02 8.226786740124225616e-03 4.478901159018278122e-03 2.083110157400369644e-03 7.866989471949636936e-04 2.098815602948889136e-04 1.856095514085609466e-05
3.895522328093647957e-03 4.616555869579315186e-01 3.441305831074714661e-02 3.582089630072005093e-05 0.000000000000000000e+00 0.000000000000000000e+00 0.000000000000000000e+00 0.000000000000000000e+00 0.000000000000000000e+00 0.000000000000000000e+00 0.000000000000000000e+00 0.000000000000000000e+00 0.000000000000000000e+00 0.000000000000000000e+00 0.000000000000000000e+00 0.000000000000000000e+00 0.000000000000000000e+00 0.000000000000000000e+00 0.000000000000000000e+00 0.000000000000000000e+00 3.805970118264667690e-05 3.250969946384429932e-02 2.259425371885299683e-01 7.468746304512023926e-01 7.703037261962890625e-01 5.373940467834472656e-01 2.402776032686233521e-01 1.048611998558044434e-01 5.858059599995613098e-02 3.606044873595237732e-02 2.300373092293739319e-02 2.134477719664573669e-02 1.782761141657829285e-02 1.787238940596580505e-02 2.169626951217651367e-02 2.581343054771423340e-02 2.009328454732894897e-02 1.837164163589477539e-02 2.441194094717502594e-02 2.237238734960556030e-02 1.550149358808994293e-02 1.058507431298494339e-02 4.571641795337200165e-03 1.869402942247688770e-03 7.835821015760302544e-04 3.201492654625326395e-04 1.477611949667334557e-04 8.283582428703084588e-05 3.134328289888799191e-05 3.134328289888799191e-05 3.805970118264667690e-05 3.873134264722466469e-04 1.119402986660134047e-05 4.999999873689375818e-05 1.238805998582392931e-04 4.985074629075825214e-04 1.444776076823472977e-03 3.403731388971209526e-03 6.624626927077770233e-03 1.059104502201080322e-02 1.583731360733509064e-02 2.239850722253322601e-02 3.387388214468955994e-02 4.716343432664871216e-02 6.002462655305862427e-02 6.834925711154937744e-02 8.058805763721466064e-02 8.896119147539138794e-02 7.554104179143905640e-02 5.743134394288063049e-02 5.139999836683273315e-02 4.774029925465583801e-02 5.066716298460960388e-02 4.832686483860015869e-02 4.695820808410644531e-02 4.609626904129981995e-02 4.335895553231239319e-02 3.063432872295379639e-02 2.292686514556407928e-02 1.879925280809402466e-02 1.326865702867507935e-02 6.464179139584302902e-03 3.343283606227487326e-04 1.082089584087952971e-04
4.400057494640350342e-01 4.098688811063766479e-02 1.306213904172182083e-03 1.453971490263938904e-04 8.450028690276667476e-05 4.531858940026722848e-05 0.000000000000000000e+00 9.441372981200402137e-07 3.965376527048647404e-05 2.360343160034972243e-06 2.360343160034972243e-06 4.720686490600201068e-07 3.304480514998431318e-06 4.248617642588214949e-06 0.000000000000000000e+00 4.248617642588214949e-06 9.441372981200402137e-07 0.000000000000000000e+00 1.982688263524323702e-05 1.734757795929908752e-02 3.441380336880683899e-03 1.492681098170578480e-03 2.231940627098083496e-03 2.294253557920455933e-03 2.112979302182793617e-03 3.775605000555515289e-03 6.489055696874856949e-03 2.388856187462806702e-02 3.758327290415763855e-02 3.891167417168617249e-02 4.707751795649528503e-02 5.452109500765800476e-02 5.919457599520683289e-02 7.895914465188980103e-02 1.298887431621551514e-01 2.346624881029129028e-01 3.219489157199859619e-01 5.098227858543395996e-01 6.676646471023559570e-01 5.077438354492187500e-01 1.890295147895812988e-01 5.446161702275276184e-02 1.597196981310844421e-02 4.653652664273977280e-03 1.399211469106376171e-03 4.050349234603345394e-04 1.076316475518979132e-04 6.514547567348927259e-05 2.549170676502399147e-05 1.982688263524323702e-05 1.416205850546248257e-05 1.416205923305824399e-04 2.832411837516701780e-06 6.608961029996862635e-06 1.793860792531631887e-05 4.720686411019414663e-05 1.869391853688284755e-04 1.138629508204758167e-03 5.719583481550216675e-03 7.448298856616020203e-03 7.997786626219749451e-03 1.392980106174945831e-02 2.329375594854354858e-02 3.228855133056640625e-02 4.095195606350898743e-02 5.708631500601768494e-02 7.248330861330032349e-02 8.416039496660232544e-02 8.871963620185852051e-02 8.093805611133575439e-02 6.793162226676940918e-02 6.521911174058914185e-02 6.072407960891723633e-02 5.309733748435974121e-02 4.716343432664871216e-02 3.975290060043334961e-02 2.913796529173851013e-02 2.409721538424491882e-02 2.280752360820770264e-02 2.043679542839527130e-02 1.896016485989093781e-02 1.625332422554492950e-02 9.844519197940826416e-03 8.156402036547660828e-03
5.011148285120725632e-03 4.814499616622924805e-01 1.271112076938152313e-02 5.107301985844969749e-04 8.918617822928354144e-05 9.057970601134002209e-06 0.000000000000000000e+00 0.000000000000000000e+00 3.483834916551131755e-06 0.000000000000000000e+00 0.000000000000000000e+00 0.000000000000000000e+00 0.000000000000000000e+00 0.000000000000000000e+00 0.000000000000000000e+00 0.000000000000000000e+00 0.000000000000000000e+00 0.000000000000000000e+00 1.233277580467984080e-04 9.197324106935411692e-05 6.145484512671828270e-04 2.750836312770843506e-03 2.291806042194366455e-02 1.026826977729797363e+00 1.560589551925659180e+00 2.448160648345947266e-01 5.701087415218353271e-02 2.380434796214103699e-02 1.734949834644794464e-02 1.280100271105766296e-02 1.130852848291397095e-02 5.710702389478683472e-03 3.403010079637169838e-03 2.249164041131734848e-03 1.479933038353919983e-03 4.556856001727283001e-04 1.258361269719898701e-03 6.981605547480285168e-04 5.560200661420822144e-04 5.852843169122934341e-04 2.717391471378505230e-04 2.591973170638084412e-04 2.341137151233851910e-04 3.051839303225278854e-04 1.588628801982849836e-04 1.421404595021158457e-04 1.128762523876503110e-04 1.295986585319042206e-04 9.197324834531173110e-05 3.762541746255010366e-05 1.254180642717983574e-05 1.057692337781190872e-03 7.413600687868893147e-04 3.536789212375879288e-03 5.788740236312150955e-03 5.784559529274702072e-03 6.130156107246875763e-03 6.351727992296218872e-03 7.270066998898983002e-03 7.225473877042531967e-03 6.163600832223892212e-03 5.969899706542491913e-03 6.357301957905292511e-03 7.497212849557399750e-03 9.763099253177642822e-03 1.424470450729131699e-02 1.875975541770458221e-02 2.951923012733459473e-02 4.307692125439643860e-02 6.029821559786796570e-02 6.995540857315063477e-02 6.483138352632522583e-02 6.842391192913055420e-02 7.239130139350891113e-02 8.026476949453353882e-02 9.236900508403778076e-02 1.002410799264907837e-01 1.045819371938705444e-01 6.436873227357864380e-02 3.706939890980720520e-02 1.017279806546866894e-03 6.967669833102263510e-06 0.000000000000000000e+00 0.000000000000000000e+00
4.068686068058013916e-02 4.255759716033935547e-01 1.782075315713882446e-02 1.466531422920525074e-03 4.505295364651829004e-04 2.102471189573407173e-04 5.776020088887889870e-07 1.039683593262452632e-05 6.128356908448040485e-04 5.256177973933517933e-05 2.853353798855096102e-04 1.362563110888004303e-03 5.952766165137290955e-03 1.982330111786723137e-03 1.145962276495993137e-03 4.851856501772999763e-04 1.617285488464403898e-05 7.855387229938060045e-05 1.213541720062494278e-03 5.903092096559703350e-04 1.918562687933444977e-02 3.674588352441787720e-02 4.370829835534095764e-02 4.955478385090827942e-02 5.956693738698959351e-02 8.642543107271194458e-02 1.532978713512420654e-01 2.419378161430358887e-01 3.838615715503692627e-01 4.534822404384613037e-01 3.781190514564514160e-01 2.049874961376190186e-01 1.314298659563064575e-01 1.072225719690322876e-01 9.721735119819641113e-02 7.461808621883392334e-02 5.883569270372390747e-02 5.617757141590118408e-02 6.490051001310348511e-02 9.510678052902221680e-02 9.193575382232666016e-02 6.441879272460937500e-02 2.845614030957221985e-02 4.716697614639997482e-03 2.214526059105992317e-03 1.985795563086867332e-03 1.729340292513370514e-03 1.635768683627247810e-03 1.517937984317541122e-03 1.195636112242937088e-03 9.253183379769325256e-04 2.886854810640215874e-03 1.039683593262452632e-05 8.895070641301572323e-05 7.693658117204904556e-04 3.037031274288892746e-03 8.661719039082527161e-03 2.872761152684688568e-02 5.101380869746208191e-02 5.751413851976394653e-02 8.071756362915039062e-02 1.009833067655563354e-01 1.045551970601081848e-01 9.115599095821380615e-02 8.281541615724563599e-02 6.141179800033569336e-02 4.217187687754631042e-02 2.691047638654708862e-02 2.157805487513542175e-02 1.962807029485702515e-02 2.322537638247013092e-02 2.287881448864936829e-02 1.932194083929061890e-02 1.731881871819496155e-02 1.726567931473255157e-02 1.725990325212478638e-02 1.555713173002004623e-02 1.615552790462970734e-02 1.741932146251201630e-02 2.045057527720928192e-02 1.811359822750091553e-02 7.059451192617416382e-03 2.267665462568402290e-03 3.955418244004249573e-03
1.079158335924148560e-01 3.666416704654693604e-01 1.533399987965822220e-02 1.489880029112100601e-03 4.050058196298778057e-04 1.468015980208292603e-04 7.912710134405642748e-05 1.249375327461166307e-05 4.112526949029415846e-04 1.249375327461166307e-05 2.394636067037936300e-05 2.290521479153539985e-05 2.675745345186442137e-04 4.945443943142890930e-04 9.474429680267348886e-05 3.185906971339136362e-04 2.186406709370203316e-05 1.530484732938930392e-04 2.867316361516714096e-03 3.286898136138916016e-03 1.195027492940425873e-02 2.186406782129779458e-04 1.349325291812419891e-03 3.629435319453477859e-03 9.638929739594459534e-03 2.210145071148872375e-02 4.119815304875373840e-02 5.627186223864555359e-02 8.239005506038665771e-02 9.903173893690109253e-02 1.336269378662109375e-01 1.503061056137084961e-01 1.995564699172973633e-01 2.081771790981292725e-01 2.453023493289947510e-01 2.456084489822387695e-01 2.828335762023925781e-01 2.300037592649459839e-01 1.730697154998779297e-01 1.459270417690277100e-01 9.959395229816436768e-02 8.580709993839263916e-02 6.695402413606643677e-02 6.757245957851409912e-02 3.779985010623931885e-02 4.172913357615470886e-02 3.370814397931098938e-02 3.237756341695785522e-02 2.402548864483833313e-02 2.120189927518367767e-02 1.268115825951099396e-02 1.343578100204467773e-01 3.252748772501945496e-02 9.668290615081787109e-02 1.143157556653022766e-01 1.091016978025436401e-01 1.069902554154396057e-01 9.253914654254913330e-02 7.444611191749572754e-02 5.975137278437614441e-02 4.462143778800964355e-02 3.591745719313621521e-02 3.136348351836204529e-02 2.999958395957946777e-02 2.799850143492221832e-02 2.435240708291530609e-02 2.214309573173522949e-02 2.005663886666297913e-02 1.814717613160610199e-02 1.462393812835216522e-02 1.087164785712957382e-02 7.719057146459817886e-03 6.363485008478164673e-03 5.690904334187507629e-03 4.410294815897941589e-03 3.806430147960782051e-03 3.183824708685278893e-03 1.638763933442533016e-03 5.663834745064377785e-04 1.249375345651060343e-04 4.164584242971614003e-05 4.164584424870554358e-06 0.000000000000000000e+00 0.000000000000000000e+00
1.510426849126815796e-01 1.435218453407287598e-01 1.924805790185928345e-01 2.129809465259313583e-03 5.975112435407936573e-04 3.955040592700242996e-04 4.497010959312319756e-04 1.124252739828079939e-04 1.455705787520855665e-04 3.354841901455074549e-04 7.556232740171253681e-04 7.035314105451107025e-03 2.123090962413698435e-04 3.090575410169549286e-05 2.105174462485592812e-05 1.164564582722960040e-05 9.854008567344862968e-06 2.015592690440826118e-05 5.195750054554082453e-05 6.400626152753829956e-04 1.179793616756796837e-03 3.907562233507633209e-03 4.924227297306060791e-02 1.235692650079727173e-01 3.279664814472198486e-01 1.882617175579071045e-01 2.241123914718627930e-01 1.821128278970718384e-01 1.131016239523887634e-01 1.259718537330627441e-01 1.021824851632118225e-01 8.029046654701232910e-02 7.130360603332519531e-02 5.728314444422721863e-02 6.106977164745330811e-02 8.289191871881484985e-02 9.363637119531631470e-02 1.119137629866600037e-01 1.196428984403610229e-01 1.227684020996093750e-01 1.323115527629852295e-01 1.476703882217407227e-01 1.376569122076034546e-01 1.158777624368667603e-01 8.070701360702514648e-02 5.710039660334587097e-02 3.640160337090492249e-02 2.113147452473640442e-02 1.282185595482587814e-02 6.635331083089113235e-03 3.848438151180744171e-03 5.428662989288568497e-03 2.687456799321807921e-05 1.487059489591047168e-04 1.049899845384061337e-03 6.533207371830940247e-03 1.429637428373098373e-02 2.847450040280818939e-02 2.857751958072185516e-02 3.152476623654365540e-02 3.835806995630264282e-02 4.194134846329689026e-02 4.164841398596763611e-02 3.717021644115447998e-02 3.484377264976501465e-02 3.291059657931327820e-02 2.899586781859397888e-02 2.773634530603885651e-02 3.628245741128921509e-02 4.764144495129585266e-02 5.967677012085914612e-02 5.200408026576042175e-02 3.721500560641288757e-02 5.392471700906753540e-02 7.385041564702987671e-02 8.511982113122940063e-02 6.018918007612228394e-02 2.844225056469440460e-02 2.106518298387527466e-02 1.809375174343585968e-02 1.511156931519508362e-02 9.659615345299243927e-03 4.659154452383518219e-03 2.828100463375449181e-03
2.637386322021484375e-02 1.156524047255516052e-01 2.578407526016235352e-01 4.777539521455764771e-02 1.030325982719659805e-02 1.979823689907789230e-03 9.911670349538326263e-04 2.032896503806114197e-03 7.315056398510932922e-03 4.297447856515645981e-03 1.043701730668544769e-02 5.618167109787464142e-03 3.668106859549880028e-03 2.367469016462564468e-03 9.076134883798658848e-04 3.166427195537835360e-04 1.678242260823026299e-04 2.488675527274608612e-04 7.197077502496540546e-04 9.865051833912730217e-04 1.674369350075721741e-02 1.981186494231224060e-02 3.172953426837921143e-02 4.153649508953094482e-02 9.405686706304550171e-02 7.624598592519760132e-02 9.406977891921997070e-02 1.013808995485305786e-01 1.397997289896011353e-01 1.283317506313323975e-01 1.647560596466064453e-01 2.911771535873413086e-01 2.453289031982421875e-01 1.132899597287178040e-01 9.742626547813415527e-02 9.837727248668670654e-02 9.045080095529556274e-02 7.594691216945648193e-02 9.960152953863143921e-02 1.435176879167556763e-01 1.283941417932510376e-01 1.306038200855255127e-01 1.071407049894332886e-01 1.224406808614730835e-01 1.253367215394973755e-01 1.240629851818084717e-01 6.677898019552230835e-02 1.637146808207035065e-02 3.997658845037221909e-03 2.590517513453960419e-03 8.843045798130333424e-04 7.818887010216712952e-03 1.892253942787647247e-02 1.597844436764717102e-02 7.601576857268810272e-03 9.907366707921028137e-03 7.461005821824073792e-03 8.264266885817050934e-03 1.378525421023368835e-02 1.527415588498115540e-02 1.626675762236118317e-02 2.129431255161762238e-02 2.247266843914985657e-02 2.417027391493320465e-02 2.735391445457935333e-02 3.129849955439567566e-02 3.926011174917221069e-02 4.209662601351737976e-02 5.918027088046073914e-02 9.888719767332077026e-02 1.349163353443145752e-01 1.190490499138832092e-01 8.125202357769012451e-02 6.356737017631530762e-02 4.715215042233467102e-02 3.501931950449943542e-02 1.813075318932533264e-02 8.649402298033237457e-03 6.138493772596120834e-03 5.907556042075157166e-03 7.329758955165743828e-04 9.323567610408645123e-06 0.000000000000000000e+00 0.000000000000000000e+00
3.835013136267662048e-02 2.066162824630737305e-01 6.981974840164184570e-02 3.179613268002867699e-03 1.354895648546516895e-03 1.119112712331116199e-03 8.897879743017256260e-04 1.689550932496786118e-03 3.884572302922606468e-03 3.889221930876374245e-03 2.632423862814903259e-02 6.524474173784255981e-02 3.825881704688072205e-02 9.246548637747764587e-03 4.832547158002853394e-03 3.717179875820875168e-03 2.779085887596011162e-03 4.044085741043090820e-03 6.214695516973733902e-03 8.545141667127609253e-03 2.575631998479366302e-02 3.067850321531295776e-02 4.966861009597778320e-02 6.555150449275970459e-02 8.064586669206619263e-02 9.203900396823883057e-02 9.306970238685607910e-02 8.508524298667907715e-02 8.784101903438568115e-02 8.642205595970153809e-02 9.283837676048278809e-02 9.950461238622665405e-02 1.137546524405479431e-01 1.209172680974006653e-01 1.360414624214172363e-01 1.481518298387527466e-01 1.665200293064117432e-01 1.584840267896652222e-01 1.630412191152572632e-01 1.904470324516296387e-01 1.884526759386062622e-01 1.835882216691970825e-01 1.405924409627914429e-01 1.123182624578475952e-01 5.862409621477127075e-02 5.173195526003837585e-02 3.395737707614898682e-02 2.877480536699295044e-02 2.093914151191711426e-02 1.221575960516929626e-02 4.835388623178005219e-03 7.751151919364929199e-02 2.633612230420112610e-02 6.120589002966880798e-02 3.604822978377342224e-02 2.390170097351074219e-02 2.422163262963294983e-02 2.627838775515556335e-02 2.947395108640193939e-02 3.293842822313308716e-02 3.547165915369987488e-02 3.680730983614921570e-02 3.796923905611038208e-02 3.986970707774162292e-02 4.214913398027420044e-02 4.472989588975906372e-02 4.499196261167526245e-02 4.636687785387039185e-02 4.607148841023445129e-02 4.426750168204307556e-02 4.055309668183326721e-02 3.560198098421096802e-02 3.379605710506439209e-02 3.359404951333999634e-02 2.825648337602615356e-02 2.163996919989585876e-02 1.604769937694072723e-02 1.260207872837781906e-02 1.302753388881683350e-02 1.788927242159843445e-02 1.716442219913005829e-02 1.785827241837978363e-02 2.396821975708007812e-02 8.901754394173622131e-03
2.745108213275671005e-04 2.323455214500427246e-01 2.307127565145492554e-01 4.141967743635177612e-03 1.842224854044616222e-03 1.166670932434499264e-03 8.735734736546874046e-04 1.010113977827131748e-03 1.401863759383559227e-03 1.633482286706566811e-03 4.549444653093814850e-03 1.123707182705402374e-02 8.408323861658573151e-03 1.958749053301289678e-04 5.647488069371320307e-05 2.716513336054049432e-05 1.143795088864862919e-05 1.429743861081078649e-05 6.147898238850757480e-05 3.574359652702696621e-05 5.207126960158348083e-03 1.436463557183742523e-02 2.498477324843406677e-02 3.947079181671142578e-01 5.302176475524902344e-01 5.789990425109863281e-01 1.127596050500869751e-01 7.612957060337066650e-02 5.867239460349082947e-02 9.124910831451416016e-02 6.105292215943336487e-02 4.673117771744728088e-02 4.362148419022560120e-02 4.924038052558898926e-02 4.753755033016204834e-02 5.011966824531555176e-02 6.085132807493209839e-02 7.263384759426116943e-02 7.183176279067993164e-02 6.479312479496002197e-02 5.889543890953063965e-02 5.685805529356002808e-02 5.378696322441101074e-02 6.900086998939514160e-02 9.546113759279251099e-02 9.254016727209091187e-02 6.395243853330612183e-02 3.308713436126708984e-02 1.330090686678886414e-02 4.314966499805450439e-03 1.556991133838891983e-03 1.539834076538681984e-03 1.429743861081078649e-06 1.000820702756755054e-05 8.578463166486471891e-06 5.433026672108098865e-05 3.703036345541477203e-04 1.351107959635555744e-03 3.898911410942673683e-03 1.079742517322301865e-02 1.811199449002742767e-02 4.485678300261497498e-02 3.620826080441474915e-02 1.960178837180137634e-02 1.626047678291797638e-02 1.857237145304679871e-02 2.443146146833896637e-02 3.203055262565612793e-02 3.381916135549545288e-02 3.027482517063617706e-02 1.961465552449226379e-02 2.291021496057510376e-02 2.875786647200584412e-02 4.821239039301872253e-02 9.308633208274841309e-02 1.212193965911865234e-01 1.301610171794891357e-01 9.598013013601303101e-02 1.204816550016403198e-01 8.329687640070915222e-03 5.723264534026384354e-03 5.414439830929040909e-03 4.633799660950899124e-03 4.815377295017242432e-03
2.899517714977264404e-01 9.161780774593353271e-02 7.896289229393005371e-02 1.288126129657030106e-02 2.549165161326527596e-03 1.692022313363850117e-03 2.244897914351895452e-04 3.228200366720557213e-04 1.256029703654348850e-03 3.358070389367640018e-04 3.729127929545938969e-04 1.539888617116957903e-04 5.862708785571157932e-04 1.192949945107102394e-03 1.317254209425300360e-04 7.087198318913578987e-04 2.875695645343512297e-04 1.120593748055398464e-03 8.372913114726543427e-03 7.278292905539274216e-03 3.602226078510284424e-02 2.706122584640979767e-02 6.888312101364135742e-02 1.343599259853363037e-01 1.543191075325012207e-01 1.253098249435424805e-01 8.904267102479934692e-02 7.299072295427322388e-02 6.568831205368041992e-02 7.096475362777709961e-02 7.272356003522872925e-02 6.154730916023254395e-02 5.874211341142654419e-02 6.228200346231460571e-02 6.111317127943038940e-02 6.015584617853164673e-02 6.679034978151321411e-02 9.714657068252563477e-02 1.839072406291961670e-01 3.029053807258605957e-01 3.439591825008392334e-01 2.945232093334197998e-01 2.121150344610214233e-01 1.153803393244743347e-01 4.816697537899017334e-02 2.529128082096576691e-02 1.480519399046897888e-02 1.065306179225444794e-02 7.692022249102592468e-03 6.367347203195095062e-03 3.729127813130617142e-03 4.536177963018417358e-02 1.674211584031581879e-02 1.423747651278972626e-02 1.267161406576633453e-02 2.130612172186374664e-02 3.040445223450660706e-02 3.840816393494606018e-02 7.786642014980316162e-02 7.637105882167816162e-02 4.877550899982452393e-02 5.318367481231689453e-02 7.115028053522109985e-02 8.845268934965133667e-02 8.687940984964370728e-02 7.277180254459381104e-02 5.134693905711174011e-02 3.664192929863929749e-02 2.991465665400028229e-02 2.917254157364368439e-02 2.912801504135131836e-02 2.650834806263446808e-02 2.689795941114425659e-02 2.339146658778190613e-02 1.971428655087947845e-02 1.374397054314613342e-02 3.703153925016522408e-03 4.749536165036261082e-04 1.076066764653660357e-04 2.968460103147663176e-05 3.710575128934578970e-06 0.000000000000000000e+00 0.000000000000000000e+00 0.000000000000000000e+00
2.911826036870479584e-02 1.874486356973648071e-01 1.403384953737258911e-01 1.093162782490253448e-02 2.847393276169896126e-03 2.279693493619561195e-03 1.002896387944929302e-04 5.540161509998142719e-04 9.842581115663051605e-03 3.612251486629247665e-03 2.880319580435752869e-02 3.976230323314666748e-02 2.557590976357460022e-02 6.974947638809680939e-03 2.214867155998945236e-03 1.337062101811170578e-03 1.482393709011375904e-04 3.888432693202048540e-04 6.113163661211729050e-03 1.608226099051535130e-03 4.546586275100708008e-01 5.418856143951416016e-01 2.776057124137878418e-01 1.644564121961593628e-01 1.173186898231506348e-01 9.459735453128814697e-02 2.114620953798294067e-01 3.837951421737670898e-01 1.586932092905044556e-01 4.982142895460128784e-02 3.659277409315109253e-02 4.299055784940719604e-02 4.914579540491104126e-02 5.042248219251632690e-02 4.840517044067382812e-02 4.127052426338195801e-02 3.621442243456840515e-02 3.167898207902908325e-02 2.823960036039352417e-02 2.740661054849624634e-02 2.479064092040061951e-02 2.356150746345520020e-02 2.068076096475124359e-02 1.810242235660552979e-02 1.327586174011230469e-02 1.135878451168537140e-02 8.871784433722496033e-03 6.983100436627864838e-03 5.254857707768678665e-03 4.039066843688488007e-03 2.664203755557537079e-03 1.375581510365009308e-02 2.278096973896026611e-03 6.927225738763809204e-03 9.594508446753025055e-03 1.052339933812618256e-02 1.175275910645723343e-02 1.405366230756044388e-02 1.636824943125247955e-02 1.491470541805028915e-02 1.357986684888601303e-02 1.323344279080629349e-02 1.410349365323781967e-02 1.537709776312112808e-02 1.788496598601341248e-02 2.167715691030025482e-02 2.661740593612194061e-02 2.909916080534458160e-02 3.574051335453987122e-02 4.747548326849937439e-02 6.043958663940429688e-02 7.306946814060211182e-02 8.661797642707824707e-02 1.094357818365097046e-01 1.253880411386489868e-01 9.825830161571502686e-02 6.541769206523895264e-02 3.691536560654640198e-02 1.044175308197736740e-02 3.882845398038625717e-03 2.459861338138580322e-03 1.941023510880768299e-03 1.444649649783968925e-03 3.086457727476954460e-03
4.879179969429969788e-02 2.147858589887619019e-01 1.325471252202987671e-01 1.250668894499540329e-03 1.224881852976977825e-04 8.219602023018524051e-05 3.303957782918587327e-05 2.417530049569904804e-05 7.300940342247486115e-04 8.098725811578333378e-05 1.216823467984795570e-03 2.708318643271923065e-02 2.095474675297737122e-02 9.362287819385528564e-03 4.434958565980195999e-03 2.655253745615482330e-03 1.794210169464349747e-03 4.057421348989009857e-03 9.133025072515010834e-03 2.085965685546398163e-02 7.556957006454467773e-02 1.085470989346504211e-02 2.301971986889839172e-02 4.451156407594680786e-02 1.308584809303283691e-01 9.492431879043579102e-01 6.217306852340698242e-01 1.495725810527801514e-01 1.239322572946548462e-01 9.545858949422836304e-02 1.013235151767730713e-01 6.923564523458480835e-02 5.240963399410247803e-02 3.060834668576717377e-02 2.539856918156147003e-02 1.828136295080184937e-02 2.754533663392066956e-02 2.141448110342025757e-02 2.055142261087894440e-02 2.699413895606994629e-02 2.786687016487121582e-02 3.713084012269973755e-02 3.657722845673561096e-02 3.897783532738685608e-02 3.275027871131896973e-02 3.564889729022979736e-02 3.945892304182052612e-02 3.830334544181823730e-02 3.087911009788513184e-02 2.124525420367717743e-02 1.085712760686874390e-02 3.179051727056503296e-02 2.841081283986568451e-02 5.420827493071556091e-02 3.730248659849166870e-02 2.771295234560966492e-02 2.364908345043659210e-02 3.141660988330841064e-02 3.512026369571685791e-02 3.206370025873184204e-02 3.217732533812522888e-02 2.903695218265056610e-02 2.784108184278011322e-02 2.791118994355201721e-02 2.385296300053596497e-02 2.031933888792991638e-02 1.958199217915534973e-02 2.002278901636600494e-02 1.953364163637161255e-02 1.782364211976528168e-02 1.469455286860466003e-02 1.427390333265066147e-02 2.099383063614368439e-02 4.429559782147407532e-02 1.024226844310760498e-01 5.034264549612998962e-02 5.430094525218009949e-02 5.083662644028663635e-02 7.748183608055114746e-02 5.933182686567306519e-02 2.768071833997964859e-03 1.837322779465466738e-04 8.380770304938778281e-05 4.835059826291399077e-06
6.343700736761093140e-02 1.168384850025177002e-01 2.377800643444061279e-01 7.330376189202070236e-03 1.737552811391651630e-03 2.932013012468814850e-04 9.521308675175532699e-05 3.402922448003664613e-05 1.749583461787551641e-04 3.334176653879694641e-05 4.674722003983333707e-05 9.177578613162040710e-05 5.289997789077460766e-04 9.112270548939704895e-03 1.078245230019092560e-02 1.006611995398998260e-02 7.772068958729505539e-03 8.608362637460231781e-03 1.231273636221885681e-02 1.292423065751791000e-02 8.323754183948040009e-03 1.323014963418245316e-02 2.779465913772583008e-02 6.660035252571105957e-02 5.350982546806335449e-01 9.450163841247558594e-01 2.813268303871154785e-01 1.645673960447311401e-01 1.711030602455139160e-01 1.316167861223220825e-01 1.113477498292922974e-01 8.918338268995285034e-02 7.395891100168228149e-02 5.777543783187866211e-02 5.114489048719406128e-02 4.248703271150588989e-02 3.920785337686538696e-02 3.046956285834312439e-02 2.379983291029930115e-02 2.233348414301872253e-02 1.791999675333499908e-02 2.046496979892253876e-02 1.859439350664615631e-02 1.831391081213951111e-02 1.284448616206645966e-02 7.537988945841789246e-03 3.287429455667734146e-03 1.371480873785912991e-03 8.579490240663290024e-04 5.135319661349058151e-04 1.031188658089376986e-04 1.180504728108644485e-02 8.822849951684474945e-03 1.192122790962457657e-02 3.888474777340888977e-02 5.366993322968482971e-02 3.321114927530288696e-02 2.002568356692790985e-02 2.203100174665451050e-02 3.155024722218513489e-02 4.511244222521781921e-02 5.329389125108718872e-02 4.828025400638580322e-02 4.134378954768180847e-02 3.629852831363677979e-02 3.019045293331146240e-02 2.537961490452289581e-02 1.936916075646877289e-02 1.314696762710809708e-02 8.367064408957958221e-03 6.374120712280273438e-03 5.303747020661830902e-03 5.858526565134525299e-03 6.603732239454984665e-03 8.250883780419826508e-03 1.173630170524120331e-02 4.862191900610923767e-02 1.202159747481346130e-01 9.943889826536178589e-02 9.126844257116317749e-02 5.341694504022598267e-02 2.002568449825048447e-03 8.936968697526026517e-06 0.000000000000000000e+00
2.743080817162990570e-02 1.643277853727340698e-01 1.755564212799072266e-01 2.328511327505111694e-02 9.293866343796253204e-03 4.870973993092775345e-03 2.874088939279317856e-03 4.006882198154926300e-03 7.543090730905532837e-03 3.844738006591796875e-03 1.270043291151523590e-02 4.276550188660621643e-02 1.636055856943130493e-02 2.071555238217115402e-03 5.483601125888526440e-04 2.818132634274661541e-04 1.840588993218261749e-05 7.079188071656972170e-05 1.836033654399216175e-03 3.127770032733678818e-04 1.195102483034133911e-01 2.959755659103393555e-01 2.506416738033294678e-01 2.007673978805541992e-01 1.650553941726684570e-01 1.377919018268585205e-01 1.284237504005432129e-01 1.394794583320617676e-01 1.545806676149368286e-01 1.571635305881500244e-01 1.630893647670745850e-01 1.456586718559265137e-01 1.337065398693084717e-01 1.161993965506553650e-01 1.067374125123023987e-01 1.067252308130264282e-01 1.105453968048095703e-01 9.850352257490158081e-02 7.777307182550430298e-02 5.756045132875442505e-02 4.194474592804908752e-02 3.158450499176979065e-02 1.890955865383148193e-02 1.039939001202583313e-02 5.258421413600444794e-03 4.120826721191406250e-03 3.169752890244126320e-03 2.550354460254311562e-03 1.984511967748403549e-03 1.615163055248558521e-03 1.178961945697665215e-03 1.139515452086925507e-02 2.552447607740759850e-03 3.725130576640367508e-03 4.124027211219072342e-03 5.425612907856702805e-03 8.738919161260128021e-03 1.275620516389608383e-02 1.809760741889476776e-02 2.321284264326095581e-02 2.882867120206356049e-02 3.775460273027420044e-02 4.278242960572242737e-02 4.904609546065330505e-02 5.351373925805091858e-02 6.003632023930549622e-02 6.967595964670181274e-02 7.926105707883834839e-02 8.392851799726486206e-02 8.020683377981185913e-02 6.806128472089767456e-02 5.709974840283393860e-02 4.452710971236228943e-02 3.329360857605934143e-02 2.831638418138027191e-02 2.481138519942760468e-02 2.422128990292549133e-02 1.953560486435890198e-02 1.154141593724489212e-02 6.318083498626947403e-03 4.392051603645086288e-03 3.498842706903815269e-03 3.349256468936800957e-03 7.366911042481660843e-03
1.296724285930395126e-02 4.092814326286315918e-01 6.518097966909408569e-02 3.480425802990794182e-03 2.619414590299129486e-04 6.536409491673111916e-04 9.744335693540051579e-05 2.897620142903178930e-04 2.461193827912211418e-03 7.901044446043670177e-04 1.754479832015931606e-03 1.161687541753053665e-03 4.476259637158364058e-04 2.383296232437714934e-04 4.979170262231491506e-05 8.995320240501314402e-05 5.214575139689259231e-05 6.662672240054234862e-05 3.891314263455569744e-04 2.860526146832853556e-04 1.585858687758445740e-02 1.079652458429336548e-02 5.156052112579345703e-02 3.000183999538421631e-01 6.444563865661621094e-01 5.587403774261474609e-01 3.754947781562805176e-01 1.772432029247283936e-01 1.005392819643020630e-01 9.583633393049240112e-02 1.088156998157501221e-01 1.032143384218215942e-01 7.234849035739898682e-02 4.995121061801910400e-02 4.062746092677116394e-02 3.538392484188079834e-02 3.046225011348724365e-02 2.752996236085891724e-02 2.659090980887413025e-02 2.515921741724014282e-02 2.031715586781501770e-02 1.751412451267242432e-02 1.454288698732852936e-02 1.536423526704311371e-02 1.295925304293632507e-02 1.241482608020305634e-02 1.056753937155008316e-02 8.766477927565574646e-03 7.480739615857601166e-03 6.165896542370319366e-03 4.695257637649774551e-03 1.858371868729591370e-02 5.308309104293584824e-03 5.368800833821296692e-03 7.686897180974483490e-03 8.432488888502120972e-03 9.012297727167606354e-03 1.019645575433969498e-02 1.026308257132768631e-02 1.063873153179883957e-02 1.202405430376529694e-02 1.379672437906265259e-02 1.458654366433620453e-02 1.377004478126764297e-02 1.109242159873247147e-02 9.791417047381401062e-03 1.126505155116319656e-02 1.970553025603294373e-02 5.005607008934020996e-02 1.279987692832946777e-01 2.303645163774490356e-01 2.118338793516159058e-01 9.757319092750549316e-02 4.794755578041076660e-02 3.196185082197189331e-02 1.058394648134708405e-02 4.446013830602169037e-03 3.426496637985110283e-03 3.686297917738556862e-03 1.455230289138853550e-03 5.642584292218089104e-04 4.496946930885314941e-04 5.258802557364106178e-04 4.187496379017829895e-03
1.591145545244216919e-01 4.000988602638244629e-02 5.295578762888908386e-02 2.394107915461063385e-02 4.827991127967834473e-03 1.371056889183819294e-03 1.392640260746702552e-04 3.597225804696790874e-05 3.939989954233169556e-03 5.601394514087587595e-05 4.368060035631060600e-05 6.680562364635989070e-06 1.945585245266556740e-03 2.171388268470764160e-02 8.979703299701213837e-03 1.035225093364715576e-01 9.506954229436814785e-04 5.370144266635179520e-03 5.631200224161148071e-02 1.476352848112583160e-02 8.473501205444335938e-01 3.443377614021301270e-01 3.332870900630950928e-01 4.824033975601196289e-01 3.577286899089813232e-01 1.783062517642974854e-01 1.158656179904937744e-01 6.166364252567291260e-02 7.158273458480834961e-02 4.066612571477890015e-02 3.880687430500984192e-02 8.830674923956394196e-03 2.793811261653900146e-02 1.137442793697118759e-02 5.278672091662883759e-03 6.629173294641077518e-04 2.124110423028469086e-02 3.644503653049468994e-03 1.131584402173757553e-03 7.070090621709823608e-03 6.074172561056911945e-04 8.815258741378784180e-03 2.383418846875429153e-03 3.693836973980069160e-03 4.532504535745829344e-04 3.175836463924497366e-04 1.776001881808042526e-03 6.290005985647439957e-04 1.510834845248609781e-04 5.858339136466383934e-05 0.000000000000000000e+00 2.194410562515258789e-02 1.219377294182777405e-01 1.937434971332550049e-01 2.025012075901031494e-01 1.766587346792221069e-01 5.819180980324745178e-02 2.143432758748531342e-02 1.268792897462844849e-02 1.022537145763635635e-02 9.197592735290527344e-03 8.590174838900566101e-03 8.465814404189586639e-03 8.001257665455341339e-03 7.858396507799625397e-03 7.775146514177322388e-03 7.942674681544303894e-03 7.807007990777492523e-03 7.964258082211017609e-03 8.064980618655681610e-03 8.669313974678516388e-03 9.097898378968238831e-03 9.716620668768882751e-03 1.146281696856021881e-02 1.218226179480552673e-02 1.171873416751623154e-02 1.196848414838314056e-02 1.138881687074899673e-02 1.090576127171516418e-02 9.046508930623531342e-03 7.553146220743656158e-03 5.037143826484680176e-03 1.829446293413639069e-03 3.751392650883644819e-04
5.098108947277069092e-02 6.600841879844665527e-02 3.191291540861129761e-02 6.210251711308956146e-03 9.268721332773566246e-04 2.778535126708447933e-04 5.376691115088760853e-05 6.660159124294295907e-05 3.278047079220414162e-04 1.092682359740138054e-04 2.573874080553650856e-04 7.967909332364797592e-04 1.354221999645233154e-01 9.360853582620620728e-02 3.232397139072418213e-02 1.943656429648399353e-02 1.337026990950107574e-02 1.391903869807720184e-02 1.670312322676181793e-02 1.728727482259273529e-02 2.792688086628913879e-02 5.775814503431320190e-02 7.769283652305603027e-02 9.709471464157104492e-02 1.078196465969085693e-01 1.196102201938629150e-01 1.295130252838134766e-01 1.356445550918579102e-01 1.457617431879043579e-01 1.494560539722442627e-01 1.506361365318298340e-01 1.492354422807693481e-01 1.509441882371902466e-01 1.521700620651245117e-01 1.562327593564987183e-01 1.616191565990447998e-01 1.675300598144531250e-01 1.709433943033218384e-01 1.475079506635665894e-01 1.149938851594924927e-01 1.016215458512306213e-01 9.220781922340393066e-02 7.745140790939331055e-02 5.861772596836090088e-02 3.409585356712341309e-02 2.429292909801006317e-02 1.361794397234916687e-02 6.260549649596214294e-03 3.419575514271855354e-03 2.202015137299895287e-03 1.090601086616516113e-03 1.503114681690931320e-02 1.006794068962335587e-02 1.081096474081277847e-02 1.239760871976613998e-02 1.333488710224628448e-02 1.433876715600490570e-02 1.823149248957633972e-02 2.409104444086551666e-02 2.925682999193668365e-02 3.604603186249732971e-02 4.150250554084777832e-02 4.301352798938751221e-02 4.410204663872718811e-02 4.609385132789611816e-02 4.919360205531120300e-02 5.200057849287986755e-02 4.816613346338272095e-02 4.331184923648834229e-02 3.811900317668914795e-02 3.374064341187477112e-02 3.148798272013664246e-02 3.064713813364505768e-02 3.113971278071403503e-02 3.072484023869037628e-02 3.040709532797336578e-02 2.744332514703273773e-02 2.695907466113567352e-02 2.825086936354637146e-02 2.821964956820011139e-02 2.756057120859622955e-02 2.559651806950569153e-02 2.545082755386829376e-02 4.829309135675430298e-02
5.816534906625747681e-02 1.605438441038131714e-01 1.337742060422897339e-01 2.022381685674190521e-02 5.685935728251934052e-03 3.085256554186344147e-03 8.674461278133094311e-04 1.857742085121572018e-03 8.586641401052474976e-03 2.519926289096474648e-03 1.012475229799747467e-02 2.328529022634029388e-02 3.641841933131217957e-02 1.434712205082178116e-02 2.127347746863961220e-03 1.543580903671681881e-03 1.383980561513453722e-04 2.630915259942412376e-04 1.486377976834774017e-02 1.578057534061372280e-03 3.068731129169464111e-01 2.102280110120773315e-01 2.321204692125320435e-01 2.099728435277938843e-01 1.926560103893280029e-01 1.595934927463531494e-01 1.327924430370330811e-01 9.660823643207550049e-02 1.090441569685935974e-01 9.384237229824066162e-02 9.672955423593521118e-02 1.044637486338615417e-01 1.238949000835418701e-01 1.460134088993072510e-01 1.196120604872703552e-01 9.332687407732009888e-02 9.996888041496276855e-02 8.119111508131027222e-02 6.709294766187667847e-02 6.666890531778335571e-02 4.775655269622802734e-02 4.026978090405464172e-02 3.043565154075622559e-02 3.192496672272682190e-02 1.673018559813499451e-02 1.558195054531097412e-02 1.158819533884525299e-02 9.727195836603641510e-03 7.087431382387876511e-03 4.603272303938865662e-03 2.450604457408189774e-03 3.915067389607429504e-02 4.002039507031440735e-02 8.055356889963150024e-02 1.201820001006126404e-01 1.339698135852813721e-01 9.452821314334869385e-02 5.224010720849037170e-02 3.337851539254188538e-02 2.469987608492374420e-02 2.059365622699260712e-02 2.037106454372406006e-02 2.150873094797134399e-02 2.263877727091312408e-02 2.147025987505912781e-02 1.969529874622821808e-02 2.052900567650794983e-02 2.180715836584568024e-02 2.251119539141654968e-02 2.439567074179649353e-02 2.283469773828983307e-02 2.098525129258632660e-02 2.069886773824691772e-02 2.098291553556919098e-02 1.837953366339206696e-02 1.605134829878807068e-02 1.411844603717327118e-02 1.249970495700836182e-02 1.107602380216121674e-02 8.783606812357902527e-03 6.966855376958847046e-03 5.464633926749229431e-03 4.441520664840936661e-03 2.162328362464904785e-02
0.000000000000000000e+00 2.766090678051114082e-03 1.021526567637920380e-02 1.055952068418264389e-02 1.015671808272600174e-02 1.380603108555078506e-02 3.248008787631988525e-01 1.276955008506774902e-01 0.000000000000000000e+00 0.000000000000000000e+00 0.000000000000000000e+00 0.000000000000000000e+00 0.000000000000000000e+00 0.000000000000000000e+00 0.000000000000000000e+00 0.000000000000000000e+00 0.000000000000000000e+00 0.000000000000000000e+00 0.000000000000000000e+00 0.000000000000000000e+00 4.998233634978532791e-04 1.433228375390172005e-03 3.797854762524366379e-03 3.890793770551681519e-02 4.547990858554840088e-02 5.237305909395217896e-02 2.484443187713623047e-01 5.089125037193298340e-01 5.826856493949890137e-01 5.751059651374816895e-01 3.929936289787292480e-01 2.196934372186660767e-01 2.008848190307617188e-01 1.032546758651733398e-01 2.128364332020282745e-02 3.518836805596947670e-03 4.175231151748448610e-04 6.423432932933792472e-05 2.609519469842780381e-05 1.605858233233448118e-05 1.405125931341899559e-05 1.605858233233448118e-05 1.605858233233448118e-05 1.405125931341899559e-05 2.007322791541810147e-06 6.021968147251754999e-06 8.029291166167240590e-06 1.405125931341899559e-05 2.007322791541810147e-06 0.000000000000000000e+00 1.003661327558802441e-05 1.043807787937112153e-04 6.021968147251754999e-06 2.475698056514374912e-05 2.408787258900702000e-05 2.007322655117604882e-05 2.007322655117604882e-05 3.345537697896361351e-05 1.031763851642608643e-03 1.729375496506690979e-02 6.914424151182174683e-02 1.194156259298324585e-01 1.700764447450637817e-01 1.848898082971572876e-01 1.016200408339500427e-01 6.846977770328521729e-02 5.711167678236961365e-02 4.455051943659782410e-02 3.968075662851333618e-02 3.785743564367294312e-02 2.920989133417606354e-02 7.735552731901407242e-03 7.119304500520229340e-03 7.724846713244915009e-03 8.174487389624118805e-03 5.880786571651697159e-03 4.508446902036666870e-03 3.619872033596038818e-03 3.883500350639224052e-03 4.320427775382995605e-03 3.922308795154094696e-03 1.941081020049750805e-03 2.917308884207159281e-04 3.974498831667006016e-04
4.901056736707687378e-02 3.974116742610931396e-01 5.226141586899757385e-02 1.217608296428807080e-04 1.701315704849548638e-05 3.335913163482473465e-07 0.000000000000000000e+00 0.000000000000000000e+00 1.667956553319527302e-06 0.000000000000000000e+00 0.000000000000000000e+00 0.000000000000000000e+00 6.671826213278109208e-06 2.468575621605850756e-05 2.868885349016636610e-05 4.169891326455399394e-05 1.200928727485006675e-05 5.304101796355098486e-05 3.069039958063513041e-04 7.018761243671178818e-04 6.204798701219260693e-04 5.726428702473640442e-03 1.028715521097183228e-01 4.516932964324951172e-01 3.723179101943969727e-01 2.036915123462677002e-01 2.313909530639648438e-01 2.869198918342590332e-01 2.861172556877136230e-01 1.955432295799255371e-01 1.561127305030822754e-01 9.847214818000793457e-02 6.033065170049667358e-02 3.659430146217346191e-02 2.802166901528835297e-02 2.091217227280139923e-02 2.081609703600406647e-02 2.492727711796760559e-02 2.779149077832698822e-02 2.884230390191078186e-02 2.987310290336608887e-02 3.453670814633369446e-02 3.199874609708786011e-02 4.245283082127571106e-02 2.740519493818283081e-02 4.118184745311737061e-02 2.866817079484462738e-02 3.541938960552215576e-02 2.455699071288108826e-02 2.066598087549209595e-02 1.142483483999967575e-02 3.210282698273658752e-02 2.920258324593305588e-03 2.492794394493103027e-02 3.248712420463562012e-02 2.675735950469970703e-02 2.535027079284191132e-02 2.794627845287322998e-02 2.689413167536258698e-02 2.613020688295364380e-02 3.210082277655601501e-02 4.121654108166694641e-02 5.676656588912010193e-02 6.547329574823379517e-02 7.034573704004287720e-02 6.097115203738212585e-02 5.373422056436538696e-02 4.617771133780479431e-02 3.891142457723617554e-02 3.131154924631118774e-02 2.689680084586143494e-02 2.396386489272117615e-02 2.467975206673145294e-02 2.483787387609481812e-02 2.510207891464233398e-02 2.602345868945121765e-02 2.509207092225551605e-02 3.081983327865600586e-02 2.835325896739959717e-02 2.999319508671760559e-02 2.331069298088550568e-02 1.489285007119178772e-02 3.508046269416809082e-03 2.103626728057861328e-03
3.273116052150726318e-02 2.731019854545593262e-01 7.128661870956420898e-02 2.734586969017982483e-02 1.031824946403503418e-02 4.882392939180135727e-03 8.701760089024901390e-05 3.312156477477401495e-04 6.594131235033273697e-03 1.804635277949273586e-03 1.478084083646535873e-02 1.797932572662830353e-02 2.045187912881374359e-02 6.056738551706075668e-03 1.441278029233217239e-03 1.408744370564818382e-03 8.113803050946444273e-05 4.535106418188661337e-04 6.199416238814592361e-03 2.663836115971207619e-03 1.830473989248275757e-01 2.701826095581054688e-01 3.324919044971466064e-01 5.121526718139648438e-01 3.601376414299011230e-01 2.619605958461761475e-01 2.044560760259628296e-01 1.711824387311935425e-01 1.488494873046875000e-01 1.069563925266265869e-01 8.934590965509414673e-02 6.744334846735000610e-02 6.082765758037567139e-02 5.168845504522323608e-02 4.047964513301849365e-02 2.792089059948921204e-02 1.781744137406349182e-02 1.188142970204353333e-02 9.614269249141216278e-03 8.734685368835926056e-03 7.756325416266918182e-03 7.182479836046695709e-03 7.118980400264263153e-03 7.643437944352626801e-03 7.848046720027923584e-03 7.939768023788928986e-03 6.975519005209207535e-03 4.837708547711372375e-03 2.723415615037083626e-03 1.253523863852024078e-03 4.397916491143405437e-04 1.110062468796968460e-03 1.607081794645637274e-04 4.599389620125293732e-03 5.754372105002403259e-02 5.480854585766792297e-02 6.228422001004219055e-02 6.132937967777252197e-02 5.259469151496887207e-02 4.187271371483802795e-02 3.183589875698089600e-02 2.678417414426803589e-02 2.528684400022029877e-02 2.408819645643234253e-02 2.102454937994480133e-02 1.889457926154136658e-02 2.045305632054805756e-02 2.530644275248050690e-02 2.929592505097389221e-02 3.427004069089889526e-02 4.227565973997116089e-02 4.727172479033470154e-02 4.968783259391784668e-02 5.140388384461402893e-02 4.928645491600036621e-02 4.210789501667022705e-02 3.783148899674415588e-02 3.006262145936489105e-02 1.987372338771820068e-02 9.625243954360485077e-03 8.690000511705875397e-03 6.781101226806640625e-03 4.461416043341159821e-03 8.207876235246658325e-03
1.425798144191503525e-02 4.327850341796875000e-01 5.260685831308364868e-02 1.213297764479648322e-05 3.466564976406516507e-06 0.000000000000000000e+00 0.000000000000000000e+00 0.000000000000000000e+00 0.000000000000000000e+00 0.000000000000000000e+00 0.000000000000000000e+00 0.000000000000000000e+00 0.000000000000000000e+00 0.000000000000000000e+00 0.000000000000000000e+00 0.000000000000000000e+00 0.000000000000000000e+00 0.000000000000000000e+00 6.239816866582259536e-05 2.721253549680113792e-04 3.119908797089010477e-05 8.683744817972183228e-03 2.691752910614013672e-01 5.404201745986938477e-01 4.656775295734405518e-01 2.786494195461273193e-01 1.681214570999145508e-01 1.151974201202392578e-01 1.074496507644653320e-01 8.256317675113677979e-02 7.016674429178237915e-02 6.679724156856536865e-02 5.863348022103309631e-02 5.668874084949493408e-02 6.948035955429077148e-02 7.480500638484954834e-02 9.073733538389205933e-02 1.307553648948669434e-01 1.046521291136741638e-01 7.465940713882446289e-02 4.088120162487030029e-02 3.193746134638786316e-02 2.362810820341110229e-02 1.836586184799671173e-02 8.392553776502609253e-03 7.175789214670658112e-03 5.231046583503484726e-03 4.087080247700214386e-03 4.575865808874368668e-03 1.996741630136966705e-03 6.967795779928565025e-04 1.968662254512310028e-02 5.241446197032928467e-03 2.910527959465980530e-02 4.166810959577560425e-02 3.813914954662322998e-02 3.256144374608993530e-02 2.764238975942134857e-02 2.644642442464828491e-02 2.456061355769634247e-02 2.495926804840564728e-02 2.796131372451782227e-02 2.927167527377605438e-02 3.187853097915649414e-02 3.717891126871109009e-02 3.864526748657226562e-02 4.710021987557411194e-02 6.660311669111251831e-02 6.166672334074974060e-02 4.139078408479690552e-02 3.641626611351966858e-02 3.338301926851272583e-02 3.152494132518768311e-02 3.040524199604988098e-02 3.078656271100044250e-02 2.906714752316474915e-02 2.658508718013763428e-02 2.507366426289081573e-02 2.370437048375606537e-02 2.289666235446929932e-02 2.025513909757137299e-02 1.889624632894992828e-02 1.709709875285625458e-02 2.188789099454879761e-02
6.083671376109123230e-02 3.700024187564849854e-01 6.056014075875282288e-02 1.937927561812102795e-03 2.773434389382600784e-04 5.794082971988245845e-05 5.021538527216762304e-06 1.545088821330864448e-06 7.802698382874950767e-05 0.000000000000000000e+00 1.931360930029768497e-05 1.189718386740423739e-04 1.703460438875481486e-04 1.463971566408872604e-04 5.446438080980442464e-05 1.769126683939248323e-04 3.012923116330057383e-05 1.317188143730163574e-04 2.672617323696613312e-03 2.722060075029730797e-03 1.662206649780273438e-02 2.314156666398048401e-02 4.253088682889938354e-02 6.215660646557807922e-02 1.833178400993347168e-01 4.461860954761505127e-01 7.411072254180908203e-01 5.325318574905395508e-01 4.402390718460083008e-01 2.244836390018463135e-01 1.030187979340553284e-01 5.224177241325378418e-02 3.551077842712402344e-02 1.961413025856018066e-02 1.596385613083839417e-02 4.911064635962247849e-03 1.311316899955272675e-02 6.897276267409324646e-03 3.163569141179323196e-03 5.133557133376598358e-03 1.830930123105645180e-03 3.233098424971103668e-03 3.527437802404165268e-03 2.317633247002959251e-03 1.124052098020911217e-03 7.068781415000557899e-04 2.053422853350639343e-03 1.163451815955340862e-03 2.688454405870288610e-04 6.257609493331983685e-05 0.000000000000000000e+00 1.182688213884830475e-02 1.192345004528760910e-02 2.356105856597423553e-02 5.014894530177116394e-02 5.407965183258056641e-02 6.015571579337120056e-02 6.584472954273223877e-02 7.108798623085021973e-02 1.517423987388610840e-01 2.194080203771591187e-01 1.260035336017608643e-01 5.995716899633407593e-02 2.608959749341011047e-02 1.430906727910041809e-02 1.023080572485923767e-02 9.260489605367183685e-03 8.002786897122859955e-03 6.986891385167837143e-03 5.491245537996292114e-03 3.695079823955893517e-03 3.153526224195957184e-03 2.540898509323596954e-03 2.196343615651130676e-03 1.923635485582053661e-03 1.716593629680573940e-03 1.665605697780847549e-03 1.345772296190261841e-03 1.332639018073678017e-03 1.149546005763113499e-03 7.872227579355239868e-04 6.682508974336087704e-04 7.246466120705008507e-04 2.816696884110569954e-03
2.908639907836914062e-01 1.514590531587600708e-01 4.560988396406173706e-02 6.497205235064029694e-03 8.704520878382027149e-04 2.247719967272132635e-04 4.158085721428506076e-05 6.001765359542332590e-05 2.173188258893787861e-04 8.198490104405209422e-05 1.290575601160526276e-04 1.412180063198320568e-05 2.353633499296847731e-05 2.024124696617946029e-04 2.196724562963936478e-05 8.237716974690556526e-05 7.845444542908808216e-07 1.216043892782181501e-05 1.405903720296919346e-03 2.181425923481583595e-03 3.595881164073944092e-02 5.181288719177246094e-02 6.693968921899795532e-02 5.399235337972640991e-02 4.048014059662818909e-02 4.640423506498336792e-02 7.450427114963531494e-02 6.557694077491760254e-02 1.176910847425460815e-01 8.687260746955871582e-02 9.206707775592803955e-02 9.728508442640304565e-02 1.089190989732742310e-01 1.030844300985336304e-01 9.843601286411285400e-02 7.252486050128936768e-02 7.023006677627563477e-02 6.041777133941650391e-02 5.446543544530868530e-02 5.678611248731613159e-02 6.178523227572441101e-02 7.137158513069152832e-02 6.766696274280548096e-02 6.131920963525772095e-02 5.348397046327590942e-02 7.956928014755249023e-02 1.792197823524475098e-01 2.098546624183654785e-01 2.868184745311737061e-01 3.201718330383300781e-01 1.378876119852066040e-01 1.640247181057929993e-02 5.491811407409841195e-06 4.464842379093170166e-03 9.463097155094146729e-02 8.078140765428543091e-02 5.152888223528862000e-02 3.744630888104438782e-02 4.229636117815971375e-02 3.685397654771804810e-02 2.734059095382690430e-02 2.442914620041847229e-02 2.468412369489669800e-02 2.210454083979129791e-02 2.109247818589210510e-02 1.494714152067899704e-02 1.140100043267011642e-02 1.039207633584737778e-02 1.060390286147594452e-02 1.576934382319450378e-02 2.405413426458835602e-02 1.917740516364574432e-02 2.190762013196945190e-02 2.804668061435222626e-02 3.812650963664054871e-02 4.415651783347129822e-02 4.538432881236076355e-02 5.197293311357498169e-02 5.459880456328392029e-02 4.233480617403984070e-02 3.261116147041320801e-02 2.951299399137496948e-02 1.738079823553562164e-02 1.996273361146450043e-02
9.713447839021682739e-02 1.944582015275955200e-01 1.196541190147399902e-01 4.861272871494293213e-03 1.532128197140991688e-03 5.603710887953639030e-04 2.942107385024428368e-04 2.654663403518497944e-04 1.539704739116132259e-03 4.489214916247874498e-04 2.551599871367216110e-03 6.173277739435434341e-03 1.232174411416053772e-02 1.469231769442558289e-02 3.456672420725226402e-03 2.275318372994661331e-03 3.189933719113469124e-03 3.067379584535956383e-03 1.068672630935907364e-02 2.083615772426128387e-02 1.578900068998336792e-01 5.532110482454299927e-02 9.458895027637481689e-02 1.292210221290588379e-01 1.519910991191864014e-01 1.615589857101440430e-01 1.595046669244766235e-01 1.561344563961029053e-01 1.901776492595672607e-01 1.824364513158798218e-01 1.555049717426300049e-01 1.221662163734436035e-01 9.731960296630859375e-02 7.967807352542877197e-02 7.300949096679687500e-02 6.934362649917602539e-02 7.862106710672378540e-02 9.526042640209197998e-02 1.276639699935913086e-01 1.471783518791198730e-01 1.386900246143341064e-01 1.259007900953292847e-01 9.796574711799621582e-02 6.635582447052001953e-02 3.455746918916702271e-02 1.654427871108055115e-02 8.853735402226448059e-03 5.348192527890205383e-03 3.291088622063398361e-03 2.242756774649024010e-03 1.546298037283122540e-03 1.413356699049472809e-02 1.459035370498895645e-02 2.350678294897079468e-02 3.042440861463546753e-02 4.234795272350311279e-02 5.141117051243782043e-02 5.830600857734680176e-02 5.791850760579109192e-02 4.527617990970611572e-02 3.588121756911277771e-02 3.306021541357040405e-02 3.215485438704490662e-02 3.481923416256904602e-02 3.471177816390991211e-02 3.571129590272903442e-02 3.842853754758834839e-02 3.887340798974037170e-02 3.935321420431137085e-02 4.149799793958663940e-02 3.693972900509834290e-02 3.508319705724716187e-02 3.376650810241699219e-02 3.383498638868331909e-02 3.114342316985130310e-02 2.667364105582237244e-02 2.187234349548816681e-02 1.793742738664150238e-02 1.565094664692878723e-02 1.378608867526054382e-02 1.141135115176439285e-02 1.031698193401098251e-02 1.220798119902610779e-02 1.110227592289447784e-02
2.776958942413330078e-01 1.393572688102722168e-01 3.025074861943721771e-02 5.641468334943056107e-03 1.077243941836059093e-03 7.534562610089778900e-04 2.155433176085352898e-04 2.193247782997786999e-04 1.534800743684172630e-03 2.769920683931559324e-04 1.036120578646659851e-03 1.368794590234756470e-02 4.735335707664489746e-03 2.570921322330832481e-03 9.798712562769651413e-04 1.496986136771738529e-03 2.921179111581295729e-04 7.406938239000737667e-04 1.211107708513736725e-02 5.326189100742340088e-03 7.089389860630035400e-02 2.245053835213184357e-02 3.955787420272827148e-02 6.982185691595077515e-02 1.478230059146881104e-01 2.317289113998413086e-01 3.273110389709472656e-01 2.677133083343505859e-01 2.059715092182159424e-01 1.102504134178161621e-01 8.462344110012054443e-02 5.821938812732696533e-02 6.314001232385635376e-02 5.005425959825515747e-02 4.425728321075439453e-02 3.304052352905273438e-02 5.033219978213310242e-02 3.108361363410949707e-02 2.744206786155700684e-02 3.602693229913711548e-02 3.184936195611953735e-02 4.847739636898040771e-02 5.003157258033752441e-02 5.892841145396232605e-02 6.284789741039276123e-02 9.232060611248016357e-02 1.484668105840682983e-01 1.352193951606750488e-01 9.577780961990356445e-02 8.758148550987243652e-02 1.079446673393249512e-01 1.088125035166740417e-01 3.685129061341285706e-02 5.229005217552185059e-02 4.125669226050376892e-02 3.987929597496986389e-02 4.401621595025062561e-02 5.421387031674385071e-02 7.121627032756805420e-02 6.229485571384429932e-02 4.193924739956855774e-02 3.577451780438423157e-02 3.519122675061225891e-02 3.202898055315017700e-02 3.207341209053993225e-02 2.898963168263435364e-02 2.324369922280311584e-02 1.910489052534103394e-02 1.933744922280311584e-02 1.941118948161602020e-02 2.121021971106529236e-02 1.402827817946672440e-02 1.559758465737104416e-02 1.646731980144977570e-02 1.740323193371295929e-02 1.868420280516147614e-02 2.154204249382019043e-02 2.085287123918533325e-02 2.603347413241863251e-02 2.450481802225112915e-02 1.941591501235961914e-02 2.161483466625213623e-02 2.438570186495780945e-02 4.914671182632446289e-02
3.458300977945327759e-02 1.721972376108169556e-01 1.793324351310729980e-01 1.133095193654298782e-02 9.185777977108955383e-03 3.798783523961901665e-03 2.535140840336680412e-03 4.453811328858137131e-03 5.354262422770261765e-03 4.365435801446437836e-03 1.125115249305963516e-02 3.779504448175430298e-02 9.263809770345687866e-03 3.467210568487644196e-03 1.621400821022689342e-03 1.292315660975873470e-03 1.033145468682050705e-03 1.179456477984786034e-03 3.440435975790023804e-03 2.519167726859450340e-03 4.795190691947937012e-02 1.548359245061874390e-01 1.903245002031326294e-01 1.691645681858062744e-01 1.655321419239044189e-01 1.665309816598892212e-01 1.585520207881927490e-01 1.574707031250000000e-01 1.705310642719268799e-01 1.698193550109863281e-01 1.339391767978668213e-01 9.505148231983184814e-02 5.978601425886154175e-02 4.243686795234680176e-02 3.658128529787063599e-02 2.941459789872169495e-02 3.428586944937705994e-02 4.067485034465789795e-02 5.219434201717376709e-02 6.462036818265914917e-02 6.877245008945465088e-02 6.612274795770645142e-02 6.089287251234054565e-02 6.082256510853767395e-02 6.422758102416992188e-02 7.055214047431945801e-02 7.588022202253341675e-02 7.752361893653869629e-02 7.613749057054519653e-02 6.958825886249542236e-02 5.968860536813735962e-02 1.100934296846389771e-01 5.650026723742485046e-03 3.213997697457671165e-03 3.831318812444806099e-03 8.793847635388374329e-03 2.332871593534946442e-02 4.181155934929847717e-02 4.321090877056121826e-02 3.125752881169319153e-02 2.914842404425144196e-02 4.317228496074676514e-02 5.461661890149116516e-02 4.647033661603927612e-02 4.017313942313194275e-02 3.338181972503662109e-02 3.665486723184585571e-02 4.928566142916679382e-02 5.889452993869781494e-02 6.189812719821929932e-02 5.841049179434776306e-02 4.424693435430526733e-02 3.861785680055618286e-02 3.513715788722038269e-02 3.237446770071983337e-02 3.046345524489879608e-02 2.581593766808509827e-02 2.076162956655025482e-02 1.789733767509460449e-02 1.549901533871889114e-02 1.511670835316181183e-02 1.418594829738140106e-02 1.283713709563016891e-02 2.384221181273460388e-02
4.264728352427482605e-02 1.816066801548004150e-01 1.293377876281738281e-01 1.057914178818464279e-02 3.330256789922714233e-03 1.457468024455010891e-03 1.999692321987822652e-04 2.614982367958873510e-04 3.610983025282621384e-03 8.729426190257072449e-04 4.399323370307683945e-03 3.332564234733581543e-02 3.599830716848373413e-02 1.844716258347034454e-02 7.906476035714149475e-03 5.656822118908166885e-03 3.845562168862670660e-04 1.684356248006224632e-03 1.325565297156572342e-02 5.037686321884393692e-03 8.952468633651733398e-02 7.055837661027908325e-02 1.012921035289764404e-01 1.113521009683609009e-01 1.332025825977325439e-01 1.540147662162780762e-01 1.880941390991210938e-01 2.090447545051574707e-01 2.761882543563842773e-01 2.772265672683715820e-01 2.907475829124450684e-01 2.167051136493682861e-01 1.733271777629852295e-01 1.184587031602859497e-01 9.180895239114761353e-02 6.483617424964904785e-02 8.230271935462951660e-02 5.419935286045074463e-02 3.980156779289245605e-02 4.658513888716697693e-02 2.817258797585964203e-02 3.306414186954498291e-02 2.048915624618530273e-02 2.150438353419303894e-02 7.937240414321422577e-03 1.045223791152238846e-02 9.644669480621814728e-03 6.598984822630882263e-03 5.583756603300571442e-03 3.553299233317375183e-03 1.407475676387548447e-03 6.232118234038352966e-02 4.875403642654418945e-02 7.901861518621444702e-02 9.350869059562683105e-02 9.100907295942306519e-02 8.823257684707641602e-02 7.738040387630462646e-02 6.059067696332931519e-02 4.580064490437507629e-02 3.768650814890861511e-02 3.237194195389747620e-02 2.828795649111270905e-02 2.335794456303119659e-02 2.301953546702861786e-02 2.131210640072822571e-02 2.001230604946613312e-02 1.907398924231529236e-02 1.777418889105319977e-02 1.582064293324947357e-02 1.496692840009927750e-02 1.636671274900436401e-02 1.818950846791267395e-02 2.263497933745384216e-02 2.265036106109619141e-02 2.201199904084205627e-02 2.058144845068454742e-02 1.974311657249927521e-02 1.235963683575391769e-02 6.122135091572999954e-03 1.276726601645350456e-03 8.460236858809366822e-05 0.000000000000000000e+00 0.000000000000000000e+00
1.448673605918884277e-01 2.155825644731521606e-01 4.377350583672523499e-02 1.559157297015190125e-02 5.729952361434698105e-03 2.465264406055212021e-03 1.845429767854511738e-03 2.527191769331693649e-03 4.238070454448461533e-03 6.900376174598932266e-03 3.527034074068069458e-03 3.765172092244029045e-03 5.084220785647630692e-03 3.406557487323880196e-03 3.174612065777182579e-03 2.170828869566321373e-03 1.182809006422758102e-03 3.148152260109782219e-03 1.256051938980817795e-02 1.845880225300788879e-02 4.573941230773925781e-02 4.332425072789192200e-02 6.876584887504577637e-01 7.211464643478393555e-01 1.554923653602600098e-01 2.317539975047111511e-02 2.146283164620399475e-02 1.877406798303127289e-02 2.957303822040557861e-02 2.902245149016380310e-02 3.987209498882293701e-02 2.744837477803230286e-02 4.970162361860275269e-02 4.259125888347625732e-02 3.948026150465011597e-02 2.495890110731124878e-02 5.996014177799224854e-02 4.333100467920303345e-02 3.688607737421989441e-02 5.528858304023742676e-02 4.090233519673347473e-02 5.419415608048439026e-02 5.734568834304809570e-02 6.468237191438674927e-02 5.129258707165718079e-02 5.745040252804756165e-02 6.675975024700164795e-02 7.531920820474624634e-02 8.171684294939041138e-02 7.859233766794204712e-02 5.874411761760711670e-02 1.181131303310394287e-01 4.784155637025833130e-02 6.224244087934494019e-02 4.013106226921081543e-02 3.000765666365623474e-02 2.949197217822074890e-02 2.715675532817840576e-02 2.303916029632091522e-02 1.711329258978366852e-02 1.401918660849332809e-02 1.172900665551424026e-02 1.207579858601093292e-02 1.051973830908536911e-02 8.196906186640262604e-03 7.760037668049335480e-03 9.092034772038459778e-03 1.030580792576074600e-02 1.074943132698535919e-02 1.378724072128534317e-02 7.137838751077651978e-02 8.730380237102508545e-02 9.035850316286087036e-02 7.791902124881744385e-02 4.950120300054550171e-02 7.627514004707336426e-02 4.356069862842559814e-02 4.692841321229934692e-02 5.650235339999198914e-02 1.296867616474628448e-02 1.407435745932161808e-03 4.942914238199591637e-04 1.317359856329858303e-04 1.125948620028793812e-05
7.457775529474020004e-03 1.566130667924880981e-01 1.477293670177459717e-01 3.632309660315513611e-02 2.587294951081275940e-02 9.927021339535713196e-03 4.077101591974496841e-03 3.021999029442667961e-03 3.602184588089585304e-03 2.481316449120640755e-03 8.248938247561454773e-03 7.482048124074935913e-02 1.432958617806434631e-02 2.275460632517933846e-03 1.050786580890417099e-03 4.152962355874478817e-04 3.047602949663996696e-04 2.757180773187428713e-04 7.356383721344172955e-04 4.374619456939399242e-04 2.236893773078918457e-02 1.388890575617551804e-02 2.500424161553382874e-02 3.543749079108238220e-02 4.440867900848388672e-02 5.650588870048522949e-02 7.848594337701797485e-02 1.098725944757461548e-01 1.498907059431076050e-01 1.873836815357208252e-01 2.164203375577926636e-01 2.226091772317886353e-01 2.194563746452331543e-01 2.075628340244293213e-01 1.894479542970657349e-01 1.835092902183532715e-01 1.712435334920883179e-01 1.568836569786071777e-01 1.366553604602813721e-01 1.105669736862182617e-01 8.946521580219268799e-02 7.681100815534591675e-02 6.259904801845550537e-02 5.281277745962142944e-02 3.849855437874794006e-02 3.075284510850906372e-02 2.385601401329040527e-02 1.776812411844730377e-02 1.383403874933719635e-02 1.045475527644157410e-02 8.063931018114089966e-03 3.748112916946411133e-02 7.757122162729501724e-03 5.564252845942974091e-03 9.444350376725196838e-03 1.790067926049232483e-02 2.859669737517833710e-02 3.698309138417243958e-02 4.240586608648300171e-02 4.241815581917762756e-02 3.976836428046226501e-02 3.803300112485885620e-02 3.893440589308738708e-02 4.420092329382896423e-02 4.966027289628982544e-02 5.394052341580390930e-02 5.237063392996788025e-02 5.267641693353652954e-02 5.375749245285987854e-02 5.468186736106872559e-02 5.696720257401466370e-02 4.931571707129478455e-02 4.247287288308143616e-02 3.625067323446273804e-02 3.026256524026393890e-02 2.781760692596435547e-02 2.014548890292644501e-02 1.353074237704277039e-02 1.170159503817558289e-02 1.050186716020107269e-02 8.847411721944808960e-03 7.017387077212333679e-03 5.420285277068614960e-03 1.065446622669696808e-02
9.747286885976791382e-02 7.456624880433082581e-03 8.423411287367343903e-03 1.500615850090980530e-02 2.302607893943786621e-02 6.536824256181716919e-02 6.257990002632141113e-02 1.252665221691131592e-01 8.430844172835350037e-03 2.608358627185225487e-03 2.751704305410385132e-03 3.977840021252632141e-02 2.344018779695034027e-02 5.120622459799051285e-03 1.872517983429133892e-03 1.370277605019509792e-03 1.429739408195018768e-03 1.292764791287481785e-03 1.928794430568814278e-03 5.375990178436040878e-03 4.415043629705905914e-03 1.140393782407045364e-03 3.261908423155546188e-03 6.402769125998020172e-03 1.363375782966613770e-02 1.939943619072437286e-02 2.157510258257389069e-02 1.924334838986396790e-02 3.044341504573822021e-02 5.234024673700332642e-02 4.243666306138038635e-02 3.927031904458999634e-02 5.823653191328048706e-02 6.549300253391265869e-02 8.424260467290878296e-02 5.699738860130310059e-02 6.775785982608795166e-02 8.231858909130096436e-02 7.470852881669998169e-02 7.623436301946640015e-02 7.847373932600021362e-02 8.442099392414093018e-02 8.329015225172042847e-02 8.419800549745559692e-02 9.963154792785644531e-02 1.222164407372474670e-01 1.428677588701248169e-01 1.527554243803024292e-01 1.509174108505249023e-01 1.589861810207366943e-01 2.422221899032592773e-01 7.804689407348632812e-01 2.143812831491231918e-03 1.014037244021892548e-02 1.728853955864906311e-02 3.084478341042995453e-02 3.724118322134017944e-02 4.413875937461853027e-02 3.978211432695388794e-02 3.937862440943717957e-02 5.341481044888496399e-02 5.500116944313049316e-02 4.381065815687179565e-02 4.371509328484535217e-02 3.708827868103981018e-02 3.047208487987518311e-02 2.909278124570846558e-02 3.371381759643554688e-02 3.932446986436843872e-02 4.813544452190399170e-02 5.518380180001258850e-02 4.389347881078720093e-02 4.846991971135139465e-02 4.691223055124282837e-02 3.505489602684974670e-02 2.870097011327743530e-02 2.564930170774459839e-02 2.247552573680877686e-02 1.820170320570468903e-02 1.554078422486782074e-02 8.290683850646018982e-03 4.385313019156455994e-03 3.956337925046682358e-03 8.558262139558792114e-03
1.631673984229564667e-02 3.906208276748657227e-01 6.973902881145477295e-02 3.728746669366955757e-03 1.254605245776474476e-03 9.242856176570057869e-04 9.720203815959393978e-04 1.258010626770555973e-03 3.654187312349677086e-03 3.108792472630739212e-03 5.846460699103772640e-04 9.081549942493438721e-04 2.998028649017214775e-03 1.401155139319598675e-03 3.553520073182880878e-04 2.418401127215474844e-04 7.838296005502343178e-05 1.547943975310772657e-04 9.548143716529011726e-04 7.455939776264131069e-04 2.271480858325958252e-02 1.250303722918033600e-02 1.653784886002540588e-02 3.574191406369209290e-02 6.335684657096862793e-02 9.339891374111175537e-02 1.498095542192459106e-01 1.704743355512619019e-01 1.851453334093093872e-01 2.037851810455322266e-01 2.314506471157073975e-01 2.416047155857086182e-01 2.176883518695831299e-01 1.914689093828201294e-01 1.708890646696090698e-01 1.532410681247711182e-01 1.379269957542419434e-01 1.213694438338279724e-01 1.029120460152626038e-01 8.567986637353897095e-02 6.984388083219528198e-02 6.204847246408462524e-02 5.432548373937606812e-02 4.750365763902664185e-02 3.617779910564422607e-02 3.018222004175186157e-02 2.299512177705764771e-02 1.682031527161598206e-02 1.204313524067401886e-02 8.470736443996429443e-03 5.818859208375215530e-03 2.607141435146331787e-02 5.193707533180713654e-03 5.740357097238302231e-03 7.348043844103813171e-03 1.043700147420167923e-02 1.625478640198707581e-02 2.278793416917324066e-02 2.630763873457908630e-02 2.944534644484519958e-02 3.357694298028945923e-02 3.544128686189651489e-02 3.703941404819488525e-02 3.871150314807891846e-02 4.024654254317283630e-02 4.114806652069091797e-02 4.306558147072792053e-02 4.615286737680435181e-02 5.135374143719673157e-02 5.385745689272880554e-02 5.575955659151077271e-02 5.814737081527709961e-02 5.426371097564697266e-02 4.931602627038955688e-02 4.476156830787658691e-02 4.233193770051002502e-02 4.034583643078804016e-02 3.301535546779632568e-02 2.431711740791797638e-02 1.788278482854366302e-02 1.313284970819950104e-02 8.791915141046047211e-03 6.246142089366912842e-03 7.579608354717493057e-03
1.119558885693550110e-01 2.248952686786651611e-01 4.699046909809112549e-02 3.456080332398414612e-03 4.333991382736712694e-04 1.463185180909931660e-04 3.704266191562055610e-06 7.408532383124111220e-06 7.686352473683655262e-04 2.963412953249644488e-05 1.481706476624822244e-05 7.408532383124111220e-06 4.722939338535070419e-04 5.265614483505487442e-03 2.924518194049596786e-03 1.164065673947334290e-02 1.296493224799633026e-03 7.101078517735004425e-03 6.306327879428863525e-02 1.952703855931758881e-02 1.563459634780883789e-01 3.282831907272338867e-01 4.188635945320129395e-01 3.198041319847106934e-01 2.101096808910369873e-01 1.857948750257492065e-01 1.469445377588272095e-01 9.374757111072540283e-02 7.712282240390777588e-02 6.766583025455474854e-02 6.489874422550201416e-02 6.317625939846038818e-02 6.252060830593109131e-02 6.577665358781814575e-02 7.966765761375427246e-02 1.020710468292236328e-01 1.184735447168350220e-01 1.241077333688735962e-01 1.186402440071105957e-01 8.625754714012145996e-02 4.751832783222198486e-02 2.570390328764915466e-02 1.349093765020370483e-02 8.179020136594772339e-03 4.611811600625514984e-03 2.989342901855707169e-03 2.155883004888892174e-03 1.389099750667810440e-03 1.011264626868069172e-03 7.778959115967154503e-04 4.000607295893132687e-04 1.500227721408009529e-03 1.074237225111573935e-04 3.344952361658215523e-03 2.728932909667491913e-02 8.149755746126174927e-02 1.277008801698684692e-01 6.590630114078521729e-02 6.317255645990371704e-02 6.409491598606109619e-02 5.055952817201614380e-02 3.696857765316963196e-02 3.249382227659225464e-02 2.805240824818611145e-02 2.261824905872344971e-02 2.101059816777706146e-02 2.088094875216484070e-02 2.127359993755817413e-02 2.245155721902847290e-02 2.646327763795852661e-02 2.871176786720752716e-02 2.738564088940620422e-02 2.487044408917427063e-02 2.186628431081771851e-02 2.392215095460414886e-02 2.489637397229671478e-02 2.522605285048484802e-02 2.359987981617450714e-02 2.004007995128631592e-02 1.799902878701686859e-02 1.659140922129154205e-02 1.334647089242935181e-02 9.479217231273651123e-03 6.178716197609901428e-03
1.991587281227111816e-01 2.040004134178161621e-01 1.983788423240184784e-02 3.442540531978011131e-03 4.318791034165769815e-04 4.818485758733004332e-04 6.246185512281954288e-05 2.855398997780866921e-05 2.278965432196855545e-03 1.035082168527878821e-04 2.105856838170439005e-04 3.926173667423427105e-05 1.068454608321189880e-02 1.486592087894678116e-02 1.659700646996498108e-03 2.966045634821057320e-03 2.320011699339374900e-04 1.065420801751315594e-03 3.175917640328407288e-02 6.690556649118661880e-03 7.660000920295715332e-01 1.254947856068611145e-02 1.370270252227783203e-01 1.405070424079895020e-01 9.353216737508773804e-02 6.435355544090270996e-02 5.860349535942077637e-02 4.346274212002754211e-02 6.061655282974243164e-02 5.609788000583648682e-02 7.032847404479980469e-02 6.899000704288482666e-02 9.345720708370208740e-02 1.109322533011436462e-01 1.167037338018417358e-01 8.565126359462738037e-02 1.085765510797500610e-01 1.061458885669708252e-01 1.106966733932495117e-01 1.132344156503677368e-01 9.663741290569305420e-02 9.150840342044830322e-02 7.631410658359527588e-02 6.819763779640197754e-02 5.162204802036285400e-02 4.420157894492149353e-02 3.498220816254615784e-02 2.627680823206901550e-02 1.959517598152160645e-02 1.347034424543380737e-02 1.054713036864995956e-02 4.918067902326583862e-02 8.302429318428039551e-02 1.888596564531326294e-01 1.401215642690658569e-01 1.042042151093482971e-01 4.978745058178901672e-02 3.531771525740623474e-02 3.158071264624595642e-02 2.980679646134376526e-02 2.684432081878185272e-02 2.686573565006256104e-02 2.684432081878185272e-02 2.771164663136005402e-02 2.620899304747581482e-02 2.385685965418815613e-02 2.038041129708290100e-02 1.577251031994819641e-02 1.351674553006887436e-02 1.338111329823732376e-02 1.202479936182498932e-02 1.077913120388984680e-02 9.351431392133235931e-03 1.094688568264245987e-02 1.431625708937644958e-02 1.504081394523382187e-02 1.602592691779136658e-02 1.907049678266048431e-02 7.281267549842596054e-03 8.601889712736010551e-04 1.927394332597032189e-04 1.784624328138306737e-05 7.138497494452167302e-06 0.000000000000000000e+00
2.403048798441886902e-02 9.254951775074005127e-02 7.967626303434371948e-02 2.167811058461666107e-02 1.834871992468833923e-02 1.718514412641525269e-02 1.394673157483339310e-02 1.539240032434463501e-02 2.392026223242282867e-02 2.485110051929950714e-02 3.283397108316421509e-02 3.037685155868530273e-02 6.920731067657470703e-02 1.250402536243200302e-02 5.317088216543197632e-03 2.658982994034886360e-03 2.135379239916801453e-03 2.852180972695350647e-03 5.981573835015296936e-03 4.553892649710178375e-03 8.176804333925247192e-02 1.724400818347930908e-01 1.506171971559524536e-01 1.304335594177246094e-01 1.247498244047164917e-01 1.236577630043029785e-01 1.254753470420837402e-01 1.268461048603057861e-01 1.331856101751327515e-01 1.273215562105178833e-01 1.283682286739349365e-01 1.183336526155471802e-01 1.164423599839210510e-01 1.022070050239562988e-01 9.382847696542739868e-02 8.401140570640563965e-02 8.456220477819442749e-02 7.430949062108993530e-02 7.180191576480865479e-02 7.047919929027557373e-02 6.280677020549774170e-02 6.805750727653503418e-02 6.299234181642532349e-02 6.288475543260574341e-02 5.709572136402130127e-02 5.518238246440887451e-02 5.028536170721054077e-02 4.721349477767944336e-02 4.492472857236862183e-02 4.464965686202049255e-02 4.357700422406196594e-02 1.594912707805633545e-01 1.982553675770759583e-02 1.841551437973976135e-02 2.051387727260589600e-02 2.669632621109485626e-02 3.425918519496917725e-02 3.981065750122070312e-02 4.345986992120742798e-02 4.657505825161933899e-02 4.745467752218246460e-02 4.694554954767227173e-02 4.773797467350959778e-02 4.719550535082817078e-02 4.640549421310424805e-02 4.689685255289077759e-02 4.895364865660667419e-02 4.872025176882743835e-02 4.545107483863830566e-02 4.036420211195945740e-02 3.616056591272354126e-02 3.431259840726852417e-02 3.201977536082267761e-02 3.067150153219699860e-02 2.822425402700901031e-02 2.357466705143451691e-02 2.019723691046237946e-02 1.607289910316467285e-02 1.310829725116491318e-02 1.064668036997318268e-02 8.495671674609184265e-03 6.755956448614597321e-03 5.922950804233551025e-03 1.815568655729293823e-02
3.899832069873809814e-02 4.158591628074645996e-01 8.974025025963783264e-03 4.628022725228220224e-04 9.882756421575322747e-05 2.169385697925463319e-05 0.000000000000000000e+00 0.000000000000000000e+00 6.508157093776389956e-05 1.687299845798406750e-05 0.000000000000000000e+00 0.000000000000000000e+00 2.121177094522863626e-04 1.441436237655580044e-03 1.523390761576592922e-03 5.835647229105234146e-03 2.972058253362774849e-03 4.449651110917329788e-03 1.002256199717521667e-02 9.046338498592376709e-03 7.911026477813720703e-03 3.727004677057266235e-02 4.473273083567619324e-02 4.211500659584999084e-02 1.949554383754730225e-01 8.120010495185852051e-01 1.994388401508331299e-01 2.230128496885299683e-01 4.295238852500915527e-01 3.815226554870605469e-01 7.925488799810409546e-02 6.858150660991668701e-02 8.570519089698791504e-02 8.261020481586456299e-02 9.750665724277496338e-02 8.647170662879943848e-02 5.053222179412841797e-02 2.315457537770271301e-02 1.375390589237213135e-02 1.141096837818622589e-02 7.665162440389394760e-03 4.107370041310787201e-03 2.950364723801612854e-03 2.473099622875452042e-03 1.200393424369394779e-03 1.373944221995770931e-03 1.316093956120312214e-03 1.185930799692869186e-03 8.099039550870656967e-04 1.157005666755139828e-03 4.483397060539573431e-04 3.847043961286544800e-03 1.687299925833940506e-03 1.223051454871892929e-02 2.744513936340808868e-02 2.496721781790256500e-02 1.642465963959693909e-02 1.398048549890518188e-02 1.104458328336477280e-02 1.045161765068769455e-02 1.492055226117372513e-02 8.759496733546257019e-03 9.034286253154277802e-03 9.068031795322895050e-03 1.402869354933500290e-02 2.049828320741653442e-02 2.729087136685848236e-02 3.526939079165458679e-02 3.405935317277908325e-02 2.338597737252712250e-02 1.224015560001134872e-02 6.942034233361482620e-03 7.276119291782379150e-02 1.185689792037010193e-01 7.614543288946151733e-02 1.153823882341384888e-01 1.265571415424346924e-01 1.006980612874031067e-01 4.811697453260421753e-02 5.751282442361116409e-03 5.110108177177608013e-04 5.977862747386097908e-04 9.015002287924289703e-04 2.796096960082650185e-04
1.100843623280525208e-01 3.116973340511322021e-01 1.095843967050313950e-02 2.391674090176820755e-03 9.674850152805447578e-04 5.304453079588711262e-04 1.165111534646712244e-04 8.111535862553864717e-05 7.811654941178858280e-04 1.012712964438833296e-04 1.238852855749428272e-04 7.619927782798185945e-05 7.580599049106240273e-04 1.570688327774405479e-03 1.318001653999090195e-03 2.515559317544102669e-03 1.302761840634047985e-03 4.699775017797946930e-03 2.315032482147216797e-02 2.677495218813419342e-02 1.763595454394817352e-02 3.229866269975900650e-03 9.978664107620716095e-03 1.706372201442718506e-02 2.724001184105873108e-02 3.411859646439552307e-02 4.349848255515098572e-02 4.055178165435791016e-02 5.958881974220275879e-02 5.638844892382621765e-02 6.469171494245529175e-02 4.545114934444427490e-02 6.443509459495544434e-02 4.853943362832069397e-02 4.327135533094406128e-02 2.521065622568130493e-02 6.238213554024696350e-02 3.942206501960754395e-02 3.078549355268478394e-02 5.180174112319946289e-02 3.631903603672981262e-02 5.704031884670257568e-02 6.822244822978973389e-02 8.735682070255279541e-02 9.504360705614089966e-02 1.184726655483245850e-01 1.424120217561721802e-01 1.730293929576873779e-01 2.096050381660461426e-01 2.899947762489318848e-01 3.694111406803131104e-01 5.678074955940246582e-01 4.379246383905410767e-02 7.669875025749206543e-02 6.288161128759384155e-02 6.121407449245452881e-02 5.041737481951713562e-02 3.399667516350746155e-02 2.463448978960514069e-02 1.829372532665729523e-02 1.560659520328044891e-02 1.484755240380764008e-02 1.516906451433897018e-02 1.625158451497554779e-02 1.525263767689466476e-02 1.507762540131807327e-02 1.581798680126667023e-02 1.659276150166988373e-02 1.751993410289287567e-02 1.995044574141502380e-02 2.387839555740356445e-02 3.242549672722816467e-02 4.217998683452606201e-02 4.630851373076438904e-02 4.421328008174896240e-02 4.557798430323600769e-02 5.056485906243324280e-02 5.315170064568519592e-02 4.209838062524795532e-02 3.615286946296691895e-02 3.157599642872810364e-02 1.623487100005149841e-02 1.548565924167633057e-03 7.374123379122465849e-05
1.596346199512481689e-01 2.916159331798553467e-01 2.402206510305404663e-02 2.379811368882656097e-03 6.454091635532677174e-04 2.352829469600692391e-04 1.510991387476678938e-05 3.453694444033317268e-05 8.531704661436378956e-04 1.305928308283910155e-04 8.110785856842994690e-04 4.396984819322824478e-03 3.863820806145668030e-03 1.808332861401140690e-03 1.143496716395020485e-03 6.508055957965552807e-04 1.305928308283910155e-04 4.193001077510416508e-04 3.254027804359793663e-03 3.955020103603601456e-03 2.747306227684020996e-02 2.627829834818840027e-02 4.242540150880813599e-02 6.476000696420669556e-02 8.958776295185089111e-02 1.365267038345336914e-01 1.407974064350128174e-01 1.176468729972839355e-01 1.325117945671081543e-01 1.226460859179496765e-01 2.248970270156860352e-01 4.361012578010559082e-01 4.410680830478668213e-01 2.898998856544494629e-01 1.745907366275787354e-01 1.296786814928054810e-01 1.125019341707229614e-01 8.143811672925949097e-02 5.985144898295402527e-02 4.596759378910064697e-02 2.959708496928215027e-02 2.137944847345352173e-02 1.321361958980560303e-02 1.002434827387332916e-02 4.966844338923692703e-03 4.137957468628883362e-03 3.211935982108116150e-03 2.506087068468332291e-03 1.822903053835034370e-03 1.437600352801382542e-03 1.036108355037868023e-03 1.001787278801202774e-02 9.356274269521236420e-03 3.093215264379978180e-02 5.225332081317901611e-02 4.873810708522796631e-02 4.035641998052597046e-02 3.529676049947738647e-02 2.158559113740921021e-02 1.687453500926494598e-02 1.495341863483190536e-02 1.555997319519519806e-02 1.533656287938356400e-02 1.705369539558887482e-02 1.941623911261558533e-02 2.240152657032012939e-02 2.508569508790969849e-02 2.818430587649345398e-02 3.137897327542304993e-02 3.438368812203407288e-02 3.479597344994544983e-02 3.682393953204154968e-02 4.449329897761344910e-02 5.791090428829193115e-02 7.383999228477478027e-02 7.002797722816467285e-02 6.114010885357856750e-02 5.215294659137725830e-02 3.975634276866912842e-02 3.161209821701049805e-02 1.574560999870300293e-02 2.479105256497859955e-03 7.447029202012345195e-05 0.000000000000000000e+00
5.428810417652130127e-02 1.217981874942779541e-01 5.142360553145408630e-02 1.753968186676502228e-02 8.983312174677848816e-03 1.081466116011142731e-02 9.674907661974430084e-03 7.969255559146404266e-03 1.024504937231540680e-02 6.943530868738889694e-03 1.977198524400591850e-03 4.231777507811784744e-03 8.818369358777999878e-03 1.333675533533096313e-01 1.917585544288158417e-02 5.935308057814836502e-03 4.196773748844861984e-03 4.477336537092924118e-03 7.770369295030832291e-03 1.036915462464094162e-02 1.968500576913356781e-02 4.089428111910820007e-02 5.690385773777961731e-02 9.720943868160247803e-02 1.626574695110321045e-01 1.949598491191864014e-01 2.169996798038482666e-01 1.805509030818939209e-01 1.852382570505142212e-01 2.014928609132766724e-01 2.307371646165847778e-01 2.668008804321289062e-01 2.308262586593627930e-01 2.074340283870697021e-01 1.461451053619384766e-01 1.029564589262008667e-01 9.888008236885070801e-02 9.524920582771301270e-02 1.037774682044982910e-01 6.716004759073257446e-02 2.174069732427597046e-02 1.558316778391599655e-02 2.385367080569267273e-02 1.385523937642574310e-02 7.038996554911136627e-03 4.798737354576587677e-03 3.557684365659952164e-03 1.864761346951127052e-03 8.432794129475951195e-04 1.336518325842916965e-04 3.818623736151494086e-05 1.336518325842916965e-04 5.303644229570636526e-06 7.425102012348361313e-06 1.022542594000697136e-03 7.512081880122423172e-03 3.389240801334381104e-02 6.329263001680374146e-02 5.835493654012680054e-02 6.006377190351486206e-02 6.761615723371505737e-02 6.871401518583297729e-02 7.665781676769256592e-02 7.053422182798385620e-02 5.800065398216247559e-02 6.153075769543647766e-02 5.003776028752326965e-02 3.220691159367561340e-02 2.194754034280776978e-02 1.918752491474151611e-02 2.305388078093528748e-02 2.265716902911663055e-02 1.513766124844551086e-02 1.250599324703216553e-02 1.761234179139137268e-02 1.749884337186813354e-02 1.595124043524265289e-02 2.033523283898830414e-02 2.574282884597778320e-02 2.435857802629470825e-02 1.901674643158912659e-02 1.262903772294521332e-02 9.124389849603176117e-03 1.379159651696681976e-02
6.937529146671295166e-02 2.869328856468200684e-01 6.030555814504623413e-02 2.668105531483888626e-03 9.345198632217943668e-04 6.920683081261813641e-04 5.144981550984084606e-04 6.169424741528928280e-04 1.757489284500479698e-03 6.654327735304832458e-03 3.722143592312932014e-04 1.138270249612105545e-06 2.447281149215996265e-04 3.915649722330272198e-04 7.171102333813905716e-05 4.405105719342827797e-04 1.707405317574739456e-05 2.504194562789052725e-04 2.175234491005539894e-03 6.558371335268020630e-02 6.774984765797853470e-03 1.400072360411286354e-03 3.046011086553335190e-03 5.443208385258913040e-03 9.916610084474086761e-03 1.462904922664165497e-02 3.237923607230186462e-02 4.226169735193252563e-02 5.637169629335403442e-02 7.889578491449356079e-02 9.493856132030487061e-02 9.878364205360412598e-02 1.294964551925659180e-01 1.779252886772155762e-01 2.399928867816925049e-01 2.614720463752746582e-01 2.814896702766418457e-01 2.509271204471588135e-01 1.837714463472366333e-01 1.408745944499969482e-01 1.339015662670135498e-01 1.346459835767745972e-01 1.228102445602416992e-01 1.275090277194976807e-01 1.461470723152160645e-01 9.530054032802581787e-02 3.646335005760192871e-02 1.465636864304542542e-02 7.294035516679286957e-03 6.098852492868900299e-03 3.633358748629689217e-03 6.074947863817214966e-02 9.846037253737449646e-03 2.013144828379154205e-02 1.454709377139806747e-02 1.115732453763484955e-02 1.087731029838323593e-02 1.507069822400808334e-02 2.130614221096038818e-02 1.958963088691234589e-02 2.701570652425289154e-02 2.907369844615459442e-02 3.019603341817855835e-02 3.585096076130867004e-02 3.992369025945663452e-02 5.349642410874366760e-02 7.317028939723968506e-02 9.342694282531738281e-02 9.658450633287429810e-02 9.299895167350769043e-02 8.936104178428649902e-02 7.538080960512161255e-02 6.008017808198928833e-02 4.096407070755958557e-02 2.044333331286907196e-02 1.182890404015779495e-02 5.698180757462978363e-03 1.773425028659403324e-03 1.957824861165136099e-04 1.138270272349473089e-05 0.000000000000000000e+00 0.000000000000000000e+00 0.000000000000000000e+00 0.000000000000000000e+00
6.493481807410717010e-03 3.241263031959533691e-01 1.582697480916976929e-01 6.952827796339988708e-03 2.693817485123872757e-03 1.742477761581540108e-04 1.138874381467758212e-06 8.351745236723218113e-06 2.186638739658519626e-04 3.150885822833515704e-05 2.277748762935516424e-06 0.000000000000000000e+00 8.199895091820508242e-05 1.617201487533748150e-04 1.062949377228505909e-05 6.985096115386113524e-05 0.000000000000000000e+00 1.328686721535632387e-05 5.455208010971546173e-04 1.446370442863553762e-04 1.234084181487560272e-02 5.985240638256072998e-02 1.912397742271423340e-01 2.663394212722778320e-01 2.930004894733428955e-01 4.130947887897491455e-01 4.187914431095123291e-01 3.554016947746276855e-01 2.804865241050720215e-01 2.017857581377029419e-01 1.439924389123916626e-01 9.966289997100830078e-02 7.327061891555786133e-02 4.998519271612167358e-02 3.638020157814025879e-02 2.567933872342109680e-02 2.057718113064765930e-02 1.411976478993892670e-02 1.011548191308975220e-02 8.220395073294639587e-03 5.443819332867860794e-03 4.623829852789640427e-03 3.095460589975118637e-03 3.275402588769793510e-03 1.485092099756002426e-03 1.765255117788910866e-03 1.056875335052609444e-03 1.031820196658372879e-03 7.311573717743158340e-04 6.195476162247359753e-04 4.509942373260855675e-04 2.084139967337250710e-03 1.131281824200414121e-04 3.147848648950457573e-03 1.781123504042625427e-02 3.308202326297760010e-02 4.017417132854461670e-02 4.317168891429901123e-02 4.645620286464691162e-02 4.818349704146385193e-02 4.973312467336654663e-02 5.125389993190765381e-02 5.435999110341072083e-02 5.646463111042976379e-02 5.733624845743179321e-02 5.731423199176788330e-02 5.686171725392341614e-02 5.462648719549179077e-02 5.194102227687835693e-02 4.855401068925857544e-02 4.394080862402915955e-02 3.726548701524734497e-02 3.138434141874313354e-02 2.479025721549987793e-02 1.932897605001926422e-02 1.399372890591621399e-02 1.164005510509014130e-02 1.102734077721834183e-02 1.116856094449758530e-02 8.576483465731143951e-03 5.914553999900817871e-03 4.673181101679801941e-03 3.743100212886929512e-03 1.967974938452243805e-03
3.241869807243347168e-02 2.048460692167282104e-01 5.319782719016075134e-02 7.110217958688735962e-02 6.402546167373657227e-02 1.326418574899435043e-02 1.671078614890575409e-02 1.007028762251138687e-02 6.569295190274715424e-03 4.001296591013669968e-03 4.084334243088960648e-03 2.715880284085869789e-03 3.762633772566914558e-03 3.843279322609305382e-03 1.312612555921077728e-03 1.139549189247190952e-03 2.528904005885124207e-04 5.569002823904156685e-04 5.172260105609893799e-03 9.535799617879092693e-04 4.057714343070983887e-01 8.911011219024658203e-01 2.201695144176483154e-01 1.206069886684417725e-01 8.170418441295623779e-02 6.170525774359703064e-02 4.369809851050376892e-02 3.366029635071754456e-02 3.400063142180442810e-02 3.548473492264747620e-02 3.786292299628257751e-02 3.786481171846389771e-02 3.978708013892173767e-02 4.032685980200767517e-02 4.314623400568962097e-02 4.954499006271362305e-02 6.422472000122070312e-02 7.854145020246505737e-02 9.422367811203002930e-02 1.044238954782485962e-01 1.063975393772125244e-01 9.959802031517028809e-02 8.930260688066482544e-02 7.372991740703582764e-02 5.124665796756744385e-02 2.994494140148162842e-02 1.568524911999702454e-02 7.659235969185829163e-03 3.618278075009584427e-03 1.740958658047020435e-03 8.657576981931924820e-04 2.361947204917669296e-03 3.434197278693318367e-03 1.069908309727907181e-02 1.843247935175895691e-02 1.989366672933101654e-02 1.685407198965549469e-02 1.202705688774585724e-02 9.355118498206138611e-03 9.721265174448490143e-03 8.630632422864437103e-03 8.359421975910663605e-03 8.621944114565849304e-03 9.610841982066631317e-03 1.226678956300020218e-02 1.893347688019275665e-02 3.001960739493370056e-02 4.400003328919410706e-02 5.527679249644279480e-02 5.539602786302566528e-02 5.752302706241607666e-02 6.370722502470016479e-02 5.914159864187240601e-02 5.416072532534599304e-02 6.001818552613258362e-02 7.332587242126464844e-02 7.460021227598190308e-02 7.116815447807312012e-02 5.613889545202255249e-02 3.630415722727775574e-02 2.311369031667709351e-02 1.268544048070907593e-02 5.141790024936199188e-03 1.438522594980895519e-03
4.839707631617784500e-03 1.612682789564132690e-01 3.133151233196258545e-01 2.381889848038554192e-03 4.945364198647439480e-04 1.920295617310330272e-04 6.347421003738418221e-05 1.333761902060359716e-04 8.982805884443223476e-04 1.486019580624997616e-03 6.156998220831155777e-03 3.049172461032867432e-03 4.345974419265985489e-03 7.661096169613301754e-04 3.491081588435918093e-04 2.771974868664983660e-05 1.205206444865325466e-06 1.606941964382713195e-06 1.759601436788216233e-04 5.343082011677324772e-05 1.739354059100151062e-02 2.157078683376312256e-02 4.164952784776687622e-02 9.218142181634902954e-02 2.599292993545532227e-01 5.359095335006713867e-01 5.658468604087829590e-01 4.228780269622802734e-01 3.853262066841125488e-01 2.630049884319305420e-01 1.508701592683792114e-01 8.686646074056625366e-02 6.013739481568336487e-02 4.481681063771247864e-02 2.737746946513652802e-02 1.360678113996982574e-02 5.271573085337877274e-03 1.694520236924290657e-03 4.965451080352067947e-04 1.470351999159902334e-04 4.097702185390517116e-05 1.205206535814795643e-05 4.820825779461301863e-06 2.410412889730650932e-06 0.000000000000000000e+00 2.410412889730650932e-06 0.000000000000000000e+00 0.000000000000000000e+00 2.410412889730650932e-06 0.000000000000000000e+00 0.000000000000000000e+00 2.959987148642539978e-03 7.632974302396178246e-05 9.143499773927032948e-04 3.213883928765426390e-06 1.205206535814795643e-05 2.241684123873710632e-04 1.819058321416378021e-03 7.836252450942993164e-03 2.960870973765850067e-02 6.043226644396781921e-02 5.985698103904724121e-02 5.284268036484718323e-02 5.284509062767028809e-02 4.888799786567687988e-02 4.484733939170837402e-02 4.057046398520469666e-02 3.404869139194488525e-02 2.681905776262283325e-02 2.648160047829151154e-02 3.392335027456283569e-02 4.064358025789260864e-02 4.199421405792236328e-02 4.200867563486099243e-02 4.651132971048355103e-02 5.052948743104934692e-02 5.198939517140388489e-02 4.490920901298522949e-02 4.252531006932258606e-02 3.610718250274658203e-02 2.645267546176910400e-02 2.680861391127109528e-02 1.767796836793422699e-02 9.792704135179519653e-03
1.087718382477760315e-01 3.031045496463775635e-01 5.128832906484603882e-02 7.129198871552944183e-03 2.736443420872092247e-03 9.125153883360326290e-04 5.629475926980376244e-04 3.490164817776530981e-04 5.050538456998765469e-04 2.448077721055597067e-04 8.265018695965409279e-04 5.812530405819416046e-03 6.883839610964059830e-03 1.316117355599999428e-03 5.761804059147834778e-04 4.240026173647493124e-04 2.177906862925738096e-04 5.171839729882776737e-04 2.199961571022868156e-03 5.621205084025859833e-03 1.258113328367471695e-02 4.157100617885589600e-02 4.636129736900329590e-02 6.664725393056869507e-02 1.007317751646041870e-01 1.497528851032257080e-01 1.720303893089294434e-01 1.928986012935638428e-01 2.024461030960083008e-01 1.993198245763778687e-01 2.086688429117202759e-01 1.870298236608505249e-01 1.555488705635070801e-01 1.466795504093170166e-01 1.330629438161849976e-01 1.119830086827278137e-01 1.046850830316543579e-01 8.417747914791107178e-02 6.963457912206649780e-02 6.678289920091629028e-02 5.883987620472908020e-02 6.414955854415893555e-02 6.211831420660018921e-02 6.265754997730255127e-02 5.748350918292999268e-02 5.972978472709655762e-02 5.425138026475906372e-02 4.279173165559768677e-02 2.931076660752296448e-02 1.815547421574592590e-02 1.000734418630599976e-02 2.791139483451843262e-02 6.435576826333999634e-03 1.275867503136396408e-02 1.460355520248413086e-02 1.766806282103061676e-02 1.799116469919681549e-02 2.046570740640163422e-02 2.599704079329967499e-02 3.331370279192924500e-02 3.878989815711975098e-02 3.869065269827842712e-02 3.404261544346809387e-02 3.453994914889335632e-02 3.763092309236526489e-02 4.383161664009094238e-02 5.149453878402709961e-02 5.716812610626220703e-02 6.308761984109878540e-02 5.726075544953346252e-02 4.775184765458106995e-02 4.381397366523742676e-02 3.850208595395088196e-02 3.703323751688003540e-02 3.956622630357742310e-02 3.712035343050956726e-02 3.357284888625144958e-02 3.219442442059516907e-02 2.576326020061969757e-02 2.252121083438396454e-02 2.073367312550544739e-02 1.075500063598155975e-02 4.026095382869243622e-03 8.755737217143177986e-04
3.404312953352928162e-02 3.651486039161682129e-01 8.554002642631530762e-02 1.243057427927851677e-03 5.354113527573645115e-04 3.077002475038170815e-04 1.915869506774470210e-04 2.612549287732690573e-04 5.160591099411249161e-04 6.005637696944177151e-04 1.392714562825858593e-03 9.295514901168644428e-04 1.499796751886606216e-03 1.898452523164451122e-03 1.114042592234909534e-03 5.444423877634108067e-04 3.889795625582337379e-04 5.308958352543413639e-04 1.513343304395675659e-03 1.800401252694427967e-03 1.055856980383396149e-02 3.268589451909065247e-02 2.155914455652236938e-01 2.757574915885925293e-01 4.042484760284423828e-01 2.521787285804748535e-01 1.745105534791946411e-01 9.277839958667755127e-02 6.556917726993560791e-02 7.613549381494522095e-02 9.996581077575683594e-02 1.276356130838394165e-01 1.383064240217208862e-01 1.381748318672180176e-01 1.259558498859405518e-01 1.005773395299911499e-01 8.913243561983108521e-02 7.979693263769149780e-02 7.984337955713272095e-02 8.289328217506408691e-02 7.265208661556243896e-02 6.498861312866210938e-02 4.953780025243759155e-02 3.978041559457778931e-02 2.459666691720485687e-02 2.014952898025512695e-02 1.463801786303520203e-02 1.135201007127761841e-02 8.456918410956859589e-03 6.231414154171943665e-03 4.125892650336027145e-03 2.119454741477966309e-02 2.105521271005272865e-03 8.397571742534637451e-03 8.922661654651165009e-03 1.158423721790313721e-02 1.700285822153091431e-02 2.143451571464538574e-02 2.063075266778469086e-02 2.235955186188220978e-02 2.764528617262840271e-02 3.461853414773941040e-02 4.036098346114158630e-02 3.990942984819412231e-02 3.046555072069168091e-02 2.247824519872665405e-02 2.161255478858947754e-02 2.683765441179275513e-02 3.255429863929748535e-02 4.207042977213859558e-02 5.591629445552825928e-02 6.683997809886932373e-02 8.648505806922912598e-02 9.327639639377593994e-02 7.758174836635589600e-02 4.585056379437446594e-02 4.122151061892509460e-02 3.146541491150856018e-02 2.396578527987003326e-02 1.910450868308544159e-02 1.589978113770484924e-02 7.180962711572647095e-03 3.026686608791351318e-03 1.194676849991083145e-03
6.989086419343948364e-02 3.954696059226989746e-01 2.867589890956878662e-02 1.465481589548289776e-03 3.910707018803805113e-04 2.108309308823663741e-05 8.267878911283332855e-06 0.000000000000000000e+00 1.157503083959454671e-05 0.000000000000000000e+00 0.000000000000000000e+00 0.000000000000000000e+00 0.000000000000000000e+00 9.921454875438939780e-06 0.000000000000000000e+00 4.133939455641666427e-06 0.000000000000000000e+00 7.441091383952880278e-06 3.274080227129161358e-04 3.717238549143075943e-03 9.023563936352729797e-03 3.482430800795555115e-02 8.344192057847976685e-02 1.969135999679565430e-01 4.616973996162414551e-01 4.630963206291198730e-01 2.930301725864410400e-01 1.568458080291748047e-01 1.270392835140228271e-01 1.249855309724807739e-01 1.293633729219436646e-01 1.435361653566360474e-01 1.548887938261032104e-01 1.387069076299667358e-01 1.190599352121353149e-01 8.558495342731475830e-02 7.990740239620208740e-02 5.598428845405578613e-02 3.786771371960639954e-02 2.941959351301193237e-02 1.945845410227775574e-02 1.216122321784496307e-02 9.564283303916454315e-03 8.738322183489799500e-03 3.804877866059541702e-03 3.398098284378647804e-03 2.443158300593495369e-03 2.562215784564614296e-03 1.418768079020082951e-03 1.011988497339189053e-03 4.018189210910350084e-04 9.819759987294673920e-03 5.846217274665832520e-03 1.652666367590427399e-02 3.946176171302795410e-02 3.759735450148582458e-02 3.438693657517433167e-02 3.144687786698341370e-02 2.965853735804557800e-02 2.659528702497482300e-02 2.359156683087348938e-02 1.891608163714408875e-02 1.880281046032905579e-02 2.212071046233177185e-02 2.108639851212501526e-02 2.066804468631744385e-02 2.119388245046138763e-02 3.588507696986198425e-02 4.566267132759094238e-02 7.162380963563919067e-02 8.669863641262054443e-02 7.389251887798309326e-02 5.142951756715774536e-02 4.142538085579872131e-02 4.016618430614471436e-02 5.159239470958709717e-02 6.378668546676635742e-02 5.010252073407173157e-02 1.388259604573249817e-02 3.623811528086662292e-03 2.152129076421260834e-03 1.339396403636783361e-04 3.637866757344454527e-05 6.614303401875076815e-06
5.292488634586334229e-02 4.068855941295623779e-01 2.803219109773635864e-02 1.580131589435040951e-03 2.050882612820714712e-04 7.442021160386502743e-05 4.240221460349857807e-05 2.596053946035681292e-06 4.837313899770379066e-04 5.192107892071362585e-06 6.922810825926717371e-06 2.596053946035681292e-06 2.544132876209914684e-04 5.797853809781372547e-04 2.509518890292383730e-05 3.842159931082278490e-04 8.653513532408396713e-07 1.228798937518149614e-04 6.585323717445135117e-03 1.801661448553204536e-03 4.662512987852096558e-02 1.141225360333919525e-02 3.183800727128982544e-02 7.451193779706954956e-02 1.665939837694168091e-01 2.679854631423950195e-01 2.997611463069915771e-01 2.488369643688201904e-01 2.032450586557388306e-01 1.729387342929840088e-01 1.597559750080108643e-01 1.565472483634948730e-01 1.572481840848922729e-01 1.555088162422180176e-01 1.587071716785430908e-01 1.222949028015136719e-01 1.176375895738601685e-01 8.504153788089752197e-02 7.352544367313385010e-02 6.287123262882232666e-02 3.734163939952850342e-02 3.642264008522033691e-02 2.629283443093299866e-02 2.584112249314785004e-02 1.373312529176473618e-02 1.239356212317943573e-02 1.087227463722229004e-02 9.257528930902481079e-03 6.448598578572273254e-03 5.617860704660415649e-03 3.151609562337398529e-03 3.974039480090141296e-02 3.886465728282928467e-02 3.783835098147392273e-02 2.961059100925922394e-02 2.782623656094074249e-02 2.532883360981941223e-02 1.976462453603744507e-02 1.597265526652336121e-02 1.659570820629596710e-02 1.916407048702239990e-02 2.414849400520324707e-02 3.079958446323871613e-02 3.060747683048248291e-02 2.421252988278865814e-02 2.184838987886905670e-02 2.014364860951900482e-02 1.987192779779434204e-02 1.997577026486396790e-02 2.239529229700565338e-02 2.733990922570228577e-02 3.434233367443084717e-02 4.088439047336578369e-02 4.750778898596763611e-02 5.711145699024200439e-02 6.638283282518386841e-02 7.081688940525054932e-02 5.853409320116043091e-02 4.493423178791999817e-02 3.580477833747863770e-02 2.767739631235599518e-02 1.862236112356185913e-02 1.356178615242242813e-02 1.151090301573276520e-02
1.942893564701080322e-01 7.879146933555603027e-02 4.946622997522354126e-02 5.489493254572153091e-03 1.658449880778789520e-03 6.269846344366669655e-04 1.005241574603132904e-04 7.032717985566705465e-05 1.102587091736495495e-03 7.986306445673108101e-05 8.244570344686508179e-04 6.261899834498763084e-04 2.581444336101412773e-03 2.851985581219196320e-02 4.527560435235500336e-03 1.689560711383819580e-02 7.318794378079473972e-04 4.105200059711933136e-03 5.173894762992858887e-02 5.777357518672943115e-02 1.738392412662506104e-01 8.603755384683609009e-02 2.539359331130981445e-01 3.612456917762756348e-01 3.202127516269683838e-01 3.113801181316375732e-01 3.539578616619110107e-01 1.822093725204467773e-01 1.128381639719009399e-01 6.305129081010818481e-02 5.979478731751441956e-02 7.813945412635803223e-02 7.602725178003311157e-02 6.424804776906967163e-02 7.153108716011047363e-02 5.581117048859596252e-02 5.090495944023132324e-02 5.876252800226211548e-02 4.598920792341232300e-02 3.410271927714347839e-02 2.025661058723926544e-02 2.096941694617271423e-02 1.450647041201591492e-02 1.401537191122770309e-02 1.306893490254878998e-02 2.877692505717277527e-02 1.480208151042461395e-02 1.239188667386770248e-02 1.505478378385305405e-02 1.125949993729591370e-02 2.605681540444493294e-03 1.827314496040344238e-02 3.490532562136650085e-02 7.857095450162887573e-02 9.309092909097671509e-02 8.767692744731903076e-02 1.095538511872291565e-01 9.529372304677963257e-02 7.769206166267395020e-02 7.828725874423980713e-02 7.168366014957427979e-02 4.242993518710136414e-02 2.427598834037780762e-02 1.791634410619735718e-02 1.221467833966016769e-02 9.879974648356437683e-03 1.083435863256454468e-02 7.124898023903369904e-03 5.812123883515596390e-03 6.222961936146020889e-03 5.133486352860927582e-03 5.603923927992582321e-03 5.788284353911876678e-03 5.928143858909606934e-03 6.698961369693279266e-03 8.306553587317466736e-03 1.331607345491647720e-02 1.470434013754129410e-02 1.803157106041908264e-02 1.687693223357200623e-02 1.134532317519187927e-02 8.869965560734272003e-03 7.170193362981081009e-03 8.760302327573299408e-03
1.039531975984573364e-01 3.100380301475524902e-01 5.180390179157257080e-02 5.970037542283535004e-03 2.758054528385400772e-03 3.024317324161529541e-03 1.924957497976720333e-03 1.181854633614420891e-03 3.973155282437801361e-03 4.368622321635484695e-04 1.344600314041599631e-04 5.131566649652086198e-05 3.336404042784124613e-04 6.980465841479599476e-04 1.377669104840606451e-04 3.492890100460499525e-04 2.387448039371520281e-04 4.135959898121654987e-04 2.623948967084288597e-03 9.954825975000858307e-03 3.403663635253906250e-02 1.363768428564071655e-02 3.229202330112457275e-02 7.425346970558166504e-02 1.453787535429000854e-01 1.094724386930465698e-01 9.502303600311279297e-02 7.209573686122894287e-02 6.208971142768859863e-02 6.118870526552200317e-02 7.039965689182281494e-02 7.167127728462219238e-02 8.639951795339584351e-02 1.054825633764266968e-01 1.240717172622680664e-01 1.320103406906127930e-01 1.497303694486618042e-01 1.527200341224670410e-01 1.693083941936492920e-01 1.892903298139572144e-01 1.795546412467956543e-01 1.689909249544143677e-01 1.414526700973510742e-01 1.205860227346420288e-01 9.028663486242294312e-02 7.964569330215454102e-02 6.192212551832199097e-02 4.437677189707756042e-02 3.146081417798995972e-02 2.373122051358222961e-02 1.636514998972415924e-02 9.107497334480285645e-02 3.087065368890762329e-02 2.702002972364425659e-02 2.685421332716941833e-02 2.794761024415493011e-02 2.872791513800621033e-02 2.969860099256038666e-02 3.100292943418025970e-02 3.334785997867584229e-02 3.468017652630805969e-02 3.339947015047073364e-02 3.330357000231742859e-02 3.419595584273338318e-02 3.307610377669334412e-02 3.181063383817672729e-02 3.169004991650581360e-02 3.090360388159751892e-02 3.100375644862651825e-02 3.423150628805160522e-02 3.853835910558700562e-02 4.232603311538696289e-02 4.501547291874885559e-02 4.682610556483268738e-02 4.303122684359550476e-02 3.722458332777023315e-02 3.624220564961433411e-02 3.680555522441864014e-02 3.458935767412185669e-02 2.805945277214050293e-02 2.031627856194972992e-02 1.287143304944038391e-02 7.451695855706930161e-03 6.937594618648290634e-03
1.658524014055728912e-02 3.794298321008682251e-02 1.016665697097778320e-01 2.468576841056346893e-02 1.174697186797857285e-02 8.573188446462154388e-03 5.873012822121381760e-03 9.727635420858860016e-03 5.371112003922462463e-02 6.588296592235565186e-02 1.144700497388839722e-02 7.843616418540477753e-03 1.073621511459350586e-01 1.709244027733802795e-02 1.950258505530655384e-03 9.855382377281785011e-04 8.951695635914802551e-04 1.445897622033953667e-03 3.669627476483583450e-03 1.091283652931451797e-02 1.869068667292594910e-02 3.495703637599945068e-02 4.107749834656715393e-02 5.409909039735794067e-02 6.796948611736297607e-02 7.736877351999282837e-02 8.495689183473587036e-02 8.030693233013153076e-02 9.489838778972625732e-02 9.829359501600265503e-02 1.021032705903053284e-01 1.002097874879837036e-01 1.179097294807434082e-01 1.211857125163078308e-01 1.329951286315917969e-01 1.286773085594177246e-01 1.230309382081031799e-01 1.215973421931266785e-01 1.090895682573318481e-01 1.278597414493560791e-01 1.923857629299163818e-01 2.760140895843505859e-01 1.754977107048034668e-01 6.657847762107849121e-02 4.475090652704238892e-02 4.702195152640342712e-02 4.704466089606285095e-02 5.225102975964546204e-02 5.987321957945823669e-02 6.530100852251052856e-02 6.539185345172882080e-02 7.061241567134857178e-02 1.369249890558421612e-03 1.526992768049240112e-02 2.515748329460620880e-02 2.228839881718158722e-02 4.265019297599792480e-02 5.929410457611083984e-02 7.011657208204269409e-02 6.602585315704345703e-02 5.781887099146842957e-02 5.437256395816802979e-02 4.389453679323196411e-02 2.950463816523551941e-02 2.418188005685806274e-02 4.492975398898124695e-02 7.110258191823959351e-02 6.550162285566329956e-02 5.270902439951896667e-02 3.511222451925277710e-02 2.551801130175590515e-02 1.470500603318214417e-02 1.299131382256746292e-02 1.400476694107055664e-02 1.611115969717502594e-02 1.735928840935230255e-02 1.567114517092704773e-02 1.511000841856002808e-02 1.435583271086215973e-02 1.433785352855920792e-02 1.532386522740125656e-02 1.616509817540645599e-02 1.535887643694877625e-02 1.168830320239067078e-02
1.260624676942825317e-01 1.565763652324676514e-01 9.403311461210250854e-02 9.934994392096996307e-03 5.396186839789152145e-03 1.445017172954976559e-03 5.368097918108105659e-04 6.099300808273255825e-04 1.988960662856698036e-03 8.239406743086874485e-04 1.553805777803063393e-03 5.724782240577042103e-04 1.486035762354731560e-03 2.172653097659349442e-03 9.608182590454816818e-04 1.258649630472064018e-03 3.669389407150447369e-04 1.265337457880377769e-03 5.656566470861434937e-03 8.729892224073410034e-02 1.064301207661628723e-01 1.334676742553710938e-01 1.205120235681533813e-01 1.000954136252403259e-01 8.658866584300994873e-02 7.899665087461471558e-02 7.648202031850814819e-02 7.358753681182861328e-02 8.253852277994155884e-02 1.056891158223152161e-01 1.102074086666107178e-01 9.581519663333892822e-02 9.633685648441314697e-02 9.235358238220214844e-02 9.344770759344100952e-02 9.298758953809738159e-02 1.046030074357986450e-01 1.021044328808784485e-01 1.030139774084091187e-01 1.107049882411956787e-01 1.090196520090103149e-01 1.128771901130676270e-01 1.098114922642707825e-01 1.061973944306373596e-01 1.004378348588943481e-01 1.020402386784553528e-01 9.630474448204040527e-02 8.723337948322296143e-02 6.248305737972259521e-02 4.491279274225234985e-02 3.592969849705696106e-02 6.679002195596694946e-02 1.930196955800056458e-02 2.581680752336978912e-02 1.479615457355976105e-02 1.448851451277732849e-02 1.859751716256141663e-02 2.209658920764923096e-02 2.360447309911251068e-02 2.428306452929973602e-02 2.407351322472095490e-02 2.482879161834716797e-02 2.561617270112037659e-02 2.670138329267501831e-02 2.729883044958114624e-02 2.967256307601928711e-02 3.215686976909637451e-02 3.441289812326431274e-02 3.709605336189270020e-02 4.091347008943557739e-02 4.560832679271697998e-02 5.135539919137954712e-02 5.946461856365203857e-02 5.672706663608551025e-02 5.177718028426170349e-02 5.044407024979591370e-02 5.004636943340301514e-02 4.798027500510215759e-02 4.637252166867256165e-02 3.461620956659317017e-02 2.074832282960414886e-02 1.075848937034606934e-02 5.245042033493518829e-03 3.100477857515215874e-03
3.010438941419124603e-02 2.218032479286193848e-01 1.359184086322784424e-01 6.113348528742790222e-03 2.260397886857390404e-03 2.363143139518797398e-04 1.369938036077655852e-05 1.712422636046539992e-05 4.383801715448498726e-04 4.794783308170735836e-05 2.363143139518797398e-04 4.623541142791509628e-03 6.425352394580841064e-02 1.215820014476776123e-02 4.483122378587722778e-03 2.448764396831393242e-03 1.195270917378365993e-03 2.441914519295096397e-03 5.558523815125226974e-03 5.647569894790649414e-03 1.183626614511013031e-02 3.491287305951118469e-02 6.179105490446090698e-02 8.299770206212997437e-02 9.988903999328613281e-02 1.289454251527786255e-01 1.446654498577117920e-01 1.673721969127655029e-01 2.196695655584335327e-01 2.725834250450134277e-01 2.696037888526916504e-01 2.509452700614929199e-01 2.278070151805877686e-01 1.823319047689437866e-01 1.516932547092437744e-01 1.090744659304618835e-01 1.013891249895095825e-01 8.084005117416381836e-02 6.659954041242599487e-02 6.333223730325698853e-02 5.016028136014938354e-02 4.750945419073104858e-02 4.198174923658370972e-02 3.394706547260284424e-02 2.204915322363376617e-02 1.680913940072059631e-02 1.278152223676443100e-02 9.123787283897399902e-03 5.774288903921842575e-03 3.904323559254407883e-03 2.260397654026746750e-03 2.541919983923435211e-02 8.856649510562419891e-03 5.240698158740997314e-02 5.118773505091667175e-02 8.468957245349884033e-02 9.473806619644165039e-02 1.311304718255996704e-01 1.170064136385917664e-01 7.683297991752624512e-02 5.094799771904945374e-02 3.384432196617126465e-02 2.867280319333076477e-02 2.660419791936874390e-02 2.552879601716995239e-02 2.319990098476409912e-02 2.215189859271049500e-02 2.002849429845809937e-02 1.863115839660167694e-02 1.745301112532615662e-02 1.652830280363559723e-02 1.604197546839714050e-02 1.594607904553413391e-02 1.449394505470991135e-02 1.538440492004156113e-02 1.738451421260833740e-02 1.310345809906721115e-02 3.883774392306804657e-03 1.726121990941464901e-03 8.699106983840465546e-04 6.781193660572171211e-04 4.109814108232967556e-05 6.849690180388279259e-06 0.000000000000000000e+00
4.132096841931343079e-02 4.020787179470062256e-01 5.224993079900741577e-02 2.397402189671993256e-03 2.131248620571568608e-04 5.201862586545757949e-05 1.010070377560623456e-06 1.010070377560623456e-06 6.565457624674309045e-06 0.000000000000000000e+00 0.000000000000000000e+00 0.000000000000000000e+00 0.000000000000000000e+00 1.010070377560623456e-06 0.000000000000000000e+00 8.080563020484987646e-06 0.000000000000000000e+00 2.121147917932830751e-05 3.863519232254475355e-04 1.262587960809469223e-03 4.333202086854726076e-04 2.869609976187348366e-03 4.920153692364692688e-02 1.528074890375137329e-01 2.328656762838363647e-01 1.217145025730133057e-01 8.179448544979095459e-02 4.878943413496017456e-02 5.180752277374267578e-02 3.604436293244361877e-02 9.661828726530075073e-02 2.105178683996200562e-01 2.276324927806854248e-01 2.274809777736663818e-01 2.581588327884674072e-01 1.911942064762115479e-01 1.331202089786529541e-01 1.226902157068252563e-01 9.000636637210845947e-02 4.126541689038276672e-02 3.375958278775215149e-02 3.608981519937515259e-02 4.135026037693023682e-02 5.359534919261932373e-02 5.859822779893875122e-02 8.214599639177322388e-02 1.029423326253890991e-01 8.809126913547515869e-02 5.815884098410606384e-02 3.024756722152233124e-02 1.598133333027362823e-02 2.202660590410232544e-02 3.737260340130887926e-05 3.921093419194221497e-03 2.987788245081901550e-02 2.683757059276103973e-02 4.591073095798492432e-02 5.117521807551383972e-02 6.128198280930519104e-02 6.809793412685394287e-02 4.119471088051795959e-02 2.574871480464935303e-02 3.822207450866699219e-02 4.116138070821762085e-02 3.322626650333404541e-02 1.539650280028581619e-02 1.179863233119249344e-02 1.352787297219038010e-02 1.745300740003585815e-02 2.382048964500427246e-02 2.851529791951179504e-02 3.494843468070030212e-02 3.719079121947288513e-02 3.476763516664505005e-02 3.611203655600547791e-02 3.827257826924324036e-02 3.876650333404541016e-02 3.675444051623344421e-02 3.977859392762184143e-02 4.229770973324775696e-02 4.907730221748352051e-02 2.618910558521747589e-02 8.329040370881557465e-03 3.111016703769564629e-04
1.525101363658905029e-01 1.583931446075439453e-01 7.356381416320800781e-02 1.507544424384832382e-02 2.211819635704159737e-03 7.535502081736922264e-04 0.000000000000000000e+00 9.988147212425246835e-06 6.037279963493347168e-04 6.658764959865948185e-06 9.599719196557998657e-04 4.328197246650233865e-05 1.908845879370346665e-04 2.318359911441802979e-03 4.778773523867130280e-03 1.245189085602760315e-02 2.459303941577672958e-03 9.859411045908927917e-03 4.035100713372230530e-02 2.345882914960384369e-02 1.082415580749511719e+00 8.226770162582397461e-01 2.397022247314453125e-01 1.457537114620208740e-01 1.062206178903579712e-01 8.509235084056854248e-02 6.318502128124237061e-02 6.429703533649444580e-02 5.929630249738693237e-02 2.918536774814128876e-02 4.926820099353790283e-02 7.897961139678955078e-02 6.907802820205688477e-02 4.579898342490196228e-02 3.397967666387557983e-02 1.955013349652290344e-02 3.216183278709650040e-03 5.659950547851622105e-04 3.262794925831258297e-04 1.997629588004201651e-04 1.864454243332147598e-04 3.329382525407709181e-05 2.663506165845319629e-05 1.131989993155002594e-04 1.997629442485049367e-05 5.992888327455148101e-05 1.331753082922659814e-05 1.331753010163083673e-04 4.661135608330368996e-05 4.661135608330368996e-05 5.992888327455148101e-05 4.727722844108939171e-04 1.331752991973189637e-05 5.327011967892758548e-05 1.997629442485049367e-04 1.005473546683788300e-03 6.234823726117610931e-03 2.291725017130374908e-02 4.332858324050903320e-02 5.266639217734336853e-02 5.366520583629608154e-02 2.209156192839145660e-02 7.557698059827089310e-03 9.553108364343643188e-03 1.362383272498846054e-02 1.257396768778562546e-02 5.484602879732847214e-03 4.010796081274747849e-03 3.553560934960842133e-03 3.684516530483961105e-03 3.378213383257389069e-03 3.875401103869080544e-03 4.290464334189891815e-03 6.163796875625848770e-03 1.096920575946569443e-02 1.384801138192415237e-02 1.913507096469402313e-02 2.235569432377815247e-02 3.091664612293243408e-02 4.565693065524101257e-02 8.370289206504821777e-02 9.698712825775146484e-02 1.181176081299781799e-01 2.783851921558380127e-01
8.904279023408889771e-02 1.568232029676437378e-01 1.684352606534957886e-01 4.136724863201379776e-03 1.389750046655535698e-03 1.940137590281665325e-04 4.178035669610835612e-05 1.327850804955232888e-05 5.366394761949777603e-04 2.716058406804222614e-05 1.664507872192189097e-04 3.876251284964382648e-04 6.941708736121654510e-03 3.876747563481330872e-02 2.685209270566701889e-03 3.100732807070016861e-03 1.406985393259674311e-04 7.522475789301097393e-04 1.391218788921833038e-02 1.250506844371557236e-02 3.094600439071655273e-01 1.301120668649673462e-01 1.007215082645416260e-01 8.130430430173873901e-02 1.576919406652450562e-01 2.040121853351593018e-01 1.626154482364654541e-01 1.081007346510887146e-01 8.560653775930404663e-02 8.201450109481811523e-02 1.112493425607681274e-01 1.222363114356994629e-01 1.475037038326263428e-01 1.387523561716079712e-01 1.424329280853271484e-01 1.427986919879913330e-01 1.596587747335433960e-01 1.420977413654327393e-01 1.218938827514648438e-01 1.004941612482070923e-01 6.839638948440551758e-02 5.218453332781791687e-02 2.862524427473545074e-02 2.121462859213352203e-02 1.193939149379730225e-02 1.012104004621505737e-02 7.924050092697143555e-03 6.378914695233106613e-03 4.304248373955488205e-03 3.959007095545530319e-03 2.438819268718361855e-03 3.175655752420425415e-02 6.647489219903945923e-02 6.301148235797882080e-02 4.281527549028396606e-02 3.783435747027397156e-02 3.414186090230941772e-02 3.358832001686096191e-02 3.244851529598236084e-02 3.132936358451843262e-02 3.077944740653038025e-02 2.956090867519378662e-02 2.754203975200653076e-02 2.552692592144012451e-02 2.492577023804187775e-02 2.613263949751853943e-02 2.853444032371044159e-02 3.038645721971988678e-02 3.286457434296607971e-02 3.671883046627044678e-02 4.206510633230209351e-02 4.531968012452125549e-02 4.510762915015220642e-02 4.284317418932914734e-02 4.081075638532638550e-02 3.708499297499656677e-02 2.953944914042949677e-02 2.258338779211044312e-02 1.725562289357185364e-02 1.293527893722057343e-02 9.491987526416778564e-03 6.867000367492437363e-03 5.938712041825056076e-03 7.541119586676359177e-03
1.098706759512424469e-02 1.531747579574584961e-01 2.707261741161346436e-01 9.174421429634094238e-03 3.018292598426342010e-03 1.744553679600358009e-03 1.566265942528843880e-03 1.835786039009690285e-03 1.521843252703547478e-03 6.142271449789404869e-04 1.745614456012845039e-03 2.007496356964111328e-02 1.431121397763490677e-02 2.152712317183613777e-03 1.535037416033446789e-03 1.200938713736832142e-03 8.660443709231913090e-04 9.633766021579504013e-04 1.796402269974350929e-03 9.902954334393143654e-04 4.255313053727149963e-02 7.014959305524826050e-02 7.196959853172302246e-02 1.159190610051155090e-01 1.499923616647720337e-01 1.776564419269561768e-01 2.026448547840118408e-01 2.222213298082351685e-01 2.472025454044342041e-01 2.215251624584197998e-01 1.804049611091613770e-01 1.506527364253997803e-01 1.309294402599334717e-01 1.054740250110626221e-01 9.162526577711105347e-02 8.827884495258331299e-02 8.462570607662200928e-02 7.060947269201278687e-02 6.007889658212661743e-02 5.758061259984970093e-02 5.355034023523330688e-02 5.544036626815795898e-02 5.806355923414230347e-02 5.905929207801818848e-02 5.244680494070053101e-02 4.331097006797790527e-02 3.526952862739562988e-02 2.796483971178531647e-02 2.093503996729850769e-02 1.459704525768756866e-02 9.386855177581310272e-03 2.788129821419715881e-02 5.882365629076957703e-03 4.544511903077363968e-03 4.861438181251287460e-03 5.634261295199394226e-03 6.789384875446557999e-03 8.500919677317142487e-03 1.099853776395320892e-02 1.362345740199089050e-02 1.576052233576774597e-02 1.997206360101699829e-02 2.695770375430583954e-02 3.559852018952369690e-02 4.724045842885971069e-02 6.017569825053215027e-02 7.608831673860549927e-02 1.017063111066818237e-01 1.017374694347381592e-01 8.277453482151031494e-02 6.624914705753326416e-02 5.426336079835891724e-02 4.543397948145866394e-02 4.694435372948646545e-02 4.641618579626083374e-02 2.691951207816600800e-02 1.442346442490816116e-02 9.989280253648757935e-03 7.674656808376312256e-03 6.239073351025581360e-03 6.093472708016633987e-03 7.493120618164539337e-03 9.052556939423084259e-03 2.396135590970516205e-02
7.500514388084411621e-02 3.833771347999572754e-01 1.605038158595561981e-02 1.411079079844057560e-03 3.381538554094731808e-04 2.829641452990472317e-04 2.081306593026965857e-04 2.483536663930863142e-04 6.660181097686290741e-04 2.329192502656951547e-04 7.296265684999525547e-04 8.320549386553466320e-04 4.073748423252254725e-04 9.185811504721641541e-04 2.301130007253959775e-04 1.129050389863550663e-03 2.778193447738885880e-04 1.565890852361917496e-03 7.072233129292726517e-03 9.016968309879302979e-03 1.825188845396041870e-02 7.548828609287738800e-03 2.297481894493103027e-02 9.103775769472122192e-02 4.181826710700988770e-01 5.145382881164550781e-01 8.602297306060791016e-01 6.083822846412658691e-01 2.355374991893768311e-01 7.364176958799362183e-02 3.006061539053916931e-02 1.428103819489479065e-02 1.386009901762008667e-02 6.664858199656009674e-03 5.994162987917661667e-03 2.365673892199993134e-03 1.175821386277675629e-02 4.745379090309143066e-03 2.997081493958830833e-03 6.401070393621921539e-03 1.391903031617403030e-03 8.067985996603965759e-03 2.949375193566083908e-03 4.487203434109687805e-03 1.198271405883133411e-03 1.731459982693195343e-03 2.301129978150129318e-03 2.062598243355751038e-03 9.709646692499518394e-04 8.895831415429711342e-04 2.581755688879638910e-04 2.423763275146484375e-02 2.232563868165016174e-02 1.341390423476696014e-02 1.504340302199125290e-02 2.052963338792324066e-02 2.385037019848823547e-02 4.167851433157920837e-02 7.836470007896423340e-02 8.700703084468841553e-02 7.132661342620849609e-02 5.804834142327308655e-02 5.905111134052276611e-02 6.290316581726074219e-02 5.987428128719329834e-02 5.573598667979240417e-02 5.141528695821762085e-02 4.961928352713584900e-02 4.643792659044265747e-02 4.390387609601020813e-02 4.044189304113388062e-02 3.254134580492973328e-02 2.188692614436149597e-02 1.634924858808517456e-02 1.271046884357929230e-02 7.800456602126359940e-03 4.286088515073060989e-03 1.790391397662460804e-03 8.166205370798707008e-04 5.275761359371244907e-04 2.450796891935169697e-04 6.922098691575229168e-05 3.741674845514353365e-06 1.870837422757176682e-06
3.845254331827163696e-02 2.599204480648040771e-01 3.485159203410148621e-02 1.464090123772621155e-02 1.464186236262321472e-02 1.224989444017410278e-02 1.231877505779266357e-02 1.975981146097183228e-02 2.186424657702445984e-02 1.739835180342197418e-02 2.660392411053180695e-02 1.131979469209909439e-02 3.603595541790127754e-03 3.397914348170161247e-03 1.667489414103329182e-03 1.236669719219207764e-03 7.943199598230421543e-04 1.082213595509529114e-03 1.821765326894819736e-03 2.373891882598400116e-03 1.277145370841026306e-02 3.432024270296096802e-02 6.405400484800338745e-02 9.252989292144775391e-02 1.225364208221435547e-01 1.397574394941329956e-01 1.557767838239669800e-01 1.678279787302017212e-01 1.798355579376220703e-01 1.750235110521316528e-01 1.683752834796905518e-01 1.507626175880432129e-01 1.324401050806045532e-01 1.098388284444808960e-01 1.007321700453758240e-01 9.878645092248916626e-02 1.131447404623031616e-01 1.215718537569046021e-01 1.305996030569076538e-01 1.311865597963333130e-01 1.159833222627639771e-01 1.044751480221748352e-01 8.666933327913284302e-02 7.343847304582595825e-02 4.865474998950958252e-02 3.921443596482276917e-02 3.009407781064510345e-02 2.236851118505001068e-02 1.542879547923803329e-02 1.093563623726367950e-02 6.766402162611484528e-03 4.409962147474288940e-02 1.271236222237348557e-02 1.522149331867694855e-02 1.989324949681758881e-02 2.712638303637504578e-02 3.397289663553237915e-02 3.602418303489685059e-02 3.657318651676177979e-02 3.647458180785179138e-02 3.780703619122505188e-02 3.888835012912750244e-02 3.956766799092292786e-02 4.171299934387207031e-02 4.358292371034622192e-02 4.455626383423805237e-02 4.542270675301551819e-02 4.746534675359725952e-02 5.141346529126167297e-02 5.235040932893753052e-02 5.514419451355934143e-02 5.724015831947326660e-02 5.235665664076805115e-02 4.086649045348167419e-02 3.342401236295700073e-02 2.847985737025737762e-02 2.262457646429538727e-02 1.624875888228416443e-02 1.182237826287746429e-02 6.333180703222751617e-03 4.097650758922100067e-03 2.677039010450243950e-03 2.787296194583177567e-03 5.132242571562528610e-03
9.016254544258117676e-02 8.914769440889358521e-02 1.309067104011774063e-02 3.340080380439758301e-02 1.887591630220413208e-01 2.132010646164417267e-03 1.517395721748471260e-04 0.000000000000000000e+00 0.000000000000000000e+00 0.000000000000000000e+00 0.000000000000000000e+00 0.000000000000000000e+00 0.000000000000000000e+00 0.000000000000000000e+00 0.000000000000000000e+00 5.568424967350438237e-06 2.880754880607128143e-02 4.310726374387741089e-02 2.851729514077305794e-03 8.383263833820819855e-03 5.011582470615394413e-05 8.037325739860534668e-02 4.187260270118713379e-01 5.942776203155517578e-01 2.132762372493743896e-01 1.882183253765106201e-01 3.528028726577758789e-01 3.141844272613525391e-01 2.803103327751159668e-01 2.242140173912048340e-01 1.233935058116912842e-01 1.348533332347869873e-01 6.704244017601013184e-02 5.128519143909215927e-03 4.176318725512828678e-06 4.176318725512828678e-06 0.000000000000000000e+00 8.352637451025657356e-06 4.176318725512828678e-06 8.352637451025657356e-06 4.176318725512828678e-06 4.176318725512828678e-06 0.000000000000000000e+00 4.176318725512828678e-06 4.176318725512828678e-06 0.000000000000000000e+00 0.000000000000000000e+00 0.000000000000000000e+00 0.000000000000000000e+00 4.176318725512828678e-06 0.000000000000000000e+00 3.098828252404928207e-03 8.450084715150296688e-04 1.893264416139572859e-04 5.568424967350438237e-06 6.960531209188047796e-06 5.568424967350438237e-06 4.176318725512828678e-06 2.784212483675219119e-06 5.429214070318266749e-05 1.777997985482215881e-02 1.102603822946548462e-01 2.291601747274398804e-01 1.836160272359848022e-01 1.263378113508224487e-01 9.222842752933502197e-02 6.363873928785324097e-02 4.884204640984535217e-02 3.860867395997047424e-02 3.279245272278785706e-02 2.803841046988964081e-02 9.257506579160690308e-03 7.630134001374244690e-03 6.001370027661323547e-03 3.158689010888338089e-03 1.272385125048458576e-03 2.310896234121173620e-04 2.923423016909509897e-05 2.784212483675219119e-06 0.000000000000000000e+00 0.000000000000000000e+00 0.000000000000000000e+00 0.000000000000000000e+00 0.000000000000000000e+00
3.215264063328504562e-03 4.842205047607421875e-01 1.170456036925315857e-02 1.792788825696334243e-04 6.465795740950852633e-05 1.763398904586210847e-05 8.816994522931054235e-06 0.000000000000000000e+00 2.938998113677371293e-05 0.000000000000000000e+00 1.469499125050788280e-06 1.469499125050788280e-06 3.232897870475426316e-05 7.494445162592455745e-05 2.938998113677371293e-05 4.408497261465527117e-05 7.347495284193428233e-06 3.379847839823924005e-05 2.174858673242852092e-04 1.175599245470948517e-04 1.084490329958498478e-03 1.542974030598998070e-03 2.020855061709880829e-02 7.864317893981933594e-01 7.547788023948669434e-01 7.388817667961120605e-01 3.644945621490478516e-01 1.480197012424468994e-01 3.482712805271148682e-02 1.440696883946657181e-02 1.951200887560844421e-02 2.545466274023056030e-02 2.224527671933174133e-02 1.513877883553504944e-02 8.041098713874816895e-03 4.690641071647405624e-03 4.637739155441522598e-03 3.412176854908466339e-03 2.680366393178701401e-03 2.645098371431231499e-03 1.542974030598998070e-03 1.957372762262821198e-03 1.463621039874851704e-03 1.860385760664939880e-03 9.346014121547341347e-04 8.464314742013812065e-04 1.216745236888527870e-03 1.093307277187705040e-03 6.348235765472054482e-04 8.111634524539113045e-04 3.879477444570511580e-04 1.411600783467292786e-02 4.120475612580776215e-03 3.365152981132268906e-03 2.689183223992586136e-03 2.897852100431919098e-03 3.179996041581034660e-03 3.326945938169956207e-03 3.332823980599641800e-03 4.229218233376741409e-03 6.871377583593130112e-03 8.384961634874343872e-03 7.750138174742460251e-03 5.516499746590852737e-03 4.449643194675445557e-03 5.122673697769641876e-03 6.756756920367479324e-03 8.602447807788848877e-03 1.542386226356029510e-02 5.223775282502174377e-02 5.815101787447929382e-02 6.129574403166770935e-02 3.016587719321250916e-02 7.197900116443634033e-02 1.058274433016777039e-01 1.354143470525741577e-01 2.530242204666137695e-01 1.285782307386398315e-01 4.996296949684619904e-03 2.221882576122879982e-03 8.816994522931054235e-05 0.000000000000000000e+00 0.000000000000000000e+00 0.000000000000000000e+00
1.992485672235488892e-02 2.296382337808609009e-01 9.670182317495346069e-02 1.699011214077472687e-02 1.118819788098335266e-02 7.057050708681344986e-03 3.318462055176496506e-03 6.230582017451524734e-03 1.095101516693830490e-02 7.495906669646501541e-03 1.525491662323474884e-02 1.733247749507427216e-02 2.546186931431293488e-02 1.427172403782606125e-02 6.318682804703712463e-03 2.935044001787900925e-03 6.442742887884378433e-04 1.074739382602274418e-03 4.673086106777191162e-03 2.536942483857274055e-03 4.252462387084960938e-01 2.942942976951599121e-01 1.171020939946174622e-01 6.997897475957870483e-02 5.394913256168365479e-02 1.069893836975097656e-01 5.115031599998474121e-01 5.149084925651550293e-01 2.514548599720001221e-01 1.880304068326950073e-01 9.842922538518905640e-02 4.133544117212295532e-02 3.396824002265930176e-02 2.485699951648712158e-02 2.093741670250892639e-02 1.561181433498859406e-02 2.491183951497077942e-02 1.862701773643493652e-02 1.653058081865310669e-02 2.290170267224311829e-02 1.563608646392822266e-02 2.023980207741260529e-02 1.348480954766273499e-02 1.369876973330974579e-02 5.954892374575138092e-03 7.244938984513282776e-03 7.946149446070194244e-03 6.501477211713790894e-03 4.440099000930786133e-03 3.924978896975517273e-03 1.558844232931733131e-03 4.780185222625732422e-02 2.465742640197277069e-02 2.523577399551868439e-02 1.952900178730487823e-02 1.734656095504760742e-02 1.786287873983383179e-02 2.081335522234439850e-02 3.705236315727233887e-02 4.700295627117156982e-02 3.504192829132080078e-02 3.267579525709152222e-02 3.453969582915306091e-02 2.588783949613571167e-02 3.263084590435028076e-02 4.091261699795722961e-02 7.082942128181457520e-02 8.887359499931335449e-02 8.072426915168762207e-02 6.477593630552291870e-02 1.903665624558925629e-02 1.213213428854942322e-02 1.441616192460060120e-02 1.562679745256900787e-02 1.857577636837959290e-02 2.016518637537956238e-02 1.776578836143016815e-02 1.863211207091808319e-02 2.183790132403373718e-02 1.980049721896648407e-02 2.248067781329154968e-02 2.433259226381778717e-02 2.332093194127082825e-02 3.548453003168106079e-02
1.462728232145309448e-01 9.772518277168273926e-02 1.268654316663742065e-01 6.329730153083801270e-02 1.617018505930900574e-02 5.769747775048017502e-03 1.609966158866882324e-03 3.233909956179559231e-04 2.617046993691474199e-04 1.129182637669146061e-04 3.015582042280584574e-04 7.513887714594602585e-03 6.231528706848621368e-03 2.054130425676703453e-03 2.265238668769598007e-03 1.826330204494297504e-03 1.193699077703058720e-03 1.317764865234494209e-03 2.442442346364259720e-03 1.644476875662803650e-02 7.608900312334299088e-03 6.268436089158058167e-03 9.427953511476516724e-03 2.554401755332946777e-02 3.929798305034637451e-02 3.174626082181930542e-02 2.717212215065956116e-02 2.830049395561218262e-02 3.936937078833580017e-02 5.640552937984466553e-02 8.460968732833862305e-02 1.062927693128585815e-01 1.353747248649597168e-01 1.542413830757141113e-01 1.765908896923065186e-01 1.897234916687011719e-01 2.093047201633453369e-01 2.144770026206970215e-01 2.178184688091278076e-01 1.965159177780151367e-01 1.774489432573318481e-01 1.584187150001525879e-01 1.705203354358673096e-01 1.834675222635269165e-01 1.357843577861785889e-01 8.845710754394531250e-02 5.513715371489524841e-02 2.612622454762458801e-02 1.308303885161876678e-02 9.151404723525047302e-03 5.092931445688009262e-03 2.122216485440731049e-02 8.632847107946872711e-03 9.048363193869590759e-03 1.091188937425613403e-02 1.206128764897584915e-02 1.349208690226078033e-02 1.583142951130867004e-02 1.857773959636688232e-02 2.342623658478260040e-02 2.911223471164703369e-02 3.645787015557289124e-02 4.076794162392616272e-02 4.246639460325241089e-02 4.206335172057151794e-02 4.203343391418457031e-02 4.274605959653854370e-02 5.064860731363296509e-02 6.783320754766464233e-02 8.209117501974105835e-02 8.243194967508316040e-02 6.711573153734207153e-02 4.967791587114334106e-02 3.848312422633171082e-02 3.576026111841201782e-02 3.264521807432174683e-02 3.033787384629249573e-02 2.574270777404308319e-02 2.151373028755187988e-02 1.324487943202257156e-02 5.925927311182022095e-03 2.957823220640420914e-03 1.520324614830315113e-03 4.440373741090297699e-03
1.869276538491249084e-02 2.667093276977539062e-01 1.071796119213104248e-01 1.487764529883861542e-02 9.468610398471355438e-03 5.026900209486484528e-03 2.087594009935855865e-03 1.958752982318401337e-03 8.814483880996704102e-03 3.948476165533065796e-03 9.665114805102348328e-03 9.685210883617401123e-03 1.837123557925224304e-02 8.187131024897098541e-03 1.966892974451184273e-03 1.086691045202314854e-03 2.576821425464004278e-04 9.324125130660831928e-04 3.381219459697604179e-03 7.702228147536516190e-03 3.348405286669731140e-02 3.214362263679504395e-02 1.557207703590393066e-01 2.350549399852752686e-01 3.068536221981048584e-01 2.690766155719757080e-01 2.095150351524353027e-01 1.366014182567596436e-01 1.387809067964553833e-01 1.883188337087631226e-01 2.021359801292419434e-01 1.324656605720520020e-01 1.231726929545402527e-01 1.184111684560775757e-01 1.161904782056808472e-01 9.857752919197082520e-02 9.925176203250885010e-02 8.120116591453552246e-02 6.504197418689727783e-02 6.000648438930511475e-02 4.173763841390609741e-02 3.585927933454513550e-02 2.559981495141983032e-02 1.876984164118766785e-02 1.043612603098154068e-02 8.141788654029369354e-03 9.781746193766593933e-03 5.137744359672069550e-03 3.396672662347555161e-03 2.575167920440435410e-03 1.761294202879071236e-03 3.479815274477005005e-02 2.420113421976566315e-02 3.469487652182579041e-02 3.662762045860290527e-02 3.818185254931449890e-02 3.410141915082931519e-02 2.867661230266094208e-02 2.469691261649131775e-02 2.282928861677646637e-02 2.244709059596061707e-02 2.259157598018646240e-02 2.265211567282676697e-02 2.291094325482845306e-02 2.331336401402950287e-02 2.349308133125305176e-02 2.446708455681800842e-02 2.711602114140987396e-02 3.112942539155483246e-02 3.674183413386344910e-02 3.733236715197563171e-02 3.561253473162651062e-02 3.295647725462913513e-02 3.157331049442291260e-02 3.325129672884941101e-02 5.226254090666770935e-02 7.984114438295364380e-02 9.375254064798355103e-02 4.088344424962997437e-02 2.136701345443725586e-02 1.497875992208719254e-02 2.032165788114070892e-02 3.450981806963682175e-03 1.543676247820258141e-03
1.340525969862937927e-02 3.437009751796722412e-01 1.198640093207359314e-01 1.510833576321601868e-02 7.445079274475574493e-03 7.880257908254861832e-05 2.352315732423448935e-06 1.176157866211724468e-06 8.233105290855746716e-06 0.000000000000000000e+00 0.000000000000000000e+00 0.000000000000000000e+00 0.000000000000000000e+00 1.764236799317586701e-06 0.000000000000000000e+00 8.233105290855746716e-06 1.176157866211724468e-06 5.880789558432297781e-06 2.522858558222651482e-04 1.164396308013238013e-04 1.189801283180713654e-02 5.955710262060165405e-02 1.683963984251022339e-01 1.807778179645538330e-01 2.532773613929748535e-01 2.961271405220031738e-01 2.483163475990295410e-01 1.744195073843002319e-01 1.642575114965438843e-01 1.149047389626502991e-01 9.076292812824249268e-02 6.190707162022590637e-02 5.323760956525802612e-02 4.306855052709579468e-02 3.515065461397171021e-02 2.603660896420478821e-02 2.389482222497463226e-02 2.415240183472633362e-02 2.831952832639217377e-02 4.235579818487167358e-02 5.867145955562591553e-02 7.302176207304000854e-02 8.630646020174026489e-02 9.405852109193801880e-02 9.879726171493530273e-02 9.845852851867675781e-02 8.971496671438217163e-02 8.404118567705154419e-02 7.799690961837768555e-02 6.287740170955657959e-02 3.791697695851325989e-02 3.732066601514816284e-02 1.152634722529910505e-04 2.914519282057881355e-03 4.010698199272155762e-02 5.734593048691749573e-02 8.147127926349639893e-02 9.156388789415359497e-02 5.965237319469451904e-02 4.810838401317596436e-02 5.000200122594833374e-02 2.933690510690212250e-02 2.152839303016662598e-02 2.127199061214923859e-02 2.327146008610725403e-02 2.594839408993721008e-02 2.929221093654632568e-02 3.406270965933799744e-02 3.558583185076713562e-02 3.715482726693153381e-02 3.915547206997871399e-02 4.078680276870727539e-02 4.052569717168807983e-02 3.816749900579452515e-02 3.385217487812042236e-02 2.980854548513889313e-02 2.452289126813411713e-02 1.842921786010265350e-02 1.331293117254972458e-02 9.208139963448047638e-03 6.687633693218231201e-03 5.891374778002500534e-03 4.670523107051849365e-03 6.247750483453273773e-03
7.839640229940414429e-02 2.461174726486206055e-01 1.021587327122688293e-01 1.524645718745887280e-03 1.976846106117591262e-04 7.005923544056713581e-05 1.959698784048669040e-05 3.674435333778092172e-07 9.559655445627868176e-04 2.388382927165366709e-05 1.317897404078394175e-04 8.372200652956962585e-03 2.547387965023517609e-02 3.622625721618533134e-03 7.326456252485513687e-03 6.825875607319176197e-04 2.243120223283767700e-03 8.386286208406090736e-04 6.934516597539186478e-03 1.490938849747180939e-02 2.157584428787231445e-01 4.376693069934844971e-02 8.004830777645111084e-02 1.333041042089462280e-01 1.100993007421493530e-01 1.342638581991195679e-01 1.159997135400772095e-01 1.421697735786437988e-01 2.391947060823440552e-01 1.709567755460739136e-01 1.241047829389572144e-01 1.362443864345550537e-01 1.596740484237670898e-01 1.683413088321685791e-01 1.584357768297195435e-01 1.353470832109451294e-01 1.185769587755203247e-01 1.012520045042037964e-01 7.406265288591384888e-02 6.123740226030349731e-02 5.577498674392700195e-02 5.468000471591949463e-02 5.231660977005958557e-02 5.486960709095001221e-02 4.979521036148071289e-02 3.835228830575942993e-02 2.539696171879768372e-02 1.542674936354160309e-02 9.765178896486759186e-03 6.113525480031967163e-03 3.872119821608066559e-03 1.079843007028102875e-02 2.612670511007308960e-02 3.415877372026443481e-02 4.665822535753250122e-02 3.994747996330261230e-02 3.134268894791603088e-02 3.099043108522891998e-02 3.927089273929595947e-02 6.142259389162063599e-02 8.241219073534011841e-02 6.996345520019531250e-02 6.907375156879425049e-02 7.341153919696807861e-02 7.325966656208038330e-02 6.932875514030456543e-02 5.645916610956192017e-02 2.924066595733165741e-02 2.181708253920078278e-02 1.970942504703998566e-02 1.831240579485893250e-02 1.599481701850891113e-02 1.117199752479791641e-02 9.556226432323455811e-03 9.336004965007305145e-03 9.897948242723941803e-03 1.150710601359605789e-02 1.004247646778821945e-02 8.521750569343566895e-03 1.405961439013481140e-02 4.082297440618276596e-03 1.335044857114553452e-03 9.107700316235423088e-04 6.780558032914996147e-04
8.064549416303634644e-02 2.039000988006591797e-01 1.880761608481407166e-02 2.282145619392395020e-02 1.335604465566575527e-03 5.409877281635999680e-03 1.827028245315887034e-05 1.119640364777296782e-04 2.702502720057964325e-02 5.162525922060012817e-04 4.441552329808473587e-03 4.262128844857215881e-02 5.630104616284370422e-02 7.925555109977722168e-03 8.938384242355823517e-03 1.123856636695563793e-03 1.705226313788443804e-04 5.715318839065730572e-04 4.269624594599008560e-03 1.304498128592967987e-02 1.681315600872039795e-01 1.655652970075607300e-01 2.539934515953063965e-01 1.768928766250610352e-01 2.566581368446350098e-01 2.333058714866638184e-01 1.531949192285537720e-01 1.071060150861740112e-01 1.622682213783264160e-01 1.501198858022689819e-01 1.171659231185913086e-01 1.103103384375572205e-01 1.682243347167968750e-01 2.099311649799346924e-01 1.667542755603790283e-01 1.086547821760177612e-01 6.376890838146209717e-02 4.406791925430297852e-02 3.455613180994987488e-02 2.588196098804473877e-02 2.441752888262271881e-02 2.376260980963706970e-02 1.666530780494213104e-02 1.629146933555603027e-02 1.581363193690776825e-02 1.173795294016599655e-02 7.074815221130847931e-03 3.372975159436464310e-03 2.023784909397363663e-03 1.172108808532357216e-03 6.296220235526561737e-04 4.862705827690660954e-04 1.873875135061098263e-06 4.347390204202383757e-04 2.609839476644992828e-02 1.805581748485565186e-01 2.064635604619979858e-01 8.697123080492019653e-02 6.916379183530807495e-02 7.885734736919403076e-02 3.629883378744125366e-02 1.936462521553039551e-02 1.772779598832130432e-02 2.696881070733070374e-02 3.070063330233097076e-02 2.520361915230751038e-02 2.320981770753860474e-02 1.098184473812580109e-02 1.044966466724872589e-02 1.139316055923700333e-02 1.075135823339223862e-02 1.099589932709932327e-02 1.086847577244043350e-02 1.034004241228103638e-02 1.195251196622848511e-02 1.144094392657279968e-02 1.256807986646890640e-02 1.336072944104671478e-02 1.108678150922060013e-02 1.053211465477943420e-02 7.196617312729358673e-03 5.541048478335142136e-03 4.513228312134742737e-03 8.004257455468177795e-03
6.992278248071670532e-02 3.151778578758239746e-01 5.665139295160770416e-03 9.002250735647976398e-04 6.295052007772028446e-04 7.925894460640847683e-04 1.340552582405507565e-03 2.228220179677009583e-02 6.496868561953306198e-03 2.142519224435091019e-03 5.064581520855426788e-03 4.355694726109504700e-02 2.074431627988815308e-02 2.749600447714328766e-03 1.110195997171103954e-03 1.736847189022228122e-04 1.304673969571013004e-05 5.014840644435025752e-05 4.594898782670497894e-04 7.277634576894342899e-04 5.186079069972038269e-03 4.085260443389415741e-04 1.323428703472018242e-03 2.314165700227022171e-03 3.843080252408981323e-03 6.056949030607938766e-03 6.903356406837701797e-03 6.296682637184858322e-03 7.121073547750711441e-03 7.551616057753562927e-03 7.661697920411825180e-03 8.040868677198886871e-03 1.860628090798854828e-02 2.674500271677970886e-02 4.279249161481857300e-02 2.870690636336803436e-02 5.206383392214775085e-02 4.604357481002807617e-02 4.887145757675170898e-02 7.206448912620544434e-02 7.330474257469177246e-02 5.572099983692169189e-02 3.551485389471054077e-02 5.180452764034271240e-02 6.930509209632873535e-02 7.219413667917251587e-02 9.476825594902038574e-02 2.076486349105834961e-01 3.166345953941345215e-01 3.723824918270111084e-01 4.707810282707214355e-01 7.813391089439392090e-01 9.611370041966438293e-03 3.144019842147827148e-02 3.138556331396102905e-02 2.419028617441654205e-02 2.020450681447982788e-02 1.695994660258293152e-02 1.610864698886871338e-02 1.503636781126260757e-02 1.349766831845045090e-02 1.600182615220546722e-02 1.872207224369049072e-02 1.988078467547893524e-02 2.570533938705921173e-02 3.839900344610214233e-02 5.233291909098625183e-02 7.650526612997055054e-02 7.835219800472259521e-02 7.038716226816177368e-02 6.657343357801437378e-02 4.791252315044403076e-02 4.709547013044357300e-02 4.593430832028388977e-02 4.619198292493820190e-02 2.951009571552276611e-02 2.478636056184768677e-02 3.093626722693443298e-02 3.716526925563812256e-02 2.838073670864105225e-02 1.432858221232891083e-02 6.277112755924463272e-03 1.842852070694789290e-04 2.446263806632487103e-06
1.333536058664321899e-01 2.642250955104827881e-01 5.954905599355697632e-02 2.789966203272342682e-02 3.449579933658242226e-03 9.622058714739978313e-04 2.154192225134465843e-05 7.659350558242294937e-06 2.403121179668232799e-04 3.350965698700747453e-06 1.675482963037211448e-05 8.138059456541668624e-06 5.074319778941571712e-05 2.144618047168478370e-04 4.356255521997809410e-05 8.090188930509611964e-05 2.776514520519413054e-05 1.077096167136915028e-04 2.843055175617337227e-03 6.894851569086313248e-03 6.077981740236282349e-02 3.374613821506500244e-02 2.794073820114135742e-01 4.517513513565063477e-01 2.458565235137939453e-01 1.649105995893478394e-01 1.469072997570037842e-01 1.377505362033843994e-01 2.319059818983078003e-01 2.061303555965423584e-01 2.056564390659332275e-01 1.623255610466003418e-01 1.829138994216918945e-01 1.171076372265815735e-01 7.163407653570175171e-02 3.193087503314018250e-02 6.655018031597137451e-02 3.810622543096542358e-02 1.868689991533756256e-02 2.751334384083747864e-02 9.395150467753410339e-03 2.001962624490261078e-02 1.434979308396577835e-02 1.193135231733322144e-02 5.465904250741004944e-03 6.247157230973243713e-03 8.972929790616035461e-03 4.673161078244447708e-03 3.452452132478356361e-03 2.220254158601164818e-03 3.963713825214654207e-04 3.130472451448440552e-02 5.494913831353187561e-02 9.765671938657760620e-02 1.065779477357864380e-01 1.080638617277145386e-01 7.233490794897079468e-02 8.442327380180358887e-02 4.555015638470649719e-02 2.582637220621109009e-02 2.329017035663127899e-02 2.248881012201309204e-02 2.095694094896316528e-02 1.787117868661880493e-02 1.695301383733749390e-02 1.665334217250347137e-02 1.464084815233945847e-02 1.412479951977729797e-02 1.428660377860069275e-02 1.426458265632390976e-02 1.230283174663782120e-02 1.424160506576299667e-02 1.618037745356559753e-02 1.848009787499904633e-02 2.286411821842193604e-02 2.530936524271965027e-02 2.871203236281871796e-02 3.269298002123832703e-02 2.574211917817592621e-02 1.135019958019256592e-02 8.190717548131942749e-03 7.283085025846958160e-03 3.672658465802669525e-03 2.065152395516633987e-03
6.517554074525833130e-02 3.210029304027557373e-01 2.489111386239528656e-02 5.946881137788295746e-03 1.137840794399380684e-03 6.901918677613139153e-04 1.055400134646333754e-04 9.518514707451686263e-05 3.434630576521158218e-03 3.341436677146703005e-04 4.177393391728401184e-03 2.248081937432289124e-02 1.921863667666912079e-02 6.118533201515674591e-03 3.182529238983988762e-03 3.088539000600576401e-03 6.603220244869589806e-04 1.879010465927422047e-03 8.968511596322059631e-03 7.411696948111057281e-03 9.114833921194076538e-02 1.558821946382522583e-01 1.333603560924530029e-01 1.147311553359031677e-01 9.695741534233093262e-02 9.228817373514175415e-02 9.796104580163955688e-02 8.684947341680526733e-02 9.190823137760162354e-02 1.055408120155334473e-01 1.341083049774169922e-01 1.400320827960968018e-01 1.619708687067031860e-01 2.003619521856307983e-01 2.181117832660675049e-01 1.863924264907836914e-01 1.554831415414810181e-01 1.305621564388275146e-01 1.374107003211975098e-01 1.422663480043411255e-01 1.010221093893051147e-01 7.313086092472076416e-02 3.917486220598220825e-02 2.363060787320137024e-02 1.385720539838075638e-02 1.262417808175086975e-02 9.804467670619487762e-03 7.856956683099269867e-03 5.849704612046480179e-03 5.183010362088680267e-03 3.419496584683656693e-03 3.111956641077995300e-02 7.577374577522277832e-03 1.557213068008422852e-02 2.145290002226829529e-02 2.557174861431121826e-02 2.952412143349647522e-02 3.520337119698524475e-02 4.495447129011154175e-02 5.630499869585037231e-02 6.568253040313720703e-02 6.833337247371673584e-02 5.905302241444587708e-02 4.807367548346519470e-02 3.917008265852928162e-02 3.634718433022499084e-02 4.277915135025978088e-02 4.370232671499252319e-02 4.830785468220710754e-02 5.202445760369300842e-02 5.783672258257865906e-02 5.377203971147537231e-02 4.529697820544242859e-02 3.564384952187538147e-02 2.280938811600208282e-02 1.136725675314664841e-02 8.194684050977230072e-03 6.785625591874122620e-03 4.915376659482717514e-03 3.229126101359724998e-03 2.490744227543473244e-03 2.043891930952668190e-03 1.830422319471836090e-03 4.149116575717926025e-03
2.368714427575469017e-03 5.526283057406544685e-04 4.889173060655593872e-02 3.940648734569549561e-01 6.438899785280227661e-03 2.408533822745084763e-03 7.264344603754580021e-04 8.442782564088702202e-04 2.832018304616212845e-03 9.734221966937184334e-04 2.854618476703763008e-03 1.793216913938522339e-02 1.659122481942176819e-02 1.736447447910904884e-03 3.540695470292121172e-04 8.071494085015729070e-05 1.614298867025354411e-06 2.690497922230861150e-06 3.094072744715958834e-04 3.551457484718412161e-05 1.281430386006832123e-02 3.938889130949974060e-04 1.204266911372542381e-03 8.323324844241142273e-03 2.024330757558345795e-02 1.778957247734069824e-02 1.765719987452030182e-02 1.421874389052391052e-02 2.518628910183906555e-02 2.108274213969707489e-02 2.994524314999580383e-02 2.866994775831699371e-02 4.794144630432128906e-02 9.785880148410797119e-02 3.587101101875305176e-01 2.979252934455871582e-01 3.720119297504425049e-01 3.870378434658050537e-01 4.209735989570617676e-01 4.272790551185607910e-01 2.520243525505065918e-01 9.030064940452575684e-02 2.386579290032386780e-02 8.281352929770946503e-03 4.652409348636865616e-03 3.131739562377333641e-03 1.520669553428888321e-03 9.588934481143951416e-04 6.102049374021589756e-04 6.069763330742716789e-04 4.584608541335910559e-04 6.321594119071960449e-03 2.199751092121005058e-03 3.272506594657897949e-02 2.346221916377544403e-02 2.023577317595481873e-02 1.644109562039375305e-02 1.164017058908939362e-02 7.501108571887016296e-03 5.958915222436189651e-03 5.249699577689170837e-03 5.582245066761970520e-03 3.858174197375774384e-03 4.585684742778539658e-03 3.570829052478075027e-03 4.100318998098373413e-03 2.003237232565879822e-02 5.541457235813140869e-02 9.921265393495559692e-02 9.125738590955734253e-02 1.024100407958030701e-01 9.893714636564254761e-02 7.243897020816802979e-02 6.392946094274520874e-02 6.693743914365768433e-02 6.632077693939208984e-02 6.069117784500122070e-02 4.257551580667495728e-02 1.248929183930158615e-02 2.378400240559130907e-04 2.152398337784688920e-06 2.152398337784688920e-06 0.000000000000000000e+00 0.000000000000000000e+00
3.872528322972357273e-04 6.486224383115768433e-02 4.322211146354675293e-01 2.264526207000017166e-03 8.266744407592341304e-05 2.086751010210718960e-05 4.414281193021452054e-06 3.210386239516083151e-06 2.608438808238133788e-05 6.420772479032166302e-06 1.565063212183304131e-05 3.611684633142431267e-06 1.364414129056967795e-05 1.805842293833848089e-05 5.216877525526797399e-06 9.631158718548249453e-06 9.229860552295576781e-06 3.210386239516083151e-06 3.290646054665558040e-05 1.003245688480092213e-05 3.585198894143104553e-03 8.232232928276062012e-02 1.161156594753265381e-01 7.065176963806152344e-02 6.621903181076049805e-02 7.725874334573745728e-02 7.290787249803543091e-02 5.566568672657012939e-02 3.818754479289054871e-02 5.679012835025787354e-02 4.721435159444808960e-02 3.247626870870590210e-02 3.237995505332946777e-02 3.638169914484024048e-02 4.144287481904029846e-02 4.631624370813369751e-02 7.231555879116058350e-02 1.012499630451202393e-01 1.406606584787368774e-01 2.000632435083389282e-01 2.735682427883148193e-01 3.399173021316528320e-01 3.450531065464019775e-01 2.745241522789001465e-01 1.654320061206817627e-01 9.380026161670684814e-02 5.316881090402603149e-02 2.686611749231815338e-02 1.319709606468677521e-02 7.678441703319549561e-03 4.967270419001579285e-03 1.162240095436573029e-02 4.012983026768779382e-06 5.618176146526820958e-06 1.444673835067078471e-04 7.327706553041934967e-04 1.667795702815055847e-03 1.837946125306189060e-03 2.012109616771340370e-03 2.228810684755444527e-03 2.797851571813225746e-03 5.886243190616369247e-03 3.195538371801376343e-02 8.971022814512252808e-02 9.396559745073318481e-02 9.931490570306777954e-02 1.052902340888977051e-01 9.091974049806594849e-02 6.595497578382492065e-02 5.444815009832382202e-02 4.635958373546600342e-02 3.788737207651138306e-02 3.465451300144195557e-02 4.293731227517127991e-02 3.554700314998626709e-02 3.428130596876144409e-02 3.521713614463806152e-02 3.012947551906108856e-02 1.932572200894355774e-02 1.033985149115324020e-02 6.202466320246458054e-03 3.724850714206695557e-03 2.462366363033652306e-03 1.205419749021530151e-02
2.048611640930175781e-02 7.561302185058593750e-02 1.940562278032302856e-01 7.690908387303352356e-04 1.056695873558055609e-05 5.513195719686336815e-05 0.000000000000000000e+00 4.134896698815282434e-06 1.221172860823571682e-03 1.608015372767113149e-05 7.396870933007448912e-05 3.094281069934368134e-03 1.286145895719528198e-01 3.857583180069923401e-02 2.236014418303966522e-02 2.555366372689604759e-03 3.381426678970456123e-03 1.887350692413747311e-03 4.093547817319631577e-03 3.131954697892069817e-03 1.123479008674621582e-01 4.440438151359558105e-01 1.698340028524398804e-01 1.952250301837921143e-01 1.557174623012542725e-01 1.295518279075622559e-01 1.377913057804107666e-01 6.896732002496719360e-02 5.061940848827362061e-02 4.592216387391090393e-02 5.265928804874420166e-02 5.004328116774559021e-02 4.774152114987373352e-02 5.304796993732452393e-02 7.120843231678009033e-02 1.153333038091659546e-01 1.736077815294265747e-01 2.090631425380706787e-01 2.001014351844787598e-01 1.616055518388748169e-01 1.301582753658294678e-01 5.890022590756416321e-02 3.574756160378456116e-02 4.621712118387222290e-02 1.560234464704990387e-02 1.145642064511775970e-02 9.628796949982643127e-03 8.410380221903324127e-03 7.153371814638376236e-03 5.923928692936897278e-03 5.510439164936542511e-03 2.085917629301548004e-02 9.188659646497399081e-07 5.053763015894219279e-05 1.833137590438127518e-03 7.680800743401050568e-03 7.170829921960830688e-03 5.055600777268409729e-03 3.494447330012917519e-03 2.681250916793942451e-03 4.296617116779088974e-03 6.842794828116893768e-03 1.192963682115077972e-02 2.386570535600185394e-02 4.861168563365936279e-02 8.184614777565002441e-02 1.087680011987686157e-01 1.308079212903976440e-01 7.825613766908645630e-02 2.598185464739799500e-02 2.749063260853290558e-02 2.751452289521694183e-02 3.005426749587059021e-02 4.121756926178932190e-02 6.206572055816650391e-02 8.055789768695831299e-02 9.259779751300811768e-02 5.094100907444953918e-02 2.267853170633316040e-02 1.253149379044771194e-02 2.209872705861926079e-03 8.187096100300550461e-04 1.451808202546089888e-04 2.756597950792638585e-06
1.627128198742866516e-02 8.334481716156005859e-02 3.019168376922607422e-01 5.887345876544713974e-03 3.401829395443201065e-03 1.851037028245627880e-03 1.634350977838039398e-03 7.128451834432780743e-04 1.878889976069331169e-03 1.574868569150567055e-03 1.027582865208387375e-02 1.984919793903827667e-02 1.834797486662864685e-02 1.024089474231004715e-02 4.301619250327348709e-03 3.011416876688599586e-03 2.269302494823932648e-03 2.133814617991447449e-03 2.116347663104534149e-03 8.979489095509052277e-03 1.875113230198621750e-03 5.900092422962188721e-03 1.490176934748888016e-02 2.710133604705333710e-02 4.556355252861976624e-02 6.023306027054786682e-02 1.064962372183799744e-01 4.217390418052673340e-01 3.389847874641418457e-01 3.230236768722534180e-01 4.959504604339599609e-01 3.524249792098999023e-01 1.917345821857452393e-01 1.224007084965705872e-01 6.930554658174514771e-02 6.018207222223281860e-02 3.644574433565139771e-02 2.357487753033638000e-02 1.717060059309005737e-02 1.300682779401540756e-02 9.752288460731506348e-03 8.287888020277023315e-03 8.981849066913127899e-03 1.421913690865039825e-02 2.168560028076171875e-02 1.220523193478584290e-02 2.264581620693206787e-02 5.657630413770675659e-02 7.194826751947402954e-02 3.327334672212600708e-02 8.225572295486927032e-03 4.183598794043064117e-03 1.888331644295249134e-05 1.690056815277785063e-04 1.419270038604736328e-02 4.121000692248344421e-02 3.339986503124237061e-02 2.446427941322326660e-02 1.975100487470626831e-02 1.423141080886125565e-02 1.178130134940147400e-02 1.265182159841060638e-02 1.528037991374731064e-02 1.487344410270452499e-02 1.461191009730100632e-02 1.872847229242324829e-02 1.880872622132301331e-02 1.391889248043298721e-02 1.231947541236877441e-02 1.489799190312623978e-02 2.958071418106555939e-02 5.494572967290878296e-02 6.156338751316070557e-02 6.340734660625457764e-02 6.630309671163558960e-02 7.662189006805419922e-02 9.037460386753082275e-02 1.122679263353347778e-01 1.078577265143394470e-01 3.087233379483222961e-02 3.648256650194525719e-03 1.735376776196062565e-03 1.532381167635321617e-03 3.979658707976341248e-03
1.719815135002136230e-01 1.047428548336029053e-01 1.482956856489181519e-01 3.146777674555778503e-02 9.976696223020553589e-03 7.378476439043879509e-04 1.524478557257680222e-05 1.321214767813216895e-05 3.511382383294403553e-04 2.591613520053215325e-05 2.439165655232500285e-05 1.524478557257680222e-05 7.683371659368276596e-04 1.651010243222117424e-03 4.443346988409757614e-03 1.336967688985168934e-03 2.763371448963880539e-03 3.168882802128791809e-03 7.804313674569129944e-03 1.041625346988439560e-02 6.285120546817779541e-02 1.484354287385940552e-01 1.316661685705184937e-01 3.168628811836242676e-01 8.168826699256896973e-01 6.696942448616027832e-01 5.404642224311828613e-01 1.648113727569580078e-01 8.675807714462280273e-02 2.659605257213115692e-02 1.349773351103067398e-02 1.027193665504455566e-02 6.890643388032913208e-03 3.207502886652946472e-03 8.079736726358532906e-04 2.073290816042572260e-04 2.439165837131440639e-05 6.097914592828601599e-06 3.048957296414300799e-06 1.219582918565720320e-05 0.000000000000000000e+00 9.146870979748200625e-06 6.097914592828601599e-06 6.097914592828601599e-06 0.000000000000000000e+00 0.000000000000000000e+00 0.000000000000000000e+00 6.097914592828601599e-06 0.000000000000000000e+00 0.000000000000000000e+00 0.000000000000000000e+00 2.134269925591070205e-05 1.117950978368753567e-05 4.675067611970007420e-05 1.729775033891201019e-02 9.668751060962677002e-02 2.923827767372131348e-01 1.752703189849853516e-01 6.444682180881500244e-02 4.768060892820358276e-02 3.630088269710540771e-02 2.435913495719432831e-02 2.221876755356788635e-02 2.627489529550075531e-02 2.456443198025226593e-02 2.348408475518226624e-02 2.013836242258548737e-02 2.277570962905883789e-02 2.206225320696830750e-02 1.216940395534038544e-02 9.054386056959629059e-03 8.329750970005989075e-03 7.858178578317165375e-03 6.181252188980579376e-03 5.143590737134218216e-03 4.436232615262269974e-03 3.128229873254895210e-03 1.603751443326473236e-03 1.224664389155805111e-03 1.154538476839661598e-03 1.195191172882914543e-03 1.388291828334331512e-03 1.632208353839814663e-03 1.949808001518249512e-02
1.482782810926437378e-01 1.640669256448745728e-01 1.459481716156005859e-01 1.044730842113494873e-02 1.212368020787835121e-03 7.454814622178673744e-04 2.108675107592716813e-04 1.681176036072429270e-05 1.484238309785723686e-03 3.698587170219980180e-05 3.314318382763303816e-05 6.340435356833040714e-05 1.327168429270386696e-03 1.595676178112626076e-03 2.838785876519978046e-04 3.799457917921245098e-04 2.689881694095674902e-05 2.286399394506588578e-04 9.015906602144241333e-03 1.459789182990789413e-02 1.656035184860229492e-01 7.081113755702972412e-03 3.028710745275020599e-02 1.010377183556556702e-01 1.996343582868576050e-01 2.545079588890075684e-01 2.440462410449981689e-01 1.896971762180328369e-01 2.016806006431579590e-01 1.474871784448623657e-01 1.091131269931793213e-01 7.561833411455154419e-02 7.663568854331970215e-02 7.683743536472320557e-02 9.504888951778411865e-02 1.309991478919982910e-01 1.830224394798278809e-01 1.449394673109054565e-01 1.011530011892318726e-01 8.350641280412673950e-02 5.962314829230308533e-02 6.809915602207183838e-02 4.146932810544967651e-02 3.611454367637634277e-02 2.290049940347671509e-02 2.460377290844917297e-02 2.518593706190586090e-02 1.353394798934459686e-02 8.588407188653945923e-03 5.827436223626136780e-03 5.043528042733669281e-03 7.107339799404144287e-02 9.175281971693038940e-02 2.652127295732498169e-02 6.774947047233581543e-02 1.291825324296951294e-01 1.200763136148452759e-01 9.289121627807617188e-02 6.531801074743270874e-02 4.300159960985183716e-02 2.442412450909614563e-02 1.331395376473665237e-02 9.608641266822814941e-03 9.282013401389122009e-03 1.058564521372318268e-02 1.387690752744674683e-02 1.797705516219139099e-02 2.461529895663261414e-02 2.896618284285068512e-02 3.397032245993614197e-02 4.153657704591751099e-02 4.400934651494026184e-02 3.793597593903541565e-02 2.496690489351749420e-02 1.321500446647405624e-02 7.795853540301322937e-03 5.030078813433647156e-03 1.689822063781321049e-03 4.303810710553079844e-04 1.489041605964303017e-04 8.069644536590203643e-05 3.074150299653410912e-05 1.441008043912006542e-05 1.921343937283381820e-06
5.967068299651145935e-02 2.869075536727905273e-01 5.538653582334518433e-02 3.011211287230253220e-03 3.183929482474923134e-03 1.680700667202472687e-02 3.829377703368663788e-03 8.723586797714233398e-03 6.671040318906307220e-04 9.063740726560354233e-04 5.233306903392076492e-03 2.409074641764163971e-02 2.251145895570516586e-03 6.792523781768977642e-04 3.929733939003199339e-04 3.998398606199771166e-04 3.005401231348514557e-04 1.059020985849201679e-03 4.372356925159692764e-03 2.212746441364288330e-02 2.766659250482916832e-03 3.929733764380216599e-03 9.583479724824428558e-03 4.863679409027099609e-02 2.083487808704376221e-01 6.554637551307678223e-01 4.787461459636688232e-01 1.723885536193847656e-01 6.614946573972702026e-02 3.202733024954795837e-02 2.684261649847030640e-02 2.981527149677276611e-02 5.614765733480453491e-02 4.051429033279418945e-02 2.303330972790718079e-02 1.946168951690196991e-02 2.677289769053459167e-02 2.808808907866477966e-02 2.309352532029151917e-02 2.687113732099533081e-02 2.858881279826164246e-02 2.901664748787879944e-02 3.529154509305953979e-02 4.879842326045036316e-02 3.871104866266250610e-02 4.892201721668243408e-02 7.739673554897308350e-02 9.620558470487594604e-02 8.029333502054214478e-02 7.793232798576354980e-02 1.056908220052719116e-01 3.544715046882629395e-01 8.470055647194385529e-03 1.686616428196430206e-02 1.347624044865369797e-02 9.414458647370338440e-03 7.286909501999616623e-03 7.137960288673639297e-03 9.131349623203277588e-03 1.804719679057598114e-02 1.329031772911548615e-02 8.360192179679870605e-03 1.042330171912908554e-02 1.044337358325719833e-02 1.065887510776519775e-02 1.190751604735851288e-02 1.517701242119073868e-02 2.108745835721492767e-02 3.960263356566429138e-02 6.314723193645477295e-02 6.923514604568481445e-02 6.370922178030014038e-02 9.101242572069168091e-02 1.038411036133766174e-01 7.781612128019332886e-02 4.855016991496086121e-02 6.092883273959159851e-02 7.632768154144287109e-02 6.168308854103088379e-02 3.021141327917575836e-02 5.492120049893856049e-03 5.295633338391780853e-03 7.220357656478881836e-03 4.748428240418434143e-03
1.108006015419960022e-02 4.166534245014190674e-01 6.818741559982299805e-02 4.047431575600057840e-04 1.266621547983959317e-04 6.563402712345123291e-05 1.612063715583644807e-05 2.187800782849080861e-05 8.751203131396323442e-05 4.260454079485498369e-05 1.399041066179051995e-04 9.269367001252248883e-05 1.456614700146019459e-04 1.088143035303801298e-04 1.186018344014883041e-04 1.888417609734460711e-04 1.214805160998366773e-04 4.220152623020112514e-04 8.020017412491142750e-04 1.173927914351224899e-03 1.298862742260098457e-03 7.036658003926277161e-03 1.723411306738853455e-02 1.276823580265045166e-01 4.728828072547912598e-01 7.705745100975036621e-01 3.603791594505310059e-01 2.141154706478118896e-01 1.436452418565750122e-01 1.512967944145202637e-01 1.545473933219909668e-01 9.852703660726547241e-02 7.630819082260131836e-02 6.966187804937362671e-02 5.717759951949119568e-02 5.305647477507591248e-02 6.861174106597900391e-02 5.393735319375991821e-02 4.165688157081604004e-02 2.820881083607673645e-02 1.512000616639852524e-02 6.380317732691764832e-03 3.644415643066167831e-03 2.525182906538248062e-03 1.537217991426587105e-03 8.877865620888769627e-04 7.392463739961385727e-04 3.972585545852780342e-04 2.936258970294147730e-04 1.830843830248340964e-04 1.209047841257415712e-04 3.316245274618268013e-04 2.302948132637538947e-06 2.763537850114516914e-05 1.980535453185439110e-04 1.244743471033871174e-03 6.065965630114078522e-03 1.149171125143766403e-02 9.619414806365966797e-03 6.614067126065492630e-03 6.312381010502576828e-03 7.049324456602334976e-03 8.170859888195991516e-03 1.051986776292324066e-02 3.195916488766670227e-02 6.750401854515075684e-02 4.180081188678741455e-02 1.301511190831661224e-02 2.131954394280910492e-02 2.871661260724067688e-02 3.157572448253631592e-02 3.539516404271125793e-02 3.179795667529106140e-02 7.589481025934219360e-02 1.572821587324142456e-01 1.781330406665802002e-01 8.079778403043746948e-02 5.796751007437705994e-02 3.461331129074096680e-02 1.295638643205165863e-02 9.297002106904983521e-03 9.278578683733940125e-03 8.295219391584396362e-03 5.083758383989334106e-03
4.892762377858161926e-02 2.960352897644042969e-01 1.169262528419494629e-01 1.694184174994006753e-04 7.275637472048401833e-06 1.039376820699544623e-05 2.286629023728892207e-05 0.000000000000000000e+00 3.533880953909829259e-05 5.196883989810885396e-07 2.078753595924354158e-06 4.157507191848708317e-06 6.600042252102866769e-05 1.553868351038545370e-04 7.795325473125558347e-06 1.922847004607319832e-04 3.689787627081386745e-05 2.275195904076099396e-03 8.381534367799758911e-03 2.674368396401405334e-02 7.084392011165618896e-03 1.165151819586753845e-01 2.655555605888366699e-01 1.213607490062713623e-01 5.092530325055122375e-02 5.613850951194763184e-01 6.533855199813842773e-01 7.127110660076141357e-02 2.733353152871131897e-02 1.534120179712772369e-02 1.405341364443302155e-02 2.072621323168277740e-02 4.341684654355049133e-02 5.005222558975219727e-02 8.283936977386474609e-02 1.390436738729476929e-01 2.192669212818145752e-01 2.419357448816299438e-01 1.459815055131912231e-01 6.907282024621963501e-02 2.903291210532188416e-02 1.562183350324630737e-02 1.028047502040863037e-02 7.424268871545791626e-03 4.808156751096248627e-03 3.532841568812727928e-03 2.659765304997563362e-03 1.739916624501347542e-03 1.144353765994310379e-03 8.730764966458082199e-04 5.706178490072488785e-04 5.765423178672790527e-03 2.777214860543608665e-03 4.749952058773487806e-04 6.142716738395392895e-04 8.980215643532574177e-04 1.310654100961983204e-03 5.817391909658908844e-03 1.752908900380134583e-02 2.918777987360954285e-02 6.293010711669921875e-02 5.801073834300041199e-02 2.620268799364566803e-02 8.117532357573509216e-03 4.925606772303581238e-03 6.231063976883888245e-03 1.111405622214078903e-02 1.818285696208477020e-02 2.818478085100650787e-02 4.115828126668930054e-02 5.585610866546630859e-02 7.908722013235092163e-02 1.262063235044479370e-01 1.015907675027847290e-01 5.341357365250587463e-02 6.962992995977401733e-02 1.033452376723289490e-01 8.079595118761062622e-02 3.348872065544128418e-03 1.974815968424081802e-03 9.635022724978625774e-04 1.205677108373492956e-04 0.000000000000000000e+00 0.000000000000000000e+00
2.207721117883920670e-03 4.938780367374420166e-01 3.802239429205656052e-03 5.265596882964018732e-06 9.573811894370010123e-07 0.000000000000000000e+00 4.786905947185005061e-07 0.000000000000000000e+00 0.000000000000000000e+00 0.000000000000000000e+00 4.786906174558680505e-06 2.872143568311003037e-06 5.744287136622006074e-06 3.350834276716341265e-06 1.436071784155501518e-06 2.872143568311003037e-06 2.872143568311003037e-06 1.436071784155501518e-06 1.100988356483867392e-05 6.893144745845347643e-05 3.245522384531795979e-04 3.302965196780860424e-04 1.766368397511541843e-03 4.107165150344371796e-03 1.001229323446750641e-02 1.838459074497222900e-02 1.387618780136108398e-01 3.159070909023284912e-01 6.212676763534545898e-01 5.402818322181701660e-01 4.441655278205871582e-01 3.751249313354492188e-01 2.213474810123443604e-01 1.301425695419311523e-01 6.390519440174102783e-02 4.489734768867492676e-02 2.996507473289966583e-02 1.579391770064830780e-02 7.464701309800148010e-03 3.188079688698053360e-03 1.749135553836822510e-03 1.384373172186315060e-03 9.995059808716177940e-04 8.357937913388013840e-04 7.237802492454648018e-04 6.548487581312656403e-04 5.141136934980750084e-04 4.997529904358088970e-04 4.968808498233556747e-04 3.705065464600920677e-04 4.394379793666303158e-04 4.193329717963933945e-03 2.010500611504539847e-05 1.092371996492147446e-03 4.691167850978672504e-04 7.582459365949034691e-04 1.214916817843914032e-03 1.827640691772103310e-03 2.572483383119106293e-03 3.964515402913093567e-03 7.132490165531635284e-03 9.747098200023174286e-03 1.942622289061546326e-02 3.870117664337158203e-02 6.026140227913856506e-02 6.393296271562576294e-02 5.701779574155807495e-02 7.342731207609176636e-02 1.523815840482711792e-01 1.784951090812683105e-01 1.003048270940780640e-01 5.845482647418975830e-02 4.396581649780273438e-02 3.682183846831321716e-02 4.142013937234878540e-02 2.958499453961849213e-02 9.150649420917034149e-03 2.880760002881288528e-03 2.015287522226572037e-03 1.790302922017872334e-03 1.040673349052667618e-03 1.819024328142404556e-05 1.819024328142404556e-05 9.095121640712022781e-05
2.555312588810920715e-02 3.167781531810760498e-01 1.524926126003265381e-01 3.174838377162814140e-03 1.744925830280408263e-04 0.000000000000000000e+00 0.000000000000000000e+00 0.000000000000000000e+00 0.000000000000000000e+00 0.000000000000000000e+00 0.000000000000000000e+00 0.000000000000000000e+00 0.000000000000000000e+00 0.000000000000000000e+00 3.088364337600069121e-06 1.235345735040027648e-05 6.176728675200138241e-06 4.014873411506414413e-05 7.751794182695448399e-04 9.898208081722259521e-04 1.241522375494241714e-03 3.826483385637402534e-03 1.490290164947509766e-01 2.966589927673339844e-01 9.377200901508331299e-02 6.261350214481353760e-02 7.481563091278076172e-02 1.120335012674331665e-01 2.070007026195526123e-01 2.844568789005279541e-01 3.432253599166870117e-01 2.605899870395660400e-01 1.715061366558074951e-01 8.163473755121231079e-02 4.420375823974609375e-02 2.657228708267211914e-02 1.789089478552341461e-02 1.602860912680625916e-02 1.806693151593208313e-02 3.352110460400581360e-02 5.049476027488708496e-02 5.069858953356742859e-02 5.652633309364318848e-02 7.337027043104171753e-02 8.787013590335845947e-02 1.135715097188949585e-01 1.104955002665519714e-01 7.659452408552169800e-02 3.488307446241378784e-02 1.295259967446327209e-02 5.670236423611640930e-03 2.818441204726696014e-02 1.420647604390978813e-04 5.883333738893270493e-03 1.632509380578994751e-02 4.831437021493911743e-02 8.863914012908935547e-02 9.946385771036148071e-02 1.089605838060379028e-01 1.104738786816596985e-01 7.859577983617782593e-02 5.506244674324989319e-02 4.258236661553382874e-02 3.748347610235214233e-02 3.480277583003044128e-02 2.962359040975570679e-02 1.515769213438034058e-02 1.431456860154867172e-02 1.946596056222915649e-02 2.610903233289718628e-02 2.774586528539657593e-02 2.277977578341960907e-02 1.629112102091312408e-02 1.190564408898353577e-02 1.374013256281614304e-02 1.179137453436851501e-02 1.164930965751409531e-02 1.236889883875846863e-02 1.482723653316497803e-02 1.336026377975940704e-02 9.777761064469814301e-03 1.905520795844495296e-03 3.891339001711457968e-04 6.794401269871741533e-05
1.110804849304258823e-03 4.589798450469970703e-01 3.907912597060203552e-02 5.232495605014264584e-04 3.023900353582575917e-05 1.799029269022867084e-05 9.186532224703114480e-06 2.258355925732757896e-05 3.253563772886991501e-05 3.062177347601391375e-05 6.851622310932725668e-05 1.263148260477464646e-05 6.507127181976102293e-06 7.655443369003478438e-06 3.827721855031995801e-07 7.655443710063991603e-07 0.000000000000000000e+00 0.000000000000000000e+00 5.397087807068601251e-05 1.339702703262446448e-05 2.193284686654806137e-03 5.527995992451906204e-03 3.320242464542388916e-02 2.947545051574707031e-01 4.903954863548278809e-01 3.214115202426910400e-01 2.384846806526184082e-01 3.161338567733764648e-01 1.726861298084259033e-01 2.329291403293609619e-01 4.028546810150146484e-01 2.401956915855407715e-01 9.655046463012695312e-02 5.203940719366073608e-02 2.705893293023109436e-02 1.560332439839839935e-02 1.048642769455909729e-02 1.171053200960159302e-02 1.569978334009647369e-02 1.158651430159807205e-02 5.335079040378332138e-03 2.018740400671958923e-03 5.718616303056478500e-04 2.112902584485709667e-04 5.971245991531759501e-05 3.904276309185661376e-05 4.133939728490076959e-05 1.377979788230732083e-05 1.148316550825256854e-05 6.889898941153660417e-06 2.296633101650513709e-05 1.630609622225165367e-04 1.531088742012798321e-06 6.124354968051193282e-06 1.454534321965184063e-05 1.760752093105111271e-05 2.985622995765879750e-05 9.722413960844278336e-05 6.935832207091152668e-04 2.930503804236650467e-03 8.829789236187934875e-03 2.377627789974212646e-02 4.003414511680603027e-02 1.853382959961891174e-02 7.528363261371850967e-03 8.738689124584197998e-03 9.356483817100524902e-03 1.018633320927619934e-02 9.785188362002372742e-03 6.509423721581697464e-03 6.014882121235132217e-03 4.430205095559358597e-03 3.882840974256396294e-03 4.554223734885454178e-03 9.371793828904628754e-03 2.291733585298061371e-02 4.482415318489074707e-02 6.662532687187194824e-02 8.850841224193572998e-02 1.243910118937492371e-01 1.818045377731323242e-01 2.104596346616744995e-01 6.803086400032043457e-02 1.711527630686759949e-02
1.358711253851652145e-02 4.104515314102172852e-01 6.961034983396530151e-02 2.215346554294228554e-03 5.194027326069772243e-04 5.150111610419116914e-05 1.756627352733630687e-05 3.992334711711009732e-07 6.587352254427969456e-05 1.996167384277214296e-06 2.794634383462835103e-06 3.992334768554428592e-06 5.269881876301951706e-05 3.245768020860850811e-04 4.431491470313630998e-05 1.952251623151823878e-04 4.790801540366373956e-06 8.583519957028329372e-05 1.919514499604701996e-03 8.451772737316787243e-04 1.006307918578386307e-02 3.471894189715385437e-02 5.049983784556388855e-02 3.083599358797073364e-02 5.086394399404525757e-02 9.493453055620193481e-02 1.778824627399444580e-01 2.826884388923645020e-01 3.736873269081115723e-01 3.795177340507507324e-01 3.223323225975036621e-01 2.556898593902587891e-01 2.212272286415100098e-01 1.699608862400054932e-01 1.223810315132141113e-01 7.789843529462814331e-02 5.894123017787933350e-02 3.883423656225204468e-02 2.950175665318965912e-02 3.008144348859786987e-02 2.108431793749332428e-02 2.216464281082153320e-02 1.747205294668674469e-02 1.909613609313964844e-02 1.045113429427146912e-02 1.187639683485031128e-02 1.176381390541791916e-02 9.258223697543144226e-03 7.543116807937622070e-03 5.475886166095733643e-03 4.714149050414562225e-03 4.655940458178520203e-02 1.848371140658855438e-02 2.239380404353141785e-02 2.441711910068988800e-02 3.019003570079803467e-02 3.679415583610534668e-02 4.148035869002342224e-02 4.731794819235801697e-02 6.160970777273178101e-02 8.095417171716690063e-02 9.294873476028442383e-02 8.334158360958099365e-02 6.697540730237960815e-02 5.566911399364471436e-02 4.642047360539436340e-02 3.923826292157173157e-02 3.444426879286766052e-02 2.936601638793945312e-02 2.568827942013740540e-02 2.253193780779838562e-02 1.778984442353248596e-02 1.405381690710783005e-02 1.072420924901962280e-02 8.144362829625606537e-03 6.190514191985130310e-03 5.695464555174112320e-03 6.870009470731019974e-03 9.792398661375045776e-03 1.122884079813957214e-02 1.321542635560035706e-02 1.532497629523277283e-02 1.053098030388355255e-02 1.017406582832336426e-02
5.813300609588623047e-02 3.697253763675689697e-01 4.060763865709304810e-02 3.477308200672268867e-03 2.259836182929575443e-04 6.487662321887910366e-04 1.577547095621412154e-06 0.000000000000000000e+00 2.253526123240590096e-03 4.298815838410519063e-05 1.790515962056815624e-04 6.247875280678272247e-03 1.286213565617799759e-02 1.360634341835975647e-03 1.312124775722622871e-03 1.222598948515951633e-04 1.459231043554609641e-05 8.794824680080637336e-05 9.934603003785014153e-04 1.703750807791948318e-03 1.797693781554698944e-02 7.513304054737091064e-02 2.845547795295715332e-01 4.150857329368591309e-01 6.286840438842773438e-01 3.847826719284057617e-01 2.017572373151779175e-01 1.207083761692047119e-01 1.388107240200042725e-01 2.137497514486312866e-01 1.338177919387817383e-01 4.761983826756477356e-02 2.022257633507251740e-02 1.258409395813941956e-02 1.391869783401489258e-02 1.636783964931964874e-02 2.147199399769306183e-02 2.325146645307540894e-02 2.526520565152168274e-02 2.754633873701095581e-02 2.559412457048892975e-02 2.501437626779079437e-02 2.376495860517024994e-02 2.377679198980331421e-02 1.804792881011962891e-02 1.719841733574867249e-02 1.248470786958932877e-02 9.434520266950130463e-03 6.114572286605834961e-03 4.425019957125186920e-03 2.903475426137447357e-03 7.931906729936599731e-03 3.604695084504783154e-04 3.730898955836892128e-03 1.362290792167186737e-02 1.749263145029544830e-02 2.759760804474353790e-02 3.505230695009231567e-02 4.026610031723976135e-02 4.442451521754264832e-02 6.983958929777145386e-02 8.875121921300888062e-02 5.218289047479629517e-02 1.553174015134572983e-02 9.710591286420822144e-03 1.135045103728771210e-02 1.268190145492553711e-02 1.547573693096637726e-02 2.838164940476417542e-02 3.707077726721763611e-02 4.982209205627441406e-02 5.229095369577407837e-02 5.393870174884796143e-02 5.473220720887184143e-02 4.944269359111785889e-02 4.558480158448219299e-02 3.917207196354866028e-02 3.505704179406166077e-02 2.815132774412631989e-02 2.107681706547737122e-02 1.925396174192428589e-02 1.383193302899599075e-02 1.069340296089649200e-02 3.428009804338216782e-03
3.637951985001564026e-02 3.354535996913909912e-01 1.242016926407814026e-01 1.629096572287380695e-03 1.113725593313574791e-04 2.292964381922502071e-05 0.000000000000000000e+00 1.091887838811089750e-06 1.042752846842631698e-04 1.528642860648687929e-05 5.623222386930137873e-05 2.980853605549782515e-04 5.290196277201175690e-04 2.544098533689975739e-04 7.151865429477766156e-05 4.585928763845004141e-05 0.000000000000000000e+00 2.729719653871143237e-06 5.273818387649953365e-04 2.959016128443181515e-04 5.463806912302970886e-03 1.288318447768688202e-02 1.472377926111221313e-01 5.248562693595886230e-01 5.441761016845703125e-01 5.307328104972839355e-01 3.496017456054687500e-01 1.252253353595733643e-01 7.305712252855300903e-02 5.810699611902236938e-02 6.534948945045471191e-02 6.947354227304458618e-02 7.403327524662017822e-02 8.210778236389160156e-02 6.614547222852706909e-02 6.077665835618972778e-02 5.478547140955924988e-02 4.803760349750518799e-02 3.878057748079299927e-02 2.841965481638908386e-02 1.799649558961391449e-02 1.051160413771867752e-02 6.380992941558361053e-03 3.265836276113986969e-03 9.302883991040289402e-04 7.534025935456156731e-04 2.456747461110353470e-04 1.768858201103284955e-04 9.499423322267830372e-05 1.506805274402722716e-04 3.930796083295717835e-05 2.030911273322999477e-04 1.856209382822271436e-05 3.395771200302988291e-04 1.590880565345287323e-03 3.503868123516440392e-03 5.997739732265472412e-03 1.087411120533943176e-02 1.889293454587459564e-02 2.696962840855121613e-02 2.109745703637599945e-02 2.364373952150344849e-02 3.556606173515319824e-02 3.038505464792251587e-02 2.340024709701538086e-02 2.575872465968132019e-02 2.820782922208309174e-02 3.237119689583778381e-02 1.346297655254602432e-02 8.291795849800109863e-03 6.926936097443103790e-03 6.028312724083662033e-03 3.428527852520346642e-03 2.964475424960255623e-03 4.348989110440015793e-03 6.537132430821657181e-03 1.116782892495393753e-02 4.377378150820732117e-02 1.823649257421493530e-01 1.525017917156219482e-01 2.092220783233642578e-01 4.927252978086471558e-02 5.089289043098688126e-03 6.001015659421682358e-03
4.363261163234710693e-02 1.976513415575027466e-01 2.376999557018280029e-01 6.046236027032136917e-03 1.043675234541296959e-03 1.707126939436420798e-04 3.394854502403177321e-05 0.000000000000000000e+00 1.479186612414196134e-04 9.699584779809811153e-07 0.000000000000000000e+00 0.000000000000000000e+00 1.212448023579781875e-05 3.312408225610852242e-04 2.667385706445202231e-05 5.456016515381634235e-04 5.819750640512211248e-06 1.522834791103377938e-04 9.493468329310417175e-03 3.005416132509708405e-03 2.965163066983222961e-02 1.076770275831222534e-01 4.016006290912628174e-01 7.181805372238159180e-01 4.629262685775756836e-01 2.627210021018981934e-01 1.833046972751617432e-01 1.018747389316558838e-01 9.640999138355255127e-02 5.144368484616279602e-02 4.973558709025382996e-02 2.022072300314903259e-02 3.314348310232162476e-02 2.178041636943817139e-02 1.429912727326154709e-02 9.346519596874713898e-03 4.044144600629806519e-02 2.559817209839820862e-02 2.164656296372413635e-02 3.667024895548820496e-02 2.996007725596427917e-02 4.317673295736312866e-02 4.173343256115913391e-02 4.867057502269744873e-02 3.371090441942214966e-02 2.396864444017410278e-02 1.435150578618049622e-02 8.942047134041786194e-03 5.601509939879179001e-03 4.946787841618061066e-03 1.635350054129958153e-03 5.462999641895294189e-02 4.884613677859306335e-02 5.239327624440193176e-02 3.336074948310852051e-02 2.356901951134204865e-02 3.039558790624141693e-02 3.545489162206649780e-02 3.205227851867675781e-02 1.953981257975101471e-02 1.577734388411045074e-02 1.585688069462776184e-02 1.220983732491731644e-02 1.361142657697200775e-02 1.716729439795017242e-02 2.131289616227149963e-02 3.237236291170120239e-02 4.603034630417823792e-02 5.274537205696105957e-02 5.642927438020706177e-02 5.858160927891731262e-02 5.742347985506057739e-02 5.403638631105422974e-02 5.215951427817344666e-02 5.463000014424324036e-02 5.198880285024642944e-02 4.801100492477416992e-02 3.481374680995941162e-02 2.102675847709178925e-02 7.550156675279140472e-03 6.178635521791875362e-04 2.812879574776161462e-05 7.759667823847848922e-06 0.000000000000000000e+00
5.380611401051282883e-03 2.452848106622695923e-01 1.720758825540542603e-01 5.272015929222106934e-02 1.423716917634010315e-02 3.466114634647965431e-03 1.166394940810278058e-04 2.203190524596720934e-04 1.788472291082143784e-03 6.672136369161307812e-04 2.612099051475524902e-03 8.499935502186417580e-04 4.375098214950412512e-04 4.111430462216958404e-05 0.000000000000000000e+00 6.256524557102238759e-06 0.000000000000000000e+00 2.681367732293438166e-06 6.748108717147260904e-05 2.547299300204031169e-05 1.354895159602165222e-02 1.936644613742828369e-01 4.818042218685150146e-01 4.426401853561401367e-01 2.804415524005889893e-01 2.019069939851760864e-01 1.587852239608764648e-01 1.370098441839218140e-01 1.356798857450485229e-01 1.364789307117462158e-01 1.466064602136611938e-01 1.413509845733642578e-01 1.287834048271179199e-01 1.049380078911781311e-01 7.849168032407760620e-02 5.613443255424499512e-02 4.181861132383346558e-02 2.887564897537231445e-02 1.964369975030422211e-02 1.482796389609575272e-02 9.778947569429874420e-03 8.234480395913124084e-03 5.861469544470310211e-03 5.494122393429279327e-03 3.281993791460990906e-03 3.469689749181270599e-03 2.952185925096273422e-03 2.423956524580717087e-03 1.847462495788931847e-03 1.600776566192507744e-03 1.252198708243668079e-03 1.037153042852878571e-02 1.532848575152456760e-03 1.622048765420913696e-02 3.665965795516967773e-02 2.396785281598567963e-02 2.001998573541641235e-02 1.790259778499603271e-02 1.633578538894653320e-02 1.653599552810192108e-02 1.659230329096317291e-02 1.701148971915245056e-02 1.810548827052116394e-02 2.057949639856815338e-02 2.514497190713882446e-02 3.093493916094303131e-02 3.941163793206214905e-02 4.032151401042938232e-02 4.174442589282989502e-02 4.027682542800903320e-02 4.043681174516677856e-02 5.568038672208786011e-02 7.009273767471313477e-02 8.207934349775314331e-02 8.175400644540786743e-02 5.338245630264282227e-02 4.714112728834152222e-02 5.661797150969505310e-02 2.788711711764335632e-02 2.454970963299274445e-02 1.627768948674201965e-02 3.823630278930068016e-03 8.705506916157901287e-04 1.081484952010214329e-04
1.831101812422275543e-02 2.598565518856048584e-01 1.266696751117706299e-01 4.019596148282289505e-03 1.137614366598427296e-03 6.681578815914690495e-04 3.245384723413735628e-04 5.728071555495262146e-04 1.633448991924524307e-03 7.079414208419620991e-04 4.190405830740928650e-03 3.484226390719413757e-02 2.026619575917720795e-02 9.215941652655601501e-03 4.375647753477096558e-03 3.281276440247893333e-03 6.789145991206169128e-04 1.230100286193192005e-03 4.765915684401988983e-03 3.251979360356926918e-03 6.989760696887969971e-02 8.553026616573333740e-02 6.999231129884719849e-02 7.250937819480895996e-02 6.519687920808792114e-02 5.891021713614463806e-02 8.265028148889541626e-02 1.184486523270606995e-01 1.232103407382965088e-01 1.542431265115737915e-01 1.825982928276062012e-01 1.238194257020950317e-01 8.290585130453109741e-02 7.453574240207672119e-02 8.009397238492965698e-02 8.966375887393951416e-02 1.063939109444618225e-01 1.136833876371383667e-01 1.216724067926406860e-01 1.266591995954513550e-01 1.369239836931228638e-01 1.456764638423919678e-01 1.480527818202972412e-01 1.419269889593124390e-01 1.194371804594993591e-01 9.301205724477767944e-02 7.004484534263610840e-02 4.997059702873229980e-02 3.404410928487777710e-02 2.436308935284614563e-02 1.581233181059360504e-02 1.812053285539150238e-02 3.102682821918278933e-04 1.061355415731668472e-02 2.489994838833808899e-02 3.010024130344390869e-02 2.628739923238754272e-02 2.507108263671398163e-02 2.588026784360408783e-02 2.701669186353683472e-02 3.226390108466148376e-02 3.648333624005317688e-02 4.093530774116516113e-02 4.469971358776092529e-02 4.458090662956237793e-02 4.351409897208213806e-02 4.788088425993919373e-02 5.117015913128852844e-02 4.294037446379661560e-02 3.776948899030685425e-02 3.222682327032089233e-02 4.341712966561317444e-02 5.249955877661705017e-02 4.892336204648017883e-02 4.265410453081130981e-02 2.735517732799053192e-02 2.358482219278812408e-02 2.167337574064731598e-02 2.231531776487827301e-02 2.814500965178012848e-02 3.566117957234382629e-02 1.261808164417743683e-02 7.452817168086767197e-03 9.055618196725845337e-03
7.676593028008937836e-03 1.181074976921081543e-01 2.555055916309356689e-01 2.818677946925163269e-02 9.408093057572841644e-03 4.054696764796972275e-03 3.833340248093008995e-03 9.075490757822990417e-03 1.281269360333681107e-02 9.538327343761920929e-03 1.212664972990751266e-02 2.418624237179756165e-02 2.623254898935556412e-03 9.674711618572473526e-04 4.117216158192604780e-04 3.669965371955186129e-04 3.923148688045330346e-05 5.732454883400350809e-05 7.980652153491973877e-04 2.239240129711106420e-04 7.520657777786254883e-02 1.562849879264831543e-01 2.047328352928161621e-01 2.172908484935760498e-01 1.847376674413681030e-01 1.588635146617889404e-01 1.256976872682571411e-01 1.053911745548248291e-01 9.964690357446670532e-02 9.899090230464935303e-02 9.384673833847045898e-02 8.701185882091522217e-02 8.532687276601791382e-02 8.166956901550292969e-02 8.452755212783813477e-02 9.156844019889831543e-02 1.000693142414093018e-01 1.004050225019454956e-01 9.795726835727691650e-02 9.757247567176818848e-02 8.902574330568313599e-02 7.864462584257125854e-02 6.773934513330459595e-02 6.523211300373077393e-02 6.102627888321876526e-02 5.755742639303207397e-02 5.264901369810104370e-02 4.805947095155715942e-02 3.911074995994567871e-02 2.872855588793754578e-02 1.941152475774288177e-02 4.601692408323287964e-02 8.392552845180034637e-03 7.121022790670394897e-03 7.921177893877029419e-03 9.663485921919345856e-03 1.183333899825811386e-02 1.470935996621847153e-02 1.769573055207729340e-02 2.056960016489028931e-02 2.432495541870594025e-02 3.179876133799552917e-02 4.194126650691032410e-02 5.361397936940193176e-02 6.024666875600814819e-02 6.012998893857002258e-02 5.814835056662559509e-02 6.180553883314132690e-02 6.285171210765838623e-02 5.650623887777328491e-02 4.661023244261741638e-02 3.685705736279487610e-02 3.014399483799934387e-02 2.334590069949626923e-02 2.411118336021900177e-02 4.178517684340476990e-02 5.787462368607521057e-02 5.621914193034172058e-02 3.342964500188827515e-02 8.694939315319061279e-03 6.446503568440675735e-03 6.473971996456384659e-03 6.306058727204799652e-03 1.242784317582845688e-02
9.798150509595870972e-03 4.761004149913787842e-01 2.702041296288371086e-03 5.074510117992758751e-04 3.344603173900395632e-04 6.860276334919035435e-05 1.396493985339475330e-06 1.064826665242435411e-05 3.526147338561713696e-05 8.029840500967111439e-06 0.000000000000000000e+00 0.000000000000000000e+00 1.658336623222567141e-05 1.694994571153074503e-04 4.000955086667090654e-04 1.583275006851181388e-04 1.196097116917371750e-03 5.144334863871335983e-04 2.677253447473049164e-03 5.301265511661767960e-03 4.917404614388942719e-03 1.311831548810005188e-02 1.628556288778781891e-02 1.917525939643383026e-02 3.552157059311866760e-02 5.181341618299484253e-02 9.771861881017684937e-02 5.825495719909667969e-01 9.667984247207641602e-01 7.257565259933471680e-01 2.142700105905532837e-01 8.173783868551254272e-02 7.668741792440414429e-02 6.917986273765563965e-02 3.310738131403923035e-02 4.142350051552057266e-03 2.534636529162526131e-03 1.692550722509622574e-03 9.185438975691795349e-04 5.823379615321755409e-04 3.602954675443470478e-04 2.964058367069810629e-04 1.927161647472530603e-04 1.665318995947018266e-04 1.026423124130815268e-04 9.007386688608676195e-05 6.703170947730541229e-05 4.817904118681326509e-05 4.398955934448167682e-05 2.932637289632111788e-05 2.094740921165794134e-05 7.436329906340688467e-05 1.396493985339475330e-06 7.680716407776344568e-06 3.002462108270265162e-05 1.284774480154737830e-04 1.825566752813756466e-03 4.133971408009529114e-03 5.682683084160089493e-03 5.587372463196516037e-03 6.692697294056415558e-03 6.632647942751646042e-03 4.657307174056768417e-03 3.603652585297822952e-03 2.955330302938818932e-03 2.641119295731186867e-03 3.184704575687646866e-03 7.881113328039646149e-03 8.868086151778697968e-03 1.210620626807212830e-02 3.630325570702552795e-02 1.128834933042526245e-01 2.151763290166854858e-01 2.534067332744598389e-01 1.761272102594375610e-01 7.601221650838851929e-02 2.934801951050758362e-02 1.752425357699394226e-02 4.312373232096433640e-03 1.109165372326970100e-03 3.732129989657551050e-04 8.867736323736608028e-05 4.957553392159752548e-05 6.654293974861502647e-04
7.249233126640319824e-02 3.446890711784362793e-01 1.334481500089168549e-02 2.026714850217103958e-03 8.285377989523112774e-04 6.825723685324192047e-04 3.391859645489603281e-04 1.338891888735815883e-04 1.900701463455334306e-04 1.008106846711598337e-04 4.583736008498817682e-04 4.170359671115875244e-02 1.221751980483531952e-02 2.123325131833553314e-03 1.103666960261762142e-03 7.350778905674815178e-04 4.651993222068995237e-04 7.072499720379710197e-04 2.023564418777823448e-03 3.634435357525944710e-03 1.596904173493385315e-02 3.774414956569671631e-02 4.077162221074104309e-02 4.097009077668190002e-02 4.550027102231979370e-02 6.076364219188690186e-02 8.131641894578933716e-02 1.158125773072242737e-01 1.683538407087326050e-01 2.308722138404846191e-01 3.039788901805877686e-01 2.855084538459777832e-01 2.569192051887512207e-01 2.190269827842712402e-01 1.825398057699203491e-01 1.413050740957260132e-01 1.443293988704681396e-01 1.165151000022888184e-01 8.848658204078674316e-02 8.187402784824371338e-02 6.874028593301773071e-02 6.586088240146636963e-02 5.543012171983718872e-02 4.166316613554954529e-02 2.177195623517036438e-02 1.541458442807197571e-02 1.058827247470617294e-02 8.433444425463676453e-03 5.774562247097492218e-03 5.481581203639507294e-03 3.446465358138084412e-03 3.883731737732887268e-02 5.534086842089891434e-03 1.445478200912475586e-02 1.710631325840950012e-02 1.974209211766719818e-02 2.343533374369144440e-02 2.622967958450317383e-02 2.892531640827655792e-02 3.529739007353782654e-02 3.649976849555969238e-02 3.927731513977050781e-02 3.978976607322692871e-02 3.945793211460113525e-02 4.557273164391517639e-02 4.466648399829864502e-02 4.399966448545455933e-02 4.183328524231910706e-02 4.673520475625991821e-02 5.123493075370788574e-02 5.130528658628463745e-02 5.062376707792282104e-02 5.371634289622306824e-02 5.073507875204086304e-02 3.690511360764503479e-02 3.230352327227592468e-02 3.069475293159484863e-02 2.687234804034233093e-02 2.133826166391372681e-02 1.684273593127727509e-02 1.107342354953289032e-02 8.936447091400623322e-03 7.133406121283769608e-03 1.727433060295879841e-03
1.271418631076812744e-01 1.549882739782333374e-01 6.644431501626968384e-02 4.795182030647993088e-03 8.210313390009105206e-04 3.127097443211823702e-04 4.037858889205381274e-05 1.660008638282306492e-05 1.888820668682456017e-03 7.716796972090378404e-05 6.693872855976223946e-04 2.527520246803760529e-02 4.959747195243835449e-02 1.714878715574741364e-02 4.691543523222208023e-03 4.997074604034423828e-03 5.760678905062377453e-04 2.883479930460453033e-03 2.281166054308414459e-02 1.482298038899898529e-02 1.453521549701690674e-01 1.832272708415985107e-01 2.178290337324142456e-01 2.253448367118835449e-01 2.450011372566223145e-01 1.848208755254745483e-01 1.561709344387054443e-01 1.789713650941848755e-01 2.316546589136123657e-01 1.925762593746185303e-01 1.771758645772933960e-01 1.641712784767150879e-01 1.590647250413894653e-01 1.106265708804130554e-01 5.799980834126472473e-02 3.017626516520977020e-02 2.808196283876895905e-02 1.631295122206211090e-02 1.146751921623945236e-02 1.375294663012027740e-02 1.018347963690757751e-02 1.297229435294866562e-02 1.037998963147401810e-02 1.540308538824319839e-02 2.308040112257003784e-02 4.359810799360275269e-02 6.809714436531066895e-02 5.191878974437713623e-02 1.786079630255699158e-02 5.017712712287902832e-03 1.367488177493214607e-03 1.034230273216962814e-02 2.330024167895317078e-02 3.603205829858779907e-02 2.123554982244968414e-02 1.747226528823375702e-02 4.563767835497856140e-02 7.176711410284042358e-02 6.589875370264053345e-02 6.221174076199531555e-02 7.616568356752395630e-02 7.798810303211212158e-02 6.447832286357879639e-02 5.266354978084564209e-02 4.376411065459251404e-02 3.930721059441566467e-02 3.944090753793716431e-02 3.658120706677436829e-02 3.006500005722045898e-02 2.399564906954765320e-02 2.225219272077083588e-02 1.857235655188560486e-02 1.369462255388498306e-02 1.125844847410917282e-02 9.488968178629875183e-03 9.652277454733848572e-03 1.049394719302654266e-02 1.096951682120561600e-02 1.614515483379364014e-02 2.520700730383396149e-02 1.563189737498760223e-02 7.282502949237823486e-03 1.262503908947110176e-03 8.344908565049991012e-05
6.910307705402374268e-02 3.018575608730316162e-01 6.971780210733413696e-02 9.702179580926895142e-03 2.549482509493827820e-03 1.084372866898775101e-03 5.324366502463817596e-04 5.787067348137497902e-04 2.332343487069010735e-03 3.817283431999385357e-04 3.143061767332255840e-04 6.481119198724627495e-04 1.109623163938522339e-02 1.055586244910955429e-02 4.100191872566938400e-03 2.720681950449943542e-03 1.371577964164316654e-04 7.356946007348597050e-04 8.045379072427749634e-03 3.806707216426730156e-03 1.606015264987945557e-01 2.517066895961761475e-01 3.558402061462402344e-01 4.929471015930175781e-01 5.022156834602355957e-01 3.908560872077941895e-01 2.553296387195587158e-01 1.728783249855041504e-01 1.278998255729675293e-01 8.628845214843750000e-02 5.956350266933441162e-02 4.004280641674995422e-02 2.981447055935859680e-02 2.018500119447708130e-02 1.401587482541799545e-02 8.723235689103603363e-03 8.443632163107395172e-03 5.020967219024896622e-03 3.406801493838429451e-03 3.184704808518290520e-03 1.437678234651684761e-03 1.905667246319353580e-03 8.923519053496420383e-04 9.756381623446941376e-04 3.866858314722776413e-04 3.271957102697342634e-04 4.620400140993297100e-04 2.300284977536648512e-04 1.824364007916301489e-04 1.150142488768324256e-04 3.172806827933527529e-05 4.088955000042915344e-03 1.016686297953128815e-02 1.966479234397411346e-02 2.318594790995121002e-02 2.212768420577049255e-02 2.347017824649810791e-02 2.645658329129219055e-02 2.786649949848651886e-02 2.842372283339500427e-02 2.913760393857955933e-02 2.885337360203266144e-02 3.012910671532154083e-02 3.194620087742805481e-02 3.389417007565498352e-02 3.628170862793922424e-02 4.158360138535499573e-02 4.551920294761657715e-02 4.678105562925338745e-02 4.663563519716262817e-02 4.686566442251205444e-02 4.786443710327148438e-02 5.416443943977355957e-02 5.882912874221801758e-02 5.624130740761756897e-02 4.922015219926834106e-02 4.222080484032630920e-02 3.256027027964591980e-02 2.288254722952842712e-02 1.607357151806354523e-02 1.102087739855051041e-02 6.157228257507085800e-03 2.717376919463276863e-03 1.058263354934751987e-03
2.396353036165237427e-01 1.407871395349502563e-01 7.047368586063385010e-02 6.317491177469491959e-03 1.301260665059089661e-03 2.464543213136494160e-04 0.000000000000000000e+00 0.000000000000000000e+00 4.992628873878857121e-06 0.000000000000000000e+00 0.000000000000000000e+00 0.000000000000000000e+00 0.000000000000000000e+00 9.077507456822786480e-06 0.000000000000000000e+00 3.631002982729114592e-06 0.000000000000000000e+00 1.679338856774847955e-05 7.783962646499276161e-04 4.042576998472213745e-02 1.952571794390678406e-03 1.100793033838272095e-01 1.079513549804687500e+00 7.851680517196655273e-01 4.436913132667541504e-01 1.940262913703918457e-01 7.577993720769882202e-02 2.430774830281734467e-02 1.768480055034160614e-02 1.934870705008506775e-02 2.416069433093070984e-02 2.790516614913940430e-02 2.732238918542861938e-02 2.499945648014545441e-02 2.517101913690567017e-02 2.634746581315994263e-02 3.045957535505294800e-02 2.925862371921539307e-02 2.049519680440425873e-02 8.559182286262512207e-03 3.379556117579340935e-03 1.361626054858788848e-04 3.267902502557262778e-05 2.995577233377844095e-05 0.000000000000000000e+00 1.361626163998153061e-05 1.633951251278631389e-05 1.089300894818734378e-05 1.089300894818734378e-05 0.000000000000000000e+00 0.000000000000000000e+00 1.388858654536306858e-04 6.263479735935106874e-05 9.077507274923846126e-05 9.168282122118398547e-05 1.016680835164152086e-04 2.884831745177507401e-03 2.520914562046527863e-02 1.929950714111328125e-01 1.923233270645141602e-01 1.275762021541595459e-01 9.358365833759307861e-02 6.866680830717086792e-02 4.249453544616699219e-02 3.167868405580520630e-02 2.364145964384078979e-02 1.870420388877391815e-02 1.761762611567974091e-02 1.717192120850086212e-02 1.414820272475481033e-02 1.035380456596612930e-02 9.702947922050952911e-03 9.772844612598419189e-03 1.074141450226306915e-02 1.233814842998981476e-02 1.290639955550432205e-02 1.412278600037097931e-02 1.373517606407403946e-02 1.600182987749576569e-02 1.322138961404561996e-02 5.690689198672771454e-03 1.695678336545825005e-03 6.599347689189016819e-04 1.452401193091645837e-05
5.819610133767127991e-02 2.100135535001754761e-01 1.676386147737503052e-01 3.178120404481887817e-02 2.396840043365955353e-02 3.553510876372456551e-03 5.589990178123116493e-04 8.639874286018311977e-04 6.569995894096791744e-04 3.731054603122174740e-04 3.515717025948106311e-06 0.000000000000000000e+00 2.021537329710554332e-05 1.538126161904074252e-05 1.757858512974053156e-06 3.691502934088930488e-05 0.000000000000000000e+00 1.713912024570163339e-05 1.470888149924576283e-03 8.297092281281948090e-04 9.642204642295837402e-02 2.791883647441864014e-01 5.393812805414199829e-02 1.199422031641006470e-01 2.209337949752807617e-01 3.757106065750122070e-01 3.713309168815612793e-01 2.562061250209808350e-01 2.637473344802856445e-01 1.622969210147857666e-01 1.433305144309997559e-01 1.080819219350814819e-01 8.777339011430740356e-02 7.107198238372802734e-02 6.959538161754608154e-02 3.648523241281509399e-02 5.470015853643417358e-02 4.065399244427680969e-02 2.987480536103248596e-02 2.724065445363521576e-02 1.907979696989059448e-02 1.799343898892402649e-02 1.478974241763353348e-02 1.369283907115459442e-02 8.424537256360054016e-03 8.065934292972087860e-03 7.557033561170101166e-03 6.170082837343215942e-03 4.864873364567756653e-03 3.928814083337783813e-03 3.106135874986648560e-03 2.380228415131568909e-02 8.004408329725265503e-03 7.399354130029678345e-02 1.270826160907745361e-01 1.441848278045654297e-01 1.401751488447189331e-01 7.431522756814956665e-02 3.720419481396675110e-02 1.977942325174808502e-02 1.030368730425834656e-02 6.509350147098302841e-03 6.896957755088806152e-03 5.964413750916719437e-03 5.482760723680257797e-03 7.448925636708736420e-03 1.025886181741952896e-02 1.343882828950881958e-02 1.646761782467365265e-02 1.913429051637649536e-02 2.259727194905281067e-02 2.578075230121612549e-02 2.891413494944572449e-02 3.218023851513862610e-02 3.114573657512664795e-02 2.786820940673351288e-02 2.692951261997222900e-02 2.640742994844913483e-02 2.597587555646896362e-02 1.551222242414951324e-02 6.906626280397176743e-03 2.779174363240599632e-03 3.436613478697836399e-04 1.406286810379242525e-05
2.589703723788261414e-02 4.424337148666381836e-01 2.858694642782211304e-02 3.811806673184037209e-04 1.386840303894132376e-04 6.052395474398508668e-05 2.966074498544912785e-05 2.765664066828321666e-05 7.214775541797280312e-05 3.647469930001534522e-05 5.050342952017672360e-05 3.366895543877035379e-05 7.856089359847828746e-05 1.338741712970659137e-04 2.725581907725427300e-05 6.533380656037479639e-05 5.611492269963491708e-06 6.172641587909311056e-05 5.242737242951989174e-04 1.355175394564867020e-03 1.911915605887770653e-03 2.020137384533882141e-03 3.371705301105976105e-03 7.137818261981010437e-03 1.628855988383293152e-02 2.502565272152423859e-02 3.806996718049049377e-02 8.314307779073715210e-02 1.791717410087585449e-01 2.667182385921478271e-01 3.225389719009399414e-01 3.007791936397552490e-01 2.500136196613311768e-01 2.110418081283569336e-01 1.789192259311676025e-01 1.549228876829147339e-01 1.432325392961502075e-01 1.251426935195922852e-01 1.086545214056968689e-01 1.021011024713516235e-01 9.246937930583953857e-02 8.500208705663681030e-02 7.311213016510009766e-02 5.934874713420867920e-02 4.318524524569511414e-02 3.324087709188461304e-02 2.550423145294189453e-02 1.882094517350196838e-02 1.283989660441875458e-02 8.828480727970600128e-03 5.584236700087785721e-03 2.185836620628833771e-02 3.305970691144466400e-03 6.064420100301504135e-03 8.502212353050708771e-03 1.111476309597492218e-02 1.438546180725097656e-02 1.746536977589130402e-02 2.004184573888778687e-02 2.126354724168777466e-02 2.156977541744709015e-02 2.243153937160968781e-02 2.385605685412883759e-02 2.630667574703693390e-02 2.783380448818206787e-02 2.933688275516033173e-02 3.167366608977317810e-02 3.565221652388572693e-02 4.189379885792732239e-02 4.728483781218528748e-02 5.060203373432159424e-02 5.224539712071418762e-02 5.368674919009208679e-02 5.658548697829246521e-02 6.121897697448730469e-02 6.395818293094635010e-02 6.048306822776794434e-02 5.242015793919563293e-02 4.329907521605491638e-02 3.535961732268333435e-02 2.753158472478389740e-02 1.852754503488540649e-02 9.743154048919677734e-03 4.356121178716421127e-03
1.813833659980446100e-04 2.947056666016578674e-02 4.445147216320037842e-01 1.568874157965183258e-02 4.128035216126590967e-04 8.351729047717526555e-05 1.471670384489698336e-05 3.384841693332418799e-05 1.571008033351972699e-04 1.339220034424215555e-04 1.948123564943671227e-03 6.015084683895111084e-03 1.102649024687707424e-03 1.081677692127414048e-04 7.395143620669841766e-05 1.618837450223509222e-05 7.358351581387978513e-07 2.207505531259812415e-06 3.458425271674059331e-05 6.990434030740289018e-06 6.379691185429692268e-04 1.052980194799602032e-03 2.624061703681945801e-02 2.012185454368591309e-01 2.598410546779632568e-01 2.926887571811676025e-01 1.122560650110244751e-01 7.326048612594604492e-02 5.833995714783668518e-02 8.067770302295684814e-02 1.654304563999176025e-01 2.859801352024078369e-01 2.306578457355499268e-01 1.625297963619232178e-01 1.253796964883804321e-01 9.567549824714660645e-02 9.943487495183944702e-02 1.340838819742202759e-01 1.559713035821914673e-01 1.471412777900695801e-01 1.231788098812103271e-01 8.038190007209777832e-02 4.650551825761795044e-02 2.366445958614349365e-02 1.057174429297447205e-02 4.569536074995994568e-03 1.737306825816631317e-03 5.231787799857556820e-04 2.163355529773980379e-04 7.947019912535324693e-05 3.532008850015699863e-05 3.752759585040621459e-05 2.207505531259812415e-06 3.024282632395625114e-04 4.951434675604104996e-03 6.707873661071062088e-03 3.688741708174347878e-03 4.811626393347978592e-03 6.938925478607416153e-03 1.001471653580665588e-02 1.224797684699296951e-02 1.703826338052749634e-02 2.018175087869167328e-02 2.561000734567642212e-02 3.664238378405570984e-02 4.466887563467025757e-02 2.935982309281826019e-02 2.411111071705818176e-02 5.448050051927566528e-02 1.218167766928672791e-01 1.436644643545150757e-01 1.409882307052612305e-01 1.243657097220420837e-01 8.278071880340576172e-02 4.580868408083915710e-02 1.987932249903678894e-02 1.169242057949304581e-02 4.482707940042018890e-03 1.856512157246470451e-03 5.879322998225688934e-04 2.244297211291268468e-04 7.358352013397961855e-05 5.150846391188679263e-06 1.471670384489698336e-05
8.532416075468063354e-03 4.152374267578125000e-01 5.908744409680366516e-02 1.129525434225797653e-02 3.467895323410630226e-03 7.214533980004489422e-04 1.721650187391787767e-04 2.561979454185348004e-05 0.000000000000000000e+00 0.000000000000000000e+00 0.000000000000000000e+00 0.000000000000000000e+00 0.000000000000000000e+00 4.099167199456132948e-06 1.024791799864033237e-06 3.996687883045524359e-05 0.000000000000000000e+00 1.537187563371844590e-05 3.207598347216844559e-04 1.079105772078037262e-03 1.352725084871053696e-03 3.006739076226949692e-03 5.269479472190141678e-03 1.733332686126232147e-02 2.412769570946693420e-02 3.536146506667137146e-02 5.841313302516937256e-02 8.306962251663208008e-02 1.417286992073059082e-01 1.694165170192718506e-01 1.693550348281860352e-01 2.364747822284698486e-01 5.191820859909057617e-01 5.565602779388427734e-01 4.717075228691101074e-01 3.014240562915802002e-01 1.046640276908874512e-01 3.195505589246749878e-02 1.467706728726625443e-02 1.014543790370225906e-02 5.829015281051397324e-03 4.857513122260570526e-03 3.252689028158783913e-03 3.332622814923524857e-03 1.598675153218209743e-03 1.856922637671232224e-03 1.555633964017033577e-03 1.740096369758248329e-03 9.838001569733023643e-04 9.838001569733023643e-04 2.582475426606833935e-04 1.852618530392646790e-02 6.614006124436855316e-03 4.410703666508197784e-03 3.642109921202063560e-03 4.545976407825946808e-03 1.386748254299163818e-02 2.467288635671138763e-02 3.859160840511322021e-02 4.633903503417968750e-02 5.799706652760505676e-02 8.269249647855758667e-02 9.471125155687332153e-02 1.015732586383819580e-01 1.201650351285934448e-01 1.306302100419998169e-01 9.859931468963623047e-02 6.355348229408264160e-02 6.913450360298156738e-02 2.464829199016094208e-02 4.082770552486181259e-03 2.295533660799264908e-03 1.963501097634434700e-03 1.434708479791879654e-03 1.024791738018393517e-03 6.312717450782656670e-04 6.784121505916118622e-04 6.210238207131624222e-04 4.939496284350752831e-04 2.213550178566947579e-04 1.393716811435297132e-04 2.254541868751402944e-05 2.049583599728066474e-06 0.000000000000000000e+00
4.666607826948165894e-02 3.141873478889465332e-01 1.085478663444519043e-01 5.671879043802618980e-04 2.361810475122183561e-04 8.716906449990347028e-05 4.829637327929958701e-05 1.354654432361712679e-05 1.849397813202813268e-04 5.536413664231076837e-05 3.745913854800164700e-04 2.683452516794204712e-02 7.945342804305255413e-04 2.031981566688045859e-04 5.536413664231076837e-05 1.142621549661271274e-04 1.354654432361712679e-05 6.773271888960152864e-05 4.829637473449110985e-04 4.652943462133407593e-04 3.116882871836423874e-03 1.102570910006761551e-03 1.639720750972628593e-03 2.113261027261614799e-03 3.548016771674156189e-03 6.940542720258235931e-03 1.247813366353511810e-02 1.835497841238975525e-02 2.827811613678932190e-02 8.614895492792129517e-02 2.062655687332153320e-01 2.831981480121612549e-01 2.825055122375488281e-01 3.116352856159210205e-01 2.876508533954620361e-01 2.378831952810287476e-01 1.906847059726715088e-01 1.501298695802688599e-01 1.157558038830757141e-01 1.032882779836654663e-01 8.429719507694244385e-02 8.436787873506546021e-02 8.876049518585205078e-02 9.002915769815444946e-02 5.510380864143371582e-02 3.873486816883087158e-02 3.221132606267929077e-02 3.051506355404853821e-02 3.652619570493698120e-02 3.715875744819641113e-02 2.824277803301811218e-02 6.133404001593589783e-02 8.615601807832717896e-03 1.926200836896896362e-02 3.537650406360626221e-02 5.487999692559242249e-02 7.296875119209289551e-02 6.753482669591903687e-02 4.358099773526191711e-02 3.707041218876838684e-02 4.117913916707038879e-02 4.240421578288078308e-02 3.924375027418136597e-02 3.855699673295021057e-02 3.375563398003578186e-02 3.476632386445999146e-02 3.640839830040931702e-02 3.829902410507202148e-02 3.946991637349128723e-02 3.624466061592102051e-02 3.182848915457725525e-02 3.134552389383316040e-02 3.518685325980186462e-02 3.066466376185417175e-02 2.754895947873592377e-02 3.220543637871742249e-02 3.409606218338012695e-02 2.538740262389183044e-02 1.425096485763788223e-02 9.802985936403274536e-03 4.790764767676591873e-03 1.934210886247456074e-03 8.198604336939752102e-04 5.206585046835243702e-04
8.642198890447616577e-02 3.221160173416137695e-01 4.479455947875976562e-02 3.791633527725934982e-03 1.340701826848089695e-03 5.526368040591478348e-04 1.592238259036093950e-04 3.215454053133726120e-04 1.306007150560617447e-03 6.715899799019098282e-04 3.810839727520942688e-03 7.358371280133724213e-03 1.114380918443202972e-02 3.911825828254222870e-03 2.063094871118664742e-03 8.252378902398049831e-04 2.769379352685064077e-04 8.072709897533059120e-04 3.776144934818148613e-03 4.550579935312271118e-03 1.309786438941955566e-01 2.954277396202087402e-01 3.256567120552062988e-01 2.580541372299194336e-01 1.983507573604583740e-01 2.904800176620483398e-01 3.280692398548126221e-01 1.827939152717590332e-01 1.308708339929580688e-01 6.903003156185150146e-02 7.057642936706542969e-02 7.990310341119766235e-02 1.339413225650787354e-01 1.509627848863601685e-01 8.858297020196914673e-02 4.939903691411018372e-02 3.489789739251136780e-02 3.476035967469215393e-02 3.198354691267013550e-02 2.454153448343276978e-02 1.024112850427627563e-02 5.694884806871414185e-03 4.178231582045555115e-03 4.178231582045555115e-03 5.780382547527551651e-03 7.170648314058780670e-03 8.891752921044826508e-03 1.244919653981924057e-02 1.670177467167377472e-02 1.317778509110212326e-02 2.081681275740265846e-03 1.932989689521491528e-04 0.000000000000000000e+00 4.956383691023802385e-06 1.239095922755950596e-06 2.478191845511901192e-06 1.424960355507209897e-04 6.926546338945627213e-04 1.023493241518735886e-03 1.018536859191954136e-03 1.023493241518735886e-03 8.946273010224103928e-04 1.199444872327148914e-03 1.076774438843131065e-03 1.551348133943974972e-03 3.298473544418811798e-03 6.615533493459224701e-03 1.492986734956502914e-02 2.798374369740486145e-02 4.837182909250259399e-02 1.173361912369728088e-01 1.594022661447525024e-01 1.786553263664245605e-01 1.527668982744216919e-01 8.686558157205581665e-02 6.966445595026016235e-02 3.423745930194854736e-02 2.768264338374137878e-02 1.643660850822925568e-02 1.173176057636737823e-02 6.201675161719322205e-03 3.325733589008450508e-03 3.908108454197645187e-03 2.195430174469947815e-02
2.139877714216709137e-02 3.574945330619812012e-01 7.521376758813858032e-02 1.385240908712148666e-02 7.003777194768190384e-03 7.732122903689742088e-04 1.278903218917548656e-04 1.165688809123821557e-04 6.126156076788902283e-04 1.023122604237869382e-04 2.486523299012333155e-04 1.936804619617760181e-03 5.964720621705055237e-03 2.937703626230359077e-03 1.507009263150393963e-03 1.438241917639970779e-03 6.168087129481136799e-04 1.021026051603257656e-03 5.237213335931301117e-03 2.395951887592673302e-03 4.167547449469566345e-02 6.149553507566452026e-02 9.213638305664062500e-02 8.650082349777221680e-02 9.402832388877868652e-02 9.701717644929885864e-02 1.241181790828704834e-01 1.728959679603576660e-01 2.808672785758972168e-01 3.990630805492401123e-01 4.620429873466491699e-01 3.533949255943298340e-01 2.398459315299987793e-01 1.611795425415039062e-01 1.009167879819869995e-01 6.250692158937454224e-02 4.595246165990829468e-02 3.219816833734512329e-02 2.213718555867671967e-02 1.486379094421863556e-02 7.444474846124649048e-03 7.706125266849994659e-03 4.840543959289789200e-03 5.004075821489095688e-03 2.880677115172147751e-03 2.681923098862171173e-03 2.933510346338152885e-03 2.168684266507625580e-03 1.655445783399045467e-03 1.391278929077088833e-03 1.303223427385091782e-03 1.515311561524868011e-02 1.409896463155746460e-02 1.705092377960681915e-02 2.455661818385124207e-02 2.296155318617820740e-02 1.709369383752346039e-02 2.111657895147800446e-02 2.077022753655910492e-02 2.340099401772022247e-02 2.631437778472900391e-02 2.578855864703655243e-02 2.552355453372001648e-02 2.716558240354061127e-02 2.957159653306007385e-02 3.224597126245498657e-02 3.534385189414024353e-02 3.941956907510757446e-02 4.834002628922462463e-02 5.992311611771583557e-02 6.139574199914932251e-02 6.220249831676483154e-02 6.312666088342666626e-02 5.861569941043853760e-02 5.673046782612800598e-02 5.387075617909431458e-02 5.144713073968887329e-02 4.294850677251815796e-02 2.749264612793922424e-02 1.017168350517749786e-02 1.137175597250461578e-03 1.216006348840892315e-04 2.180425144615583122e-05 3.186775211361236870e-05
3.067842684686183929e-02 3.687236905097961426e-01 8.323772251605987549e-02 5.128812626935541630e-04 1.525096013210713863e-04 6.077159196138381958e-05 2.632145333336666226e-05 1.199948565044905990e-05 1.269623026018962264e-04 2.980517456308007240e-05 1.579287200001999736e-04 6.691455375403165817e-03 6.976733449846506119e-03 2.128941123373806477e-04 4.954626638209447265e-05 5.148166383150964975e-05 7.354523859248729423e-06 2.554729326220694929e-05 8.829298894852399826e-04 1.383037539198994637e-03 3.901768242940306664e-03 4.038794897496700287e-03 4.555082321166992188e-02 7.465847730636596680e-01 6.048390865325927734e-01 3.095356225967407227e-01 1.088593453168869019e-01 7.696703076362609863e-02 8.281502872705459595e-02 7.390832155942916870e-02 6.416319310665130615e-02 7.470028102397918701e-02 1.576778888702392578e-01 1.200885325670242310e-01 6.619303673505783081e-02 3.638166934251785278e-02 3.555021807551383972e-02 3.650708124041557312e-02 4.851431027054786682e-02 5.051396414637565613e-02 3.705982863903045654e-02 3.869485855102539062e-02 3.532725945115089417e-02 3.078913316130638123e-02 1.827328279614448547e-02 1.388146914541721344e-02 1.139177009463310242e-02 9.013549424707889557e-03 6.084900349378585815e-03 5.594857037067413330e-03 2.875231672078371048e-03 4.372303187847137451e-02 1.194993965327739716e-02 1.802245341241359711e-02 1.369644515216350555e-02 1.289751194417476654e-02 1.359890121966600418e-02 1.383037492632865906e-02 1.303763501346111298e-02 1.328381802886724472e-02 1.010588929057121277e-02 1.409436389803886414e-02 1.415474805980920792e-02 1.667928509414196014e-02 3.185128048062324524e-02 5.821995809674263000e-02 6.625806540250778198e-02 5.151650309562683105e-02 3.242028877139091492e-02 3.031999059021472931e-02 3.331753984093666077e-02 3.857563808560371399e-02 5.079885572195053101e-02 7.321467250585556030e-02 8.536666631698608398e-02 6.620464473962783813e-02 8.314559608697891235e-02 7.092005759477615356e-02 5.832756683230400085e-02 3.265408566221594810e-03 5.806203116662800312e-04 1.641220005694776773e-04 8.128683839458972216e-05 9.986668737838044763e-05
1.673528552055358887e-01 2.665710747241973877e-01 1.929352991282939911e-02 2.793097635731101036e-03 2.034168028330896050e-05 1.675414823694154620e-04 4.068336238560732454e-06 6.287428732321131974e-06 5.562524893321096897e-04 1.590349529578816146e-05 3.994366561528295279e-04 1.306453719735145569e-02 2.152519766241312027e-03 3.979572502430528402e-04 7.803808694006875157e-05 1.775273995008319616e-04 1.479394995840266347e-06 8.358581544598564506e-05 6.584787275642156601e-03 2.027917653322219849e-02 7.107753306627273560e-02 4.216275556245818734e-05 3.040156734641641378e-04 1.398694049566984177e-02 1.786902099847793579e-01 6.499566435813903809e-01 6.763904690742492676e-01 2.273926287889480591e-01 8.200655877590179443e-02 7.972089946269989014e-02 1.156280338764190674e-01 1.000455692410469055e-01 1.127831563353538513e-01 4.687388986349105835e-02 6.877189874649047852e-02 2.075517177581787109e-02 1.021736785769462585e-01 8.476489782333374023e-02 3.040600568056106567e-02 7.265752553939819336e-02 2.421473711729049683e-02 4.240242019295692444e-02 5.651140958070755005e-02 5.083718895912170410e-02 2.916331216692924500e-02 2.725711464881896973e-02 1.651448756456375122e-02 5.430119112133979797e-03 2.971364650875329971e-03 1.400247449055314064e-03 7.988732540979981422e-04 8.070839568972587585e-03 6.489070504903793335e-02 1.074654683470726013e-01 6.402673572301864624e-02 5.902859941124916077e-02 1.025886461138725281e-01 5.171447247266769409e-02 1.710254512727260590e-02 3.224341431632637978e-03 2.569709205999970436e-03 2.986158709973096848e-03 3.314584493637084961e-03 4.823567345738410950e-03 6.265237927436828613e-03 5.265166983008384705e-03 4.560974892228841782e-03 4.660094156861305237e-03 3.667420241981744766e-03 3.685172880068421364e-03 4.560234956443309784e-03 5.979714449495077133e-03 7.968761026859283447e-03 9.904549457132816315e-03 1.385009568184614182e-02 2.406457811594009399e-02 4.506311193108558655e-02 6.324339658021926880e-02 1.129747405648231506e-01 1.112490221858024597e-01 8.575830608606338501e-02 3.513563191518187523e-03 3.032759741472546011e-05 0.000000000000000000e+00
1.112149208784103394e-01 3.317351937294006348e-01 2.253802865743637085e-02 3.974888473749160767e-03 3.688040887936949730e-04 4.343692562542855740e-04 4.917387923342175782e-05 0.000000000000000000e+00 1.122803543694317341e-03 2.458693961671087891e-05 3.278258736827410758e-05 0.000000000000000000e+00 1.647324883379042149e-03 4.991148598492145538e-03 1.393259881297126412e-04 1.270325155928730965e-03 0.000000000000000000e+00 7.703907904215157032e-04 8.761146105825901031e-03 1.092479657381772995e-02 8.507081121206283569e-02 1.159028336405754089e-01 2.958300709724426270e-01 1.936959028244018555e-01 7.630802392959594727e-01 3.966364860534667969e-01 2.444925159215927124e-01 1.975314617156982422e-01 2.043666541576385498e-01 1.489968597888946533e-01 8.644767850637435913e-02 3.515932336449623108e-02 3.034028224647045135e-02 1.932533457875251770e-02 1.489968504756689072e-02 6.982691120356321335e-03 1.942368224263191223e-02 8.605428971350193024e-03 5.409126635640859604e-03 1.037568785250186920e-02 2.163650700822472572e-03 1.175255700945854187e-02 5.704170092940330505e-03 8.703776635229587555e-03 2.852085046470165253e-03 4.868214018642902374e-03 6.736821494996547699e-03 4.671518690884113312e-03 2.065302804112434387e-03 4.032257944345474243e-03 4.425649240147322416e-04 6.343430280685424805e-02 4.053566604852676392e-02 3.588053956627845764e-02 1.814516074955463409e-02 1.090020965784788132e-02 1.262129563838243484e-02 1.142473146319389343e-02 1.663716323673725128e-02 2.920928411185741425e-02 4.663322865962982178e-02 7.446564733982086182e-02 1.038716211915016174e-01 5.100970342755317688e-02 5.145226791501045227e-02 3.842119127511978149e-02 2.557041682302951813e-02 5.258326604962348938e-02 8.631654828786849976e-02 6.572908163070678711e-02 4.835431277751922607e-02 4.551862180233001709e-02 3.438893333077430725e-02 4.992787912487983704e-02 4.673157632350921631e-02 3.606084501370787621e-03 6.556517473654821515e-05 0.000000000000000000e+00 0.000000000000000000e+00 0.000000000000000000e+00 0.000000000000000000e+00 0.000000000000000000e+00 0.000000000000000000e+00 0.000000000000000000e+00
7.185927778482437134e-02 3.794909119606018066e-01 1.563477143645286560e-02 2.312546130269765854e-03 4.247057368047535419e-04 1.680154528003185987e-04 0.000000000000000000e+00 7.000644018262391910e-06 1.085099880583584309e-03 1.633483589102979749e-05 1.330122322542592883e-04 4.177051014266908169e-04 5.535176023840904236e-03 3.908692859113216400e-03 2.195868641138076782e-03 1.372126280330121517e-03 2.566902840044349432e-04 6.020553992129862309e-04 7.126655429601669312e-03 7.453352212905883789e-03 1.072638630867004395e-01 2.398420572280883789e-01 1.137814760208129883e+00 9.308476448059082031e-01 1.144045293331146240e-01 2.510430850088596344e-02 1.765562407672405243e-02 1.360925193876028061e-02 1.122903265058994293e-02 1.838369108736515045e-02 1.573744788765907288e-02 1.594746857881546021e-02 2.502030134201049805e-02 3.256699442863464355e-02 6.856431066989898682e-02 1.021533906459808350e-01 7.576097548007965088e-02 3.197894245386123657e-02 1.051496714353561401e-02 3.136288374662399292e-03 1.960180234163999557e-04 1.260115823242813349e-04 1.120103115681558847e-04 1.960180234163999557e-04 8.400772640015929937e-05 1.120103115681558847e-04 7.000644109211862087e-05 1.680154528003185987e-04 2.800257789203897119e-05 9.800901170819997787e-05 7.000644109211862087e-05 1.204110798425972462e-03 4.200386320007964969e-05 9.800901898415759206e-05 1.353457919321954250e-04 1.680154528003185987e-04 1.633483625482767820e-04 1.726825576042756438e-04 1.736159669235348701e-03 1.116369385272264481e-02 1.758095063269138336e-02 1.312854140996932983e-02 1.816900447010993958e-02 1.226512808352708817e-02 1.224179286509752274e-02 1.879906281828880310e-02 2.555235102772712708e-02 2.710649371147155762e-02 3.333706781268119812e-02 2.959405630826950073e-02 2.846928499639034271e-02 2.434357255697250366e-02 2.497829869389533997e-02 5.326556786894798279e-02 1.367319077253341675e-01 1.906882077455520630e-01 1.578738540410995483e-01 8.109545707702636719e-02 7.678306102752685547e-02 2.744252560660243034e-03 1.050096587277948856e-03 4.760437877848744392e-04 4.667096072807908058e-05 0.000000000000000000e+00
1.227073520421981812e-01 2.014927417039871216e-01 6.534317135810852051e-02 1.073230244219303131e-02 1.010966603644192219e-03 1.479577156715095043e-03 7.467897376045584679e-06 5.040830728830769658e-05 4.628229420632123947e-03 6.394387310137972236e-05 9.003483573906123638e-04 1.097640860825777054e-02 1.201631408184766769e-02 4.421928897500038147e-03 7.175716105848550797e-03 1.431969343684613705e-03 2.297778613865375519e-03 2.792993560433387756e-03 1.622774079442024231e-02 3.424264490604400635e-02 9.048850834369659424e-02 8.560731261968612671e-02 4.561727643013000488e-01 4.316099286079406738e-01 3.263517916202545166e-01 2.353731840848922729e-01 1.565429866313934326e-01 1.196833252906799316e-01 1.242424696683883667e-01 1.099769324064254761e-01 7.584489881992340088e-02 6.713546067476272583e-02 7.010675221681594849e-02 7.248434424400329590e-02 7.538562268018722534e-02 6.480547785758972168e-02 6.765355169773101807e-02 8.402224630117416382e-02 9.009644389152526855e-02 6.088763475418090820e-02 4.260341823101043701e-02 3.162560984492301941e-02 2.492130547761917114e-02 1.591782271862030029e-02 5.234062671661376953e-03 3.226131666451692581e-03 2.786459401249885559e-03 2.279575681313872337e-03 1.753088785335421562e-03 1.237804070115089417e-03 8.093333453871309757e-04 3.133716294541954994e-03 2.128350752172991633e-04 4.591823555529117584e-03 2.347720228135585785e-02 8.316063880920410156e-02 8.676576614379882812e-02 9.477134793996810913e-02 1.089771613478660583e-01 7.371841371059417725e-02 5.127551779150962830e-02 3.338523581624031067e-02 2.220299281179904938e-02 1.526998355984687805e-02 1.428608782589435577e-02 1.334046479314565659e-02 1.393789704889059067e-02 1.268515735864639282e-02 1.253299880772829056e-02 1.442891079932451248e-02 1.642750762403011322e-02 1.735632680356502533e-02 1.854372210800647736e-02 2.030427940189838409e-02 2.341652661561965942e-02 3.034299984574317932e-02 3.518686443567276001e-02 4.292267188429832458e-02 3.962092846632003784e-02 3.616702556610107422e-02 2.342212572693824768e-02 5.030562169849872589e-03 4.561951849609613419e-03 7.676064968109130859e-03
2.839514799416065216e-02 1.375615000724792480e-01 3.017446696758270264e-01 1.122711133211851120e-02 3.168597351759672165e-03 8.462568512186408043e-04 4.437593452166765928e-05 2.257722917420323938e-05 1.111733959987759590e-03 2.646985558385495096e-05 1.245640214619925246e-05 0.000000000000000000e+00 4.741218290291726589e-04 3.024570178240537643e-03 6.765383877791464329e-04 2.057641977444291115e-03 7.395989086944609880e-05 3.978263703174889088e-04 7.613976020365953445e-03 1.520459656603634357e-03 5.945908278226852417e-02 3.849028144031763077e-03 6.847907323390245438e-03 1.030923053622245789e-02 1.433109119534492493e-02 2.271580696105957031e-02 9.409099817276000977e-02 1.935117691755294800e-01 3.113088607788085938e-01 3.653354048728942871e-01 3.572776615619659424e-01 2.654568552970886230e-01 2.213564962148666382e-01 1.767703741788864136e-01 1.594076901674270630e-01 1.284052729606628418e-01 1.353746354579925537e-01 1.016255617141723633e-01 8.338938653469085693e-02 8.760276436805725098e-02 5.014013499021530151e-02 5.465713888406753540e-02 3.279148042201995850e-02 1.974962651729583740e-02 4.512331914156675339e-03 3.171711461618542671e-03 6.544282659888267517e-03 2.410313813015818596e-03 9.482436580583453178e-04 5.838938523083925247e-04 1.121076275012455881e-04 2.595291472971439362e-02 6.087911128997802734e-02 3.784877806901931763e-02 2.569755911827087402e-02 2.276096120476722717e-02 3.102889843285083771e-02 3.654708340764045715e-02 2.268155291676521301e-02 1.702478900551795959e-02 1.806801185011863708e-02 2.199333533644676208e-02 1.922334358096122742e-02 1.987730525434017181e-02 2.486920729279518127e-02 2.387736737728118896e-02 2.622072771191596985e-02 2.969294972717761993e-02 3.457430377602577209e-02 4.133813083171844482e-02 4.848654568195343018e-02 6.043379381299018860e-02 7.708333432674407959e-02 5.851550772786140442e-02 4.139885306358337402e-02 3.613602370023727417e-02 2.930368669331073761e-02 3.329284861683845520e-02 3.001370280981063843e-02 2.625186927616596222e-02 1.916573196649551392e-02 2.388515137135982513e-02 1.829534186981618404e-03 0.000000000000000000e+00
5.870005581527948380e-03 3.819933831691741943e-01 1.112980470061302185e-01 4.219231195747852325e-04 1.318509748671203852e-04 2.109615707013290375e-05 0.000000000000000000e+00 0.000000000000000000e+00 0.000000000000000000e+00 0.000000000000000000e+00 0.000000000000000000e+00 0.000000000000000000e+00 0.000000000000000000e+00 0.000000000000000000e+00 0.000000000000000000e+00 0.000000000000000000e+00 0.000000000000000000e+00 0.000000000000000000e+00 2.637019497342407703e-05 2.373317547608166933e-04 1.265769387828186154e-04 1.044259755872189999e-03 4.493481479585170746e-03 3.588456287980079651e-02 1.112927794456481934e-01 3.229927122592926025e-01 7.191784977912902832e-01 6.285178065299987793e-01 3.551748692989349365e-01 1.786949932575225830e-01 1.824290156364440918e-01 1.946120262145996094e-01 1.161343455314636230e-01 5.195983126759529114e-02 2.917598187923431396e-02 1.423990540206432343e-02 9.778068400919437408e-03 6.455424241721630096e-03 5.727606825530529022e-03 4.620058462023735046e-03 4.335260018706321716e-03 3.354288870468735695e-03 3.164423396810889244e-03 3.322644624859094620e-03 3.607442602515220642e-03 3.734019817784428596e-03 2.056875266134738922e-03 9.493270190432667732e-04 5.063077551312744617e-04 2.847980940714478493e-04 2.531538775656372309e-04 1.898654038086533546e-03 2.109615707013290375e-05 1.582211698405444622e-04 3.269904118496924639e-04 4.430192930158227682e-04 1.033711712807416916e-03 3.438673447817564011e-03 6.856250576674938202e-03 9.873000904917716980e-03 1.617020368576049805e-02 2.431331947445869446e-02 3.681279346346855164e-02 4.014598578214645386e-02 4.698114097118377686e-02 5.115817859768867493e-02 4.925952479243278503e-02 5.222353339195251465e-02 4.856334999203681946e-02 3.929159045219421387e-02 3.108518570661544800e-02 3.033627197146415710e-02 3.173916786909103394e-02 3.492468595504760742e-02 3.911227360367774963e-02 4.283574596047401428e-02 7.027129828929901123e-02 1.143306195735931396e-01 8.252816647291183472e-02 4.455508291721343994e-02 2.512552216649055481e-02 1.171891484409570694e-02 6.887895055115222931e-03 7.478587329387664795e-03
1.619122028350830078e-01 2.100992053747177124e-01 1.921875029802322388e-02 1.001984113827347755e-03 1.388888922519981861e-04 5.084325312054716051e-05 0.000000000000000000e+00 0.000000000000000000e+00 2.802579256240278482e-04 0.000000000000000000e+00 0.000000000000000000e+00 0.000000000000000000e+00 1.872519787866622210e-04 7.056051399558782578e-03 2.219742164015769958e-03 1.842881925404071808e-02 9.610615088604390621e-04 5.756448488682508469e-03 4.650793597102165222e-02 2.618055604398250580e-02 6.252232193946838379e-02 1.508333384990692139e-01 2.568601071834564209e-01 2.262351214885711670e-01 2.760565578937530518e-01 3.286979198455810547e-01 3.423809707164764404e-01 2.852753102779388428e-01 2.743601202964782715e-01 1.714880913496017456e-01 1.581249982118606567e-01 1.142857223749160767e-01 8.546131104230880737e-02 5.972470343112945557e-02 7.055059820413589478e-02 9.077381342649459839e-03 4.122767969965934753e-02 2.453868836164474487e-02 1.277529727667570114e-02 1.074404828250408173e-02 7.946427911520004272e-03 5.014880560338497162e-03 6.264881230890750885e-03 4.278273787349462509e-03 2.775297500193119049e-03 2.581845037639141083e-03 2.358630765229463577e-03 1.421130960807204247e-03 1.034226152114570141e-03 5.803571548312902451e-04 3.050595114473253489e-04 4.218750167638063431e-03 8.373015560209751129e-03 1.005629971623420715e-01 1.629265844821929932e-01 9.351438283920288086e-02 7.230902463197708130e-02 6.294395029544830322e-02 5.225694552063941956e-02 4.350694268941879272e-02 3.847966343164443970e-02 3.481150791049003601e-02 3.014880977571010590e-02 2.764632925391197205e-02 2.627480216324329376e-02 2.660962380468845367e-02 2.813740074634552002e-02 3.322420641779899597e-02 3.848958387970924377e-02 3.169642761349678040e-02 2.467261813580989838e-02 2.068948373198509216e-02 1.696676574647426605e-02 1.391121000051498413e-02 7.698412518948316574e-03 2.668650820851325989e-03 8.531745988875627518e-04 3.521825419738888741e-04 1.364087365800514817e-04 1.116071434807963669e-04 2.728174513322301209e-05 0.000000000000000000e+00 0.000000000000000000e+00 0.000000000000000000e+00
1.878158003091812134e-02 4.354654550552368164e-01 4.509168118238449097e-02 3.140636545140296221e-04 2.211139144492335618e-05 9.008344932226464152e-06 1.105569572246167809e-05 0.000000000000000000e+00 1.392198737448779866e-05 0.000000000000000000e+00 0.000000000000000000e+00 0.000000000000000000e+00 2.456821448504342698e-06 7.329517393372952938e-05 4.094702489965129644e-06 2.333980228286236525e-05 0.000000000000000000e+00 2.456821448504342698e-06 1.502755767432972789e-04 3.521443795762024820e-05 1.874554669484496117e-03 1.424956426490098238e-04 2.123184874653816223e-02 4.900695383548736572e-01 4.508119821548461914e-01 2.118296027183532715e-01 4.257032871246337891e-01 5.230745077133178711e-01 3.905363380908966064e-01 2.375525236129760742e-01 1.209714263677597046e-01 5.070142447948455811e-02 2.806672826409339905e-02 1.432326808571815491e-02 8.011694997549057007e-03 4.975063260644674301e-03 4.363314714282751083e-03 2.555094193667173386e-03 1.849986379966139793e-03 1.695206738077104092e-03 1.002383185550570488e-03 1.078544650226831436e-03 6.952804396860301495e-04 8.918261155486106873e-04 2.874480851460248232e-04 3.832641523331403732e-04 3.537822631187736988e-04 3.783504944294691086e-04 2.432253240840509534e-04 1.842616038629785180e-04 9.827285794017370790e-06 4.152027890086174011e-03 2.631255658343434334e-03 2.709873951971530914e-03 3.993153572082519531e-03 8.583314716815948486e-03 1.887002587318420410e-02 3.872851282358169556e-02 6.679441779851913452e-02 7.079821825027465820e-02 5.940757691860198975e-02 5.081116035580635071e-02 5.023462697863578796e-02 5.843385681509971619e-02 6.527937948703765869e-02 5.168251320719718933e-02 3.022299706935882568e-02 9.975513443350791931e-03 2.585395006462931633e-03 2.081746701151132584e-03 4.543481860309839249e-03 7.145255338400602341e-03 1.409150846302509308e-02 3.219746425747871399e-02 5.394033342599868774e-02 7.802455127239227295e-02 7.789024710655212402e-02 5.988584086298942566e-02 4.784168303012847900e-02 2.560744993388652802e-02 3.810529829934239388e-03 8.336813771165907383e-04 2.784397511277347803e-04 8.598875137977302074e-05
3.149577230215072632e-02 2.716819047927856445e-01 4.950078576803207397e-02 5.801449529826641083e-03 3.903424367308616638e-03 4.625360947102308273e-03 7.509027607738971710e-03 1.871909014880657196e-02 2.786515653133392334e-02 1.696533337235450745e-02 5.651267711073160172e-03 2.142691425979137421e-02 2.796123735606670380e-02 2.261713379994034767e-03 9.666027617640793324e-04 5.002707475796341896e-04 7.574126357212662697e-05 2.100770507240667939e-04 1.583175617270171642e-03 1.295701833441853523e-03 5.333852022886276245e-02 8.053407073020935059e-02 1.167880594730377197e-01 1.093168109655380249e-01 1.313310861587524414e-01 1.225592941045761108e-01 1.298059821128845215e-01 1.287711411714553833e-01 1.337952613830566406e-01 1.214520931243896484e-01 1.140383183956146240e-01 1.005184054374694824e-01 9.632762521505355835e-02 8.060608804225921631e-02 7.376063615083694458e-02 7.692403346300125122e-02 1.005790680646896362e-01 1.231978610157966614e-01 1.508531868457794189e-01 1.765002012252807617e-01 1.785159558057785034e-01 1.564073115587234497e-01 1.251912564039230347e-01 9.970636665821075439e-02 6.787019968032836914e-02 4.430313780903816223e-02 3.189895674586296082e-02 2.467923425137996674e-02 1.712249219417572021e-02 1.143888197839260101e-02 5.994025617837905884e-03 1.587444543838500977e-02 6.875130813568830490e-03 8.479947224259376526e-03 1.220764685422182083e-02 1.623015291988849640e-02 1.997795514762401581e-02 2.290839143097400665e-02 2.557133883237838745e-02 2.807097695767879486e-02 3.045236319303512573e-02 3.602055832743644714e-02 4.305343702435493469e-02 4.734497144818305969e-02 4.977507516741752625e-02 5.128552764654159546e-02 5.603292584419250488e-02 6.262732297182083130e-02 6.439130753278732300e-02 6.545523554086685181e-02 7.382189482450485229e-02 8.069063723087310791e-02 7.057844102382659912e-02 4.713282361626625061e-02 2.348712272942066193e-02 1.509078126400709152e-02 1.241376250982284546e-02 8.270992897450923920e-03 5.390223581343889236e-03 4.568008240312337875e-03 3.680043853819370270e-03 2.601336920633912086e-03 1.903642201796174049e-03 3.610037965700030327e-03
2.374175935983657837e-01 1.355293244123458862e-01 5.108615756034851074e-02 5.622380878776311874e-03 1.126688439399003983e-03 1.256265531992539763e-04 5.135676474310457706e-06 3.160416326863924041e-06 1.315523404628038406e-04 8.296093255921732634e-06 7.505988833145238459e-06 3.950520408579905052e-07 8.809661085251718760e-05 5.439866799861192703e-04 1.007382743409834802e-04 1.056369161233305931e-03 3.871510125463828444e-05 5.629491643048822880e-04 5.267663672566413879e-02 1.386869698762893677e-02 1.858087815344333649e-02 1.700912415981292725e-01 3.952424526214599609e-01 9.095457792282104492e-01 6.342434287071228027e-01 3.357926607131958008e-01 1.704752445220947266e-01 8.468888700008392334e-02 6.937903910875320435e-02 4.756031557917594910e-02 4.467090591788291931e-02 3.651940077543258667e-02 2.767102606594562531e-02 1.665144413709640503e-02 1.215259172022342682e-02 8.369572460651397705e-03 6.094072945415973663e-03 3.171477932482957840e-03 1.946026459336280823e-03 1.640256261453032494e-03 9.149404941126704216e-04 9.718280634842813015e-04 5.996890249662101269e-04 5.759858759120106697e-04 3.223624662496149540e-04 2.939187106676399708e-04 2.394015318714082241e-04 1.825140498112887144e-04 1.232562353834509850e-04 1.351077953586354852e-04 6.399843550752848387e-05 1.090343575924634933e-03 3.209402784705162048e-03 2.883405983448028564e-02 5.941108986735343933e-02 7.678943127393722534e-02 7.495164871215820312e-02 1.223610490560531616e-01 1.739919781684875488e-01 1.827818900346755981e-01 6.858340650796890259e-02 3.453940153121948242e-02 2.720881439745426178e-02 2.060828544199466705e-02 1.483499445021152496e-02 1.132535189390182495e-02 9.019038639962673187e-03 7.544704247266054153e-03 6.504137068986892700e-03 6.199156865477561951e-03 5.657935515046119690e-03 5.392460618168115616e-03 5.413793493062257767e-03 5.721934139728546143e-03 6.101973820477724075e-03 6.395892705768346786e-03 6.120146252214908600e-03 4.953952506184577942e-03 4.029531031847000122e-03 4.043752793222665787e-03 4.594455473124980927e-03 5.269994493573904037e-03 4.121182952076196671e-03 3.485149238258600235e-03
1.242352277040481567e-02 3.524472713470458984e-01 1.334312558174133301e-01 6.660191575065255165e-04 2.825665287673473358e-04 8.506920130457729101e-05 0.000000000000000000e+00 4.274834282114170492e-07 9.404635056853294373e-05 2.137417141057085246e-06 0.000000000000000000e+00 0.000000000000000000e+00 5.942019561189226806e-05 1.038784685079008341e-04 3.676357300719246268e-05 2.778642192424740642e-05 0.000000000000000000e+00 0.000000000000000000e+00 2.599099243525415659e-04 7.993939652806147933e-05 4.593736957758665085e-03 2.335598506033420563e-02 1.594290882349014282e-01 4.414629936218261719e-01 5.124825239181518555e-01 7.400815486907958984e-01 3.673040270805358887e-01 1.945348680019378662e-01 1.377069503068923950e-01 9.824338555335998535e-02 7.298167794942855835e-02 5.491451919078826904e-02 4.416502267122268677e-02 3.283842280507087708e-02 2.466664835810661316e-02 2.072183229029178619e-02 1.536631956696510315e-02 1.129325758665800095e-02 8.282063528895378113e-03 7.107338868081569672e-03 5.383726209402084351e-03 3.898648777976632118e-03 2.826520474627614021e-03 3.444661386311054230e-03 1.338878064416348934e-03 2.159646246582269669e-03 1.238846918568015099e-03 1.228587352670729160e-03 1.154205296188592911e-03 6.130112451501190662e-04 7.515158504247665405e-04 4.429583437740802765e-03 6.241258233785629272e-05 1.685139606706798077e-03 9.863752871751785278e-03 2.309778518974781036e-02 3.185863047838211060e-02 3.771686181426048279e-02 4.196262732148170471e-02 4.532521218061447144e-02 4.644179716706275940e-02 4.535000771284103394e-02 4.391964524984359741e-02 4.111877456307411194e-02 3.883088380098342896e-02 3.960463032126426697e-02 3.816657513380050659e-02 4.135047271847724915e-02 4.772938042879104614e-02 5.603196099400520325e-02 6.399341672658920288e-02 7.010642439126968384e-02 7.101098448038101196e-02 4.724888876080513000e-02 2.806514129042625427e-02 2.249075844883918762e-02 1.948555000126361847e-02 1.531245652586221695e-02 1.108122523874044418e-02 7.230454590171575546e-03 4.774135071784257889e-03 3.948236815631389618e-03 2.881238237023353577e-03 2.254547551274299622e-03
6.276800483465194702e-02 1.979088336229324341e-01 1.334374696016311646e-01 1.184296887367963791e-02 8.219401352107524872e-03 4.345308989286422729e-03 5.991226062178611755e-04 6.516654975712299347e-04 2.704901620745658875e-03 4.647040914278477430e-04 2.157709794119000435e-03 2.366255968809127808e-02 1.582303829491138458e-02 7.244185078889131546e-03 2.530185505747795105e-03 2.525565680116415024e-03 1.004771562293171883e-03 1.482889754697680473e-03 1.640056446194648743e-02 4.226141143590211868e-03 1.425140351057052612e-01 8.465161919593811035e-02 7.799781858921051025e-02 1.080067157745361328e-01 1.525197923183441162e-01 1.497779786586761475e-01 1.604716926813125610e-01 1.882006376981735229e-01 2.396159917116165161e-01 2.346653640270233154e-01 2.000421583652496338e-01 1.459130793809890747e-01 1.429161280393600464e-01 1.145603358745574951e-01 1.042166203260421753e-01 8.845274150371551514e-02 1.282486319541931152e-01 1.093492209911346436e-01 9.892202913761138916e-02 9.145669639110565186e-02 5.487582087516784668e-02 4.617719352245330811e-02 2.502388879656791687e-02 2.515780739486217499e-02 1.174701098352670670e-02 1.255619432777166367e-02 8.502264507114887238e-03 5.622869357466697693e-03 3.341260831803083420e-03 2.112291287630796432e-03 7.918169721961021423e-04 4.159227013587951660e-02 7.258645445108413696e-02 5.687835440039634705e-02 5.137838423252105713e-02 4.892322793602943420e-02 5.379591137170791626e-02 6.222938001155853271e-02 5.668811127543449402e-02 4.766008257865905762e-02 3.986514359712600708e-02 3.419329226016998291e-02 2.996703982353210449e-02 2.921173721551895142e-02 3.148533031344413757e-02 3.162225335836410522e-02 3.115404210984706879e-02 3.069050796329975128e-02 2.818514592945575714e-02 2.833965793251991272e-02 3.180515021085739136e-02 3.692496567964553833e-02 3.542805090546607971e-02 3.098472580313682556e-02 2.687190845608711243e-02 2.424376085400581360e-02 1.909322105348110199e-02 1.393533404916524887e-02 6.751317065209150314e-03 2.655865391716361046e-03 1.479772734455764294e-03 1.317691290751099586e-03 1.064438954927027225e-03 2.589741488918662071e-03
2.001706957817077637e-01 1.314654946327209473e-01 1.224669888615608215e-01 2.707470580935478210e-02 6.960656493902206421e-03 8.446639403700828552e-04 1.173144391941605136e-05 1.564192461955826730e-05 5.171611555851995945e-04 2.199645678047090769e-05 2.346288783883210272e-05 1.368668472423451021e-05 1.212249189848080277e-04 4.052236326970160007e-04 3.226146873203106225e-05 1.002060816972516477e-04 3.861600271193310618e-05 5.132506703375838697e-05 3.908526152372360229e-03 5.755739752203226089e-03 7.781760394573211670e-02 8.943172544240951538e-02 1.542802155017852783e-01 4.343420267105102539e-01 9.666768312454223633e-01 4.514816701412200928e-01 2.964360117912292480e-01 2.162310481071472168e-01 1.825148761272430420e-01 6.247580796480178833e-02 2.360073104500770569e-02 1.559402234852313995e-02 1.359674334526062012e-02 7.719289977103471756e-03 3.498903242871165276e-03 1.258197356946766376e-03 6.833566003479063511e-04 4.311305820010602474e-04 2.111659850925207138e-04 2.346288820262998343e-04 1.173144410131499171e-04 1.759716542437672615e-04 1.231801579706370831e-04 1.554416376166045666e-04 8.212011016439646482e-05 7.038866169750690460e-05 8.212011016439646482e-05 1.114487240556627512e-04 7.918724440969526768e-05 2.053002754109911621e-05 5.865721504960674793e-06 4.604591522365808487e-04 1.212249189848080277e-04 2.981741854455322027e-04 1.057785237208008766e-03 3.944893553853034973e-02 2.979913949966430664e-01 2.279478162527084351e-01 7.536279410123825073e-02 3.942449390888214111e-02 3.084783069789409637e-02 3.289203718304634094e-02 3.255964443087577820e-02 3.503791242837905884e-02 2.457932941615581512e-02 1.917700096964836121e-02 1.397801563143730164e-02 1.207165606319904327e-02 1.214399933815002441e-02 1.253406982868909836e-02 1.495465822517871857e-02 1.420384552329778671e-02 1.102657988667488098e-02 8.323458954691886902e-03 5.287948064506053925e-03 4.483366850763559341e-03 3.219303674995899200e-03 2.106771804392337799e-03 1.574946334585547447e-03 9.394931257702410221e-04 8.387982379645109177e-04 9.580678888596594334e-04 1.269928761757910252e-03 2.333872951567173004e-02
2.140925265848636627e-02 2.483547478914260864e-01 9.125000238418579102e-02 1.047358009964227676e-02 8.240392431616783142e-03 1.137740164995193481e-02 4.268797114491462708e-02 4.858135059475898743e-02 5.137322470545768738e-03 8.291561971418559551e-04 9.189640986733138561e-04 9.231411968357861042e-04 2.974101807922124863e-03 9.372389176860451698e-04 3.889933286700397730e-04 3.623642551247030497e-04 1.587301521794870496e-04 4.641812993213534355e-04 2.617481164634227753e-03 1.913638319820165634e-03 7.214912213385105133e-03 3.875313326716423035e-03 6.196741946041584015e-03 9.812030009925365448e-03 2.845864556729793549e-02 1.038627773523330688e-01 3.139097690582275391e-01 4.360056519508361816e-01 3.743608891963958740e-01 2.608176767826080322e-01 1.849843263626098633e-01 1.503540128469467163e-01 1.728821992874145508e-01 1.891196668148040771e-01 1.617042571306228638e-01 1.056390926241874695e-01 1.020457372069358826e-01 7.428571581840515137e-02 5.713658779859542847e-02 5.451127886772155762e-02 3.290413692593574524e-02 2.801378443837165833e-02 2.496867254376411438e-02 2.454260736703872681e-02 1.083333324640989304e-02 1.071741804480552673e-02 1.064536347985267639e-02 8.825187571346759796e-03 5.874060094356536865e-03 5.084586329758167267e-03 2.907268237322568893e-03 3.750626370310783386e-02 2.330304868519306183e-02 4.828111827373504639e-02 3.782581537961959839e-02 4.230889678001403809e-02 4.019736871123313904e-02 3.708228841423988342e-02 3.858500346541404724e-02 3.118629939854145050e-02 2.040204592049121857e-02 2.103174664080142975e-02 1.827589794993400574e-02 1.981620676815509796e-02 2.842000871896743774e-02 3.989243879914283752e-02 3.926796093583106995e-02 4.383145272731781006e-02 4.285609722137451172e-02 4.375522211194038391e-02 4.323517158627510071e-02 4.532894864678382874e-02 5.199979245662689209e-02 5.010338500142097473e-02 4.641604050993919373e-02 4.140664264559745789e-02 3.303571417927742004e-02 2.107456140220165253e-02 1.579991728067398071e-02 1.161654107272624969e-02 9.800543077290058136e-03 7.346491329371929169e-03 4.567669238895177841e-03 1.949665835127234459e-03
2.528528869152069092e-02 1.475326120853424072e-01 3.833086043596267700e-02 9.194777347147464752e-03 4.028553143143653870e-03 3.331451211124658585e-03 2.816292690113186836e-04 7.933022570796310902e-04 6.559033878147602081e-03 1.482736319303512573e-03 9.466647170484066010e-03 5.397452786564826965e-02 1.410084217786788940e-01 3.274219110608100891e-02 8.892235346138477325e-03 3.491087583824992180e-03 2.151954220607876778e-03 2.632257761433720589e-03 4.522101487964391708e-03 4.298331681638956070e-03 1.103415042161941528e-01 2.208712399005889893e-01 2.661396563053131104e-01 2.471004128456115723e-01 2.013384401798248291e-01 2.232595086097717285e-01 2.022418975830078125e-01 1.834159344434738159e-01 1.887404024600982666e-01 1.925256848335266113e-01 1.658615171909332275e-01 1.309492439031600952e-01 1.156534329056739807e-01 9.583203494548797607e-02 8.212979137897491455e-02 7.008804380893707275e-02 5.629378929734230042e-02 4.817533493041992188e-02 3.917016834020614624e-02 3.192169964313507080e-02 3.113955259323120117e-02 2.954597771167755127e-02 2.126440405845642090e-02 1.627872884273529053e-02 1.285735145211219788e-02 1.030177529901266098e-02 5.052596330642700195e-03 1.187862129881978035e-03 1.714871323201805353e-04 2.927828973042778671e-05 1.673045153438579291e-05 1.045653189066797495e-04 1.394204264215659350e-05 7.528703281423076987e-05 4.168670857325196266e-04 2.838599961251020432e-03 1.361858751624822617e-02 2.815874479711055756e-02 4.119455441832542419e-02 6.465482711791992188e-02 9.157412499189376831e-02 1.147485896944999695e-01 1.333138197660446167e-01 1.282681822776794434e-01 1.072631105780601501e-01 9.347442537546157837e-02 7.296986132860183716e-02 5.364619195461273193e-02 2.877498231828212738e-02 1.283783279359340668e-02 5.876570940017700195e-03 2.492837375029921532e-03 1.445789821445941925e-03 9.313284535892307758e-04 4.238380934111773968e-04 1.910059945657849312e-04 1.157189544755965471e-04 1.254783855983987451e-04 9.480589505983516574e-05 1.422088389517739415e-04 1.645161100896075368e-04 1.059595233527943492e-04 4.740294752991758287e-05 0.000000000000000000e+00
3.488842397928237915e-02 3.813498914241790771e-01 5.486667901277542114e-02 9.936798363924026489e-03 2.403812017291784286e-03 5.199735169298946857e-04 1.851636188803240657e-04 1.813751005101948977e-04 7.941672229208052158e-04 1.733245007926598191e-04 3.182351647410541773e-04 7.070314022712409496e-04 6.421530852094292641e-04 5.464931018650531769e-04 1.766394561855122447e-04 6.790910847485065460e-04 4.778263100888580084e-04 1.383281080052256584e-03 5.073767155408859253e-03 4.695862997323274612e-03 1.978172361850738525e-02 2.996809221804141998e-02 7.429654151201248169e-02 1.488914340734481812e-01 1.422937363386154175e-01 5.050675868988037109e-01 4.564315974712371826e-01 4.903577566146850586e-01 2.549717128276824951e-01 1.078305691480636597e-01 1.160989999771118164e-01 6.345097720623016357e-02 4.823535680770874023e-02 3.799216449260711670e-02 2.598162740468978882e-02 1.228615082800388336e-02 1.804563775658607483e-02 1.073759514838457108e-02 8.319576270878314972e-03 1.298797316849231720e-02 8.998667821288108826e-03 2.213723398745059967e-02 1.788367889821529388e-02 3.082334809005260468e-02 3.037725202739238739e-02 4.162345081567764282e-02 4.794837534427642822e-02 5.246902257204055786e-02 4.579744860529899597e-02 3.642087802290916443e-02 2.767793461680412292e-02 5.381583422422409058e-02 1.916798576712608337e-02 1.983097568154335022e-02 1.774066314101219177e-02 7.586498744785785675e-03 4.538639448583126068e-03 4.071705043315887451e-03 6.509613711386919022e-03 2.627334371209144592e-02 3.742672875523567200e-02 3.740778565406799316e-02 2.306163124740123749e-02 1.954210177063941956e-02 2.298775501549243927e-02 2.652433142066001892e-02 3.496324643492698669e-02 4.281399399042129517e-02 5.497038736939430237e-02 4.726644605398178101e-02 4.022927954792976379e-02 4.342868179082870483e-02 8.341076225042343140e-02 6.946808099746704102e-02 1.385895162820816040e-01 1.587955504655838013e-01 8.706004358828067780e-03 2.049586037173867226e-03 1.410274300724267960e-03 7.766453200019896030e-04 2.301522181369364262e-04 5.493345088325440884e-05 4.925068060401827097e-05 1.174439312308095396e-04
8.302452415227890015e-02 1.846757084131240845e-01 1.074043884873390198e-01 3.489199653267860413e-02 9.294950403273105621e-03 7.905773818492889404e-03 6.743256817571818829e-04 1.924490556120872498e-03 7.310613989830017090e-03 4.174598958343267441e-03 1.315335649996995926e-02 1.219111122190952301e-02 2.024202235043048859e-02 5.575085524469614029e-03 1.596045447513461113e-03 9.509358787909150124e-04 2.544625313021242619e-04 3.524777130223810673e-04 2.976740244776010513e-03 1.426403759978711605e-03 3.408666700124740601e-02 1.370704732835292816e-02 3.590466082096099854e-02 6.589448451995849609e-02 7.777505367994308472e-02 7.661300897598266602e-02 8.590654283761978149e-02 9.882758557796478271e-02 1.369884908199310303e-01 1.497709900140762329e-01 1.498133987188339233e-01 1.089184433221817017e-01 1.357444375753402710e-01 1.188142001628875732e-01 1.055114641785621643e-01 9.021544456481933594e-02 1.058818548917770386e-01 8.467099070549011230e-02 9.120784699916839600e-02 1.033174395561218262e-01 7.510036975145339966e-02 8.437411487102508545e-02 8.095866441726684570e-02 8.216594904661178589e-02 6.123499572277069092e-02 7.081408798694610596e-02 9.080919623374938965e-02 1.068346798419952393e-01 1.214634478092193604e-01 1.111011654138565063e-01 8.789135515689849854e-02 1.576819419860839844e-01 4.689084365963935852e-02 6.704710423946380615e-02 1.148483604192733765e-01 1.195568591356277466e-01 9.339810907840728760e-02 9.785591810941696167e-02 8.671516925096511841e-02 7.237762212753295898e-02 6.244792789220809937e-02 4.714436456561088562e-02 4.171394556760787964e-02 3.152979165315628052e-02 2.379601448774337769e-02 1.421220321208238602e-02 9.518783539533615112e-03 6.875200197100639343e-03 6.697076372802257538e-03 5.977984052151441574e-03 5.809285212308168411e-03 5.960077513009309769e-03 6.239044014364480972e-03 6.533089559525251389e-03 6.237159017473459244e-03 3.755678189918398857e-03 3.372099483385682106e-03 3.740598913282155991e-03 5.274913739413022995e-03 2.802857430651783943e-03 5.183495813980698586e-04 3.279739175923168659e-04 2.045124711003154516e-04 6.210770225152373314e-04
1.943236589431762695e-02 4.593488276004791260e-01 1.507943402975797653e-02 1.361160655505955219e-03 4.020873166155070066e-04 1.256812829524278641e-04 2.086958375002723187e-05 8.347833500010892749e-06 1.980291708605363965e-04 1.020290801534429193e-05 9.971023973776027560e-05 4.053337033838033676e-04 1.098203938454389572e-03 3.343771095387637615e-04 4.915946556138806045e-05 1.117682186304591596e-04 5.101454007672145963e-06 2.457973278069403023e-05 9.530443348921835423e-04 9.317109943367540836e-04 1.134748943150043488e-02 6.533571518957614899e-03 2.312906458973884583e-02 4.418508708477020264e-02 1.263889819383621216e-01 8.518992662429809570e-01 7.171373367309570312e-01 4.358738064765930176e-01 4.141082167625427246e-01 2.234520316123962402e-01 5.298370122909545898e-02 1.971758343279361725e-02 1.277775038033723831e-02 8.662268519401550293e-03 6.995484698563814163e-03 4.176699556410312653e-03 5.940875038504600525e-03 3.489394672214984894e-03 2.473741536960005760e-03 2.885567955672740936e-03 1.586088445037603378e-03 2.827133052051067352e-03 1.680697081610560417e-03 2.128697698935866356e-03 8.292181883007287979e-04 1.160348998382687569e-03 1.241044607013463974e-03 9.933921974152326584e-04 7.151311147026717663e-04 5.982614238746464252e-04 1.641740673221647739e-04 1.191792357712984085e-02 5.903773475438356400e-03 8.249514736235141754e-03 1.553717348724603653e-02 1.512070931494235992e-02 1.029566209763288498e-02 8.956298232078552246e-03 7.191195152699947357e-03 4.833395592868328094e-03 4.414149094372987747e-03 4.869569558650255203e-03 7.136470172554254532e-03 1.404847670346498489e-02 2.666669152677059174e-02 4.111586511135101318e-02 5.673837289214134216e-02 7.448401302099227905e-02 8.813086152076721191e-02 9.019834548234939575e-02 8.731926977634429932e-02 6.789386272430419922e-02 5.798312649130821228e-02 5.150242522358894348e-02 6.067854911088943481e-02 5.564758926630020142e-02 4.051760211586952209e-02 4.177163168787956238e-02 2.652477845549583435e-02 1.982146687805652618e-02 5.891715642064809799e-03 1.539711520308628678e-04 1.094493782147765160e-04 2.940292470157146454e-04
5.095125362277030945e-02 2.599565386772155762e-01 9.606240689754486084e-02 1.365505158901214600e-02 5.753623321652412415e-03 5.481095053255558014e-03 1.529802102595567703e-03 2.333553042262792587e-03 9.751413948833942413e-03 3.819721285253763199e-03 1.017921976745128632e-02 9.081611409783363342e-03 3.955619875341653824e-03 3.498196601867675781e-03 1.933109713718295097e-03 1.821100129745900631e-03 1.744619105011224747e-03 1.536932191811501980e-03 5.126967094838619232e-03 1.182816177606582642e-02 1.642302870750427246e-01 1.673306077718734741e-01 1.162216961383819580e-01 1.634861975908279419e-01 1.639860272407531738e-01 1.596077829599380493e-01 1.506549417972564697e-01 1.302778571844100952e-01 1.076758205890655518e-01 9.706805646419525146e-02 9.332896023988723755e-02 9.125281870365142822e-02 9.989669919013977051e-02 1.060921996831893921e-01 1.120968312025070190e-01 1.077266335487365723e-01 1.055971160531044006e-01 1.065057516098022461e-01 1.143181398510932922e-01 1.227777302265167236e-01 1.124866157770156860e-01 9.806700050830841064e-02 7.656627893447875977e-02 6.330101191997528076e-02 4.818154126405715942e-02 3.757305815815925598e-02 2.570491656661033630e-02 1.676852814853191376e-02 9.963855147361755371e-03 6.534460466355085373e-03 3.487897571176290512e-03 2.123269997537136078e-02 1.477063726633787155e-02 1.382946502417325974e-02 1.260528154671192169e-02 1.725837215781211853e-02 2.216838859021663666e-02 2.662366256117820740e-02 3.078093752264976501e-02 3.573324531316757202e-02 4.044033214449882507e-02 4.220932722091674805e-02 4.189596697688102722e-02 4.077184945344924927e-02 3.937849402427673340e-02 4.132751002907752991e-02 4.230951145291328430e-02 4.257241263985633850e-02 4.522858560085296631e-02 4.658878967165946960e-02 4.281337186694145203e-02 4.329188168048858643e-02 4.511670023202896118e-02 4.809074103832244873e-02 4.506453499197959900e-02 4.706693440675735474e-02 4.166524484753608704e-02 3.093475289642810822e-02 1.732370071113109589e-02 9.766162373125553131e-03 5.906890146434307098e-03 5.421677604317665100e-03 7.538280915468931198e-03 1.350635569542646408e-02
9.186027571558952332e-03 2.895864546298980713e-01 1.983412057161331177e-01 1.054894062690436840e-03 1.192548152175731957e-04 2.146586666640359908e-05 1.703640191408339888e-05 0.000000000000000000e+00 1.362912144031724893e-06 0.000000000000000000e+00 0.000000000000000000e+00 0.000000000000000000e+00 0.000000000000000000e+00 2.180659430450759828e-05 3.407280360079312231e-07 8.518200775142759085e-05 1.022184164867212530e-06 5.928667815169319510e-05 7.192768971435725689e-04 7.853781571611762047e-04 8.361466461792588234e-04 1.226620952365919948e-04 1.639583380892872810e-03 2.961880713701248169e-02 3.665858805179595947e-01 5.068725347518920898e-01 4.469970166683197021e-01 3.678881525993347168e-01 2.342825531959533691e-01 1.223758906126022339e-01 9.096416085958480835e-02 7.257711887359619141e-02 7.202513515949249268e-02 6.779329478740692139e-02 6.241865456104278564e-02 5.838511139154434204e-02 7.827886193990707397e-02 9.215194731950759888e-02 8.082205057144165039e-02 6.033544242382049561e-02 3.497300669550895691e-02 3.032207116484642029e-02 2.077282592654228210e-02 2.304207347333431244e-02 8.435063064098358154e-03 1.039970107376575470e-02 7.977125234901905060e-03 5.726275499910116196e-03 3.579688724130392075e-03 2.310136100277304649e-03 1.449457136914134026e-03 3.804160654544830322e-02 1.292177010327577591e-02 1.803064718842506409e-02 5.273107066750526428e-02 3.548886999487876892e-02 5.315834283828735352e-02 1.984127610921859741e-02 1.027158740907907486e-02 1.114180684089660645e-02 1.442301832139492035e-02 1.823508366942405701e-02 1.677540503442287445e-02 1.905555650591850281e-02 2.157898806035518646e-02 2.514981850981712341e-02 3.319985792040824890e-02 4.416516795754432678e-02 5.013744905591011047e-02 5.218454450368881226e-02 6.036610528826713562e-02 6.612508744001388550e-02 6.324866414070129395e-02 5.658743157982826233e-02 4.684465378522872925e-02 4.922770708799362183e-02 4.159539937973022461e-02 3.763886541128158569e-02 3.612943738698959351e-02 2.344072610139846802e-02 8.202686905860900879e-03 1.911484287120401859e-03 1.744527544360607862e-04 1.703640191408339888e-05
2.269242890179157257e-02 3.812490403652191162e-02 1.963011361658573151e-02 8.387750014662742615e-03 1.272937282919883728e-02 1.155391335487365723e-03 9.080583695322275162e-04 1.891370164230465889e-03 1.243688724935054779e-02 3.047162853181362152e-02 2.055021375417709351e-02 1.710350513458251953e-01 1.167963668704032898e-01 2.417291514575481415e-02 9.769905358552932739e-03 3.042246215045452118e-03 3.737588122021406889e-04 5.980140995234251022e-04 3.792774165049195290e-03 1.440852764062583447e-03 4.579624161124229431e-02 1.886754482984542847e-02 2.987261116504669189e-02 3.806018456816673279e-02 5.190983042120933533e-02 6.308346986770629883e-02 8.254401385784149170e-02 1.143099963665008545e-01 1.612109541893005371e-01 1.435474753379821777e-01 1.492185592651367188e-01 1.404229402542114258e-01 1.523430943489074707e-01 1.366843581199645996e-01 1.248846128582954407e-01 1.127658039331436157e-01 1.452030390501022339e-01 1.309169232845306396e-01 1.048521399497985840e-01 1.112215965986251831e-01 9.990648925304412842e-02 1.084372177720069885e-01 1.064144074916839600e-01 1.135845556855201721e-01 9.750439971685409546e-02 1.001683697104454041e-01 8.720069378614425659e-02 6.615982949733734131e-02 5.047399550676345825e-02 3.773810341954231262e-02 2.409314736723899841e-02 5.060343444347381592e-02 2.272353321313858032e-02 6.161752715706825256e-02 5.901174992322921753e-02 5.128472670912742615e-02 5.078504234552383423e-02 5.286204069852828979e-02 5.400388687849044800e-02 5.484471842646598816e-02 5.458384007215499878e-02 5.164794996380805969e-02 4.596180096268653870e-02 3.959435224533081055e-02 3.727353736758232117e-02 3.476007282733917236e-02 3.028801083564758301e-02 2.688454650342464447e-02 2.367674373090267181e-02 2.342188544571399689e-02 2.585507929325103760e-02 2.915419079363346100e-02 3.616881743073463440e-02 4.050441831350326538e-02 3.743608295917510986e-02 1.852639764547348022e-02 1.052444614470005035e-02 7.180182728916406631e-03 4.860369954258203506e-03 4.463031422346830368e-03 3.216834273189306259e-03 2.980036661028862000e-03 1.999735133722424507e-03 1.904414035379886627e-03
5.044779181480407715e-02 2.211591452360153198e-01 1.074278205633163452e-01 2.976344153285026550e-02 1.025165431201457977e-02 6.737274117767810822e-03 6.946857552975416183e-03 4.356435965746641159e-03 7.036205846816301346e-03 2.258948981761932373e-03 2.448401181027293205e-03 1.975046470761299133e-03 2.945472020655870438e-03 1.467317156493663788e-02 1.960844267159700394e-03 1.642195042222738266e-03 3.282046178355813026e-03 1.850261585786938667e-03 1.104641612619161606e-02 1.179057452827692032e-02 6.723155081272125244e-02 5.097340419888496399e-02 1.328912228345870972e-01 1.530773937702178955e-01 1.440564990043640137e-01 1.745351403951644897e-01 2.383193224668502808e-01 2.732587754726409912e-01 2.685158550739288330e-01 2.261736989021301270e-01 1.767084598541259766e-01 1.342273205518722534e-01 1.157553121447563171e-01 1.153069138526916504e-01 1.435286849737167358e-01 1.594782322645187378e-01 1.037726700305938721e-01 5.775397270917892456e-02 4.295518994331359863e-02 3.663790971040725708e-02 2.858081087470054626e-02 2.104574441909790039e-02 1.494356151670217514e-02 1.311191450804471970e-02 8.595671504735946655e-03 8.639518171548843384e-03 8.086879737675189972e-03 8.055442944169044495e-03 6.986567750573158264e-03 7.548306137323379517e-03 7.235585711896419525e-03 5.201249569654464722e-02 1.478720083832740784e-02 6.077087018638849258e-03 5.897286348044872284e-03 7.024348247796297073e-03 8.413664065301418304e-03 9.782022796571254730e-03 1.164455525577068329e-02 1.572067476809024811e-02 2.405519410967826843e-02 2.592958509922027588e-02 2.537115477025508881e-02 2.381555177271366119e-02 2.501955255866050720e-02 2.822314202785491943e-02 3.322997689247131348e-02 3.531284630298614502e-02 3.532387688755989075e-02 3.546065837144851685e-02 3.779695928096771240e-02 4.753816872835159302e-02 5.367592349648475647e-02 5.641181394457817078e-02 5.869406461715698242e-02 5.215423926711082458e-02 3.978882730007171631e-02 3.307416662573814392e-02 3.592091426253318787e-02 2.754447795450687408e-02 2.555178292095661163e-02 2.659611403942108154e-02 2.784148044884204865e-02 1.063226833939552307e-01
4.871144145727157593e-02 3.220947384834289551e-01 1.071796864271163940e-01 1.576908049173653126e-03 1.952362363226711750e-04 1.001211494440212846e-04 1.001211421680636704e-05 5.006057108403183520e-06 4.405330400913953781e-04 0.000000000000000000e+00 0.000000000000000000e+00 7.509086117352126166e-06 3.103755589108914137e-04 7.659267866984009743e-04 2.127574407495558262e-04 7.659267866984009743e-04 1.251514368050266057e-05 3.278967633377760649e-04 8.122327737510204315e-03 9.161084890365600586e-03 2.329318411648273468e-02 3.379088826477527618e-03 2.215180359780788422e-02 7.674285769462585449e-02 2.932147979736328125e-01 7.552788257598876953e-01 1.834469735622406006e-01 1.343976259231567383e-01 3.143303394317626953e-01 3.754843175411224365e-01 1.929835081100463867e-01 1.980746686458587646e-01 1.550025641918182373e-01 9.955546259880065918e-02 4.901931434869766235e-02 1.872766017913818359e-02 1.721082441508769989e-02 9.866938926279544830e-03 6.112395785748958588e-03 9.055957198143005371e-03 4.940978717058897018e-03 6.683086045086383820e-03 5.286396481096744537e-03 6.938395556062459946e-03 4.415342584252357483e-03 4.910942167043685913e-03 5.586760118603706360e-03 4.910942167043685913e-03 3.889706684276461601e-03 4.220106173306703568e-03 2.012435114011168480e-03 8.875739760696887970e-03 8.945824578404426575e-03 3.365572169423103333e-02 3.234413638710975647e-02 2.388389967381954193e-02 3.256940841674804688e-02 1.263528876006603241e-02 5.276384297758340836e-03 5.611790344119071960e-03 9.436418302357196808e-03 1.634477637708187103e-02 2.168624103069305420e-02 2.739314548671245575e-02 3.265951946377754211e-02 2.876981161534786224e-02 1.796173304319381714e-02 2.017441019415855408e-02 4.597062617540359497e-02 1.188237741589546204e-01 1.398091763257980347e-01 9.224662184715270996e-02 8.710540086030960083e-02 9.009401500225067139e-02 4.234623908996582031e-02 3.157820925116539001e-02 8.920794352889060974e-03 2.553089288994669914e-03 2.963586011901497841e-03 3.884700592607259750e-03 3.203876782208681107e-03 1.146387076005339622e-03 5.006057108403183520e-06 0.000000000000000000e+00
2.145408838987350464e-01 1.158238425850868225e-01 6.487793475389480591e-02 7.554399780929088593e-03 8.906505536288022995e-04 2.924419532064348459e-04 2.174028850276954472e-05 1.262339355889707804e-05 3.934291016776114702e-04 7.714295861660502851e-06 1.542859172332100570e-05 2.945458400063216686e-04 1.030209241434931755e-03 1.577924238517880440e-03 1.062468974851071835e-03 7.966763805598020554e-04 1.303716097027063370e-03 2.284132875502109528e-03 1.289970614016056061e-02 7.431952655315399170e-02 4.908396303653717041e-02 6.311696954071521759e-03 1.927592232823371887e-02 3.895579278469085693e-02 7.469682395458221436e-02 1.282073855400085449e-01 1.571275889873504639e-01 1.186683177947998047e-01 1.404226273298263550e-01 1.219504028558731079e-01 1.423582136631011963e-01 1.141743808984756470e-01 1.394758820533752441e-01 1.174901276826858521e-01 1.104673147201538086e-01 6.483795493841171265e-02 1.098277270793914795e-01 8.120208233594894409e-02 6.041976809501647949e-02 7.620321959257125854e-02 5.626667290925979614e-02 6.679879128932952881e-02 6.695868819952011108e-02 7.222685217857360840e-02 5.973390117287635803e-02 7.348918914794921875e-02 8.466930687427520752e-02 9.305123984813690186e-02 1.076480895280838013e-01 1.318471431732177734e-01 1.369091272354125977e-01 1.792437732219696045e-01 4.428426921367645264e-02 1.334783583879470825e-01 1.105542778968811035e-01 7.477116584777832031e-02 5.150204524397850037e-02 4.010171815752983093e-02 3.525713831186294556e-02 3.322617337107658386e-02 3.355017676949501038e-02 3.039572946727275848e-02 3.065941855311393738e-02 2.727354317903518677e-02 2.439681254327297211e-02 2.477691695094108582e-02 2.326210960745811462e-02 2.341078408062458038e-02 2.295774593949317932e-02 2.157618477940559387e-02 1.729124411940574646e-02 1.539492979645729065e-02 1.524344924837350845e-02 1.548189111053943634e-02 1.487316284328699112e-02 1.564880087971687317e-02 1.770080253481864929e-02 1.898558437824249268e-02 1.977664977312088013e-02 2.016516961157321930e-02 2.115680836141109467e-02 1.101601496338844299e-02 6.701619364321231842e-03 5.129305645823478699e-03
3.246711939573287964e-02 2.878355681896209717e-01 1.277608126401901245e-01 1.557391788810491562e-02 8.152040652930736542e-03 2.188062528148293495e-03 9.599197073839604855e-05 3.448087081778794527e-04 2.425443381071090698e-03 1.519584096968173981e-03 1.338689471594989300e-03 4.428799147717654705e-04 2.574109705165028572e-03 3.553435672074556351e-03 1.175121986307203770e-03 1.818302785977721214e-03 2.737677095865365118e-05 1.718845451250672340e-04 9.210377931594848633e-03 1.324481330811977386e-03 8.323855698108673096e-02 1.354963034391403198e-01 6.598910689353942871e-02 7.658287882804870605e-02 1.042847111821174622e-01 2.054193466901779175e-01 3.042460381984710693e-01 2.861544787883758545e-01 3.184057176113128662e-01 2.731217741966247559e-01 2.473515570163726807e-01 2.150088548660278320e-01 1.822024732828140259e-01 1.342612355947494507e-01 1.103290766477584839e-01 1.394343934953212738e-02 8.495185524225234985e-02 3.020108491182327271e-02 1.349640265107154846e-02 3.441364318132400513e-02 5.813578609377145767e-03 1.066238619387149811e-02 6.984195671975612640e-03 1.925384066998958588e-02 1.422205939888954163e-03 7.610049797222018242e-04 3.971364349126815796e-03 1.401413464918732643e-03 3.867402265314012766e-04 3.306005091872066259e-04 5.406045966083183885e-05 2.986008860170841217e-02 6.398263573646545410e-02 1.070002093911170959e-01 1.390871703624725342e-01 1.238518208265304565e-01 1.035528108477592468e-01 8.141019940376281738e-02 4.677061364054679871e-02 4.405026510357856750e-02 3.866431862115859985e-02 3.195319697260856628e-02 2.776905708014965057e-02 1.238608360290527344e-02 6.790132261812686920e-03 5.896748509258031845e-03 5.984770134091377258e-03 6.066553760319948196e-03 6.101208273321390152e-03 5.807341076433658600e-03 6.481710355728864670e-03 7.280834950506687164e-03 9.477214887738227844e-03 9.438402019441127777e-03 1.089387573301792145e-02 1.208667177706956863e-02 1.131873577833175659e-02 1.183716114610433578e-02 1.498930249363183975e-02 1.793629117310047150e-02 1.932037621736526489e-02 9.348994120955467224e-03 2.059842227026820183e-03 4.054534656461328268e-04
4.431387037038803101e-02 3.367548584938049316e-01 8.810009807348251343e-02 4.197211936116218567e-03 1.902684452943503857e-04 7.058546907501295209e-05 2.773446794890332967e-05 6.533841224154457450e-05 1.705294998828321695e-04 1.070650469046086073e-04 2.825917617883533239e-04 5.821739905513823032e-04 7.106457836925983429e-03 6.355003919452428818e-03 3.528773784637451172e-03 1.101383240893483162e-03 1.539512886665761471e-03 1.568246749229729176e-03 2.158791059628129005e-03 1.779503421857953072e-03 7.498426362872123718e-03 2.928047627210617065e-02 4.739520698785781860e-02 4.727077484130859375e-02 5.848112702369689941e-02 2.824714183807373047e-01 8.709859848022460938e-01 2.208222150802612305e-01 6.233696639537811279e-02 5.369842797517776489e-02 5.010157078504562378e-02 4.688811302185058594e-02 5.102018266916275024e-02 5.694373697042465210e-02 7.210661470890045166e-02 9.003733098506927490e-02 8.961756527423858643e-02 7.658423483371734619e-02 7.705797255039215088e-02 7.934194803237915039e-02 8.838862925767898560e-02 1.082956045866012573e-01 1.086209267377853394e-01 8.705549687147140503e-02 6.327094137668609619e-02 4.543580487370491028e-02 3.113831207156181335e-02 2.232812158763408661e-02 1.606425456702709198e-02 1.186473108828067780e-02 8.126574568450450897e-03 3.947027027606964111e-02 3.152109915390610695e-03 5.724544171243906021e-03 6.008135620504617691e-03 5.775640718638896942e-03 6.575567647814750671e-03 8.351323194801807404e-03 1.104394067078828812e-02 1.430311519652605057e-02 1.765536330640316010e-02 2.053700014948844910e-02 2.319276146590709686e-02 2.512380480766296387e-02 2.804716862738132477e-02 3.069481067359447479e-02 3.319978341460227966e-02 3.737994283437728882e-02 3.902114927768707275e-02 3.946839645504951477e-02 4.606582969427108765e-02 5.681668221950531006e-02 7.966089248657226562e-02 1.241617202758789062e-01 1.381932348012924194e-01 9.885201603174209595e-02 4.441912472248077393e-02 1.714439876377582550e-02 9.097030386328697205e-03 6.591308861970901489e-03 4.286849405616521835e-03 2.962590893730521202e-03 2.699863165616989136e-03 1.379390060901641846e-02
8.132060058414936066e-03 5.495131388306617737e-02 2.130286991596221924e-01 1.011087466031312943e-02 5.700619891285896301e-03 1.804800122044980526e-03 1.080217538401484489e-03 1.289890031330287457e-03 1.681659137830138206e-03 1.533319358713924885e-03 1.770567847415804863e-03 6.910634692758321762e-03 3.541991487145423889e-02 2.017277851700782776e-02 1.933313719928264618e-02 4.183750972151756287e-02 2.889772132039070129e-02 2.232940867543220520e-02 1.668013818562030792e-02 7.334734313189983368e-03 1.206971984356641769e-02 1.009280793368816376e-02 2.431345358490943909e-02 4.051956906914710999e-02 1.328838765621185303e-01 2.444296628236770630e-01 2.835400104522705078e-01 2.227663546800613403e-01 2.272507548332214355e-01 2.890627980232238770e-01 3.704670965671539307e-01 3.051519393920898438e-01 1.940740346908569336e-01 1.264853030443191528e-01 9.928207844495773315e-02 8.363508433103561401e-02 7.958141714334487915e-02 6.067380309104919434e-02 4.707789793610572815e-02 3.917880728840827942e-02 2.607641369104385376e-02 1.881632581353187561e-02 1.436042692512273788e-02 1.114830188453197479e-02 7.126012817025184631e-03 5.682552698999643326e-03 4.370316863059997559e-03 3.774105105549097061e-03 2.755695721134543419e-03 1.948385499417781830e-03 1.129664131440222263e-03 1.027537882328033447e-02 8.025560528039932251e-03 3.395743668079376221e-02 3.076337836682796478e-02 2.682572044432163239e-02 2.411281503736972809e-02 3.204613924026489258e-02 4.007930308580398560e-02 4.128123819828033447e-02 4.934103041887283325e-02 6.682990491390228271e-02 8.001502603292465210e-02 7.031113654375076294e-02 6.448594480752944946e-02 5.225172266364097595e-02 4.012875258922576904e-02 3.722186386585235596e-02 3.311779722571372986e-02 2.524057589471340179e-02 2.400536276400089264e-02 2.756551653146743774e-02 3.294568508863449097e-02 3.574417158961296082e-02 3.702312707901000977e-02 3.652866184711456299e-02 2.705203369259834290e-02 1.397531479597091675e-02 5.751017481088638306e-03 2.113841241225600243e-03 8.396409684792160988e-04 2.881214022636413574e-04 1.093530081561766565e-04 2.282149762322660536e-05
3.661224991083145142e-02 1.642300933599472046e-01 1.962897032499313354e-01 1.540597993880510330e-02 8.449404500424861908e-03 4.768386483192443848e-03 1.831643283367156982e-03 1.921784249134361744e-03 5.158211570233106613e-03 3.199130529537796974e-03 9.450038895010948181e-03 1.197477150708436966e-02 2.155251055955886841e-02 5.705258809030056000e-03 2.017602557316422462e-03 1.337702269665896893e-03 6.516876746900379658e-04 9.678797796368598938e-04 4.208674188703298569e-03 4.267283249646425247e-03 1.285892128944396973e-01 2.216576635837554932e-01 3.424381613731384277e-01 3.842242360115051270e-01 3.092793822288513184e-01 2.116169035434722900e-01 1.510636657476425171e-01 1.282165944576263428e-01 1.089720278978347778e-01 9.121321141719818115e-02 7.566861808300018311e-02 6.839969009160995483e-02 6.527515500783920288e-02 6.361068785190582275e-02 6.171248853206634521e-02 5.178650468587875366e-02 4.731247574090957642e-02 4.893291369080543518e-02 5.580301582813262939e-02 6.311176717281341553e-02 6.573267281055450439e-02 6.456660479307174683e-02 5.422817170619964600e-02 4.184427112340927124e-02 2.779643051326274872e-02 2.157827839255332947e-02 1.381200458854436874e-02 9.542888030409812927e-03 6.518448702991008759e-03 4.478747956454753876e-03 2.955260686576366425e-03 8.061850443482398987e-03 3.364563453942537308e-04 3.816141746938228607e-03 7.207607850432395935e-03 1.144056394696235657e-02 1.667957007884979248e-02 2.146996930241584778e-02 1.967046782374382019e-02 2.116146311163902283e-02 1.691418141126632690e-02 1.741973869502544403e-02 2.083915658295154572e-02 2.446243911981582642e-02 2.719269692897796631e-02 2.834740839898586273e-02 2.858708612620830536e-02 2.932882681488990784e-02 3.246140107512474060e-02 3.791300579905509949e-02 4.146868363022804260e-02 4.676603525876998901e-02 5.185865238308906555e-02 6.137463450431823730e-02 7.424452900886535645e-02 8.573068678379058838e-02 9.131243824958801270e-02 8.228995651006698608e-02 5.271603912115097046e-02 2.343524992465972900e-02 9.354394860565662384e-03 4.287285730242729187e-03 2.482894109562039375e-03 7.430339697748422623e-03
5.280036851763725281e-02 3.585318028926849365e-01 5.619728565216064453e-02 4.577243700623512268e-03 1.678709988482296467e-03 1.701363828033208847e-03 1.601454452611505985e-03 3.306884551420807838e-03 1.636306638829410076e-03 2.288621908519417048e-04 9.741164976730942726e-04 3.326053032651543617e-03 4.566788207739591599e-03 1.700783031992614269e-03 1.010711188428103924e-03 3.531680558808147907e-04 2.451265172567218542e-04 3.101837937720119953e-04 1.772810705006122589e-03 3.479983191937208176e-03 2.669671550393104553e-02 4.460024833679199219e-02 7.933037728071212769e-02 9.344547986984252930e-02 9.940170496702194214e-02 1.130602508783340454e-01 1.085364520549774170e-01 1.135133206844329834e-01 1.205081418156623840e-01 1.076999902725219727e-01 1.035386547446250916e-01 1.022839695215225220e-01 1.161899641156196594e-01 1.551825106143951416e-01 2.066033184528350830e-01 1.844617724418640137e-01 1.531227529048919678e-01 1.495782881975173950e-01 1.500174254179000854e-01 1.494214534759521484e-01 1.309986263513565063e-01 1.014126688241958618e-01 8.575361967086791992e-02 1.040788590908050537e-01 9.269267320632934570e-02 5.376286804676055908e-02 2.408280968666076660e-02 1.155347470194101334e-02 6.217616610229015350e-03 3.523548599332571030e-03 2.244475996121764183e-03 6.485978141427040100e-03 1.507934648543596268e-03 1.020818296819925308e-02 1.385603751987218857e-02 1.822649314999580383e-02 2.655149996280670166e-02 4.434118047356605530e-02 5.957039073109626770e-02 6.606682389974594116e-02 3.191407769918441772e-02 2.428146637976169586e-02 2.477288059890270233e-02 2.933153696358203888e-02 3.623690083622932434e-02 5.039266869425773621e-02 5.087595060467720032e-02 4.543088749051094055e-02 4.538093507289886475e-02 4.530309885740280151e-02 5.715397745370864868e-02 5.794395878911018372e-02 3.397383913397789001e-02 5.068891122937202454e-02 5.479681119322776794e-02 3.160273283720016479e-02 2.046399749815464020e-02 1.949510909616947174e-02 1.489927712827920914e-02 7.171402685344219208e-03 7.260856218636035919e-03 9.011594578623771667e-03 3.882525255903601646e-03 7.406073622405529022e-03
2.739725261926651001e-02 4.664258062839508057e-01 1.419661100953817368e-03 5.233471165411174297e-04 2.381020603934302926e-04 7.041615026537328959e-05 1.730566327751148492e-05 7.160964287322713062e-06 1.664924202486872673e-04 1.849915679486002773e-05 7.757711500744335353e-06 4.773975888383574784e-06 1.241233840119093657e-04 3.675961634144186974e-04 1.318810827797278762e-04 1.563477126182988286e-04 1.599281968083232641e-04 1.402355410391464829e-04 5.979405250400304794e-04 2.025359310209751129e-03 1.079515367746353149e-02 1.109949406236410141e-02 4.540409147739410400e-02 7.829082012176513672e-02 3.757680058479309082e-01 1.031690835952758789e+00 3.165862262248992920e-01 1.478882282972335815e-01 8.929364383220672607e-02 7.237228751182556152e-02 8.247998356819152832e-02 1.114353463053703308e-01 9.199690818786621094e-02 9.757171571254730225e-02 9.838090091943740845e-02 7.577373832464218140e-02 7.806167006492614746e-02 6.646449118852615356e-02 5.577316880226135254e-02 3.179468214511871338e-02 1.296492479741573334e-02 6.051014643162488937e-03 2.796356566250324249e-03 2.223479328677058220e-03 1.077725086361169815e-03 8.020279929041862488e-04 6.552282138727605343e-04 3.723701520357280970e-04 2.613752149045467377e-04 1.575412170495837927e-04 1.038339833030477166e-04 3.612706437706947327e-03 4.492311738431453705e-03 1.201848499476909637e-03 8.509612525813281536e-04 1.093240571208298206e-03 1.333132851868867874e-03 1.256749266758561134e-03 1.149334711953997612e-03 1.575412112288177013e-03 3.035055240616202354e-03 3.911079838871955872e-03 5.474557168781757355e-03 4.069814458489418030e-03 5.253760609775781631e-03 9.712654165923595428e-03 2.150318212807178497e-02 6.279688328504562378e-02 1.449474692344665527e-01 1.087344661355018616e-01 6.940884143114089966e-02 5.493056401610374451e-02 8.728498965501785278e-02 1.101427897810935974e-01 5.858623608946800232e-02 6.839794665575027466e-02 1.040273234248161316e-01 3.943781554698944092e-02 1.370966620743274689e-02 3.806052496656775475e-03 2.718779491260647774e-03 4.223775584250688553e-03 8.867660653777420521e-04 4.654626536648720503e-05
3.146713599562644958e-02 9.155208617448806763e-02 1.571961492300033569e-01 1.154605112969875336e-02 5.227602086961269379e-03 2.682528225705027580e-03 1.874538604170084000e-03 2.595738740637898445e-03 6.030292250216007233e-03 1.410534232854843140e-02 1.101654469966888428e-01 5.063826218247413635e-02 5.212802905589342117e-03 1.448474824428558350e-03 6.310500903055071831e-04 3.999558393843472004e-04 2.301248605363070965e-04 3.908439248334616423e-04 1.445695990696549416e-03 5.159876309335231781e-03 2.457120828330516815e-02 5.649594217538833618e-02 7.614322006702423096e-02 1.172601580619812012e-01 1.262538284063339233e-01 1.238618493080139160e-01 1.452019959688186646e-01 1.835849732160568237e-01 2.248027026653289795e-01 2.316451966762542725e-01 2.231582999229431152e-01 2.120933085680007935e-01 1.916453540325164795e-01 1.607558876276016235e-01 1.315972954034805298e-01 1.067953854799270630e-01 1.019679978489875793e-01 9.353654831647872925e-02 8.382477611303329468e-02 7.355348765850067139e-02 6.251486390829086304e-02 5.385309457778930664e-02 4.439219087362289429e-02 3.672808408737182617e-02 2.850717678666114807e-02 2.182172983884811401e-02 1.584197394549846649e-02 1.125925127416849136e-02 8.148785680532455444e-03 5.872352048754692078e-03 4.501296207308769226e-03 1.780976355075836182e-02 3.194476943463087082e-03 2.116424962878227234e-03 2.859984757378697395e-03 4.439904354512691498e-03 1.068655680865049362e-02 2.939058281481266022e-02 4.934171587228775024e-02 5.102193355560302734e-02 4.502110928297042847e-02 4.516560584306716919e-02 4.758938401937484741e-02 4.609942063689231873e-02 4.758162796497344971e-02 5.029620975255966187e-02 4.812782630324363708e-02 4.596913605928421021e-02 4.384844750165939331e-02 4.600364714860916138e-02 4.651520773768424988e-02 4.024503380060195923e-02 3.857567533850669861e-02 4.064156487584114075e-02 3.878919035196304321e-02 2.884787321090698242e-02 2.232747524976730347e-02 1.978789456188678741e-02 1.918249949812889099e-02 1.863681897521018982e-02 1.688409596681594849e-02 1.497291494160890579e-02 1.302089262753725052e-02 2.281887456774711609e-02
2.072608768939971924e-01 2.340022474527359009e-01 3.094258159399032593e-02 5.052371416240930557e-03 1.364856259897351265e-03 4.290835640858858824e-04 7.760554581182077527e-05 6.008171112625859678e-06 7.525234250351786613e-04 7.510213890782324597e-06 5.006809260521549731e-07 0.000000000000000000e+00 2.258071035612374544e-04 1.185612403787672520e-03 5.006809442420490086e-05 6.929424125701189041e-04 9.512938049738295376e-06 1.351838436676189303e-04 4.828066099435091019e-03 1.297664828598499298e-02 3.871064633131027222e-02 3.637947607785463333e-03 9.267303347587585449e-02 2.770337760448455811e-01 5.873858332633972168e-01 7.750750780105590820e-01 5.127944350242614746e-01 2.410177886486053467e-01 1.803803145885467529e-01 1.011746004223823547e-01 6.482516229152679443e-02 3.301189839839935303e-02 2.862893417477607727e-02 1.326904632151126862e-02 7.999880239367485046e-03 2.075823256745934486e-03 1.119923125952482224e-02 2.769766841083765030e-03 1.015380956232547760e-03 3.737082239240407944e-03 3.304494312033057213e-04 4.899663385003805161e-03 1.240687328390777111e-03 2.171953907236456871e-03 2.493390929885208607e-04 2.102860016748309135e-04 7.480172789655625820e-04 2.673636190593242645e-04 8.111030911095440388e-05 7.209805335151031613e-05 0.000000000000000000e+00 1.131338626146316528e-02 2.436513639986515045e-02 3.977409377694129944e-02 4.967255517840385437e-02 7.736922055482864380e-02 1.450152248144149780e-01 1.624409258365631104e-01 1.283275187015533447e-01 1.102098822593688965e-01 1.002323180437088013e-01 6.670171767473220825e-02 3.603801131248474121e-02 2.191981114447116852e-02 1.396198850125074387e-02 8.631738834083080292e-03 6.824281066656112671e-03 4.021469037979841232e-03 1.051429891958832741e-03 2.833853941410779953e-04 1.492029114160686731e-04 1.191620613099075854e-04 1.241688732989132404e-04 1.071457154466770589e-04 1.602178963366895914e-04 2.883922134060412645e-04 3.224385145585983992e-04 1.772410469129681587e-04 1.782424078555777669e-04 2.152927918359637260e-04 2.903949352912604809e-04 4.416005685925483704e-04 4.476087342482060194e-04 1.381879410473629832e-04
2.767336554825305939e-02 2.181476056575775146e-01 1.801867187023162842e-01 7.034476380795240402e-03 2.905716886743903160e-03 2.785728080198168755e-03 3.486470086500048637e-03 7.462773937731981277e-03 2.260891906917095184e-02 9.541342034935951233e-03 4.854040220379829407e-03 2.204408636316657066e-03 2.082720864564180374e-03 1.369835226796567440e-03 9.836312383413314819e-04 3.941320173908025026e-04 2.195914385083597153e-05 1.396198786096647382e-04 4.317393992096185684e-03 1.799139659851789474e-03 1.528092101216316223e-02 1.048678066581487656e-02 1.957258023321628571e-02 2.318168245255947113e-02 3.308934718370437622e-02 4.536029323935508728e-02 6.317362189292907715e-02 8.591096103191375732e-02 9.646305441856384277e-02 1.172051876783370972e-01 1.543283462524414062e-01 1.733557879924774170e-01 1.795263737440109253e-01 1.667223721742630005e-01 1.493915021419525146e-01 1.269931793212890625e-01 1.171810403466224670e-01 1.020273417234420776e-01 8.871065825223922729e-02 8.439181745052337646e-02 8.244494348764419556e-02 9.077343344688415527e-02 9.887805581092834473e-02 1.125054359436035156e-01 1.213484853506088257e-01 1.263959407806396484e-01 1.200011149048805237e-01 1.095101833343505859e-01 9.006445109844207764e-02 6.978364288806915283e-02 4.635052755475044250e-02 7.959087938070297241e-02 9.190498851239681244e-03 1.649980992078781128e-02 2.252869680523872375e-02 2.671339176595211029e-02 2.858413569629192352e-02 2.723726630210876465e-02 2.929953671991825104e-02 3.073826991021633148e-02 3.379027545452117920e-02 4.079958423972129822e-02 4.660246148705482483e-02 5.132109671831130981e-02 5.393379554152488708e-02 5.554077774286270142e-02 5.793161690235137939e-02 6.188225001096725464e-02 6.490316987037658691e-02 6.687685102224349976e-02 6.382635980844497681e-02 5.464340746402740479e-02 4.190194606781005859e-02 3.355747088789939880e-02 2.454805746674537659e-02 1.772285252809524536e-02 1.298672519624233246e-02 1.022830419242382050e-02 5.887692794203758240e-03 2.896467689424753189e-03 1.684750779531896114e-03 1.250475645065307617e-03 1.383488881401717663e-03 3.108508652076125145e-03
2.168608307838439941e-01 2.215553969144821167e-01 2.153918892145156860e-02 3.053212072700262070e-03 3.471116069704294205e-04 6.394161027856171131e-05 4.510167127591557801e-05 0.000000000000000000e+00 9.077425056602805853e-05 0.000000000000000000e+00 0.000000000000000000e+00 0.000000000000000000e+00 6.279979425016790628e-05 6.399870035238564014e-04 4.795620770892128348e-05 7.815720164217054844e-04 9.134516403719317168e-06 2.740354684647172689e-04 1.570337451994419098e-02 1.892557553946971893e-02 2.284085750579833984e-02 2.277920022606849670e-03 1.355790533125400543e-02 1.597489863634109497e-01 4.610133171081542969e-01 5.800132155418395996e-01 6.013948321342468262e-01 3.322782814502716064e-01 2.902412414550781250e-01 1.816375553607940674e-01 1.131389737129211426e-01 6.340495496988296509e-02 4.755200445652008057e-02 2.199134789407253265e-02 1.581869833171367645e-02 6.261710543185472488e-03 1.771982014179229736e-02 6.624807603657245636e-03 3.237044205889105797e-03 8.005261421203613281e-03 1.609958475455641747e-03 7.731225807219743729e-03 2.682122169062495232e-03 5.364244338124990463e-03 4.829875251743942499e-04 8.734880830161273479e-04 1.702445326372981071e-03 8.700626785866916180e-04 3.288425796199589968e-04 2.192283864133059978e-04 4.453076689969748259e-05 2.933207340538501740e-02 3.041108697652816772e-02 2.870407514274120331e-02 5.496694892644882202e-02 1.298505663871765137e-01 2.377029359340667725e-01 2.005973905324935913e-01 1.227918714284896851e-01 7.766279578208923340e-02 3.875660896301269531e-02 3.303040936589241028e-02 1.479220669716596603e-02 1.026034541428089142e-02 5.949995480477809906e-03 4.054583143442869186e-03 2.574791666120290756e-03 2.134051406756043434e-03 1.350766513496637344e-03 8.951825438998639584e-04 7.319030701182782650e-04 5.503545980900526047e-04 4.567258001770824194e-04 3.208498819731175900e-04 3.311262116767466068e-04 4.224713775329291821e-04 2.317883481737226248e-04 1.313086686423048377e-04 1.609958417247980833e-04 1.735558034852147102e-04 2.283629100929829292e-06 0.000000000000000000e+00 0.000000000000000000e+00 0.000000000000000000e+00
7.509899884462356567e-02 2.598616182804107666e-01 6.062184274196624756e-02 1.637239940464496613e-02 9.007928892970085144e-03 3.117586253210902214e-03 1.721507403999567032e-03 2.123662736266851425e-03 4.916702862828969955e-03 3.466385649517178535e-03 1.437573321163654327e-02 2.340041846036911011e-02 1.368078030645847321e-02 2.905484754592180252e-03 1.047720666974782944e-03 7.037719478830695152e-04 4.277311018086038530e-05 2.160703443223610520e-04 4.912734031677246094e-03 2.405877225100994110e-03 9.743802249431610107e-02 1.334521025419235229e-01 1.907671689987182617e-01 2.083773612976074219e-01 2.059062123298645020e-01 1.954581141471862793e-01 1.903068125247955322e-01 1.662145406007766724e-01 1.803746521472930908e-01 1.721516251564025879e-01 1.804513633251190186e-01 1.832982003688812256e-01 1.971831619739532471e-01 1.816657781600952148e-01 1.468052417039871216e-01 1.081480532884597778e-01 8.506645262241363525e-02 4.862376675009727478e-02 2.891815081238746643e-02 2.261595055460929871e-02 1.350924745202064514e-02 1.322879642248153687e-02 9.040559642016887665e-03 8.286518044769763947e-03 4.320525098592042923e-03 3.608815837651491165e-03 3.317782189697027206e-03 2.711903303861618042e-03 1.735618105158209801e-03 1.275256043300032616e-03 7.275838288478553295e-04 1.501468382775783539e-02 2.845514193177223206e-02 2.471139095723628998e-02 3.090070374310016632e-02 3.896762430667877197e-02 4.107717797160148621e-02 3.844817355275154114e-02 4.523983970284461975e-02 5.116810277104377747e-02 5.127569660544395447e-02 5.618005245923995972e-02 6.380777806043624878e-02 7.059503346681594849e-02 7.188969105482101440e-02 6.431752443313598633e-02 5.562885105609893799e-02 5.352811887860298157e-02 5.057633295655250549e-02 4.315938800573348999e-02 3.594440221786499023e-02 3.048972971737384796e-02 2.346788533031940460e-02 1.547328196465969086e-02 7.550115231424570084e-03 2.227729419246315956e-03 1.062713330611586571e-03 3.959819732699543238e-04 5.247422377578914165e-04 9.321891702711582184e-04 1.874079462140798569e-03 1.305241312365978956e-04 0.000000000000000000e+00 0.000000000000000000e+00
8.093360811471939087e-02 3.371767103672027588e-01 5.138187855482101440e-02 1.677968725562095642e-02 3.820375306531786919e-03 8.949692710302770138e-04 7.293801900232210755e-05 1.971297933778259903e-05 1.048730453476309776e-03 5.716763917007483542e-05 6.702412792947143316e-05 9.856489668891299516e-06 5.164800677448511124e-04 1.237975084222853184e-03 1.261630677618086338e-04 4.474846355151385069e-04 5.913893801334779710e-06 1.537612406536936760e-04 3.575934330001473427e-03 1.673631952144205570e-03 4.448430985212326050e-02 1.388582214713096619e-02 3.008989244699478149e-02 1.306852251291275024e-01 7.833543419837951660e-02 5.502286925911903381e-02 5.379277467727661133e-02 5.097776278853416443e-02 7.486989349126815796e-02 1.086264029145240784e-01 1.388818770647048950e-01 1.662395447492599487e-01 2.439835965633392334e-01 2.862442731857299805e-01 2.889055311679840088e-01 2.693305611610412598e-01 2.543210983276367188e-01 1.947681903839111328e-01 1.318680047988891602e-01 9.387715160846710205e-02 6.203674525022506714e-02 5.903248488903045654e-02 2.760605514049530029e-02 2.486201003193855286e-02 1.169768162071704865e-02 1.207617111504077911e-02 1.075145881623029709e-02 9.840719401836395264e-03 5.653682164847850800e-03 5.760132335126399994e-03 2.507490804418921471e-03 5.898517370223999023e-02 3.936681896448135376e-02 5.786153674125671387e-02 3.671345114707946777e-02 3.398517519235610962e-02 4.502838850021362305e-02 6.337722390890121460e-02 7.019791752099990845e-02 6.743810325860977173e-02 6.165036931633949280e-02 6.588471680879592896e-02 6.778504699468612671e-02 5.476265400648117065e-02 5.347736924886703491e-02 4.909714683890342712e-02 3.899227082729339600e-02 3.034616075456142426e-02 2.604478783905506134e-02 2.453871630132198334e-02 1.708326674997806549e-02 1.195789314806461334e-02 9.639646857976913452e-03 9.316354058682918549e-03 8.862955495715141296e-03 7.759028580039739609e-03 5.913893692195415497e-03 6.225358694791793823e-03 7.502759806811809540e-03 1.697681844234466553e-02 9.103453718125820160e-03 2.542974194511771202e-03 4.967670538462698460e-04 7.096672197803854942e-05
6.171955913305282593e-02 2.610089480876922607e-01 5.200785119086503983e-03 1.204758184030652046e-03 5.985497846268117428e-04 3.151812416035681963e-04 1.761480234563350677e-04 2.203323092544451356e-04 8.948791073635220528e-04 4.824924108106642962e-04 3.798729553818702698e-02 5.890295654535293579e-02 3.157232329249382019e-02 3.592477180063724518e-03 2.750619081780314445e-03 8.389123249799013138e-04 2.733534493017941713e-04 5.484743160195648670e-04 1.965317176654934883e-03 2.974662929773330688e-02 2.553851902484893799e-02 4.235329106450080872e-02 5.542830750346183777e-02 5.729465186595916748e-02 4.269969463348388672e-02 4.026779159903526306e-02 6.239174678921699524e-02 1.911094039678573608e-01 4.620191752910614014e-01 2.182703614234924316e-01 3.141396641731262207e-01 3.588294386863708496e-01 4.571836590766906738e-01 1.957116425037384033e-01 8.219337463378906250e-02 5.599386245012283325e-02 3.561607003211975098e-02 3.099262714385986328e-02 2.416703850030899048e-02 2.218404598534107208e-02 1.786105707287788391e-02 1.711875945329666138e-02 1.514283847063779831e-02 1.354513503611087799e-02 1.066785398870706558e-02 1.689607091248035431e-02 3.004531562328338623e-02 5.087555199861526489e-02 2.342474088072776794e-02 1.877301931381225586e-02 8.352598175406455994e-03 2.912628231570124626e-03 6.527492078021168709e-04 2.146649360656738281e-02 2.266477234661579132e-02 2.311722002923488617e-02 1.434752158820629120e-02 2.113305032253265381e-02 2.257286943495273590e-02 3.103150799870491028e-02 4.902570694684982300e-02 5.605395510792732239e-02 2.302060276269912720e-02 1.466211397200822830e-02 1.762894168496131897e-02 1.628338359296321869e-02 2.175634354352951050e-02 3.863356262445449829e-02 4.810549691319465637e-02 5.281848460435867310e-02 8.585184067487716675e-02 9.176428616046905518e-02 7.973320037126541138e-02 8.926757425069808960e-02 1.009722873568534851e-01 3.951489180326461792e-02 9.526132605969905853e-03 2.982144942507147789e-03 2.461359370499849319e-03 2.080785343423485756e-03 8.353776065632700920e-04 3.534743154887109995e-05 0.000000000000000000e+00 0.000000000000000000e+00
7.037651538848876953e-02 1.975779086351394653e-01 1.200834512710571289e-01 3.355156397446990013e-03 1.329375198110938072e-03 6.336370715871453285e-04 6.932492397027090192e-05 2.333493903279304504e-04 1.230790512636303902e-03 4.177099908702075481e-04 9.879105491563677788e-04 6.103810388594865799e-03 2.807798981666564941e-02 2.392577938735485077e-02 8.238375186920166016e-03 3.925235476344823837e-03 1.743928529322147369e-03 2.796125365421175957e-03 1.791593991219997406e-02 1.097768079489469528e-02 1.652142852544784546e-01 1.323961466550827026e-01 1.367173641920089722e-01 1.389690339565277100e-01 1.595854908227920532e-01 1.759499311447143555e-01 1.501195430755615234e-01 1.164585873484611511e-01 1.420671641826629639e-01 1.505263894796371460e-01 1.555647552013397217e-01 1.290215700864791870e-01 1.411806344985961914e-01 1.325597018003463745e-01 1.243040859699249268e-01 1.142699420452117920e-01 1.335372924804687500e-01 1.180174872279167175e-01 1.076304018497467041e-01 9.792152047157287598e-02 7.694738358259201050e-02 6.415966898202896118e-02 4.062464833259582520e-02 2.812576293945312500e-02 1.672211848199367523e-02 1.201992109417915344e-02 8.917783387005329132e-03 6.509865168482065201e-03 4.588921554386615753e-03 3.081013448536396027e-03 1.954817213118076324e-03 1.433678343892097473e-02 5.338711291551589966e-02 4.273134842514991760e-02 3.739053755998611450e-02 3.579715639352798462e-02 3.682816773653030396e-02 3.671173378825187683e-02 3.916032612323760986e-02 3.923110663890838623e-02 3.921435400843620300e-02 4.060376435518264771e-02 4.190260544419288635e-02 4.075504094362258911e-02 3.777759149670600891e-02 3.531139716506004333e-02 3.540828078985214233e-02 3.693233802914619446e-02 3.784424439072608948e-02 3.943738341331481934e-02 4.437159374356269836e-02 4.856107756495475769e-02 4.685405641794204712e-02 3.987676277756690979e-02 3.342456743121147156e-02 2.775971405208110809e-02 2.152981981635093689e-02 1.416013203561306000e-02 8.395357057452201843e-03 4.490701016038656235e-03 2.180882031098008156e-03 1.039995229803025723e-03 4.799324378836899996e-04 4.509155405685305595e-04
8.238182216882705688e-02 1.399286091327667236e-01 3.663358464837074280e-02 2.385653369128704071e-02 8.946635760366916656e-03 4.447636660188436508e-03 8.888308657333254814e-04 2.428832696750760078e-03 5.415687337517738342e-03 1.926525612361729145e-03 2.042308682575821877e-03 7.652128697372972965e-04 1.158666312694549561e-01 4.061373695731163025e-02 3.540524048730731010e-03 5.944981239736080170e-03 6.613563280552625656e-03 1.837729592807590961e-03 8.279794827103614807e-03 7.640811149030923843e-03 1.777748763561248779e-01 2.009871900081634521e-01 3.780621290206909180e-01 4.733455181121826172e-01 5.043301582336425781e-01 1.593209654092788696e-01 1.568451374769210815e-01 1.579942554235458374e-01 1.366257518529891968e-01 6.515017151832580566e-02 4.546879231929779053e-02 2.527552843093872070e-02 4.300861805677413940e-02 3.425437211990356445e-02 3.674066439270973206e-02 3.475581109523773193e-02 5.790023505687713623e-02 4.270044341683387756e-02 4.042831063270568848e-02 4.845651239156723022e-02 3.601984679698944092e-02 4.361974447965621948e-02 2.550012990832328796e-02 2.020893245935440063e-02 1.026377640664577484e-02 6.758944597095251083e-03 6.508226506412029266e-03 3.541394602507352829e-03 1.786367269232869148e-03 8.566205506213009357e-04 4.178636590950191021e-04 2.509271353483200073e-02 7.787411659955978394e-02 4.384434595704078674e-02 1.118481718003749847e-02 4.784538876265287399e-03 1.295725628733634949e-02 2.175502665340900421e-02 2.649952098727226257e-02 2.683033049106597900e-02 3.002524562180042267e-02 3.353704139590263367e-02 3.691477328538894653e-02 3.792287036776542664e-02 3.310002759099006653e-02 2.876643091440200806e-02 2.465917915105819702e-02 1.803952269256114960e-02 1.221728883683681488e-02 9.974754415452480316e-03 5.616610124707221985e-02 3.112805783748626709e-01 5.106468126177787781e-02 6.868285685777664185e-02 1.353181898593902588e-02 2.895446959882974625e-03 1.894315355457365513e-03 1.027248217724263668e-03 5.292939604260027409e-04 5.084007862024009228e-04 4.283102753106504679e-04 3.638896159827709198e-04 3.517019213177263737e-04 3.882650053128600121e-04
2.171000838279724121e-02 3.496375083923339844e-01 1.280220597982406616e-01 5.043341079726815224e-04 0.000000000000000000e+00 0.000000000000000000e+00 0.000000000000000000e+00 0.000000000000000000e+00 0.000000000000000000e+00 0.000000000000000000e+00 0.000000000000000000e+00 0.000000000000000000e+00 0.000000000000000000e+00 0.000000000000000000e+00 0.000000000000000000e+00 0.000000000000000000e+00 0.000000000000000000e+00 0.000000000000000000e+00 1.576044087414629757e-05 1.103230897570028901e-04 0.000000000000000000e+00 0.000000000000000000e+00 3.782506100833415985e-03 1.560283731669187546e-02 2.236406505107879639e-02 1.947990432381629944e-02 3.002364188432693481e-02 3.976359218358993530e-02 5.531914532184600830e-02 7.640662044286727905e-02 1.043026000261306763e-01 1.179196238517761230e-01 1.438297927379608154e-01 1.638770699501037598e-01 1.656737625598907471e-01 1.846335679292678833e-01 2.090780138969421387e-01 2.799527347087860107e-01 3.383924365043640137e-01 3.350354731082916260e-01 2.614184319972991943e-01 1.617494076490402222e-01 8.387707173824310303e-02 4.368794336915016174e-02 2.330969274044036865e-02 1.867612451314926147e-02 1.489361654967069626e-02 1.111111044883728027e-02 1.139479875564575195e-02 8.226950652897357941e-03 9.881796315312385559e-03 4.633569717407226562e-02 3.845547791570425034e-03 3.420015797019004822e-03 1.472025178372859955e-02 2.349881827831268311e-02 3.535066917538642883e-02 8.482269197702407837e-02 1.188652515411376953e-01 1.424743831157684326e-01 1.292513757944107056e-01 1.211189925670623779e-01 1.144050434231758118e-01 6.817966699600219727e-02 3.916469588875770569e-02 2.843183651566505432e-02 1.702127605676651001e-02 1.391647011041641235e-02 7.549251429736614227e-03 6.509062368422746658e-03 5.910165607929229736e-03 5.122143309563398361e-03 3.656422486528754234e-03 2.395587041974067688e-03 1.686367206275463104e-03 1.686367206275463104e-03 1.182033098302781582e-03 1.513002323918044567e-03 1.339637557975947857e-03 4.728132335003465414e-04 5.516154342330992222e-04 2.521670539863407612e-04 3.309692547190934420e-04 1.355397980660200119e-03
1.847658306360244751e-01 5.016516521573066711e-02 1.719774864614009857e-02 1.416290551424026489e-02 1.181829371489584446e-03 8.167593041434884071e-04 8.525860903318971395e-05 6.621146894758567214e-05 4.992163274437189102e-03 1.446675305487588048e-04 1.297472743317484856e-03 2.492997981607913971e-02 2.998608723282814026e-02 1.236975379288196564e-02 2.240260504186153412e-02 3.468392649665474892e-03 1.351575646549463272e-02 1.212894357740879059e-02 3.786298260092735291e-02 6.845948845148086548e-02 1.060789376497268677e-01 3.879711031913757324e-01 5.943141579627990723e-01 4.800612926483154297e-01 2.528262138366699219e-01 1.770621687173843384e-01 1.001552790403366089e-01 8.293938636779785156e-02 1.044816970825195312e-01 1.014151126146316528e-01 6.302425265312194824e-02 4.254041612148284912e-02 5.126400291919708252e-02 6.433577835559844971e-02 6.409633159637451172e-02 6.934790313243865967e-02 7.830277085304260254e-02 5.069803074002265930e-02 1.779818721115589142e-02 1.445949636399745941e-02 1.010042428970336914e-02 1.115617901086807251e-02 9.675944223999977112e-03 9.431052953004837036e-03 5.746793001890182495e-03 5.871959961950778961e-03 5.474691279232501984e-03 4.767226055264472961e-03 3.493788884952664375e-03 3.137335181236267090e-03 1.956412801519036293e-03 2.601566538214683533e-02 8.040612563490867615e-03 2.684829756617546082e-02 3.817227482795715332e-02 4.487414285540580750e-02 3.315017744898796082e-02 4.479704797267913818e-02 5.304082855582237244e-02 6.518564373254776001e-02 7.352738082408905029e-02 7.831274718046188354e-02 8.265731483697891235e-02 8.003968745470046997e-02 8.315435051918029785e-02 7.989638298749923706e-02 4.664734005928039551e-02 2.277674525976181030e-02 1.273709163069725037e-02 7.598899770528078079e-03 5.859261844307184219e-03 6.170365028083324432e-03 6.990298628807067871e-03 6.837014574557542801e-03 7.533595431596040726e-03 8.343552239239215851e-03 1.308991666883230209e-02 1.367584336549043655e-02 1.146909687668085098e-02 1.044055074453353882e-02 1.308628916740417480e-02 1.105731539428234100e-02 3.468392649665474892e-03 5.215287092141807079e-04
2.792378887534141541e-02 1.389874964952468872e-01 1.358956396579742432e-01 1.682280004024505615e-02 8.365157991647720337e-03 6.061965599656105042e-03 5.017772782593965530e-03 8.815158158540725708e-03 1.948968693614006042e-02 1.827973872423171997e-02 3.534112870693206787e-02 3.918793797492980957e-02 1.779847964644432068e-02 6.811100989580154419e-03 2.587191527709364891e-03 1.984349684789776802e-03 7.339993026107549667e-04 1.440877560526132584e-03 4.896067548543214798e-03 3.559658769518136978e-03 1.319686472415924072e-01 2.658277153968811035e-01 2.270702421665191650e-01 2.358059585094451904e-01 2.329354584217071533e-01 2.238402068614959717e-01 1.806424111127853394e-01 1.599472165107727051e-01 1.578810811042785645e-01 1.351905465126037598e-01 1.267217248678207397e-01 1.144779473543167114e-01 1.196536868810653687e-01 1.073694974184036255e-01 8.881533145904541016e-02 7.135058939456939697e-02 7.500248402357101440e-02 5.450709164142608643e-02 4.253390431404113770e-02 4.632665589451789856e-02 2.783995494246482849e-02 3.214423730969429016e-02 2.274687215685844421e-02 2.283731848001480103e-02 1.207327283918857574e-02 1.061874069273471832e-02 1.142236590385437012e-02 6.909391377121210098e-03 3.927677869796752930e-03 2.658855402842164040e-03 1.367051270790398121e-03 4.758584126830101013e-02 4.103217273950576782e-02 2.803233638405799866e-02 1.895276270806789398e-02 1.884131319820880890e-02 1.862570270895957947e-02 1.945848762989044189e-02 2.096676640212535858e-02 2.154860273003578186e-02 2.290663495659828186e-02 2.458035759627819061e-02 2.703595906496047974e-02 3.016211278736591339e-02 3.351697325706481934e-02 3.801536932587623596e-02 4.225058481097221375e-02 4.779885336756706238e-02 5.556771904230117798e-02 6.270050257444381714e-02 6.289980560541152954e-02 6.294218450784683228e-02 6.124337762594223022e-02 4.975157231092453003e-02 3.799745440483093262e-02 3.916396945714950562e-02 4.603703320026397705e-02 4.085140675306320190e-02 1.347294263541698456e-02 4.238798283040523529e-03 2.699011936783790588e-03 2.221705392003059387e-03 1.918863621540367603e-03 2.568657742813229561e-03
2.959253638982772827e-02 2.020758390426635742e-01 1.263339631259441376e-02 1.620727009139955044e-03 1.744849607348442078e-03 5.059065297245979309e-03 6.123808771371841431e-02 6.692632567137479782e-03 3.230040427297353745e-03 1.496604410931468010e-03 2.679335651919245720e-03 5.475660786032676697e-03 8.816698193550109863e-02 4.876305535435676575e-02 7.451634854078292847e-03 3.468298818916082382e-03 2.550933044403791428e-03 2.948981244117021561e-03 4.481253214180469513e-03 8.630085736513137817e-03 2.473891479894518852e-03 9.946926496922969818e-03 2.529532648622989655e-02 5.020544305443763733e-02 8.198082447052001953e-02 1.021229326725006104e-01 1.007704138755798340e-01 9.950350224971771240e-02 1.184300631284713745e-01 1.206043437123298645e-01 1.756548583507537842e-01 2.847200930118560791e-01 2.518746852874755859e-01 2.409946918487548828e-01 2.612138390541076660e-01 2.007361650466918945e-01 1.821177899837493896e-01 1.957626938819885254e-01 2.034497559070587158e-01 1.056411564350128174e-01 5.273925885558128357e-02 2.443930879235267639e-02 2.029618248343467712e-02 2.074131183326244354e-02 2.401985973119735718e-02 2.473891340196132660e-02 6.009244825690984726e-03 2.705016406252980232e-03 1.763396663591265678e-03 1.600753283128142357e-03 1.112823141738772392e-03 6.334532052278518677e-03 4.565428389469161630e-05 6.391599890775978565e-04 2.990355482324957848e-03 1.149346586316823959e-02 2.805455774068832397e-02 4.207612946629524231e-02 3.894595801830291748e-02 2.902756445109844208e-02 2.313530817627906799e-02 1.881527155637741089e-02 2.008217759430408478e-02 2.813730575144290924e-02 2.791759371757507324e-02 2.245905436575412750e-02 2.219083532691001892e-02 3.159847110509872437e-02 4.291788116097450256e-02 6.056611239910125732e-02 7.938138395547866821e-02 6.007247790694236755e-02 5.532157793641090393e-02 2.881641313433647156e-02 3.430919349193572998e-02 4.876448214054107666e-02 3.859784454107284546e-02 5.073902755975723267e-02 4.995149374008178711e-02 4.575985670089721680e-02 3.015465475618839264e-02 1.635279320180416107e-02 8.274838328361511230e-03 2.411116845905780792e-03
1.508810324594378471e-03 2.447980642318725586e-01 1.554626673460006714e-01 8.106105960905551910e-03 7.353656925261020660e-03 9.359318763017654419e-03 6.842895876616239548e-03 1.239041425287723541e-02 2.073951251804828644e-02 1.670775935053825378e-02 1.618395745754241943e-02 1.047603800543583930e-04 0.000000000000000000e+00 0.000000000000000000e+00 0.000000000000000000e+00 0.000000000000000000e+00 0.000000000000000000e+00 0.000000000000000000e+00 0.000000000000000000e+00 4.420801124069839716e-04 2.451653708703815937e-04 2.637353539466857910e-02 1.724399328231811523e-01 2.253122031688690186e-01 1.275981515645980835e-01 5.403288453817367554e-02 1.917766965925693512e-02 8.940711617469787598e-03 6.249109283089637756e-03 5.612722132354974747e-03 5.109350662678480148e-03 7.117620203644037247e-03 9.890075773000717163e-03 1.201571151614189148e-02 1.867169141769409180e-02 6.120527535676956177e-02 1.779378950595855713e-01 2.858158946037292480e-01 3.428168296813964844e-01 3.538023233413696289e-01 2.366184890270233154e-01 1.401798129081726074e-01 1.957723796367645264e-01 2.150048315525054932e-01 1.529805809259414673e-01 8.796481788158416748e-02 4.338905587792396545e-02 6.110877729952335358e-03 8.293892024084925652e-04 3.077607834711670876e-04 1.747455389704555273e-04 3.025445039384067059e-04 1.304071156482677907e-05 1.477947262173984200e-05 1.912637708301190287e-05 1.391009209328331053e-05 1.391009209328331053e-05 1.999575761146843433e-05 1.738761602609883994e-05 1.738761602609883994e-05 2.608142312965355814e-05 3.651399310911074281e-05 1.504028768977150321e-04 3.964376228395849466e-04 5.997858010232448578e-03 2.116159722208976746e-02 4.386373609304428101e-02 4.990854114294052124e-02 4.345078021287918091e-02 4.662141203880310059e-02 4.267964139580726624e-02 4.118343442678451538e-02 5.486487969756126404e-02 7.509972155094146729e-02 1.367588043212890625e-01 1.510062217712402344e-01 8.898981660604476929e-02 5.102482438087463379e-02 5.445714294910430908e-02 5.706093832850456238e-02 2.902601473033428192e-02 4.725084640085697174e-03 1.116284867748618126e-03 2.642917388584464788e-04
5.992919951677322388e-02 4.036632180213928223e-01 3.640310466289520264e-02 0.000000000000000000e+00 0.000000000000000000e+00 0.000000000000000000e+00 0.000000000000000000e+00 0.000000000000000000e+00 0.000000000000000000e+00 0.000000000000000000e+00 0.000000000000000000e+00 0.000000000000000000e+00 0.000000000000000000e+00 0.000000000000000000e+00 0.000000000000000000e+00 0.000000000000000000e+00 0.000000000000000000e+00 0.000000000000000000e+00 0.000000000000000000e+00 4.467460712476167828e-06 0.000000000000000000e+00 0.000000000000000000e+00 2.680476427485700697e-06 1.554676418891176581e-04 1.444776891730725765e-03 3.983187954872846603e-03 9.202076122164726257e-03 1.528943795710802078e-02 1.284216251224279404e-02 1.403765566647052765e-02 1.876869611442089081e-02 6.137219071388244629e-02 8.791962265968322754e-02 1.377148330211639404e-01 1.580650210380554199e-01 1.063934713602066040e-01 8.778828382492065430e-02 1.081357821822166443e-01 1.302684843540191650e-01 1.813181638717651367e-01 2.322096824645996094e-01 2.610435485839843750e-01 2.564170658588409424e-01 2.287893891334533691e-01 1.913216710090637207e-01 1.781391054391860962e-01 1.532991230487823486e-01 1.044367253780364990e-01 8.708599954843521118e-02 7.286339253187179565e-02 5.061007663607597351e-02 4.908220469951629639e-02 2.680476427485700697e-06 3.842016303678974509e-05 4.181543190497905016e-04 2.613464603200554848e-03 4.019821062684059143e-03 4.081472288817167282e-03 3.996590618044137955e-03 5.566456355154514313e-03 8.531956933438777924e-03 1.062362175434827805e-02 1.693793013691902161e-02 2.248294278979301453e-02 1.301639340817928314e-02 9.588064625859260559e-03 8.934028446674346924e-03 1.897330582141876221e-02 2.746058814227581024e-02 2.088895253837108612e-02 2.201475389301776886e-02 2.036983519792556763e-02 2.446470968425273895e-02 5.112651363015174866e-02 8.177061378955841064e-02 9.439923614263534546e-02 1.081411466002464294e-01 1.240953356027603149e-01 1.213871613144874573e-01 1.015632525086402893e-01 4.984524846076965332e-02 1.998652704060077667e-02 2.514286898076534271e-03 1.465327077312394977e-04
1.362653169780969620e-02 3.460627198219299316e-01 1.391470730304718018e-01 7.180966204032301903e-04 1.016582536976784468e-04 2.883922206819988787e-06 0.000000000000000000e+00 0.000000000000000000e+00 7.209805517049971968e-07 0.000000000000000000e+00 0.000000000000000000e+00 0.000000000000000000e+00 0.000000000000000000e+00 7.209805517049971968e-07 0.000000000000000000e+00 0.000000000000000000e+00 1.441961103409994394e-06 7.209805517049971968e-07 7.498197373934090137e-05 2.624369226396083832e-04 2.673395909368991852e-03 4.364816006273031235e-03 4.382119514048099518e-03 6.177361123263835907e-03 1.311607751995325089e-02 1.383849978446960449e-02 6.275991350412368774e-02 1.346560865640640259e-01 3.727916181087493896e-01 7.596380710601806641e-01 6.714636087417602539e-01 2.560057640075683594e-01 1.099726036190986633e-01 6.561499834060668945e-02 5.713193863630294800e-02 5.833453685045242310e-02 6.309300661087036133e-02 6.648882478475570679e-02 6.489257514476776123e-02 5.693294852972030640e-02 4.267916455864906311e-02 3.267339617013931274e-02 2.387022413313388824e-02 1.870511844754219055e-02 1.049026660621166229e-02 8.219178766012191772e-03 5.550108384341001511e-03 3.737562801688909531e-03 2.487382851541042328e-03 1.777938101440668106e-03 1.263157930225133896e-03 4.217735957354307175e-03 1.499639474786818027e-04 3.326604142785072327e-03 2.457101643085479736e-02 2.464599907398223877e-02 1.677289046347141266e-02 2.961499616503715515e-02 4.508579522371292114e-02 3.835472092032432556e-02 7.582408189773559570e-02 7.006488740444183350e-02 4.517087340354919434e-02 3.519538417458534241e-02 1.926748454570770264e-02 1.000144239515066147e-02 8.732516318559646606e-03 8.250901475548744202e-03 9.906272403895854950e-03 1.101946644484996796e-02 1.217159349471330643e-02 1.650612801313400269e-02 3.078010119497776031e-02 6.956019997596740723e-02 1.522494554519653320e-01 1.382494568824768066e-01 6.080317124724388123e-02 3.397548571228981018e-02 3.323720302432775497e-03 7.454938604496419430e-04 5.839942605234682560e-04 6.416726973839104176e-04 6.070656236261129379e-04 3.847152227535843849e-03
5.633193254470825195e-02 1.257675588130950928e-01 7.164867967367172241e-02 6.299819797277450562e-02 4.299277812242507935e-02 4.180357605218887329e-02 1.855596154928207397e-02 1.652248017489910126e-02 1.594044826924800873e-02 5.494596436619758606e-03 3.302379744127392769e-03 1.209373353049159050e-03 1.029472099617123604e-03 3.016654169186949730e-03 4.738613963127136230e-03 3.993875347077846527e-03 4.313993733376264572e-03 3.616876434534788132e-03 7.815456017851829529e-03 8.907099254429340363e-03 3.333267197012901306e-02 8.278106153011322021e-02 1.231397986412048340e-01 1.779594421386718750e-01 2.590380311012268066e-01 2.116849869489669800e-01 2.149549573659896851e-01 1.896722018718719482e-01 1.674253046512603760e-01 1.574804633855819702e-01 1.448708176612854004e-01 1.352970302104949951e-01 1.239334940910339355e-01 1.005297899246215820e-01 8.486051112413406372e-02 7.404658943414688110e-02 8.611650764942169189e-02 7.385015487670898438e-02 6.991349160671234131e-02 8.382673561573028564e-02 9.658122062683105469e-02 1.089963912963867188e-01 9.422199428081512451e-02 5.816897749900817871e-02 2.583634108304977417e-02 9.994444437325000763e-03 3.801738377660512924e-03 1.490138471126556396e-03 6.766141741536557674e-04 3.095360880251973867e-04 1.488154230173677206e-04 5.059724673628807068e-03 1.244361512362957001e-02 1.131989341229200363e-02 1.235101930797100067e-02 1.681812852621078491e-02 1.830958947539329529e-02 1.636705175042152405e-02 2.037382498383522034e-02 2.734698541462421417e-02 3.321295976638793945e-02 4.168816283345222473e-02 5.106221139430999756e-02 4.259560629725456238e-02 4.159821197390556335e-02 4.901980236172676086e-02 5.536926165223121643e-02 5.607960745692253113e-02 5.651414766907691956e-02 6.450917571783065796e-02 6.486368179321289062e-02 7.061060518026351929e-02 5.291546136140823364e-02 4.490786790847778320e-02 3.524015471339225769e-02 2.476487122476100922e-02 1.932484097778797150e-02 1.892469264566898346e-02 1.387356687337160110e-02 1.013466157019138336e-02 6.531343795359134674e-03 4.421471618115901947e-03 2.504067728295922279e-03 4.003465641289949417e-03
3.157804161310195923e-02 3.050074577331542969e-01 1.599708944559097290e-01 1.844083191826939583e-03 2.432488545309752226e-04 4.430762146512279287e-06 0.000000000000000000e+00 0.000000000000000000e+00 0.000000000000000000e+00 0.000000000000000000e+00 0.000000000000000000e+00 0.000000000000000000e+00 0.000000000000000000e+00 1.019075352814979851e-05 0.000000000000000000e+00 1.151998185378033668e-05 0.000000000000000000e+00 1.240613437403226271e-05 3.593348083086311817e-04 9.583738865330815315e-04 1.541905221529304981e-04 5.316914666764205322e-06 6.619558553211390972e-04 8.860638365149497986e-03 2.872994914650917053e-02 8.151628077030181885e-02 2.356164157390594482e-01 5.125187039375305176e-01 7.501927614212036133e-01 5.261512398719787598e-01 3.102791905403137207e-01 2.107093334197998047e-01 1.244530230760574341e-01 7.730261981487274170e-02 4.315473884344100952e-02 2.356722392141819000e-02 1.532866526395082474e-02 8.100319653749465942e-03 5.367425270378589630e-03 4.795857239514589310e-03 2.658457262441515923e-03 2.730235690250992775e-03 2.775429282337427139e-03 2.039036713540554047e-03 1.175038167275488377e-03 1.597732887603342533e-03 2.304882509633898735e-03 1.393031561747193336e-03 9.357769740745425224e-04 2.950887719634920359e-04 9.836292156251147389e-05 1.453112810850143433e-02 6.227879319339990616e-03 5.722772330045700073e-03 4.576623067259788513e-02 2.168734073638916016e-01 2.609966993331909180e-01 1.492564231157302856e-01 1.052890866994857788e-01 7.774392515420913696e-02 7.182177156209945679e-02 3.946657106280326843e-02 1.210041157901287079e-02 2.858727704733610153e-03 8.312109857797622681e-04 3.845901519525796175e-04 2.020427637035027146e-04 1.577351358719170094e-04 1.373536360915750265e-04 1.515320618636906147e-04 1.550766755826771259e-04 2.321719366591423750e-04 3.987686068285256624e-04 4.297839477658271790e-04 4.962453967891633511e-04 4.280116409063339233e-04 2.835687773767858744e-04 3.349656180944293737e-04 4.173777997493743896e-04 6.398020777851343155e-04 1.958396896952763200e-04 0.000000000000000000e+00 0.000000000000000000e+00 0.000000000000000000e+00
3.848479315638542175e-02 1.300753057003021240e-01 2.454840242862701416e-01 6.907532364130020142e-02 1.329303998500108719e-02 5.919176619499921799e-04 5.579343905992573127e-06 1.014426175061089452e-06 1.077320543117821217e-03 1.521639205748215318e-05 0.000000000000000000e+00 0.000000000000000000e+00 1.521639205748215318e-05 1.090508085326291621e-04 0.000000000000000000e+00 3.144720903947018087e-05 0.000000000000000000e+00 1.268032701773336157e-05 8.561756694689393044e-04 8.718993049114942551e-04 5.713146552443504333e-02 1.595712602138519287e-01 3.600867986679077148e-01 5.126737356185913086e-01 4.348083734512329102e-01 2.944645881652832031e-01 1.845231056213378906e-01 1.050539687275886536e-01 6.477314233779907227e-02 5.049712210893630981e-02 4.081949591636657715e-02 3.138532862067222595e-02 2.051169797778129578e-02 1.986652240157127380e-02 2.808033116161823273e-02 4.439838975667953491e-02 7.254871726036071777e-02 9.671234339475631714e-02 9.884872287511825562e-02 7.775271683931350708e-02 7.518723607063293457e-02 6.851028650999069214e-02 4.936501756310462952e-02 2.908461168408393860e-02 1.285176537930965424e-02 5.204006098210811615e-03 2.382887061685323715e-03 1.293393317610025406e-03 7.973389001563191414e-04 4.382320912554860115e-04 1.978130894713103771e-04 1.795534335542470217e-04 4.057704700244357809e-06 6.086556822992861271e-06 6.999540346441790462e-05 5.412978120148181915e-03 4.366090148687362671e-02 6.806292384862899780e-02 7.946811616420745850e-02 7.312085479497909546e-02 5.533796176314353943e-02 3.806532546877861023e-02 4.108831658959388733e-02 4.637550562620162964e-02 5.416934192180633545e-02 5.288102105259895325e-02 5.121431872248649597e-02 6.529455631971359253e-02 9.115125983953475952e-02 7.308230549097061157e-02 4.831103235483169556e-02 2.797787263989448547e-02 1.768144778907299042e-02 1.233034953474998474e-02 9.295186959207057953e-03 7.847600616514682770e-03 6.402043625712394714e-03 7.046204060316085815e-03 9.056796319782733917e-03 6.588697899132966995e-03 2.594902180135250092e-03 1.528740162029862404e-03 1.508451648987829685e-03 3.364851465448737144e-03
2.588359117507934570e-01 1.904223486781120300e-02 6.671307981014251709e-02 1.668445183895528316e-03 3.268878572271205485e-05 1.113574035116471350e-05 5.747478553530527279e-06 1.197391412688375567e-07 3.430526339798234403e-05 2.394782825376751134e-07 1.035743571264902130e-05 7.603435278724646196e-06 1.233623847365379333e-01 1.876378245651721954e-02 4.366946406662464142e-03 1.173144206404685974e-03 1.311502768658101559e-03 1.553974580019712448e-03 1.729691750369966030e-03 1.376700820401310921e-03 1.276443153619766235e-02 4.896959662437438965e-02 6.026842072606086731e-02 5.567690357565879822e-02 2.405801117420196533e-01 1.605479121208190918e-01 3.197250515222549438e-02 2.357041090726852417e-02 2.573397755622863770e-02 2.440163865685462952e-02 2.632093802094459534e-02 2.509744465351104736e-02 3.013043850660324097e-02 2.892921678721904755e-02 3.042679466307163239e-02 2.901973947882652283e-02 3.603058680891990662e-02 3.268196061253547668e-02 3.027627989649772644e-02 3.761437535285949707e-02 3.505638986825942993e-02 4.777484387159347534e-02 5.324787646532058716e-02 7.501250505447387695e-02 8.554008603096008301e-02 9.101563692092895508e-02 7.230292260646820068e-02 1.440314650535583496e-01 3.748703002929687500e-01 4.975369870662689209e-01 3.773557543754577637e-01 1.552415490150451660e-01 1.208084076642990112e-02 7.529436610639095306e-03 6.461962126195430756e-03 8.282236754894256592e-03 1.404528133571147919e-02 2.538481727242469788e-02 4.813800752162933350e-02 4.406975209712982178e-02 4.927289485931396484e-02 5.868547037243843079e-02 4.463360458612442017e-02 3.199106454849243164e-02 2.750886976718902588e-02 2.857586555182933807e-02 3.844584524631500244e-02 5.578826367855072021e-02 6.509738415479660034e-02 7.879912853240966797e-02 8.914519101381301880e-02 1.019692569971084595e-01 7.429310679435729980e-02 4.226121306419372559e-02 1.071629393845796585e-02 7.198956795036792755e-03 5.545359104871749878e-03 4.593432880938053131e-03 3.856797702610492706e-03 2.956359414383769035e-03 2.230021869763731956e-03 1.890321844257414341e-03 1.940133282914757729e-03 6.612833589315414429e-03
1.487687975168228149e-01 1.737847626209259033e-01 3.047686815261840820e-02 5.910221952944993973e-04 2.434459747746586800e-04 2.025546564254909754e-04 1.355119165964424610e-04 1.944714895216748118e-04 2.634161501191556454e-04 1.255268289241939783e-04 1.645162265049293637e-04 2.662690239958465099e-04 3.639136999845504761e-02 3.303305059671401978e-02 1.479076966643333435e-02 4.007349256426095963e-03 5.110939033329486847e-03 5.555513314902782440e-03 1.888370513916015625e-02 2.701014094054698944e-02 7.973806932568550110e-03 9.431628882884979248e-02 5.312380790710449219e-01 2.303959429264068604e-01 2.375538200139999390e-01 3.146843612194061279e-01 2.837277352809906006e-01 3.358099460601806641e-01 1.858652979135513306e-01 1.660719960927963257e-01 1.337203085422515869e-01 6.179913878440856934e-02 4.189457744359970093e-02 3.296505659818649292e-02 3.459975868463516235e-02 3.653116151690483093e-02 4.561188817024230957e-02 4.825365543365478516e-02 4.881281778216362000e-02 4.040252417325973511e-02 2.397847920656204224e-02 1.747961156070232391e-02 1.089515816420316696e-02 8.801142685115337372e-03 3.628866747021675110e-03 3.765805158764123917e-03 3.018349874764680862e-03 2.185307908803224564e-03 1.163976150564849377e-03 1.146858790889382362e-03 5.563120939768850803e-04 1.115191821008920670e-02 6.365731824189424515e-03 6.750870961695909500e-03 1.091988384723663330e-02 1.534565538167953491e-02 2.387957833707332611e-02 3.322942554950714111e-02 4.282937571406364441e-02 5.484857037663459778e-02 6.460637599229812622e-02 7.175190001726150513e-02 6.448275595903396606e-02 5.218492820858955383e-02 4.826982319355010986e-02 4.762982577085494995e-02 3.734233230352401733e-02 1.710588298738002777e-02 1.464955229312181473e-02 1.145051978528499603e-02 1.017242856323719025e-02 1.467427704483270645e-02 1.157224271446466446e-02 1.880144700407981873e-02 5.630448833107948303e-02 5.038761347532272339e-02 1.003577485680580139e-01 1.050716638565063477e-01 8.598588407039642334e-03 3.955997235607355833e-04 2.092113936669193208e-05 0.000000000000000000e+00 0.000000000000000000e+00 0.000000000000000000e+00
3.923070058226585388e-02 3.860320448875427246e-01 7.374421507120132446e-02 7.011701236478984356e-04 3.949242909584427252e-06 0.000000000000000000e+00 0.000000000000000000e+00 0.000000000000000000e+00 0.000000000000000000e+00 0.000000000000000000e+00 0.000000000000000000e+00 0.000000000000000000e+00 0.000000000000000000e+00 0.000000000000000000e+00 0.000000000000000000e+00 0.000000000000000000e+00 0.000000000000000000e+00 0.000000000000000000e+00 3.518416269798763096e-05 2.527515462134033442e-04 6.397773395292460918e-04 1.120385825634002686e-01 7.468657493591308594e-01 1.065625667572021484e+00 7.440050244331359863e-01 5.071043223142623901e-02 9.329548105597496033e-03 7.457606960088014603e-03 5.971255246549844742e-03 5.583511665463447571e-03 6.507634185254573822e-03 1.145136822015047073e-02 2.948361262679100037e-02 3.885408863425254822e-02 3.803982585668563843e-02 4.011856392025947571e-02 2.807265333831310272e-02 2.067320980131626129e-02 1.379937306046485901e-02 8.909491822123527527e-03 6.046649999916553497e-03 4.443975165486335754e-03 2.722823526710271835e-03 1.191235263831913471e-03 6.720893434248864651e-04 3.554318682290613651e-04 1.486351393396034837e-04 7.108636782504618168e-05 3.231198934372514486e-05 2.800372385536320508e-05 4.523678217083215714e-05 1.055524917319417000e-04 1.436088268746971153e-06 4.308265033614588901e-06 1.220675039803609252e-05 7.252245995914563537e-05 2.082328137475997210e-04 6.175179732963442802e-04 1.975339604541659355e-03 3.457382554188370705e-03 3.226890461519360542e-03 3.715663030743598938e-02 1.164258345961570740e-01 1.485252827405929565e-01 1.452854722738265991e-01 1.176012754440307617e-01 3.313271328806877136e-02 1.435442082583904266e-02 1.516868267208337784e-02 1.531588193029165268e-02 1.535034831613302231e-02 1.608634367585182190e-02 1.381516922265291214e-02 1.345471106469631195e-02 1.747575961053371429e-02 3.741225600242614746e-02 7.992190867662429810e-02 8.298723399639129639e-02 4.982436820864677429e-02 1.999178528785705566e-02 1.046908437274396420e-03 8.616530249128118157e-05 4.308265033614588901e-06 7.180441343734855764e-07
5.955649912357330322e-02 2.497278451919555664e-01 1.485542356967926025e-01 1.317325327545404434e-02 3.530234331265091896e-03 1.862816163338720798e-03 1.495664473623037338e-03 1.696806983090937138e-03 2.028658753260970116e-03 1.223839004524052143e-03 3.280887613072991371e-03 5.409368313848972321e-03 7.480403874069452286e-04 1.332485931925475597e-03 1.054832682712003589e-04 9.277032804675400257e-04 1.248815260623814538e-05 1.166393485618755221e-04 1.918013789691030979e-03 3.299036994576454163e-03 1.644689776003360748e-02 5.776619911193847656e-02 4.004101455211639404e-02 3.295573592185974121e-02 3.798146918416023254e-02 4.856193065643310547e-02 5.321551859378814697e-02 6.727567315101623535e-02 9.119448810815811157e-02 1.002568900585174561e-01 8.592049032449722290e-02 8.031880855560302734e-02 9.489447623491287231e-02 9.391640871763229370e-02 9.376754611730575562e-02 9.151868522167205811e-02 1.169770210981369019e-01 1.104951798915863037e-01 1.029278635978698730e-01 1.168831139802932739e-01 1.036646515130996704e-01 1.188942119479179382e-01 1.177512854337692261e-01 1.392184197902679443e-01 1.302049756050109863e-01 1.615382432937622070e-01 1.717685461044311523e-01 1.621271967887878418e-01 1.291165053844451904e-01 7.940566539764404297e-02 3.871976956725120544e-02 1.142750903964042664e-01 2.034403383731842041e-02 6.262309104204177856e-02 6.784913688898086548e-02 6.070724129676818848e-02 5.657216534018516541e-02 5.201831832528114319e-02 5.236116051673889160e-02 5.299971997737884521e-02 5.416161939501762390e-02 5.330359935760498047e-02 5.803477764129638672e-02 5.383376404643058777e-02 4.777218028903007507e-02 3.905111923813819885e-02 3.101091459393501282e-02 2.337166108191013336e-02 1.843467913568019867e-02 1.844999752938747406e-02 2.127997949719429016e-02 2.986899763345718384e-02 2.845267392694950104e-02 2.452573366463184357e-02 1.733605377376079559e-02 1.371565554291009903e-02 1.452422142028808594e-02 8.347247727215290070e-03 5.521928425878286362e-03 4.426134284585714340e-03 2.801508875563740730e-03 1.855573034845292568e-03 1.565514830872416496e-03 2.879601437598466873e-03
2.859261073172092438e-02 1.742902249097824097e-01 7.494258135557174683e-02 1.172649953514337540e-02 3.332357620820403099e-03 1.547952299006283283e-03 6.061861058697104454e-04 5.353215965442359447e-04 8.813022635877132416e-03 1.303645200096070766e-03 3.187153860926628113e-02 9.997726976871490479e-02 4.878780618309974670e-02 6.704639643430709839e-03 1.380459754727780819e-03 5.984511226415634155e-04 6.074950943002477288e-05 1.539265213068574667e-04 4.027555696666240692e-03 7.472010911442339420e-04 1.990128904581069946e-01 2.370801568031311035e-01 3.616635501384735107e-01 5.065624117851257324e-01 3.559054732322692871e-01 2.013533860445022583e-01 1.526989191770553589e-01 1.320036351680755615e-01 1.518910229206085205e-01 1.415044665336608887e-01 1.381675899028778076e-01 1.171981170773506165e-01 8.028323948383331299e-02 5.736991018056869507e-02 3.417918458580970764e-02 2.459801919758319855e-02 2.312360703945159912e-02 1.555092260241508484e-02 1.275918167084455490e-02 1.255140826106071472e-02 9.234877303242683411e-03 9.465143084526062012e-03 5.137945059686899185e-03 4.052307456731796265e-03 1.717884326353669167e-03 1.169175142422318459e-03 1.148826209828257561e-03 7.082881056703627110e-04 4.483920929487794638e-04 3.163020592182874680e-04 1.809990208130329847e-04 1.096275728195905685e-02 1.376961078494787216e-02 1.630585826933383942e-02 2.338659763336181641e-02 2.886797674000263214e-02 3.555613383650779724e-02 4.184504598379135132e-02 5.105303227901458740e-02 6.206612661480903625e-02 5.411049723625183105e-02 5.631295219063758850e-02 5.956248566508293152e-02 7.442320883274078369e-02 5.952702090144157410e-02 3.083659335970878601e-02 2.218374609947204590e-02 2.180413529276847839e-02 2.461205981671810150e-02 2.743938192725181580e-02 2.819491177797317505e-02 2.127922698855400085e-02 1.977899298071861267e-02 1.922469027340412140e-02 1.714219152927398682e-02 1.938141323626041412e-02 2.276601269841194153e-02 2.995254285633563995e-02 4.279740527272224426e-02 3.613340482115745544e-02 2.605445869266986847e-02 8.429842069745063782e-03 2.648464404046535492e-03 2.553978469222784042e-03
1.963034272193908691e-01 1.650280058383941650e-01 1.579224690794944763e-02 1.696674269624054432e-03 2.705786027945578098e-04 2.055096119875088334e-04 2.168966830140561797e-06 4.880175310972845182e-06 7.461245986633002758e-04 5.801986480946652591e-05 5.292278947308659554e-04 1.144184265285730362e-02 7.534991018474102020e-03 2.089853771030902863e-02 2.232571877539157867e-02 2.295092307031154633e-02 1.159312785603106022e-03 4.833000246435403824e-03 1.197486557066440582e-02 1.624393463134765625e-02 4.932230710983276367e-02 2.298562601208686829e-02 1.162945777177810669e-01 1.751950383186340332e-01 1.825413405895233154e-01 2.057547122240066528e-01 2.845207452774047852e-01 4.513772130012512207e-01 3.252832293510437012e-01 1.898290812969207764e-01 2.757917344570159912e-01 2.629894018173217773e-01 1.118763908743858337e-01 6.168216466903686523e-02 4.362226277589797974e-02 3.751553595066070557e-02 4.110734537243843079e-02 3.727803379297256470e-02 3.377731889486312866e-02 2.957060933113098145e-02 2.024947479367256165e-02 1.447785273194313049e-02 9.099900722503662109e-03 5.722818896174430847e-03 3.133072517812252045e-03 2.215599641203880310e-03 1.656006090342998505e-03 1.141961081884801388e-03 7.027452811598777771e-04 5.238055018708109856e-04 2.732897992245852947e-04 2.488889498636126518e-03 4.886682145297527313e-03 3.982331603765487671e-02 4.822155460715293884e-02 7.315383106470108032e-02 5.724554136395454407e-02 6.858924031257629395e-02 4.317111521959304810e-02 1.840585283935070038e-02 1.133068278431892395e-02 1.207246910780668259e-02 1.296499930322170258e-02 1.149227097630500793e-02 1.189244538545608521e-02 1.172109693288803101e-02 1.177206728607416153e-02 1.285329740494489670e-02 1.583128981292247772e-02 1.355495862662792206e-02 1.199221797287464142e-02 1.274593360722064972e-02 1.421432383358478546e-02 1.771720498800277710e-02 2.447462268173694611e-02 3.649828955531120300e-02 5.517092719674110413e-02 7.565573602914810181e-02 9.153798967599868774e-02 8.371995389461517334e-02 6.042307987809181213e-02 3.040783107280731201e-02 4.904034081846475601e-03 1.555149210616946220e-03
2.986358664929866791e-02 2.259145081043243408e-01 3.841726109385490417e-02 1.795184984803199768e-02 1.073094736784696579e-02 7.923736236989498138e-03 4.761668853461742401e-03 8.019327186048030853e-03 1.211185939610004425e-02 1.867600344121456146e-02 2.059882506728172302e-02 8.039270527660846710e-03 1.852195709943771362e-02 1.680613309144973755e-02 2.003353275358676910e-02 7.837085053324699402e-03 1.068418379873037338e-02 4.792615771293640137e-03 7.619082927703857422e-03 1.069656293839216232e-02 6.801264733076095581e-02 3.577853739261627197e-02 6.682428717613220215e-02 9.879019856452941895e-02 1.351794153451919556e-01 1.972461640834808350e-01 2.081765532493591309e-01 1.846157610416412354e-01 2.460800707340240479e-01 2.580172717571258545e-01 2.150714695453643799e-01 2.012197226285934448e-01 2.101736366748809814e-01 2.088779807090759277e-01 1.569700241088867188e-01 1.643683612346649170e-01 1.583977043628692627e-01 8.715835213661193848e-02 3.740839660167694092e-02 1.870832592248916626e-02 1.045586634427309036e-02 8.108041249215602875e-03 4.064336419105529785e-03 3.651713486760854721e-03 2.005347516387701035e-03 1.551462337374687195e-03 1.378160668537020683e-03 9.779164101928472519e-04 5.529148038476705551e-04 5.364098469726741314e-04 2.351950970478355885e-04 9.407803416252136230e-03 6.705122999846935272e-03 2.212621830403804779e-02 6.163211539387702942e-02 8.200468868017196655e-02 5.646332725882530212e-02 5.828987061977386475e-02 4.124441742897033691e-02 1.898203231394290924e-02 2.419070899486541748e-02 2.893312275409698486e-02 3.077341988682746887e-02 3.694625943899154663e-02 4.287977889180183411e-02 4.518359154462814331e-02 5.412925407290458679e-02 5.578799918293952942e-02 6.201172992587089539e-02 6.594678014516830444e-02 4.873352125287055969e-02 3.382270410656929016e-02 2.405316755175590515e-02 1.921585202217102051e-02 1.765751279890537262e-02 1.609367132186889648e-02 1.281881984323263168e-02 9.171232581138610840e-03 7.365319877862930298e-03 6.647355854511260986e-03 4.752041306346654892e-03 2.442728029564023018e-03 1.302513177506625652e-03 1.693129539489746094e-03
2.268603071570396423e-02 2.606144547462463379e-01 2.126141190528869629e-01 2.778845606371760368e-03 2.006054128287360072e-04 1.761804014677181840e-04 0.000000000000000000e+00 1.601640065018727910e-06 1.601640065018727910e-06 0.000000000000000000e+00 0.000000000000000000e+00 0.000000000000000000e+00 0.000000000000000000e+00 2.402460040684673004e-06 0.000000000000000000e+00 1.601640065018727910e-06 0.000000000000000000e+00 8.408610483456868678e-06 3.179255581926554441e-04 5.962105351500213146e-04 1.724966336041688919e-03 2.038727700710296631e-02 1.359984576702117920e-01 3.440731167793273926e-01 6.439337730407714844e-01 6.140711903572082520e-01 4.092926979064941406e-01 2.564650177955627441e-01 1.599822193384170532e-01 9.118296951055526733e-02 4.984144121408462524e-02 2.466365508735179901e-02 1.985633373260498047e-02 1.737939752638339996e-02 1.286277081817388535e-02 1.069815456867218018e-02 1.254564709961414337e-02 1.158946752548217773e-02 1.064049545675516129e-02 1.154622342437505722e-02 1.316788326948881149e-02 1.495771668851375580e-02 1.874159276485443115e-02 2.645108476281166077e-02 2.394051477313041687e-02 1.941187679767608643e-02 1.252402458339929581e-02 7.068037986755371094e-03 3.164039924740791321e-03 1.085911993868649006e-03 4.108207067474722862e-04 3.411493380554020405e-04 2.482542186044156551e-04 6.710872054100036621e-03 2.095826156437397003e-02 1.242552418261766434e-02 8.080273866653442383e-03 1.129636727273464203e-02 1.345778070390224457e-02 1.496092043817043304e-02 1.307178568094968796e-02 9.058875963091850281e-03 7.098468951880931854e-03 1.957524567842483521e-02 4.645156487822532654e-02 7.428326457738876343e-02 8.123918622732162476e-02 8.838090300559997559e-02 1.127906963229179382e-01 1.579353213310241699e-01 1.659627407789230347e-01 5.640816316008567810e-02 1.588987186551094055e-02 1.029213890433311462e-02 7.333910092711448669e-03 6.207155995070934296e-03 7.168140262365341187e-03 7.865654304623603821e-03 1.143410895019769669e-02 9.366391226649284363e-03 3.368249163031578064e-03 6.350502953864634037e-04 4.484592136577703059e-05 0.000000000000000000e+00
5.363694950938224792e-02 2.458163797855377197e-01 5.191969126462936401e-02 1.248141936957836151e-02 2.918166108429431915e-03 2.487873658537864685e-03 1.760287887009326369e-05 1.672273501753807068e-04 1.770556159317493439e-02 6.610858836211264133e-04 1.257627969607710838e-03 1.046197768300771713e-02 4.984841868281364441e-02 1.193475164473056793e-02 7.811766583472490311e-03 2.170043764635920525e-03 5.310201668180525303e-04 1.370090758427977562e-03 1.276404317468404770e-02 1.403829641640186310e-02 2.288374304771423340e-01 6.435025483369827271e-02 2.376682162284851074e-01 2.414997816085815430e-01 1.646338552236557007e-01 2.244308441877365112e-01 2.806251049041748047e-01 1.870188564062118530e-01 1.347793787717819214e-01 1.277147531509399414e-01 1.436218917369842529e-01 1.742509007453918457e-01 2.750977873802185059e-01 2.096326947212219238e-01 1.655022650957107544e-01 7.395555824041366577e-02 2.618721686303615570e-02 1.091378461569547653e-02 7.334532681852579117e-03 5.486230365931987762e-03 3.725942689925432205e-03 2.746049081906676292e-03 2.171021653339266777e-03 1.906978432089090347e-03 9.446878102608025074e-04 9.740259265527129173e-04 7.393208798021078110e-04 5.456892540678381920e-04 4.283367306925356388e-04 2.464402932673692703e-04 2.523079165257513523e-04 1.777890720404684544e-03 1.124628353863954544e-03 2.708300761878490448e-02 6.715889275074005127e-02 1.605010926723480225e-01 6.683030724525451660e-02 8.078352361917495728e-02 2.915036678314208984e-02 2.674268558621406555e-02 2.492958866059780121e-02 2.629674598574638367e-02 2.938507311046123505e-02 3.157956525683403015e-02 2.577648311853408813e-02 2.354287356138229370e-02 2.530316077172756195e-02 3.040603920817375183e-02 3.794007375836372375e-02 7.620873302221298218e-02 9.969097375869750977e-02 3.568885847926139832e-02 2.231262624263763428e-02 2.095524966716766357e-02 1.749726198613643646e-02 9.609215892851352692e-03 3.111797850579023361e-03 7.627914601471275091e-05 1.564700323797296733e-05 2.347050576645415276e-05 1.369112851534737274e-05 2.151463013433385640e-05 2.542638139857444912e-05 2.151462977053597569e-04
6.383403390645980835e-02 2.442118525505065918e-01 2.829918451607227325e-02 9.891377761960029602e-03 8.359324187040328979e-03 3.939567133784294128e-03 3.431584453210234642e-03 6.650479976087808609e-03 1.319866906851530075e-02 2.046135254204273224e-02 6.523368507623672485e-02 2.799153886735439301e-02 1.104746363125741482e-03 4.948584246449172497e-04 1.312417007284238935e-04 2.740635536611080170e-04 1.119414537242846563e-05 8.916715887608006597e-05 1.308170962147414684e-03 1.083902083337306976e-03 8.459762483835220337e-02 1.941134333610534668e-01 1.331717222929000854e-01 1.324398517608642578e-01 1.559128165245056152e-01 1.810510158538818359e-01 1.399507522583007812e-01 1.054326295852661133e-01 1.053469479084014893e-01 1.059027910232543945e-01 9.761603176593780518e-02 1.018682643771171570e-01 1.074522137641906738e-01 9.585353732109069824e-02 8.544298261404037476e-02 8.577185124158859253e-02 9.614767134189605713e-02 9.326652437448501587e-02 8.731896430253982544e-02 9.325031936168670654e-02 9.291912615299224854e-02 9.562425315380096436e-02 8.664037287235260010e-02 8.265216648578643799e-02 6.946468353271484375e-02 6.518003344535827637e-02 5.446839332580566406e-02 4.390729963779449463e-02 3.387193754315376282e-02 2.483941987156867981e-02 1.655961573123931885e-02 5.196476727724075317e-02 7.617422845214605331e-03 1.288175862282514572e-02 1.345613412559032440e-02 1.727681234478950500e-02 2.070685289800167084e-02 2.487956732511520386e-02 2.651236765086650848e-02 3.436525166034698486e-02 4.347883164882659912e-02 4.985795170068740845e-02 5.341073870658874512e-02 4.866828396916389465e-02 5.126377940177917480e-02 5.015826225280761719e-02 5.045548453927040100e-02 5.021770671010017395e-02 5.284949019551277161e-02 5.132554098963737488e-02 5.204273760318756104e-02 4.817188158631324768e-02 5.129929259419441223e-02 4.796729609370231628e-02 3.884600102901458740e-02 3.532408922910690308e-02 2.498147264122962952e-02 1.529737841337919235e-02 9.597628377377986908e-03 9.976685047149658203e-03 4.731649532914161682e-03 1.926937024109065533e-03 4.199734539724886417e-04 3.474044933682307601e-05
6.388080772012472153e-03 3.156457245349884033e-01 1.046732882969081402e-03 7.792203105054795742e-04 5.493545904755592346e-03 5.635569244623184204e-02 9.296675026416778564e-02 1.311320159584283829e-02 2.299929503351449966e-03 7.037572504486888647e-05 2.374120776948984712e-05 5.087401405035052449e-06 3.495044773444533348e-03 2.219802932813763618e-03 3.857946285279467702e-05 1.822985541366506368e-05 0.000000000000000000e+00 0.000000000000000000e+00 4.027526301797479391e-05 0.000000000000000000e+00 3.821910172700881958e-02 0.000000000000000000e+00 1.526220512459985912e-05 1.322724419878795743e-04 1.294743735343217850e-03 3.950367216020822525e-03 7.289992272853851318e-02 6.557965874671936035e-01 6.311964988708496094e-01 4.384042918682098389e-01 3.470269441604614258e-01 2.804073989391326904e-01 2.280758321285247803e-01 1.293191909790039062e-01 7.184937596321105957e-02 3.390498831868171692e-02 3.111709281802177429e-02 1.273376680910587311e-02 7.521722931414842606e-03 5.145906470715999603e-03 2.220650669187307358e-03 2.864207141101360321e-03 1.086160191334784031e-03 1.009849249385297298e-03 4.960216465406119823e-04 3.357685054652392864e-04 2.976129762828350067e-04 2.620011800900101662e-04 2.798070818244013935e-05 2.136708644684404135e-04 2.543700702517526224e-06 2.172320382669568062e-03 1.662223599851131439e-02 1.585827767848968506e-02 4.182607308030128479e-02 5.618356540799140930e-02 6.618200987577438354e-02 7.628473639488220215e-02 5.485066771507263184e-02 2.788235247135162354e-02 9.879733435809612274e-03 2.285939175635576248e-03 1.839095610193908215e-03 3.620534203946590424e-03 8.659604936838150024e-03 1.747268065810203552e-02 2.541835419833660126e-02 3.097549267113208771e-02 4.497432708740234375e-02 6.574109941720962524e-02 6.260216981172561646e-02 5.085790529847145081e-02 4.292071238160133362e-02 4.519986733794212341e-02 4.891451820731163025e-02 6.490506976842880249e-02 5.292847752571105957e-02 3.272047266364097595e-02 2.092617750167846680e-02 9.928911924362182617e-03 1.456692698411643505e-03 7.970262231538072228e-05 2.543700702517526224e-06 0.000000000000000000e+00
2.635919861495494843e-02 3.391204029321670532e-02 1.755985468626022339e-01 8.207292295992374420e-03 2.382154576480388641e-03 1.561385346576571465e-03 1.118137850426137447e-03 1.397471991367638111e-03 3.291894216090440750e-03 1.657088287174701691e-02 2.002192139625549316e-01 5.120590794831514359e-03 5.445211194455623627e-03 3.348802914842963219e-03 1.611481187865138054e-03 2.015453530475497246e-03 7.378106820397078991e-04 1.325334073044359684e-03 4.494994413107633591e-03 5.282099358737468719e-03 3.220958262681961060e-02 3.046384826302528381e-02 8.841224014759063721e-02 1.567052304744720459e-01 4.720705747604370117e-02 2.919902652502059937e-02 2.383437193930149078e-02 1.999422907829284668e-02 2.092480845749378204e-02 1.959025673568248749e-02 1.925120875239372253e-02 1.358838099986314774e-02 1.851059123873710632e-02 1.564912125468254089e-02 1.523072086274623871e-02 1.480270177125930786e-02 2.450766041874885559e-02 2.465674281120300293e-02 2.143698744475841522e-02 2.370211854577064514e-02 2.699641697108745575e-02 4.132060706615447998e-02 4.441291838884353638e-02 1.088922023773193359e-01 3.321302235126495361e-01 3.387597203254699707e-01 1.751051992177963257e-01 9.215860813856124878e-02 1.417894959449768066e-01 1.074807047843933105e-01 9.118475019931793213e-02 8.398922681808471680e-01 1.822284236550331116e-02 1.042633503675460815e-02 4.420451819896697998e-03 2.693950897082686424e-03 2.596965292468667030e-03 3.302314085885882378e-03 3.392085665836930275e-03 4.002853296697139740e-03 1.415907219052314758e-02 4.808554053306579590e-02 8.094436675310134888e-02 1.092609092593193054e-01 9.273410588502883911e-02 6.235281750559806824e-02 3.242359310388565063e-02 1.704058237373828888e-02 1.028286106884479523e-02 9.285754524171352386e-03 8.234143257141113281e-03 6.816232576966285706e-03 6.432298570871353149e-03 6.434703245759010315e-03 7.382916286587715149e-03 1.105874404311180115e-02 1.628714054822921753e-02 2.248058281838893890e-02 4.086453467607498169e-02 5.934707075357437134e-02 8.186131715774536133e-02 6.141422316431999207e-02 7.900385558605194092e-02 6.675483286380767822e-02
5.207121744751930237e-02 3.364165127277374268e-01 8.377783745527267456e-02 3.298340132459998131e-03 7.920745410956442356e-04 3.972194681409746408e-04 2.127961488440632820e-05 1.655081177887041122e-05 1.276776893064379692e-03 7.093204658303875476e-06 2.837281863321550190e-05 0.000000000000000000e+00 4.279566928744316101e-04 1.730741932988166809e-03 1.324064942309632897e-04 7.376932771876454353e-04 0.000000000000000000e+00 9.694046457298099995e-05 1.349363941699266434e-02 5.277344491332769394e-03 2.049794197082519531e-01 3.769329190254211426e-02 2.359057962894439697e-01 1.612654209136962891e+00 1.758547276258468628e-01 9.645339846611022949e-02 6.385303288698196411e-02 4.261597245931625366e-02 3.914030268788337708e-02 3.230245411396026611e-02 2.225847542285919189e-02 2.193218842148780823e-02 2.352106757462024689e-02 1.726485975086688995e-02 2.306710183620452881e-02 3.670024126768112183e-02 3.902681171894073486e-02 5.352532491087913513e-02 7.869201153516769409e-02 7.216626405715942383e-02 3.443041443824768066e-02 1.695276051759719849e-02 4.099872428923845291e-03 3.333806293085217476e-03 8.228117367252707481e-04 3.404738381505012512e-04 8.086253656074404716e-04 4.114058683626353741e-04 2.837281790561974049e-04 1.702369190752506256e-04 1.418640895280987024e-04 8.596964180469512939e-03 2.588073909282684326e-02 4.451222345232963562e-02 4.894311353564262390e-02 2.797087095677852631e-02 1.624343916773796082e-02 1.066817995160818100e-02 8.426726795732975006e-03 6.771645974367856979e-03 5.258428864181041718e-03 5.215869750827550888e-03 7.154678925871849060e-03 1.390268094837665558e-02 1.978058367967605591e-02 2.882678434252738953e-02 2.033385261893272400e-02 1.977585442364215851e-02 1.872606016695499420e-02 2.237669564783573151e-02 8.027616143226623535e-02 2.371352910995483398e-01 9.234406799077987671e-02 1.006242036819458008e-01 1.322173327207565308e-01 3.669551340863108635e-03 1.924622920341789722e-03 9.646758553571999073e-04 7.566084968857467175e-05 0.000000000000000000e+00 0.000000000000000000e+00 0.000000000000000000e+00 0.000000000000000000e+00 0.000000000000000000e+00
1.230082940310239792e-02 2.159636653959751129e-02 9.708883240818977356e-03 2.619229489937424660e-04 6.138819298939779401e-05 4.911055293632671237e-05 1.091345620807260275e-05 1.091345620807260275e-05 2.209974918514490128e-04 4.638218888430856168e-05 3.396813408471643925e-04 2.937083831056952477e-03 1.056149695068597794e-02 7.692622486501932144e-03 1.553530525416135788e-02 7.192377001047134399e-02 5.264105647802352905e-02 9.972034394741058350e-02 1.356788128614425659e-01 5.870211869478225708e-02 6.777256261557340622e-03 1.650114543735980988e-02 4.111371934413909912e-02 3.898314237594604492e-01 6.794444918632507324e-01 4.697424769401550293e-01 3.103050291538238525e-01 2.978473305702209473e-01 2.023354768753051758e-01 1.202962994575500488e-01 1.166211962699890137e-01 7.182417809963226318e-02 3.801156580448150635e-02 2.602859213948249817e-02 2.314744144678115845e-02 2.101113274693489075e-02 2.182964235544204712e-02 2.137127518653869629e-02 1.171286776661872864e-02 6.916402839124202728e-03 5.909636616706848145e-03 5.745934788137674332e-03 5.762305110692977905e-03 6.155189126729965210e-03 7.096474990248680115e-03 8.995416574180126190e-03 1.250682026147842407e-02 1.118083577603101730e-02 1.133635267615318298e-02 8.889010176062583923e-03 1.041143760085105896e-02 1.334170065820217133e-02 1.909854836412705481e-05 1.315071480348706245e-03 1.744788885116577148e-02 1.980246603488922119e-02 1.110989879816770554e-02 9.925788268446922302e-03 1.220670063048601151e-02 1.914492994546890259e-02 1.919404044747352600e-02 2.074920944869518280e-02 3.189457580447196960e-02 3.441012650728225708e-02 4.362381249666213989e-02 5.078031122684478760e-02 8.131343126296997070e-02 1.326175928115844727e-01 1.217996254563331604e-01 9.013423323631286621e-02 1.283395141363143921e-01 1.002018973231315613e-01 1.340718101710081100e-02 8.700752630829811096e-03 9.603841230273246765e-03 6.337989587336778641e-03 4.147113300859928131e-03 3.680563066154718399e-03 3.920658957213163376e-03 3.702390007674694061e-03 4.338098806329071522e-04 2.182691241614520550e-05 5.456728104036301374e-06 8.185092156054452062e-06
1.260084286332130432e-02 3.427504301071166992e-01 1.126368045806884766e-01 3.990813158452510834e-03 7.996448548510670662e-04 1.622693962417542934e-04 1.170211999124148861e-05 3.510636133796651848e-06 5.070918705314397812e-04 1.482268544350517914e-05 3.900706815329613164e-07 0.000000000000000000e+00 2.172693639295175672e-04 1.990140648558735847e-03 2.371629670960828662e-04 2.518296241760253906e-03 1.404254453518660739e-05 7.883328362368047237e-04 1.578850112855434418e-02 4.967940039932727814e-03 5.069358274340629578e-02 1.904636994004249573e-02 2.426551654934883118e-02 1.554509624838829041e-02 2.768253535032272339e-02 5.355124175548553467e-02 9.534185528755187988e-01 1.049364209175109863e+00 4.489682316780090332e-01 1.158041805028915405e-01 4.912316054105758667e-02 2.515956014394760132e-02 4.067423194646835327e-02 2.828636392951011658e-02 1.951211504638195038e-02 1.547020301222801208e-02 2.072913572192192078e-02 6.508719176054000854e-03 2.869359683245420456e-03 6.461910903453826904e-03 8.425526320934295654e-04 5.649783648550510406e-03 1.727232942357659340e-03 2.731274813413619995e-03 4.236167587805539370e-04 7.255314849317073822e-04 1.263828948140144348e-03 7.559569785371422768e-04 4.376592696644365788e-04 2.129786007571965456e-04 9.361696356791071594e-06 1.208595000207424164e-02 3.178685903549194336e-02 4.403507709503173828e-02 1.759998872876167297e-02 1.626126654446125031e-02 1.223261654376983643e-02 1.406984962522983551e-02 1.238318346440792084e-02 1.087048929184675217e-02 6.684251129627227783e-03 4.014607518911361694e-03 3.274253336712718010e-03 2.921629231423139572e-03 2.638438018038868904e-03 2.735175658017396927e-03 3.254749579355120659e-03 4.298578947782516479e-03 5.631840322166681290e-03 7.214747369289398193e-03 1.010751165449619293e-02 2.065424248576164246e-02 4.737876355648040771e-02 1.067990064620971680e-01 1.679737865924835205e-01 2.189138978719711304e-01 1.454292684793472290e-01 5.479088798165321350e-02 2.475310489535331726e-02 1.268509775400161743e-03 2.340423998248297721e-05 0.000000000000000000e+00 0.000000000000000000e+00 0.000000000000000000e+00
4.732674732804298401e-02 2.911377549171447754e-01 8.622983843088150024e-02 1.056573074311017990e-02 3.707009600475430489e-03 1.720663043670356274e-03 4.823142662644386292e-04 4.552280006464570761e-04 3.353280713781714439e-03 7.560344529338181019e-04 9.351789020001888275e-03 1.254713628441095352e-02 1.310701854526996613e-02 5.584713537245988846e-03 2.218871843069791794e-03 1.568979816511273384e-03 4.780876333825290203e-04 8.275898289866745472e-04 5.277716089040040970e-03 3.303513396531343460e-03 6.137416139245033264e-02 6.422590464353561401e-02 9.601685404777526855e-02 1.266076713800430298e-01 1.538084745407104492e-01 2.140700221061706543e-01 2.800389826297760010e-01 2.574933171272277832e-01 1.922698020935058594e-01 1.438516825437545776e-01 1.303391456604003906e-01 1.233823299407958984e-01 1.269659250974655151e-01 1.243960037827491760e-01 1.194583252072334290e-01 1.154932528734207153e-01 1.150932088494300842e-01 1.013109982013702393e-01 8.744771033525466919e-02 7.770022004842758179e-02 6.300041079521179199e-02 5.216816812753677368e-02 3.851275146007537842e-02 3.034972399473190308e-02 2.207525447010993958e-02 1.895170100033283234e-02 1.460158545523881912e-02 1.015681773424148560e-02 7.231499534100294113e-03 5.743123590946197510e-03 4.351544193923473358e-03 2.151340804994106293e-02 1.414760760962963104e-02 1.524284575134515762e-02 1.893586479127407074e-02 3.117528930306434631e-02 4.456686228513717651e-02 5.313041061162948608e-02 5.677818879485130310e-02 5.596143379807472229e-02 5.254475399851799011e-02 4.693771526217460632e-02 4.207337647676467896e-02 3.724190220236778259e-02 3.174606710672378540e-02 2.800720743834972382e-02 2.611188217997550964e-02 2.416738495230674744e-02 2.223443798720836639e-02 2.180832065641880035e-02 2.219133824110031128e-02 2.323216572403907776e-02 2.570660039782524109e-02 2.949558384716510773e-02 3.460530564188957214e-02 4.275476187467575073e-02 5.104613676667213440e-02 5.030629411339759827e-02 3.565244376659393311e-02 2.141541987657546997e-02 1.553466264158487320e-02 1.111180149018764496e-02 6.848838645964860916e-03 7.287100888788700104e-03
2.690793946385383606e-02 4.121950268745422363e-01 2.818628586828708649e-02 1.404091366566717625e-03 6.780003313906490803e-04 4.091653099749237299e-04 2.940629201475530863e-04 6.255735643208026886e-04 1.981574110686779022e-03 3.196456003934144974e-03 5.590743385255336761e-03 9.208190022036433220e-04 1.978420652449131012e-03 1.803401974029839039e-03 1.476621604524552822e-03 1.013452769257128239e-03 2.432128967484459281e-04 9.917725110426545143e-04 4.646667279303073883e-03 5.456720013171434402e-03 2.336499467492103577e-02 4.902415350079536438e-02 8.590815961360931396e-02 1.564950793981552124e-01 8.862544298171997070e-01 6.483330726623535156e-01 2.224984169006347656e-01 1.823410838842391968e-01 1.503812521696090698e-01 5.373546481132507324e-02 2.031872421503067017e-02 1.942707411944866180e-02 1.918346621096134186e-02 1.475360244512557983e-02 2.420697547495365143e-02 3.478851169347763062e-02 3.971741721034049988e-02 4.139192029833793640e-02 5.623303353786468506e-02 8.334673196077346802e-02 7.411095499992370605e-02 4.477876797318458557e-02 1.831546798348426819e-02 8.928317576646804810e-03 2.939840778708457947e-03 3.585517872124910355e-03 3.098303917795419693e-03 2.750631421804428101e-03 1.383593655191361904e-03 1.646121614612638950e-03 4.848490352742373943e-04 2.627408877015113831e-02 1.206998247653245926e-02 1.171521469950675964e-02 5.540681537240743637e-03 4.023064393550157547e-03 5.930137354880571365e-03 8.494713343679904938e-03 1.242948044091463089e-02 1.644623838365077972e-02 1.955242455005645752e-02 2.308906428515911102e-02 2.620550058782100677e-02 2.663516253232955933e-02 2.462008409202098846e-02 2.254902943968772888e-02 3.434702381491661072e-02 4.995443299412727356e-02 5.673049390316009521e-02 6.481367349624633789e-02 8.421473205089569092e-02 8.214367926120758057e-02 7.333519309759140015e-02 7.001378387212753296e-02 6.869167834520339966e-02 9.976144134998321533e-02 7.478816062211990356e-02 1.860401220619678497e-02 1.886575249955058098e-03 6.401584250852465630e-04 6.299095693975687027e-04 1.434837904525920749e-04 7.883724606472242158e-07 0.000000000000000000e+00
4.864847287535667419e-02 3.117671012878417969e-01 6.730813533067703247e-02 2.678751572966575623e-02 6.366834510117769241e-03 2.710527973249554634e-03 3.196271718479692936e-04 7.120973314158618450e-04 3.649723948910832405e-03 1.326760160736739635e-03 2.400961006060242653e-03 1.720286090858280659e-03 3.113120328634977341e-03 2.936074044555425644e-03 3.932153340429067612e-04 1.374328625388443470e-03 4.247620017849840224e-05 2.787655685096979141e-04 1.669699698686599731e-02 1.446985290385782719e-03 2.350830435752868652e-01 5.855567380785942078e-02 1.276938766241073608e-01 7.808008193969726562e-01 9.690944552421569824e-01 3.328576385974884033e-01 8.706465363502502441e-02 3.544191643595695496e-02 4.272136837244033813e-02 3.323203697800636292e-02 3.580743446946144104e-02 1.176739670336246490e-02 3.406330198049545288e-02 1.678256876766681671e-02 1.002773642539978027e-02 6.435889285057783127e-03 3.600900992751121521e-02 9.344390593469142914e-03 6.605048663914203644e-03 1.615362241864204407e-02 4.133604466915130615e-03 2.299378067255020142e-02 5.262577440589666367e-03 1.139703392982482910e-02 1.917017856612801552e-03 2.834727289155125618e-03 3.611967433243989944e-03 2.189387101680040359e-03 1.601427211426198483e-03 1.209826441481709480e-03 2.652899420354515314e-04 5.704143643379211426e-02 1.079528853297233582e-01 6.919620931148529053e-02 4.371111467480659485e-02 3.423569351434707642e-02 2.459285035729408264e-02 1.506352517753839493e-02 1.047348789870738983e-02 8.681165985763072968e-03 6.792341358959674835e-03 5.637411028146743774e-03 4.933448974043130875e-03 4.105783998966217041e-03 3.701515030115842819e-03 8.313784375786781311e-03 6.470950692892074585e-02 7.992641627788543701e-02 7.230802625417709351e-02 7.193406671285629272e-02 5.715321376919746399e-02 4.678703472018241882e-02 4.589230194687843323e-02 4.345228150486946106e-02 2.307985164225101471e-02 1.875858195126056671e-02 2.253337576985359192e-02 2.819127961993217468e-02 2.553726173937320709e-02 1.854682154953479767e-02 1.630129665136337280e-02 1.171510946005582809e-02 4.192599561065435410e-03 1.589752500876784325e-03
1.176101714372634888e-02 3.722563087940216064e-01 8.228033781051635742e-02 1.122959703207015991e-02 6.652402225881814957e-03 2.045661909505724907e-03 2.391598420217633247e-03 3.380984766408801079e-03 2.466284437105059624e-03 2.077260054647922516e-03 3.215608187019824982e-03 1.871257554739713669e-04 3.488089714664965868e-05 4.513998192123835906e-06 1.641453877709864173e-06 0.000000000000000000e+00 0.000000000000000000e+00 0.000000000000000000e+00 1.149017771240323782e-05 3.282907755419728346e-06 1.248325780034065247e-02 1.613762527704238892e-01 1.811598837375640869e-01 2.516127228736877441e-01 4.713451266288757324e-01 4.743440747261047363e-01 3.316532969474792480e-01 2.740727365016937256e-01 2.682743072509765625e-01 1.894229650497436523e-01 1.078287512063980103e-01 7.067690044641494751e-02 5.521932989358901978e-02 4.852465912699699402e-02 3.784864395856857300e-02 2.914975956082344055e-02 2.008154802024364471e-02 7.561357691884040833e-03 3.619405906647443771e-03 1.922963303513824940e-03 7.854356663301587105e-04 2.757642650976777077e-04 1.403443166054785252e-04 1.526552077848464251e-04 4.678143886849284172e-05 7.878978794906288385e-05 6.401670543709769845e-05 2.708398824324831367e-05 7.386542620224645361e-06 4.431925481185317039e-05 0.000000000000000000e+00 1.994366466533392668e-04 2.872544428100809455e-05 2.733020810410380363e-04 1.368151861242949963e-03 4.733953159302473068e-03 1.163216307759284973e-02 1.778022944927215576e-02 2.346868813037872314e-02 3.654697164893150330e-02 4.633578285574913025e-02 4.692506417632102966e-02 6.110066175460815430e-02 8.116661757230758667e-02 8.360089361667633057e-02 8.902261406183242798e-02 1.183291301131248474e-01 1.232058927416801453e-01 7.239468395709991455e-02 3.418409824371337891e-02 2.032940648496150970e-02 1.792385615408420563e-02 1.540504489094018936e-02 1.463520340621471405e-02 1.681094989180564880e-02 1.893499121069908142e-02 1.925507560372352600e-02 1.362078450620174408e-02 6.364737637341022491e-03 2.284903777763247490e-03 4.596071084961295128e-04 2.322657383047044277e-04 3.192627918906509876e-04 1.326294732280075550e-03
1.105072721838951111e-02 2.778706252574920654e-01 8.616416156291961670e-02 3.002776019275188446e-02 1.204106118530035019e-02 9.369960054755210876e-03 3.933080006390810013e-03 4.934484604746103287e-03 1.378552522510290146e-02 7.486946415156126022e-03 2.409104444086551666e-02 1.170703861862421036e-02 5.734798498451709747e-03 6.307006115093827248e-04 6.022802335792221129e-05 3.370786362211219966e-05 2.478519434134796029e-07 3.717779236467322335e-06 1.024124212563037872e-03 5.006609353586100042e-05 3.852115198969841003e-02 5.064656585454940796e-02 7.965119183063507080e-02 1.365128755569458008e-01 2.309167087078094482e-01 3.163939118385314941e-01 4.668217301368713379e-01 5.557931661605834961e-01 2.682095170021057129e-01 6.794019043445587158e-02 5.333179235458374023e-02 4.922290146350860596e-02 5.188731104135513306e-02 5.335905402898788452e-02 5.770687013864517212e-02 5.319398269057273865e-02 5.101883411407470703e-02 4.788202419877052307e-02 5.319795012474060059e-02 6.347289681434631348e-02 6.639903783798217773e-02 6.040152162313461304e-02 4.491771385073661804e-02 2.985376864671707153e-02 1.697339676320552826e-02 1.113747525960206985e-02 7.023628335446119308e-03 4.178288392722606659e-03 2.736781258136034012e-03 1.838069991208612919e-03 1.261566416360437870e-03 7.598149124532938004e-03 6.143919192254543304e-03 2.059286274015903473e-02 2.164491079747676849e-02 2.157303318381309509e-02 2.329543977975845337e-02 2.281229384243488312e-02 2.345208264887332916e-02 2.890366874635219574e-02 3.307303413748741150e-02 3.358658403158187866e-02 3.026701882481575012e-02 2.597505040466785431e-02 2.334104478359222412e-02 2.235360257327556610e-02 2.761500328779220581e-02 3.607039153575897217e-02 4.051222652196884155e-02 3.831427544355392456e-02 3.636731579899787903e-02 3.160178288817405701e-02 3.343307971954345703e-02 4.239904135465621948e-02 5.914524197578430176e-02 5.988384038209915161e-02 3.801354765892028809e-02 3.494960442185401917e-02 5.222240462899208069e-02 6.982369720935821533e-02 4.024421796202659607e-02 1.242581009864807129e-02 7.235294207930564880e-03 2.728684805333614349e-03
3.400740399956703186e-02 3.116621673107147217e-01 1.142520755529403687e-01 1.114905718713998795e-02 5.273777991533279419e-03 2.784424461424350739e-03 1.665573334321379662e-03 1.777754165232181549e-03 3.051131265237927437e-03 9.635186870582401752e-04 1.607701648026704788e-03 1.724990899674594402e-03 3.132527926936745644e-03 9.426822070963680744e-04 1.913594460347667336e-04 2.475507208146154881e-04 1.599031093064695597e-04 3.057583817280828953e-04 3.864560276269912720e-03 1.236073207110166550e-03 8.521605283021926880e-02 4.020242393016815186e-02 5.003092065453529358e-02 5.999209731817245483e-02 5.802325159311294556e-02 6.453027576208114624e-02 7.180113345384597778e-02 7.941558212041854858e-02 9.959321469068527222e-02 1.040729284286499023e-01 1.037781238555908203e-01 1.015213280916213989e-01 1.144260987639427185e-01 1.156956404447555542e-01 1.165187507867813110e-01 1.161122322082519531e-01 1.400533467531204224e-01 1.472395062446594238e-01 1.493256986141204834e-01 1.575350165367126465e-01 1.539888978004455566e-01 1.529347151517868042e-01 1.366826742887496948e-01 1.231120824813842773e-01 9.822648763656616211e-02 8.309879899024963379e-02 6.583006680011749268e-02 5.075158923864364624e-02 3.649823740124702454e-02 2.684436365962028503e-02 1.642989180982112885e-02 8.051857352256774902e-02 3.814404830336570740e-02 2.810893580317497253e-02 2.581934444606304169e-02 3.033521212637424469e-02 3.605435043573379517e-02 3.979711979627609253e-02 4.359500482678413391e-02 4.455227032303810120e-02 4.024234786629676819e-02 3.539108112454414368e-02 3.334789723157882690e-02 3.480631485581398010e-02 3.858416900038719177e-02 3.565886244177818298e-02 3.291557356715202332e-02 3.286892548203468323e-02 3.173353895545005798e-02 3.111449629068374634e-02 3.061065636575222015e-02 2.860027365386486053e-02 2.526939474046230316e-02 2.572268992662429810e-02 2.843062393367290497e-02 3.016287460923194885e-02 2.726579830050468445e-02 2.785782329738140106e-02 2.945954166352748871e-02 2.784209512174129486e-02 2.459738589823246002e-02 2.340890094637870789e-02 2.295775711536407471e-02 1.474469248205423355e-02
5.071881413459777832e-02 2.805266678333282471e-01 1.505681574344635010e-01 5.573822185397148132e-03 1.341007300652563572e-03 9.922204772010445595e-04 1.159846433438360691e-03 1.174943172372877598e-03 1.200451399199664593e-03 6.351044285111129284e-04 1.483645610278472304e-04 5.518120087799616158e-05 3.956388172809965909e-05 5.278654862195253372e-04 1.405558941769413650e-05 1.592966727912425995e-04 1.041154746417305432e-06 1.697082334430888295e-04 1.946438802406191826e-03 3.047459991648793221e-03 3.478289768099784851e-02 6.612936258316040039e-01 5.567918419837951660e-01 2.571142017841339111e-01 6.572393327951431274e-02 5.328317731618881226e-02 6.834452599287033081e-02 9.525316953659057617e-02 4.990983754396438599e-02 4.771716147661209106e-02 4.991295933723449707e-02 6.002049148082733154e-02 4.468427971005439758e-02 4.019273817539215088e-02 3.005397319793701172e-02 2.200793102383613586e-02 2.877022884786128998e-02 2.576545625925064087e-02 1.753200590610504150e-02 2.576233260333538055e-02 1.704162172973155975e-02 2.987593598663806915e-02 3.671007603406906128e-02 4.305695742368698120e-02 3.973671048879623413e-02 6.419655680656433105e-02 9.660875797271728516e-02 7.566592097282409668e-02 5.759043619036674500e-02 6.627053767442703247e-02 7.172098755836486816e-02 1.666087061166763306e-01 3.761067613959312439e-02 3.916095569729804993e-02 8.878967724740505219e-03 4.770571365952491760e-03 4.188565537333488464e-03 5.934582091867923737e-03 1.177962496876716614e-02 1.122677139937877655e-02 1.195870339870452881e-02 1.730711571872234344e-02 2.495231479406356812e-02 3.822287544608116150e-02 5.811101198196411133e-02 3.272661939263343811e-02 2.872754260897636414e-02 3.002586215734481812e-02 2.926373668015003204e-02 3.653308004140853882e-02 5.650554969906806946e-02 5.034503713250160217e-02 5.763520300388336182e-02 1.023049056529998779e-01 1.289189010858535767e-01 1.539097428321838379e-01 1.761738024652004242e-02 5.455650971271097660e-04 3.269225999247282743e-04 1.665847667027264833e-04 1.197327947011217475e-04 9.370392945129424334e-05 6.246928387554362416e-05 6.871621735626831651e-05
6.283189356327056885e-02 3.844843506813049316e-01 2.281695231795310974e-02 3.890763968229293823e-03 7.254927186295390129e-04 2.328996488358825445e-04 2.468118036631494761e-04 1.679762935964390635e-04 3.704753180500119925e-04 1.896174217108637094e-04 9.315985953435301781e-04 1.200566766783595085e-03 1.471596071496605873e-03 9.609687258489429951e-04 5.997681291773915291e-04 8.496715454384684563e-04 3.617158217821270227e-04 1.423676381818950176e-03 5.905448924750089645e-03 1.033775601536035538e-02 3.074893727898597717e-02 1.726002842187881470e-01 4.321638643741607666e-01 3.153729438781738281e-01 2.120613157749176025e-01 3.313811421394348145e-01 6.740435361862182617e-01 3.348190188407897949e-01 1.441082060337066650e-01 1.128584295511245728e-01 8.524436503648757935e-02 4.412933066487312317e-02 2.959268353879451752e-02 1.976452395319938660e-02 1.332783699035644531e-02 8.993430063128471375e-03 7.422903552651405334e-03 4.689939320087432861e-03 3.372923005372285843e-03 3.360556438565254211e-03 1.650908263400197029e-03 1.981707988306879997e-03 1.490145572461187840e-03 1.542702550068497658e-03 6.832409999333322048e-04 7.852633716538548470e-04 9.769418975338339806e-04 6.245008553378283978e-04 4.606466391123831272e-04 4.699213895946741104e-04 1.453046425012871623e-04 9.132551960647106171e-03 3.570784581825137138e-03 3.469792660325765610e-03 3.208038164302706718e-03 4.702305886894464493e-03 5.134097766131162643e-03 6.132680457085371017e-03 8.572974242269992828e-03 1.370191946625709534e-02 2.045807056128978729e-02 2.365168184041976929e-02 2.362385764718055725e-02 2.131856232881546021e-02 1.825582981109619141e-02 1.978616602718830109e-02 2.228726074099540710e-02 2.382068708539009094e-02 2.496457472443580627e-02 2.605693601071834564e-02 3.108901157975196838e-02 4.522787407040596008e-02 5.814556404948234558e-02 5.111013725399971008e-02 5.447069555521011353e-02 5.918021500110626221e-02 7.533479481935501099e-02 9.132139384746551514e-02 1.213541179895401001e-01 9.108849614858627319e-02 4.053896665573120117e-02 6.020353175699710846e-03 1.834342372603714466e-03 5.678217275999486446e-04
1.006761342287063599e-01 2.099027186632156372e-01 3.507050499320030212e-02 7.699492387473583221e-03 2.049891743808984756e-03 3.146335715427994728e-03 1.438230538042262197e-04 6.104214116930961609e-04 5.136301275342702866e-03 3.034335793927311897e-03 1.648881658911705017e-02 8.006975986063480377e-03 9.949000552296638489e-03 4.361805971711874008e-03 8.623597212135791779e-03 4.682514816522598267e-03 2.321915701031684875e-02 1.041146647185087204e-02 1.548618823289871216e-02 3.130052238702774048e-02 1.578532308340072632e-01 3.980054855346679688e-01 5.928509831428527832e-01 3.764742016792297363e-01 1.999760270118713379e-01 2.013795375823974609e-01 2.216586023569107056e-01 2.155262678861618042e-01 1.652576327323913574e-01 9.464052319526672363e-02 8.967119455337524414e-02 7.391016930341720581e-02 4.711196571588516235e-02 2.738093398511409760e-02 2.362665534019470215e-02 1.826552674174308777e-02 1.880114339292049408e-02 1.650989428162574768e-02 1.197202876210212708e-02 1.087103877216577530e-02 4.391562193632125854e-03 4.423798527568578720e-03 2.804549410939216614e-03 3.089715726673603058e-03 7.240746635943651199e-04 1.673802733421325684e-03 2.392917871475219727e-03 2.184622455388307571e-03 1.058835186995565891e-03 1.376237720251083374e-03 7.687094330321997404e-05 1.405994221568107605e-02 7.489543873816728592e-03 1.709014549851417542e-02 7.094443775713443756e-03 1.670496352016925812e-02 4.318989440798759460e-02 3.632854297757148743e-02 3.739978000521659851e-02 5.269461497664451599e-02 7.372088730335235596e-02 7.344481348991394043e-02 5.706633999943733215e-02 3.776677697896957397e-02 3.058306127786636353e-02 2.928617410361766815e-02 2.833231352269649506e-02 3.688978403806686401e-02 3.913144022226333618e-02 2.891504578292369843e-02 2.086426131427288055e-02 2.305549569427967072e-02 3.141707181930541992e-02 5.495858937501907349e-02 3.846770524978637695e-02 6.297218054533004761e-02 5.914185568690299988e-02 3.339670225977897644e-02 1.185300294309854507e-02 8.463242091238498688e-03 2.182969357818365097e-03 8.678976882947608829e-05 1.157196948042837903e-05 0.000000000000000000e+00
1.724942028522491455e-01 2.755246162414550781e-01 4.076008219271898270e-03 1.903829397633671761e-03 2.042839187197387218e-04 4.448312683962285519e-04 1.740644074743613601e-04 1.692292789812199771e-05 1.313944463618099689e-03 4.835122308577410877e-05 6.043902976671233773e-05 2.538439184718299657e-05 1.315153320319950581e-03 4.933033604174852371e-03 4.141282290220260620e-03 5.845662672072649002e-03 1.960642170161008835e-03 4.334687255322933197e-03 1.016947068274021149e-02 1.101319957524538040e-02 5.463446304202079773e-02 5.571511387825012207e-02 3.177763223648071289e-01 4.889469146728515625e-01 6.648897528648376465e-01 4.895996451377868652e-01 4.971569776535034180e-01 2.012692093849182129e-01 1.044749021530151367e-01 2.280243672430515289e-02 1.686248928308486938e-02 7.310705259442329407e-03 1.320713758468627930e-02 6.077748723328113556e-03 3.466782625764608383e-03 3.771395422518253326e-04 1.108935289084911346e-02 2.415143651887774467e-03 9.791122283786535263e-04 4.590948577970266342e-03 3.843922459054738283e-04 6.411372218281030655e-03 1.776907360181212425e-03 2.988105639815330505e-03 2.756019821390509605e-04 4.714244278147816658e-04 1.428778748959302902e-03 5.366986151784658432e-04 2.828546566888689995e-04 7.252683280967175961e-05 0.000000000000000000e+00 2.172904089093208313e-02 2.983512170612812042e-02 2.581713534891605377e-02 1.591480523347854614e-02 1.273571234196424484e-02 9.832221083343029022e-03 7.953776046633720398e-03 6.304999347776174545e-03 7.516197860240936279e-03 2.088047564029693604e-02 1.627502217888832092e-02 1.591480523347854614e-02 1.395658031105995178e-02 6.363021209836006165e-03 6.822357419878244400e-03 2.458417974412441254e-02 4.835364222526550293e-02 6.206846609711647034e-02 4.691519215703010559e-02 6.178561225533485413e-02 7.382989674806594849e-02 7.043806463479995728e-02 7.671405375003814697e-02 7.638768106698989868e-02 7.211101800203323364e-02 6.584469228982925415e-02 4.875253885984420776e-02 3.994294628500938416e-02 1.555458828806877136e-02 4.499081522226333618e-03 3.493375843390822411e-03 3.522386541590094566e-03 9.080359712243080139e-03
1.160537898540496826e-01 1.968177706003189087e-01 4.338658973574638367e-02 1.460179593414068222e-02 3.158641280606389046e-03 2.543279901146888733e-03 1.957603381015360355e-04 6.731267785653471947e-04 8.079928345978260040e-03 2.039437647908926010e-03 1.051249075680971146e-02 2.771934308111667633e-02 3.080818615853786469e-02 8.140902966260910034e-03 6.710407789796590805e-03 2.656403696164488792e-03 1.435308484360575676e-03 2.964485436677932739e-03 1.065931096673011780e-02 1.084303669631481171e-02 1.397103071212768555e-01 2.188825309276580811e-01 2.624568641185760498e-01 2.504609227180480957e-01 2.375744283199310303e-01 2.228009551763534546e-01 2.038972377777099609e-01 1.565007716417312622e-01 1.531214863061904907e-01 1.312091648578643799e-01 1.206333041191101074e-01 1.038476526737213135e-01 1.169122457504272461e-01 1.235456317663192749e-01 1.010556668043136597e-01 8.918969333171844482e-02 8.945927023887634277e-02 7.788693904876708984e-02 5.957532674074172974e-02 4.495588317513465881e-02 3.278183564543724060e-02 2.200859785079956055e-02 1.428729668259620667e-02 8.761077187955379486e-03 6.036479026079177856e-03 7.519122213125228882e-03 3.629589453339576721e-03 1.010893538477830589e-04 4.813779014511965215e-06 0.000000000000000000e+00 0.000000000000000000e+00 1.193817239254713058e-03 2.154968446120619774e-03 8.127263747155666351e-03 3.018881194293498993e-02 3.933017700910568237e-02 5.250228196382522583e-02 5.417105928063392639e-02 6.326107680797576904e-02 6.729020923376083374e-02 7.216817140579223633e-02 7.521690428256988525e-02 7.590366899967193604e-02 6.203677505254745483e-02 5.210915580391883850e-02 4.927063360810279846e-02 4.450980573892593384e-02 4.403484612703323364e-02 3.760524094104766846e-02 3.202125802636146545e-02 2.683039940893650055e-02 1.990337111055850983e-02 2.003494836390018463e-02 2.038314379751682281e-02 1.456168107688426971e-02 9.752715937793254852e-03 6.610922981053590775e-03 4.614809527993202209e-03 2.524024806916713715e-03 1.067054341547191143e-03 7.365081692114472389e-04 7.878551841713488102e-04 7.573678740300238132e-04 9.532886557281017303e-03
1.781448721885681152e-02 1.740848273038864136e-01 8.755824714899063110e-02 4.972793161869049072e-02 8.245021104812622070e-03 6.251596496440470219e-04 8.400728693231940269e-04 1.247522188350558281e-03 1.148223876953125000e-03 1.783173531293869019e-03 7.070690859109163284e-03 1.883497461676597595e-02 9.571795910596847534e-02 3.014519065618515015e-02 1.962656388059258461e-03 6.172344437800347805e-04 2.633968833833932877e-04 3.016243863385170698e-04 1.076430780813097954e-03 9.351754561066627502e-04 6.612426601350307465e-03 4.359894245862960815e-02 4.996801912784576416e-02 8.025819063186645508e-02 9.757525473833084106e-02 1.577052623033523560e-01 2.418794333934783936e-01 3.073212206363677979e-01 2.475128769874572754e-01 1.433811336755752563e-01 8.009875565767288208e-02 6.161808595061302185e-02 5.733846873044967651e-02 5.544760823249816895e-02 6.734102964401245117e-02 8.044280856847763062e-02 1.004758849740028381e-01 1.072365641593933105e-01 1.048813685774803162e-01 1.258151233196258545e-01 1.058603748679161072e-01 9.943255037069320679e-02 9.579068422317504883e-02 1.094351112842559814e-01 3.921862691640853882e-02 6.640398502349853516e-02 4.928551614284515381e-02 3.592919930815696716e-02 3.551242500543594360e-02 2.049740403890609741e-02 1.432412769645452499e-02 1.118014901876449585e-01 2.509869262576103210e-02 3.706390410661697388e-02 1.066584885120391846e-01 1.087078526616096497e-01 7.753565162420272827e-02 5.006125569343566895e-02 3.619492799043655396e-02 3.436280414462089539e-02 3.797670081257820129e-02 5.223742872476577759e-02 7.368306070566177368e-02 7.254555821418762207e-02 6.018222495913505554e-02 5.089386925101280212e-02 4.434297978878021240e-02 3.266867250204086304e-02 2.206100337207317352e-02 1.694131456315517426e-02 1.545603573322296143e-02 1.302159577608108521e-02 9.868292137980461121e-03 6.424086634069681168e-03 4.092208575457334518e-03 2.834430197253823280e-03 1.819070079363882542e-03 1.448915922082960606e-03 1.126312999986112118e-03 8.344785892404615879e-04 6.908923387527465820e-04 6.181668140925467014e-04 6.107077933847904205e-04 1.938414527103304863e-03
2.703694254159927368e-02 8.061186224222183228e-02 2.198274247348308563e-02 8.928501978516578674e-03 2.302078064531087875e-03 2.497749868780374527e-03 4.666770983021706343e-04 3.590576525311917067e-04 4.095409531146287918e-03 7.866004016250371933e-04 4.821351729333400726e-03 2.415098100900650024e-01 5.790220201015472412e-02 1.235764846205711365e-02 4.968105349689722061e-03 4.235314670950174332e-03 6.990373134613037109e-03 7.932532578706741333e-03 7.464876864105463028e-03 2.750166226178407669e-03 1.742554605007171631e-01 2.015458047389984131e-01 1.684557497501373291e-01 1.838355511426925659e-01 3.321038484573364258e-01 4.945837855339050293e-01 2.553046643733978271e-01 2.121238112449645996e-01 1.432493329048156738e-01 8.468868583440780640e-02 4.768911749124526978e-02 3.774508088827133179e-02 5.776229873299598694e-02 5.564317479729652405e-02 7.235549390316009521e-02 8.330333232879638672e-02 9.787304699420928955e-02 5.819082260131835938e-02 3.897194191813468933e-02 3.658279031515121460e-02 1.852033101022243500e-02 2.939185313880443573e-02 1.273235958069562912e-02 1.327241398394107819e-02 4.860485903918743134e-03 4.731342662125825882e-03 6.891558878123760223e-03 3.938872367143630981e-03 2.342190826311707497e-03 1.549720065668225288e-03 5.987555487081408501e-04 6.490626931190490723e-02 7.439439743757247925e-02 3.134465590119361877e-02 6.930693052709102631e-03 3.492740681394934654e-03 3.524048021063208580e-03 4.670684691518545151e-03 7.175282575190067291e-03 1.426251325756311417e-02 2.874026447534561157e-02 3.195710852742195129e-02 2.394239418208599091e-02 1.456189062446355820e-02 9.724885225296020508e-03 1.652056537568569183e-02 5.336163938045501709e-02 6.701757013797760010e-02 7.070793956518173218e-02 6.541110575199127197e-02 2.797910198569297791e-02 1.982350461184978485e-02 2.041834592819213867e-02 3.262630477547645569e-02 8.573944121599197388e-02 1.441278904676437378e-01 1.182092130184173584e-01 9.750322438776493073e-03 5.439674481749534607e-03 5.490548908710479736e-03 1.886275596916675568e-03 5.302703939378261566e-04 2.054553333437070251e-04 3.326419755467213690e-05
2.596554160118103027e-02 2.607772946357727051e-01 6.979859620332717896e-02 1.278445217758417130e-02 7.884155958890914917e-03 6.440833676606416702e-03 1.146491733379662037e-03 2.893125405535101891e-03 1.079024281352758408e-02 4.913906101137399673e-03 1.332561671733856201e-02 2.643152698874473572e-02 3.082111850380897522e-02 1.003196462988853455e-02 6.143354810774326324e-03 2.462137956172227859e-03 3.661773807834833860e-04 6.092154653742909431e-04 4.020822234451770782e-03 2.393439179286360741e-03 6.262605637311935425e-02 9.508039057254791260e-02 1.108487024903297424e-01 2.059018760919570923e-01 1.892391890287399292e-01 1.608212143182754517e-01 1.329748928546905518e-01 8.283127099275588989e-02 7.623618841171264648e-02 7.372415065765380859e-02 1.086866259574890137e-01 1.540278196334838867e-01 2.104048728942871094e-01 2.240227907896041870e-01 1.732608824968338013e-01 1.105065047740936279e-01 9.170896559953689575e-02 7.666005194187164307e-02 7.363859564065933228e-02 6.489700078964233398e-02 5.439775809645652771e-02 5.449108034372329712e-02 6.608302891254425049e-02 9.175951778888702393e-02 8.797590434551239014e-02 8.399397134780883789e-02 6.077118963003158569e-02 1.968414150178432465e-02 2.095960546284914017e-03 2.527596079744398594e-04 9.721523383632302284e-05 2.994229434989392757e-04 2.851646968338172883e-05 1.228670962154865265e-02 6.091506779193878174e-02 3.603185713291168213e-02 5.059080943465232849e-02 1.014667823910713196e-01 9.392288327217102051e-02 4.249472543597221375e-02 1.874050498008728027e-02 1.548962760716676712e-02 1.378382463008165359e-02 1.422323752194643021e-02 1.824017055332660675e-02 2.581777423620223999e-02 3.585038706660270691e-02 4.029766097664833069e-02 4.605539515614509583e-02 4.175459221005439758e-02 4.077206924557685852e-02 6.330008059740066528e-02 7.616748660802841187e-02 5.601801350712776184e-02 3.414588049054145813e-02 2.157789468765258789e-02 1.576442271471023560e-02 1.061979215592145920e-02 5.700701382011175156e-03 2.868497511371970177e-03 1.988375559449195862e-03 1.314350054599344730e-03 1.156213227659463882e-03 6.156964809633791447e-04
4.851042479276657104e-02 3.939392864704132080e-01 8.433332666754722595e-03 2.504213014617562294e-03 3.238467324990779161e-04 9.806200250750407577e-05 1.997559411393012851e-05 0.000000000000000000e+00 5.980571731925010681e-04 5.447889179777121171e-06 6.658531219727592543e-06 2.027825394179672003e-04 9.769881144165992737e-04 1.470930059440433979e-03 1.341391354799270630e-03 2.183392876759171486e-03 1.232433598488569260e-03 2.515108790248632431e-03 9.676661342382431030e-03 2.596100792288780212e-02 4.905642569065093994e-02 1.440058741718530655e-02 2.800941467285156250e-02 5.874277651309967041e-02 6.929351389408111572e-02 6.999447941780090332e-02 6.536377221345901489e-02 4.849347844719886780e-02 5.965801700949668884e-02 5.783478915691375732e-02 1.411402821540832520e-01 3.895276784896850586e-01 4.121255278587341309e-01 3.653136491775512695e-01 3.158177733421325684e-01 3.089715838432312012e-01 2.563449740409851074e-01 1.255302727222442627e-01 7.278379797935485840e-02 3.167402744293212891e-02 1.112822070717811584e-02 1.109916623681783676e-02 6.028997711837291718e-03 5.912775173783302307e-03 2.284481422975659370e-03 2.299009123817086220e-03 2.564139664173126221e-03 1.830490771681070328e-03 1.223959145136177540e-03 8.353430312126874924e-04 6.719063385389745235e-04 1.404465828090906143e-02 2.788229659199714661e-02 4.109040275216102600e-02 4.939540475606918335e-02 5.813018605113029480e-02 1.013222634792327881e-01 6.402843445539474487e-02 4.909153282642364502e-02 4.650197178125381470e-02 4.103592038154602051e-02 2.328064665198326111e-02 1.019239518791437149e-02 5.811081733554601669e-03 4.342572763562202454e-03 3.514493815600872040e-03 6.449089851230382919e-03 8.966014720499515533e-03 1.294176373630762100e-02 3.223576396703720093e-02 5.405758693814277649e-02 4.252016916871070862e-02 5.423070862889289856e-02 6.094250828027725220e-02 5.846311524510383606e-02 5.099224299192428589e-02 5.098255723714828491e-02 3.398998454213142395e-02 7.093151565641164780e-03 1.464876841055229306e-04 1.392238336848095059e-04 1.234854862559586763e-04 4.842568159801885486e-05 5.811081791762262583e-05
5.023828893899917603e-02 1.254116743803024292e-01 1.398894041776657104e-01 1.591839082539081573e-02 3.900309326127171516e-03 1.451484393328428268e-03 3.149186377413570881e-04 6.096034776419401169e-04 9.186636656522750854e-03 7.772385142743587494e-04 4.213933832943439484e-03 1.394782587885856628e-02 7.303760200738906860e-02 3.209446743130683899e-02 5.188276059925556183e-03 2.467941027134656906e-03 1.799871279217768461e-05 1.204031505039893091e-04 1.991175301373004913e-02 1.301848096773028374e-03 5.568833351135253906e-01 7.483038902282714844e-01 4.109719991683959961e-01 2.251547276973724365e-01 1.356065273284912109e-01 9.245233237743377686e-02 6.049861758947372437e-02 4.033264517784118652e-02 4.717180132865905762e-02 5.332241952419281006e-02 6.311548501253128052e-02 7.351133227348327637e-02 7.605126500129699707e-02 7.131407409906387329e-02 6.609021127223968506e-02 5.405930802226066589e-02 4.467703774571418762e-02 3.571226820349693298e-02 2.849372662603855133e-02 2.301258966326713562e-02 1.769449934363365173e-02 1.494704838842153549e-02 1.098733209073543549e-02 8.787606842815876007e-03 5.319854710251092911e-03 4.676841665059328079e-03 3.655150299891829491e-03 2.920026425272226334e-03 2.275248989462852478e-03 1.852808753028512001e-03 1.272967783734202385e-03 1.887500286102294922e-02 5.521252285689115524e-03 5.231390707194805145e-03 7.406764198094606400e-03 1.240381877869367599e-02 2.374465391039848328e-02 4.219815880060195923e-02 6.126667559146881104e-02 7.460713386535644531e-02 7.576423138380050659e-02 7.173628360033035278e-02 6.313595175743103027e-02 5.368192493915557861e-02 4.695416986942291260e-02 4.726932570338249207e-02 4.620481282472610474e-02 3.940953314304351807e-02 3.607635945081710815e-02 3.413579240441322327e-02 3.071897849440574646e-02 2.798588015139102936e-02 2.640211209654808044e-02 2.537100948393344879e-02 2.417709492146968842e-02 2.338715083897113800e-02 2.273319661617279053e-02 2.159057371318340302e-02 1.878371462225914001e-02 1.244628615677356720e-02 7.289831526577472687e-03 4.267106764018535614e-03 2.755802823230624199e-03 5.343029741197824478e-03
