2.061432600021362305e-02 2.710770070552825928e-02 2.068152651190757751e-02 2.083913423120975494e-02 2.102478407323360443e-02 2.011104114353656769e-02 1.933460123836994171e-02 1.969188079237937927e-02 1.746892370283603668e-02 1.424326654523611069e-02 1.023633498698472977e-02 8.609486743807792664e-03 9.003991261124610901e-03 9.038800373673439026e-03 1.125112175941467285e-02 1.273003127425909042e-02 1.199275162070989609e-02 1.173458341509103775e-02 1.319753844290971756e-02 2.271544933319091797e-02 4.734589159488677979e-02 3.374224528670310974e-02 2.568438835442066193e-02 2.774876914918422699e-02 2.828928083181381226e-02 1.128399744629859924e-02 4.168890416622161865e-03 8.363887900486588478e-05 2.562347253842744976e-05 0.000000000000000000e+00 0.000000000000000000e+00 0.000000000000000000e+00 0.000000000000000000e+00 0.000000000000000000e+00 0.000000000000000000e+00 0.000000000000000000e+00 0.000000000000000000e+00 0.000000000000000000e+00 0.000000000000000000e+00 0.000000000000000000e+00 0.000000000000000000e+00 0.000000000000000000e+00 0.000000000000000000e+00 1.096491236239671707e-03 1.388888899236917496e-02 3.212313354015350342e-02 6.646534800529479980e-02 1.580513715744018555e-01 1.701290369033813477e+00 3.417687714099884033e-01 1.548373252153396606e-01 1.392892003059387207e-01 1.216612160205841064e-01 9.334389120340347290e-02 7.178826630115509033e-02 3.533428534865379333e-02 3.424069285392761230e-02 2.085073851048946381e-02 1.229926664382219315e-02 1.670843921601772308e-03 0.000000000000000000e+00 0.000000000000000000e+00 0.000000000000000000e+00 0.000000000000000000e+00 0.000000000000000000e+00 0.000000000000000000e+00 0.000000000000000000e+00 0.000000000000000000e+00 0.000000000000000000e+00 0.000000000000000000e+00 2.020870015257969499e-04 3.275936702266335487e-03 4.108457826077938080e-03 1.379799842834472656e-02 2.037984691560268402e-02 2.883365750312805176e-02 6.147312745451927185e-02 6.119755282998085022e-02 1.336771696805953979e-01 5.682377219200134277e-01 7.630863785743713379e-02 1.102389488369226456e-02 7.233554497361183167e-03 7.280933670699596405e-03 2.815681276842951775e-03 1.537408388685435057e-04 0.000000000000000000e+00 0.000000000000000000e+00 0.000000000000000000e+00 0.000000000000000000e+00 0.000000000000000000e+00 0.000000000000000000e+00 0.000000000000000000e+00 0.000000000000000000e+00 0.000000000000000000e+00 0.000000000000000000e+00
0.000000000000000000e+00 0.000000000000000000e+00 0.000000000000000000e+00 0.000000000000000000e+00 0.000000000000000000e+00 0.000000000000000000e+00 0.000000000000000000e+00 0.000000000000000000e+00 0.000000000000000000e+00 0.000000000000000000e+00 0.000000000000000000e+00 0.000000000000000000e+00 0.000000000000000000e+00 0.000000000000000000e+00 0.000000000000000000e+00 5.000000000000000000e-01 0.000000000000000000e+00 0.000000000000000000e+00 0.000000000000000000e+00 0.000000000000000000e+00 0.000000000000000000e+00 0.000000000000000000e+00 0.000000000000000000e+00 0.000000000000000000e+00 0.000000000000000000e+00 0.000000000000000000e+00 0.000000000000000000e+00 0.000000000000000000e+00 0.000000000000000000e+00 0.000000000000000000e+00 0.000000000000000000e+00 0.000000000000000000e+00 0.000000000000000000e+00 0.000000000000000000e+00 0.000000000000000000e+00 0.000000000000000000e+00 0.000000000000000000e+00 0.000000000000000000e+00 0.000000000000000000e+00 0.000000000000000000e+00 0.000000000000000000e+00 0.000000000000000000e+00 0.000000000000000000e+00 0.000000000000000000e+00 0.000000000000000000e+00 0.000000000000000000e+00 0.000000000000000000e+00 0.000000000000000000e+00 0.000000000000000000e+00 3.000000000000000000e+00 0.000000000000000000e+00 0.000000000000000000e+00 0.000000000000000000e+00 0.000000000000000000e+00 0.000000000000000000e+00 0.000000000000000000e+00 0.000000000000000000e+00 0.000000000000000000e+00 0.000000000000000000e+00 0.000000000000000000e+00 0.000000000000000000e+00 0.000000000000000000e+00 0.000000000000000000e+00 0.000000000000000000e+00 0.000000000000000000e+00 0.000000000000000000e+00 0.000000000000000000e+00 0.000000000000000000e+00 0.000000000000000000e+00 0.000000000000000000e+00 0.000000000000000000e+00 0.000000000000000000e+00 0.000000000000000000e+00 0.000000000000000000e+00 0.000000000000000000e+00 0.000000000000000000e+00 0.000000000000000000e+00 0.000000000000000000e+00 1.000000000000000000e+00 0.000000000000000000e+00 0.000000000000000000e+00 0.000000000000000000e+00 0.000000000000000000e+00 0.000000000000000000e+00 0.000000000000000000e+00 0.000000000000000000e+00 0.000000000000000000e+00 0.000000000000000000e+00 0.000000000000000000e+00 0.000000000000000000e+00 0.000000000000000000e+00 0.000000000000000000e+00 0.000000000000000000e+00 0.000000000000000000e+00 0.000000000000000000e+00 0.000000000000000000e+00
4.762722551822662354e-02 3.743816167116165161e-02 3.469836432486772537e-03 2.407700056210160255e-03 2.602377440780401230e-03 2.613828983157873154e-03 3.000320633873343468e-03 3.091933438554406166e-03 2.313224365934729576e-03 2.127135638147592545e-03 2.877215854823589325e-03 5.923342891037464142e-03 8.479913696646690369e-03 1.874055154621601105e-02 5.196452140808105469e-02 7.765620201826095581e-02 7.077664881944656372e-02 5.370516702532768250e-02 5.706907436251640320e-02 2.451216243207454681e-02 1.126551721245050430e-02 2.662498271092772484e-03 6.870963261462748051e-04 1.517337746918201447e-03 2.945925574749708176e-03 1.628990867175161839e-03 8.216527057811617851e-04 7.443543290719389915e-05 0.000000000000000000e+00 0.000000000000000000e+00 0.000000000000000000e+00 0.000000000000000000e+00 0.000000000000000000e+00 0.000000000000000000e+00 0.000000000000000000e+00 0.000000000000000000e+00 0.000000000000000000e+00 0.000000000000000000e+00 0.000000000000000000e+00 0.000000000000000000e+00 0.000000000000000000e+00 0.000000000000000000e+00 0.000000000000000000e+00 0.000000000000000000e+00 0.000000000000000000e+00 0.000000000000000000e+00 0.000000000000000000e+00 2.020063251256942749e-02 2.277741432189941406e+00 6.310808062553405762e-01 7.097704708576202393e-02 0.000000000000000000e+00 0.000000000000000000e+00 0.000000000000000000e+00 0.000000000000000000e+00 0.000000000000000000e+00 0.000000000000000000e+00 0.000000000000000000e+00 0.000000000000000000e+00 0.000000000000000000e+00 0.000000000000000000e+00 0.000000000000000000e+00 0.000000000000000000e+00 0.000000000000000000e+00 0.000000000000000000e+00 0.000000000000000000e+00 0.000000000000000000e+00 0.000000000000000000e+00 0.000000000000000000e+00 0.000000000000000000e+00 0.000000000000000000e+00 0.000000000000000000e+00 0.000000000000000000e+00 0.000000000000000000e+00 0.000000000000000000e+00 0.000000000000000000e+00 0.000000000000000000e+00 1.547111943364143372e-02 3.378223478794097900e-01 5.599949359893798828e-01 8.671155571937561035e-02 0.000000000000000000e+00 0.000000000000000000e+00 0.000000000000000000e+00 0.000000000000000000e+00 0.000000000000000000e+00 0.000000000000000000e+00 0.000000000000000000e+00 0.000000000000000000e+00 0.000000000000000000e+00 0.000000000000000000e+00 0.000000000000000000e+00 0.000000000000000000e+00 0.000000000000000000e+00 0.000000000000000000e+00 0.000000000000000000e+00
6.059500738047063351e-04 2.259936183691024780e-03 4.419851582497358322e-03 6.113263778388500214e-03 8.720304816961288452e-03 1.189107075333595276e-02 2.116860263049602509e-02 4.290977865457534790e-02 4.220212623476982117e-02 2.970107458531856537e-02 2.559719048440456390e-02 2.505642920732498169e-02 2.189204655587673187e-02 2.164865843951702118e-02 2.319422364234924316e-02 2.272727340459823608e-02 2.358501218259334564e-02 2.218561433255672455e-02 2.228485047817230225e-02 2.153161354362964630e-02 2.011754363775253296e-02 1.719397306442260742e-02 1.252087764441967010e-02 9.886395186185836792e-03 8.339597843587398529e-03 7.405471988022327423e-03 5.410652607679367065e-03 4.460173659026622772e-03 4.274580162018537521e-03 3.563120961189270020e-03 3.864415921270847321e-03 3.268322208896279335e-03 0.000000000000000000e+00 0.000000000000000000e+00 0.000000000000000000e+00 0.000000000000000000e+00 0.000000000000000000e+00 0.000000000000000000e+00 0.000000000000000000e+00 0.000000000000000000e+00 0.000000000000000000e+00 0.000000000000000000e+00 0.000000000000000000e+00 1.702932640910148621e-03 2.039419673383235931e-02 1.264894455671310425e-01 2.201917171478271484e-01 3.641043305397033691e-01 1.270393848419189453e+00 5.149502754211425781e-01 2.312426567077636719e-01 1.063674241304397583e-01 6.539019197225570679e-02 3.961031883955001831e-02 2.425166778266429901e-02 1.201730035245418549e-02 2.893775701522827148e-03 0.000000000000000000e+00 0.000000000000000000e+00 0.000000000000000000e+00 0.000000000000000000e+00 0.000000000000000000e+00 0.000000000000000000e+00 0.000000000000000000e+00 0.000000000000000000e+00 0.000000000000000000e+00 0.000000000000000000e+00 0.000000000000000000e+00 0.000000000000000000e+00 2.240111143692047335e-06 8.198807336157187819e-05 2.439481177134439349e-04 7.275881362147629261e-04 4.163919016718864441e-03 1.490906067192554474e-02 3.468476235866546631e-02 7.498167455196380615e-02 1.154477149248123169e-01 3.148333132266998291e-01 2.563034594058990479e-01 9.570225328207015991e-02 2.719270996749401093e-02 2.041592635214328766e-02 2.195017784833908081e-02 1.245300285518169403e-02 5.100733134895563126e-03 5.873571499250829220e-04 2.181868330808356404e-04 0.000000000000000000e+00 0.000000000000000000e+00 0.000000000000000000e+00 0.000000000000000000e+00 0.000000000000000000e+00 0.000000000000000000e+00 0.000000000000000000e+00 0.000000000000000000e+00
1.304842862737132236e-05 1.658523979131132364e-04 6.308915559202432632e-03 8.543287403881549835e-03 9.335121139883995056e-03 1.047033444046974182e-02 1.709550246596336365e-02 1.501015760004520416e-02 1.785643212497234344e-02 2.115115895867347717e-02 2.513676881790161133e-02 3.879950195550918579e-02 5.449161306023597717e-02 5.161374807357788086e-02 4.055863618850708008e-02 2.791608311235904694e-02 2.344665303826332092e-02 2.349335327744483948e-02 2.533386833965778351e-02 1.913655176758766174e-02 1.416578609496355057e-02 1.242965832352638245e-02 1.259722840040922165e-02 1.173877902328968048e-02 6.547907833009958267e-03 3.675536485388875008e-03 1.898889779113233089e-03 8.199907606467604637e-04 2.125520404661074281e-04 3.639825081336311996e-05 6.867593924653192516e-07 0.000000000000000000e+00 0.000000000000000000e+00 0.000000000000000000e+00 0.000000000000000000e+00 0.000000000000000000e+00 0.000000000000000000e+00 0.000000000000000000e+00 0.000000000000000000e+00 0.000000000000000000e+00 0.000000000000000000e+00 0.000000000000000000e+00 0.000000000000000000e+00 0.000000000000000000e+00 0.000000000000000000e+00 0.000000000000000000e+00 1.788321509957313538e-02 2.245662063360214233e-01 7.398005723953247070e-01 7.641509771347045898e-01 4.568687677383422852e-01 5.372917056083679199e-01 2.371915876865386963e-01 1.992700994014739990e-02 2.319873310625553131e-03 0.000000000000000000e+00 0.000000000000000000e+00 0.000000000000000000e+00 0.000000000000000000e+00 0.000000000000000000e+00 0.000000000000000000e+00 0.000000000000000000e+00 0.000000000000000000e+00 0.000000000000000000e+00 0.000000000000000000e+00 0.000000000000000000e+00 0.000000000000000000e+00 0.000000000000000000e+00 0.000000000000000000e+00 0.000000000000000000e+00 0.000000000000000000e+00 0.000000000000000000e+00 1.249902124982327223e-04 3.411134006455540657e-03 4.665225371718406677e-02 8.675350993871688843e-02 2.006106674671173096e-01 1.017056331038475037e-01 2.049036026000976562e-01 2.174438238143920898e-01 1.223743483424186707e-01 1.585658825933933258e-02 1.634487416595220566e-04 0.000000000000000000e+00 0.000000000000000000e+00 0.000000000000000000e+00 0.000000000000000000e+00 0.000000000000000000e+00 0.000000000000000000e+00 0.000000000000000000e+00 0.000000000000000000e+00 0.000000000000000000e+00 0.000000000000000000e+00 0.000000000000000000e+00 0.000000000000000000e+00 0.000000000000000000e+00
1.500142097938805819e-04 7.836036384105682373e-04 2.905422123149037361e-03 4.426301456987857819e-03 3.596811322495341301e-03 2.082550199702382088e-03 1.716339029371738434e-03 2.012396464124321938e-03 2.795558888465166092e-03 4.810602869838476181e-03 6.721518933773040771e-03 1.036377530544996262e-02 1.024861726909875870e-02 1.206952519714832306e-02 1.498465426266193390e-02 1.860440894961357117e-02 2.150277234613895416e-02 3.059010207653045654e-02 4.192941263318061829e-02 5.412733182311058044e-02 6.368235498666763306e-02 5.416660010814666748e-02 4.472629353404045105e-02 3.124575316905975342e-02 2.510708384215831757e-02 1.515143457800149918e-02 1.047319732606410980e-02 6.478407885879278183e-03 2.335368189960718155e-03 1.319242583122104406e-04 1.279532989428844303e-05 6.706517160637304187e-05 0.000000000000000000e+00 0.000000000000000000e+00 0.000000000000000000e+00 0.000000000000000000e+00 0.000000000000000000e+00 0.000000000000000000e+00 0.000000000000000000e+00 0.000000000000000000e+00 0.000000000000000000e+00 0.000000000000000000e+00 0.000000000000000000e+00 0.000000000000000000e+00 0.000000000000000000e+00 0.000000000000000000e+00 0.000000000000000000e+00 0.000000000000000000e+00 9.540983438491821289e-01 1.848838567733764648e+00 1.867941617965698242e-01 1.026891358196735382e-02 0.000000000000000000e+00 0.000000000000000000e+00 0.000000000000000000e+00 0.000000000000000000e+00 0.000000000000000000e+00 0.000000000000000000e+00 0.000000000000000000e+00 0.000000000000000000e+00 0.000000000000000000e+00 0.000000000000000000e+00 0.000000000000000000e+00 0.000000000000000000e+00 0.000000000000000000e+00 0.000000000000000000e+00 0.000000000000000000e+00 0.000000000000000000e+00 0.000000000000000000e+00 0.000000000000000000e+00 0.000000000000000000e+00 0.000000000000000000e+00 0.000000000000000000e+00 0.000000000000000000e+00 0.000000000000000000e+00 0.000000000000000000e+00 1.358952256850898266e-03 6.596565991640090942e-02 2.994759976863861084e-01 6.331579089164733887e-01 4.147451545577496290e-05 0.000000000000000000e+00 0.000000000000000000e+00 0.000000000000000000e+00 0.000000000000000000e+00 0.000000000000000000e+00 0.000000000000000000e+00 0.000000000000000000e+00 0.000000000000000000e+00 0.000000000000000000e+00 0.000000000000000000e+00 0.000000000000000000e+00 0.000000000000000000e+00 0.000000000000000000e+00 0.000000000000000000e+00 0.000000000000000000e+00
1.662602517171762884e-05 1.330082013737410307e-04 3.962535993196070194e-04 8.183699101209640503e-04 1.515739248134195805e-03 3.080433001741766930e-03 4.655749071389436722e-03 5.897620692849159241e-03 1.091267634183168411e-02 1.947277039289474487e-02 4.293116927146911621e-02 6.786974519491195679e-02 5.903070420026779175e-02 6.328465789556503296e-02 9.466397017240524292e-02 6.478422880172729492e-02 2.589226327836513519e-02 1.379175018519163132e-02 8.180466480553150177e-03 4.642355721443891525e-03 2.024680376052856445e-03 1.281589502468705177e-03 1.498651457950472832e-03 1.050210557878017426e-03 8.119042613543570042e-04 8.022057008929550648e-04 5.241816397756338120e-04 2.216803295596037060e-05 8.313012585858814418e-06 4.618340426532085985e-06 9.236680966751009692e-07 0.000000000000000000e+00 0.000000000000000000e+00 0.000000000000000000e+00 0.000000000000000000e+00 0.000000000000000000e+00 0.000000000000000000e+00 0.000000000000000000e+00 0.000000000000000000e+00 0.000000000000000000e+00 0.000000000000000000e+00 1.440922205802053213e-04 3.211593953892588615e-03 3.156173974275588989e-03 3.835069946944713593e-03 1.174905709922313690e-02 1.220322549343109131e-01 1.147567033767700195e+00 1.555497646331787109e+00 1.366964131593704224e-01 1.346985064446926117e-02 2.172467298805713654e-03 4.322766617406159639e-04 3.602305514505133033e-05 0.000000000000000000e+00 0.000000000000000000e+00 0.000000000000000000e+00 0.000000000000000000e+00 0.000000000000000000e+00 0.000000000000000000e+00 0.000000000000000000e+00 0.000000000000000000e+00 0.000000000000000000e+00 0.000000000000000000e+00 0.000000000000000000e+00 0.000000000000000000e+00 0.000000000000000000e+00 0.000000000000000000e+00 0.000000000000000000e+00 0.000000000000000000e+00 0.000000000000000000e+00 0.000000000000000000e+00 0.000000000000000000e+00 0.000000000000000000e+00 0.000000000000000000e+00 1.385502109769731760e-04 1.359639456495642662e-03 7.794834673404693604e-03 7.804440706968307495e-02 4.759190380573272705e-01 3.389464616775512695e-01 6.357052922248840332e-02 2.936802618205547333e-02 4.284895956516265869e-03 5.699031753465533257e-04 3.694672386700403877e-06 0.000000000000000000e+00 0.000000000000000000e+00 0.000000000000000000e+00 0.000000000000000000e+00 0.000000000000000000e+00 0.000000000000000000e+00 0.000000000000000000e+00 0.000000000000000000e+00 0.000000000000000000e+00 0.000000000000000000e+00
1.537575758993625641e-02 1.630207337439060211e-02 1.067794859409332275e-02 9.711137972772121429e-03 9.620024822652339935e-03 1.016923412680625916e-02 9.272866882383823395e-03 9.568562731146812439e-03 1.089856028556823730e-02 1.247237063944339752e-02 1.294101309031248093e-02 1.277608145028352737e-02 1.428071316331624985e-02 1.668761670589447021e-02 2.738665789365768433e-02 3.201528638601303101e-02 3.003231063485145569e-02 6.949693709611892700e-02 4.882312193512916565e-02 4.020196571946144104e-02 3.173899650573730469e-02 2.100789733231067657e-02 1.300639472901821136e-02 8.061399683356285095e-03 5.506436806172132492e-03 1.668297685682773590e-03 2.834629849530756474e-04 1.602915654075331986e-05 8.436397820332786068e-07 0.000000000000000000e+00 0.000000000000000000e+00 0.000000000000000000e+00 0.000000000000000000e+00 0.000000000000000000e+00 0.000000000000000000e+00 0.000000000000000000e+00 0.000000000000000000e+00 0.000000000000000000e+00 0.000000000000000000e+00 2.454991918057203293e-04 2.589130541309714317e-03 1.310257054865360260e-02 3.205156326293945312e-02 4.772301390767097473e-02 6.704658269882202148e-02 8.064015209674835205e-02 9.774664044380187988e-02 1.376946568489074707e-01 7.159363627433776855e-01 1.018548250198364258e+00 1.634391844272613525e-01 1.100038886070251465e-01 1.343108415603637695e-01 1.473045647144317627e-01 4.552617669105529785e-02 3.719438984990119934e-02 2.496245875954627991e-02 1.890343613922595978e-02 1.779742538928985596e-02 2.048273012042045593e-02 2.364131808280944824e-02 2.552179247140884399e-02 1.337337866425514221e-02 4.213980864733457565e-03 0.000000000000000000e+00 0.000000000000000000e+00 0.000000000000000000e+00 2.598410646896809340e-04 1.170128351077437401e-03 3.667302196845412254e-03 1.807920052669942379e-03 1.579293748363852501e-03 1.879629446193575859e-03 3.113030921667814255e-03 6.113014183938503265e-03 1.006209198385477066e-02 2.788820117712020874e-02 1.035787165164947510e-01 1.679813414812088013e-01 4.026144444942474365e-01 1.404879540205001831e-01 9.161674976348876953e-02 2.685474231839179993e-02 9.049723856151103973e-03 2.758702030405402184e-04 0.000000000000000000e+00 0.000000000000000000e+00 0.000000000000000000e+00 0.000000000000000000e+00 0.000000000000000000e+00 0.000000000000000000e+00 0.000000000000000000e+00 0.000000000000000000e+00 0.000000000000000000e+00 0.000000000000000000e+00 0.000000000000000000e+00
1.769579830579459667e-05 1.002414966933429241e-03 7.579700555652379990e-03 1.589048095047473907e-02 3.436801582574844360e-02 6.194258108735084534e-02 6.754174083471298218e-02 5.151836946606636047e-02 4.070033878087997437e-02 3.852687776088714600e-02 3.691343590617179871e-02 2.890279144048690796e-02 2.461520396173000336e-02 1.546890381723642349e-02 9.852742776274681091e-03 9.336789138615131378e-03 1.146132592111825943e-02 1.337767671793699265e-02 1.477876771241426468e-02 1.041068136692047119e-02 2.110657747834920883e-03 3.598145849537104368e-04 1.682835718384012580e-04 1.790398528100922704e-04 1.759170554578304291e-04 2.081858692690730095e-04 2.571095537859946489e-04 2.571095537859946489e-04 4.049215058330446482e-04 3.834089729934930801e-04 8.240690804086625576e-04 4.649484471883624792e-04 0.000000000000000000e+00 0.000000000000000000e+00 0.000000000000000000e+00 0.000000000000000000e+00 0.000000000000000000e+00 0.000000000000000000e+00 0.000000000000000000e+00 0.000000000000000000e+00 0.000000000000000000e+00 0.000000000000000000e+00 0.000000000000000000e+00 0.000000000000000000e+00 0.000000000000000000e+00 0.000000000000000000e+00 0.000000000000000000e+00 2.507390826940536499e-02 2.676766395568847656e+00 2.878731787204742432e-01 5.704292561858892441e-03 2.387891989201307297e-03 9.430819773115217686e-04 7.848606910556554794e-04 4.663363506551831961e-04 0.000000000000000000e+00 0.000000000000000000e+00 0.000000000000000000e+00 0.000000000000000000e+00 0.000000000000000000e+00 0.000000000000000000e+00 0.000000000000000000e+00 0.000000000000000000e+00 0.000000000000000000e+00 0.000000000000000000e+00 0.000000000000000000e+00 0.000000000000000000e+00 0.000000000000000000e+00 0.000000000000000000e+00 0.000000000000000000e+00 6.245576059882296249e-06 3.400369314476847649e-05 5.204646731726825237e-05 4.580089080263860524e-05 1.380966277793049812e-04 2.081858692690730095e-04 7.695937529206275940e-04 1.651607919484376907e-03 1.469320356845855713e-01 8.407961130142211914e-01 9.366282261908054352e-03 0.000000000000000000e+00 0.000000000000000000e+00 0.000000000000000000e+00 0.000000000000000000e+00 0.000000000000000000e+00 0.000000000000000000e+00 0.000000000000000000e+00 0.000000000000000000e+00 0.000000000000000000e+00 0.000000000000000000e+00 0.000000000000000000e+00 0.000000000000000000e+00 0.000000000000000000e+00 0.000000000000000000e+00 0.000000000000000000e+00
7.834275066852569580e-02 7.095641642808914185e-02 4.320419579744338989e-02 2.773338742554187775e-02 2.163034677505493164e-02 1.918079145252704620e-02 1.788673736155033112e-02 1.755447871983051300e-02 1.748991198837757111e-02 1.645950973033905029e-02 1.581786386668682098e-02 1.506591308861970901e-02 1.525827310979366302e-02 1.678235083818435669e-02 1.748453080654144287e-02 1.586494408547878265e-02 1.428705919533967972e-02 1.307371538132429123e-02 1.142588071525096893e-02 9.151197038590908051e-03 7.623082958161830902e-03 5.688727367669343948e-03 2.694377209991216660e-03 1.421845518052577972e-03 9.523809421807527542e-04 8.111380157060921192e-04 8.878127555362880230e-04 9.617971372790634632e-04 7.721280562691390514e-04 7.048695115372538567e-04 9.819747647270560265e-04 1.849609892815351486e-03 0.000000000000000000e+00 0.000000000000000000e+00 0.000000000000000000e+00 0.000000000000000000e+00 0.000000000000000000e+00 0.000000000000000000e+00 0.000000000000000000e+00 0.000000000000000000e+00 0.000000000000000000e+00 0.000000000000000000e+00 0.000000000000000000e+00 0.000000000000000000e+00 0.000000000000000000e+00 0.000000000000000000e+00 1.774818450212478638e-02 3.360048532485961914e-01 2.164213180541992188e+00 3.889911174774169922e-01 5.086360126733779907e-02 2.784503623843193054e-02 1.341404300183057785e-02 9.200968779623508453e-04 0.000000000000000000e+00 0.000000000000000000e+00 0.000000000000000000e+00 0.000000000000000000e+00 0.000000000000000000e+00 0.000000000000000000e+00 0.000000000000000000e+00 0.000000000000000000e+00 0.000000000000000000e+00 0.000000000000000000e+00 0.000000000000000000e+00 0.000000000000000000e+00 0.000000000000000000e+00 0.000000000000000000e+00 0.000000000000000000e+00 0.000000000000000000e+00 0.000000000000000000e+00 0.000000000000000000e+00 0.000000000000000000e+00 0.000000000000000000e+00 0.000000000000000000e+00 0.000000000000000000e+00 0.000000000000000000e+00 1.334947533905506134e-02 1.768684387207031250e-01 6.308797597885131836e-01 1.777966171503067017e-01 1.103040063753724098e-03 2.690341716515831649e-06 0.000000000000000000e+00 0.000000000000000000e+00 0.000000000000000000e+00 0.000000000000000000e+00 0.000000000000000000e+00 0.000000000000000000e+00 0.000000000000000000e+00 0.000000000000000000e+00 0.000000000000000000e+00 0.000000000000000000e+00 0.000000000000000000e+00 0.000000000000000000e+00 0.000000000000000000e+00
1.885967887938022614e-02 3.399197757244110107e-02 2.360764145851135254e-02 2.463728189468383789e-02 3.065843693912029266e-02 2.926373295485973358e-02 3.400583192706108093e-02 2.803370729088783264e-02 1.284118834882974625e-02 9.446893818676471710e-03 9.394132532179355621e-03 9.455953724682331085e-03 9.789041243493556976e-03 1.090608350932598114e-02 1.138466317206621170e-02 1.185738109052181244e-02 1.260669436305761337e-02 1.322383899241685867e-02 1.423535868525505066e-02 1.514029130339622498e-02 1.588853821158409119e-02 1.477895770221948624e-02 1.435900107026100159e-02 1.494043879210948944e-02 1.853991486132144928e-02 2.534928917884826660e-02 2.197471261024475098e-02 8.815892972052097321e-03 1.742180669680237770e-03 2.520805865060538054e-04 1.918583802762441337e-05 0.000000000000000000e+00 0.000000000000000000e+00 0.000000000000000000e+00 0.000000000000000000e+00 0.000000000000000000e+00 0.000000000000000000e+00 0.000000000000000000e+00 0.000000000000000000e+00 0.000000000000000000e+00 0.000000000000000000e+00 0.000000000000000000e+00 0.000000000000000000e+00 0.000000000000000000e+00 0.000000000000000000e+00 0.000000000000000000e+00 0.000000000000000000e+00 4.001558125019073486e-01 1.674504876136779785e+00 8.529608249664306641e-01 7.231782376766204834e-02 6.075515557313337922e-05 0.000000000000000000e+00 0.000000000000000000e+00 0.000000000000000000e+00 0.000000000000000000e+00 0.000000000000000000e+00 0.000000000000000000e+00 0.000000000000000000e+00 0.000000000000000000e+00 0.000000000000000000e+00 0.000000000000000000e+00 0.000000000000000000e+00 0.000000000000000000e+00 0.000000000000000000e+00 0.000000000000000000e+00 0.000000000000000000e+00 0.000000000000000000e+00 0.000000000000000000e+00 0.000000000000000000e+00 0.000000000000000000e+00 0.000000000000000000e+00 0.000000000000000000e+00 0.000000000000000000e+00 0.000000000000000000e+00 0.000000000000000000e+00 0.000000000000000000e+00 1.663305610418319702e-02 2.694800198078155518e-01 3.933864235877990723e-01 3.008584678173065186e-01 1.964203454554080963e-02 0.000000000000000000e+00 0.000000000000000000e+00 0.000000000000000000e+00 0.000000000000000000e+00 0.000000000000000000e+00 0.000000000000000000e+00 0.000000000000000000e+00 0.000000000000000000e+00 0.000000000000000000e+00 0.000000000000000000e+00 0.000000000000000000e+00 0.000000000000000000e+00 0.000000000000000000e+00 0.000000000000000000e+00
1.144925411790609360e-02 1.137350779026746750e-02 1.517164148390293121e-02 1.181417889893054962e-02 3.112686565145850182e-03 8.052239194512367249e-03 2.532238885760307312e-02 3.990596905350685120e-02 3.802276030182838440e-02 3.867014870047569275e-02 3.705335780978202820e-02 3.880970180034637451e-02 4.111082106828689575e-02 4.343209043145179749e-02 3.987164050340652466e-02 3.338880464434623718e-02 2.667201496660709381e-02 2.002798579633235931e-02 1.111417915672063828e-02 3.705597016960382462e-03 9.156716405414044857e-04 3.029850777238607407e-04 1.537313364678993821e-04 1.003731376840732992e-04 8.283582428703084588e-05 1.022388023557141423e-04 1.541044766781851649e-04 5.559701457968913019e-05 1.455223900848068297e-05 1.455223900848068297e-05 2.052238778560422361e-05 1.865671606537944172e-06 0.000000000000000000e+00 0.000000000000000000e+00 0.000000000000000000e+00 0.000000000000000000e+00 0.000000000000000000e+00 0.000000000000000000e+00 0.000000000000000000e+00 0.000000000000000000e+00 0.000000000000000000e+00 0.000000000000000000e+00 0.000000000000000000e+00 0.000000000000000000e+00 0.000000000000000000e+00 0.000000000000000000e+00 0.000000000000000000e+00 4.665671382099390030e-03 2.927825450897216797e+00 6.417760998010635376e-02 3.331343410536646843e-03 0.000000000000000000e+00 0.000000000000000000e+00 0.000000000000000000e+00 0.000000000000000000e+00 0.000000000000000000e+00 0.000000000000000000e+00 0.000000000000000000e+00 0.000000000000000000e+00 0.000000000000000000e+00 0.000000000000000000e+00 0.000000000000000000e+00 0.000000000000000000e+00 0.000000000000000000e+00 0.000000000000000000e+00 0.000000000000000000e+00 0.000000000000000000e+00 0.000000000000000000e+00 0.000000000000000000e+00 0.000000000000000000e+00 0.000000000000000000e+00 0.000000000000000000e+00 0.000000000000000000e+00 0.000000000000000000e+00 0.000000000000000000e+00 0.000000000000000000e+00 5.298507749103009701e-04 3.939552232623100281e-03 1.140149217098951340e-02 9.769372940063476562e-01 7.191791199147701263e-03 0.000000000000000000e+00 0.000000000000000000e+00 0.000000000000000000e+00 0.000000000000000000e+00 0.000000000000000000e+00 0.000000000000000000e+00 0.000000000000000000e+00 0.000000000000000000e+00 0.000000000000000000e+00 0.000000000000000000e+00 0.000000000000000000e+00 0.000000000000000000e+00 0.000000000000000000e+00 0.000000000000000000e+00 0.000000000000000000e+00
8.796574547886848450e-03 1.115311589092016220e-02 1.121850870549678802e-02 1.307290606200695038e-02 1.271921023726463318e-02 1.315070968121290207e-02 1.517264731228351593e-02 1.787620224058628082e-02 2.001365087926387787e-02 2.302269265055656433e-02 2.569903805851936340e-02 2.794149890542030334e-02 2.802503108978271484e-02 2.912669070065021515e-02 3.067989833652973175e-02 2.837872691452503204e-02 2.440310828387737274e-02 2.149191871285438538e-02 1.858979836106300354e-02 1.597359403967857361e-02 1.383184920996427536e-02 1.236455980688333511e-02 1.182184461504220963e-02 1.235644519329071045e-02 1.309534069150686264e-02 1.312350202351808548e-02 1.173831243067979813e-02 8.108275942504405975e-03 4.522152710705995560e-03 2.095445292070508003e-03 4.214756772853434086e-04 1.527431777503807098e-05 0.000000000000000000e+00 0.000000000000000000e+00 0.000000000000000000e+00 0.000000000000000000e+00 0.000000000000000000e+00 0.000000000000000000e+00 0.000000000000000000e+00 0.000000000000000000e+00 0.000000000000000000e+00 0.000000000000000000e+00 0.000000000000000000e+00 0.000000000000000000e+00 0.000000000000000000e+00 0.000000000000000000e+00 0.000000000000000000e+00 1.328865648247301579e-03 4.609817266464233398e-01 1.291665911674499512e+00 9.980554580688476562e-01 2.069364488124847412e-01 4.013517871499061584e-02 8.935475489124655724e-04 2.863934696506476030e-06 0.000000000000000000e+00 0.000000000000000000e+00 0.000000000000000000e+00 0.000000000000000000e+00 0.000000000000000000e+00 0.000000000000000000e+00 0.000000000000000000e+00 0.000000000000000000e+00 0.000000000000000000e+00 0.000000000000000000e+00 0.000000000000000000e+00 0.000000000000000000e+00 0.000000000000000000e+00 0.000000000000000000e+00 0.000000000000000000e+00 0.000000000000000000e+00 0.000000000000000000e+00 0.000000000000000000e+00 6.682513685518642887e-06 2.644366177264600992e-04 3.576576709747314453e-02 9.694799780845642090e-02 3.344521820545196533e-01 3.844049274921417236e-01 1.440033912658691406e-01 4.154614172875881195e-03 0.000000000000000000e+00 0.000000000000000000e+00 0.000000000000000000e+00 0.000000000000000000e+00 0.000000000000000000e+00 0.000000000000000000e+00 0.000000000000000000e+00 0.000000000000000000e+00 0.000000000000000000e+00 0.000000000000000000e+00 0.000000000000000000e+00 0.000000000000000000e+00 0.000000000000000000e+00 0.000000000000000000e+00 0.000000000000000000e+00
7.048063911497592926e-03 3.623211290687322617e-03 3.473914694041013718e-03 3.828955814242362976e-03 2.666130661964416504e-02 3.600104525685310364e-02 1.143411174416542053e-02 6.101639941334724426e-03 5.684347823262214661e-03 8.984698913991451263e-03 1.249026693403720856e-02 1.918276213109493256e-02 3.075720183551311493e-02 3.254770487546920776e-02 2.516253851354122162e-02 1.852701790630817413e-02 1.513223536312580109e-02 2.219137735664844513e-02 4.339254647493362427e-02 7.850889116525650024e-02 5.105414986610412598e-02 1.649120450019836426e-02 1.285322103649377823e-02 6.358556449413299561e-03 1.855919836089015007e-03 4.874559235759079456e-04 1.408557727700099349e-04 2.479483555362094194e-05 0.000000000000000000e+00 0.000000000000000000e+00 0.000000000000000000e+00 0.000000000000000000e+00 0.000000000000000000e+00 0.000000000000000000e+00 0.000000000000000000e+00 0.000000000000000000e+00 0.000000000000000000e+00 0.000000000000000000e+00 0.000000000000000000e+00 0.000000000000000000e+00 0.000000000000000000e+00 0.000000000000000000e+00 0.000000000000000000e+00 0.000000000000000000e+00 0.000000000000000000e+00 0.000000000000000000e+00 0.000000000000000000e+00 7.944898679852485657e-04 1.132309436798095703e+00 6.894398927688598633e-01 3.728341460227966309e-01 7.835917472839355469e-01 2.103024162352085114e-02 0.000000000000000000e+00 0.000000000000000000e+00 0.000000000000000000e+00 0.000000000000000000e+00 0.000000000000000000e+00 0.000000000000000000e+00 0.000000000000000000e+00 0.000000000000000000e+00 0.000000000000000000e+00 0.000000000000000000e+00 0.000000000000000000e+00 0.000000000000000000e+00 0.000000000000000000e+00 0.000000000000000000e+00 0.000000000000000000e+00 0.000000000000000000e+00 0.000000000000000000e+00 0.000000000000000000e+00 0.000000000000000000e+00 0.000000000000000000e+00 0.000000000000000000e+00 0.000000000000000000e+00 5.187923554331064224e-03 3.087431788444519043e-01 9.407582879066467285e-02 1.997988969087600708e-01 3.395309746265411377e-01 5.266317725181579590e-02 0.000000000000000000e+00 0.000000000000000000e+00 0.000000000000000000e+00 0.000000000000000000e+00 0.000000000000000000e+00 0.000000000000000000e+00 0.000000000000000000e+00 0.000000000000000000e+00 0.000000000000000000e+00 0.000000000000000000e+00 0.000000000000000000e+00 0.000000000000000000e+00 0.000000000000000000e+00 0.000000000000000000e+00 0.000000000000000000e+00
2.218224399257451296e-04 2.609675575513392687e-04 4.077618359588086605e-04 1.143364119343459606e-03 2.068983623757958412e-03 6.746011786162853241e-03 1.367633137851953506e-02 2.589940093457698822e-02 4.674255475401878357e-02 5.262574180960655212e-02 5.339477956295013428e-02 5.172866582870483398e-02 3.860770538449287415e-02 2.465001866221427917e-02 1.407104544341564178e-02 9.659877978265285492e-03 1.045745983719825745e-02 1.166606601327657700e-02 1.385085377842187881e-02 1.452692318707704544e-02 1.556997746229171753e-02 1.405881252139806747e-02 1.230625156313180923e-02 1.163915358483791351e-02 1.081547513604164124e-02 8.870450779795646667e-03 1.152742654085159302e-02 8.284904994070529938e-03 7.741766050457954407e-03 5.918255075812339783e-03 8.611929952166974545e-04 0.000000000000000000e+00 0.000000000000000000e+00 0.000000000000000000e+00 0.000000000000000000e+00 0.000000000000000000e+00 0.000000000000000000e+00 0.000000000000000000e+00 0.000000000000000000e+00 0.000000000000000000e+00 0.000000000000000000e+00 4.893141976936021820e-06 8.949556387960910797e-03 1.057897228747606277e-02 5.353097338229417801e-03 4.888248629868030548e-03 4.305964801460504532e-03 4.208101890981197357e-03 1.425078660249710083e-01 2.147834777832031250e+00 6.307504773139953613e-01 2.524861367419362068e-03 2.255738480016589165e-03 2.118730451911687851e-03 2.705907449126243591e-03 4.413614049553871155e-03 1.244815252721309662e-02 1.415096595883369446e-02 0.000000000000000000e+00 0.000000000000000000e+00 0.000000000000000000e+00 0.000000000000000000e+00 0.000000000000000000e+00 0.000000000000000000e+00 0.000000000000000000e+00 0.000000000000000000e+00 0.000000000000000000e+00 0.000000000000000000e+00 0.000000000000000000e+00 0.000000000000000000e+00 0.000000000000000000e+00 0.000000000000000000e+00 0.000000000000000000e+00 0.000000000000000000e+00 0.000000000000000000e+00 9.786283953872043639e-06 1.009618281386792660e-03 3.850283026695251465e-01 5.340244770050048828e-01 6.852845102548599243e-02 2.567268442362546921e-03 5.705403629690408707e-03 3.126717638224363327e-03 0.000000000000000000e+00 0.000000000000000000e+00 0.000000000000000000e+00 0.000000000000000000e+00 0.000000000000000000e+00 0.000000000000000000e+00 0.000000000000000000e+00 0.000000000000000000e+00 0.000000000000000000e+00 0.000000000000000000e+00 0.000000000000000000e+00 0.000000000000000000e+00 0.000000000000000000e+00
5.161213502287864685e-02 1.090617943555116653e-02 1.849042065441608429e-02 4.035275056958198547e-02 6.623093783855438232e-02 3.716709464788436890e-02 2.746476419270038605e-02 2.592134103178977966e-02 1.431897468864917755e-02 2.888439595699310303e-02 3.439370542764663696e-02 1.066313870251178741e-02 9.303699247539043427e-03 1.355464477092027664e-02 1.475281361490488052e-02 1.217816956341266632e-02 6.694983690977096558e-03 3.181110834702849388e-03 2.338417572900652885e-03 2.515587490051984787e-03 1.586580532602965832e-03 2.751814201474189758e-03 1.969086006283760071e-02 1.282438542693853378e-02 1.280848588794469833e-02 1.863238401710987091e-02 7.711439975537359715e-04 9.085643796424847096e-06 0.000000000000000000e+00 0.000000000000000000e+00 0.000000000000000000e+00 0.000000000000000000e+00 0.000000000000000000e+00 0.000000000000000000e+00 0.000000000000000000e+00 0.000000000000000000e+00 0.000000000000000000e+00 0.000000000000000000e+00 0.000000000000000000e+00 0.000000000000000000e+00 0.000000000000000000e+00 0.000000000000000000e+00 0.000000000000000000e+00 0.000000000000000000e+00 0.000000000000000000e+00 0.000000000000000000e+00 0.000000000000000000e+00 8.265664801001548767e-03 1.552452564239501953e+00 5.307946205139160156e-01 3.101293742656707764e-01 2.391931861639022827e-01 2.944634258747100830e-01 2.398609742522239685e-02 7.011845707893371582e-03 1.054843235760927200e-02 9.628511033952236176e-03 1.316509768366813660e-02 3.611543215811252594e-04 0.000000000000000000e+00 0.000000000000000000e+00 0.000000000000000000e+00 0.000000000000000000e+00 0.000000000000000000e+00 0.000000000000000000e+00 0.000000000000000000e+00 0.000000000000000000e+00 0.000000000000000000e+00 0.000000000000000000e+00 0.000000000000000000e+00 0.000000000000000000e+00 0.000000000000000000e+00 0.000000000000000000e+00 0.000000000000000000e+00 1.344675198197364807e-03 2.726601622998714447e-02 8.697459101676940918e-02 7.972879707813262939e-02 4.039658904075622559e-01 2.856639921665191650e-01 1.150560453534126282e-01 0.000000000000000000e+00 0.000000000000000000e+00 0.000000000000000000e+00 0.000000000000000000e+00 0.000000000000000000e+00 0.000000000000000000e+00 0.000000000000000000e+00 0.000000000000000000e+00 0.000000000000000000e+00 0.000000000000000000e+00 0.000000000000000000e+00 0.000000000000000000e+00 0.000000000000000000e+00 0.000000000000000000e+00 0.000000000000000000e+00
1.298628654330968857e-02 1.605139859020709991e-02 1.810853369534015656e-02 1.752452179789543152e-02 1.456584408879280090e-02 1.155000273138284683e-02 9.608250111341476440e-03 8.052176795899868011e-03 7.610056083649396896e-03 8.488508872687816620e-03 8.367469534277915955e-03 8.601390756666660309e-03 8.599877357482910156e-03 9.896835312247276306e-03 1.374041195958852768e-02 2.176791988313198090e-02 2.581101283431053162e-02 3.473151102662086487e-02 4.657062515616416931e-02 5.133824422955513000e-02 2.825501188635826111e-02 1.838889718055725098e-02 1.834534853696823120e-02 2.196829207241535187e-02 2.954078651964664459e-02 2.073790505528450012e-02 7.282856386154890060e-03 1.417799387127161026e-03 9.137119195656850934e-05 8.551659220756846480e-07 0.000000000000000000e+00 0.000000000000000000e+00 0.000000000000000000e+00 0.000000000000000000e+00 0.000000000000000000e+00 0.000000000000000000e+00 0.000000000000000000e+00 0.000000000000000000e+00 0.000000000000000000e+00 0.000000000000000000e+00 0.000000000000000000e+00 0.000000000000000000e+00 0.000000000000000000e+00 0.000000000000000000e+00 7.893839892858522944e-07 2.743898658081889153e-03 1.062866020947694778e-02 7.504870742559432983e-02 4.358188509941101074e-01 7.501668930053710938e-01 1.481199979782104492e+00 1.636298149824142456e-01 6.364803016185760498e-02 8.105394430458545685e-03 4.768668208271265030e-03 3.531309077516198158e-03 7.068932754918932915e-04 1.973459802684374154e-06 0.000000000000000000e+00 0.000000000000000000e+00 0.000000000000000000e+00 0.000000000000000000e+00 0.000000000000000000e+00 0.000000000000000000e+00 0.000000000000000000e+00 0.000000000000000000e+00 0.000000000000000000e+00 0.000000000000000000e+00 2.236587761217379011e-06 4.446863022167235613e-05 2.854938502423465252e-04 9.600224439054727554e-04 2.349996007978916168e-03 4.623553249984979630e-03 6.810146849602460861e-03 1.386039797216653824e-02 1.261211931705474854e-01 4.984699189662933350e-01 1.590817868709564209e-01 1.602649390697479248e-01 1.827621087431907654e-02 4.429496359080076218e-03 2.619307488203048706e-03 1.529562985524535179e-03 2.712849527597427368e-04 0.000000000000000000e+00 0.000000000000000000e+00 0.000000000000000000e+00 0.000000000000000000e+00 0.000000000000000000e+00 0.000000000000000000e+00 0.000000000000000000e+00 0.000000000000000000e+00 0.000000000000000000e+00 0.000000000000000000e+00 0.000000000000000000e+00
1.324498094618320465e-03 5.657935980707406998e-03 2.768663689494132996e-02 5.286229774355888367e-02 5.331712588667869568e-02 4.570028185844421387e-02 3.152525052428245544e-02 1.808030158281326294e-02 2.060931548476219177e-02 1.565087772905826569e-02 7.892095483839511871e-03 7.563519291579723358e-03 8.573557250201702118e-03 1.997647434473037720e-02 2.678952366113662720e-02 3.062264807522296906e-02 3.512154892086982727e-02 3.274780511856079102e-02 2.047129906713962555e-02 4.595357459038496017e-03 2.891311189159750938e-03 3.520232159644365311e-03 4.162484314292669296e-03 5.222710315138101578e-03 5.881430581212043762e-03 5.944165401160717010e-03 3.957026172429323196e-03 1.305677578784525394e-03 3.466123016551136971e-04 0.000000000000000000e+00 0.000000000000000000e+00 0.000000000000000000e+00 0.000000000000000000e+00 0.000000000000000000e+00 0.000000000000000000e+00 0.000000000000000000e+00 0.000000000000000000e+00 0.000000000000000000e+00 0.000000000000000000e+00 0.000000000000000000e+00 0.000000000000000000e+00 0.000000000000000000e+00 0.000000000000000000e+00 0.000000000000000000e+00 9.410288475919514894e-05 4.465181846171617508e-03 7.768193259835243225e-03 3.615903109312057495e-02 2.837823152542114258e+00 1.136904060840606689e-01 0.000000000000000000e+00 0.000000000000000000e+00 0.000000000000000000e+00 0.000000000000000000e+00 0.000000000000000000e+00 0.000000000000000000e+00 0.000000000000000000e+00 0.000000000000000000e+00 0.000000000000000000e+00 0.000000000000000000e+00 0.000000000000000000e+00 0.000000000000000000e+00 0.000000000000000000e+00 0.000000000000000000e+00 0.000000000000000000e+00 0.000000000000000000e+00 0.000000000000000000e+00 0.000000000000000000e+00 0.000000000000000000e+00 0.000000000000000000e+00 0.000000000000000000e+00 0.000000000000000000e+00 0.000000000000000000e+00 0.000000000000000000e+00 0.000000000000000000e+00 0.000000000000000000e+00 0.000000000000000000e+00 1.380175672238692641e-04 9.275407530367374420e-03 9.135664701461791992e-01 7.090966403484344482e-02 5.398368928581476212e-03 7.120451773516833782e-04 0.000000000000000000e+00 0.000000000000000000e+00 0.000000000000000000e+00 0.000000000000000000e+00 0.000000000000000000e+00 0.000000000000000000e+00 0.000000000000000000e+00 0.000000000000000000e+00 0.000000000000000000e+00 0.000000000000000000e+00 0.000000000000000000e+00 0.000000000000000000e+00 0.000000000000000000e+00
4.662436549551784992e-04 3.700902918353676796e-03 5.529319401830434799e-03 4.837215412408113480e-03 4.435074049979448318e-03 4.857247229665517807e-03 5.494263488799333572e-03 7.009179797023534775e-03 1.156043913215398788e-02 2.177923731505870819e-02 1.457524765282869339e-02 1.402286626398563385e-02 1.289456710219383240e-02 1.049523986876010895e-02 8.956285193562507629e-03 7.763883564621210098e-03 6.698684301227331161e-03 7.785417605191469193e-03 1.201015617698431015e-02 2.363369613885879517e-02 3.731101006269454956e-02 5.666438117623329163e-02 5.721575766801834106e-02 6.307811290025711060e-02 5.832803249359130859e-02 2.707368321716785431e-02 4.923352971673011780e-03 3.022821387276053429e-03 1.885507372207939625e-03 1.836929935961961746e-03 1.552476169308647513e-04 0.000000000000000000e+00 0.000000000000000000e+00 0.000000000000000000e+00 0.000000000000000000e+00 0.000000000000000000e+00 0.000000000000000000e+00 0.000000000000000000e+00 0.000000000000000000e+00 0.000000000000000000e+00 0.000000000000000000e+00 0.000000000000000000e+00 0.000000000000000000e+00 0.000000000000000000e+00 0.000000000000000000e+00 0.000000000000000000e+00 0.000000000000000000e+00 1.325113582424819469e-03 1.266550183296203613e+00 1.732124805450439453e+00 0.000000000000000000e+00 0.000000000000000000e+00 0.000000000000000000e+00 0.000000000000000000e+00 0.000000000000000000e+00 0.000000000000000000e+00 0.000000000000000000e+00 0.000000000000000000e+00 0.000000000000000000e+00 0.000000000000000000e+00 0.000000000000000000e+00 0.000000000000000000e+00 0.000000000000000000e+00 0.000000000000000000e+00 0.000000000000000000e+00 0.000000000000000000e+00 0.000000000000000000e+00 0.000000000000000000e+00 0.000000000000000000e+00 0.000000000000000000e+00 0.000000000000000000e+00 0.000000000000000000e+00 0.000000000000000000e+00 0.000000000000000000e+00 0.000000000000000000e+00 0.000000000000000000e+00 0.000000000000000000e+00 0.000000000000000000e+00 3.858293890953063965e-01 6.140344142913818359e-01 1.362172624794766307e-04 0.000000000000000000e+00 0.000000000000000000e+00 0.000000000000000000e+00 0.000000000000000000e+00 0.000000000000000000e+00 0.000000000000000000e+00 0.000000000000000000e+00 0.000000000000000000e+00 0.000000000000000000e+00 0.000000000000000000e+00 0.000000000000000000e+00 0.000000000000000000e+00 0.000000000000000000e+00 0.000000000000000000e+00 0.000000000000000000e+00
7.712603292020503432e-06 1.773898839019238949e-05 1.681347639532759786e-04 6.532575353048741817e-04 1.263710088096559048e-03 3.059975570067763329e-03 6.745057646185159683e-03 1.117671933025121689e-02 1.377856638282537460e-02 3.172733634710311890e-02 5.629506707191467285e-02 6.385225802659988403e-02 9.156711399555206299e-02 9.573886543512344360e-02 2.882662788033485413e-02 8.904200978577136993e-03 9.991292841732501984e-03 8.399411104619503021e-03 8.037690073251724243e-03 7.958250120282173157e-03 1.678918115794658661e-02 1.603758893907070160e-02 9.452953003346920013e-03 2.934645628556609154e-03 1.502029597759246826e-03 2.971666166558861732e-03 1.508970861323177814e-03 3.802313585765659809e-04 2.340775245102122426e-04 1.928150959429331124e-05 3.856301873383927159e-07 0.000000000000000000e+00 0.000000000000000000e+00 0.000000000000000000e+00 0.000000000000000000e+00 0.000000000000000000e+00 0.000000000000000000e+00 0.000000000000000000e+00 0.000000000000000000e+00 0.000000000000000000e+00 0.000000000000000000e+00 0.000000000000000000e+00 0.000000000000000000e+00 0.000000000000000000e+00 4.396184231154620647e-04 4.076188057661056519e-02 1.989157684147357941e-02 4.849685356020927429e-03 8.009847253561019897e-02 3.264213204383850098e-01 3.298364281654357910e-01 2.506796717643737793e-01 2.693819701671600342e-01 1.346389204263687134e-01 2.206444740295410156e-01 6.043387651443481445e-01 5.979342460632324219e-01 1.200806051492691040e-01 2.313781124030356295e-06 0.000000000000000000e+00 0.000000000000000000e+00 0.000000000000000000e+00 0.000000000000000000e+00 0.000000000000000000e+00 0.000000000000000000e+00 0.000000000000000000e+00 0.000000000000000000e+00 0.000000000000000000e+00 0.000000000000000000e+00 0.000000000000000000e+00 0.000000000000000000e+00 0.000000000000000000e+00 2.206575823947787285e-03 1.395225375890731812e-01 3.293196856975555420e-01 1.769333034753799438e-01 9.728369861841201782e-02 7.523953169584274292e-02 8.104635030031204224e-02 5.533407628536224365e-02 1.595583371818065643e-02 1.569592021405696869e-02 1.146247144788503647e-02 0.000000000000000000e+00 0.000000000000000000e+00 0.000000000000000000e+00 0.000000000000000000e+00 0.000000000000000000e+00 0.000000000000000000e+00 0.000000000000000000e+00 0.000000000000000000e+00 0.000000000000000000e+00 0.000000000000000000e+00 0.000000000000000000e+00 0.000000000000000000e+00 0.000000000000000000e+00
3.746905596926808357e-03 6.880207918584346771e-03 9.314243681728839874e-03 8.741773664951324463e-03 8.991969749331474304e-03 8.969704620540142059e-03 4.446549341082572937e-03 3.829926950857043266e-03 5.304688587784767151e-03 6.894170306622982025e-03 7.986279204487800598e-03 9.376887232065200806e-03 1.105995662510395050e-02 1.694088801741600037e-02 2.808235771954059601e-02 3.250814974308013916e-02 3.167718276381492615e-02 1.960549689829349518e-02 1.925341226160526276e-02 2.006815373897552490e-02 1.750958524644374847e-02 3.817926719784736633e-02 6.899227201938629150e-02 5.937688797712326050e-02 3.663242608308792114e-02 9.527457877993583679e-03 3.266513813287019730e-03 1.764581538736820221e-03 7.947409758344292641e-04 1.879301998997107148e-04 6.377550744218751788e-05 2.566115290392190218e-05 0.000000000000000000e+00 0.000000000000000000e+00 0.000000000000000000e+00 0.000000000000000000e+00 0.000000000000000000e+00 0.000000000000000000e+00 0.000000000000000000e+00 0.000000000000000000e+00 0.000000000000000000e+00 0.000000000000000000e+00 0.000000000000000000e+00 0.000000000000000000e+00 0.000000000000000000e+00 0.000000000000000000e+00 0.000000000000000000e+00 3.851437009871006012e-03 9.287872910499572754e-01 9.379075169563293457e-01 6.163046360015869141e-01 5.131490826606750488e-01 0.000000000000000000e+00 0.000000000000000000e+00 0.000000000000000000e+00 0.000000000000000000e+00 0.000000000000000000e+00 0.000000000000000000e+00 0.000000000000000000e+00 0.000000000000000000e+00 0.000000000000000000e+00 0.000000000000000000e+00 0.000000000000000000e+00 0.000000000000000000e+00 0.000000000000000000e+00 0.000000000000000000e+00 0.000000000000000000e+00 0.000000000000000000e+00 0.000000000000000000e+00 0.000000000000000000e+00 0.000000000000000000e+00 0.000000000000000000e+00 0.000000000000000000e+00 0.000000000000000000e+00 0.000000000000000000e+00 6.286982097662985325e-04 2.990090250968933105e-01 8.018053323030471802e-02 4.670842885971069336e-01 1.506883203983306885e-01 2.409129403531551361e-03 0.000000000000000000e+00 0.000000000000000000e+00 0.000000000000000000e+00 0.000000000000000000e+00 0.000000000000000000e+00 0.000000000000000000e+00 0.000000000000000000e+00 0.000000000000000000e+00 0.000000000000000000e+00 0.000000000000000000e+00 0.000000000000000000e+00 0.000000000000000000e+00 0.000000000000000000e+00 0.000000000000000000e+00 0.000000000000000000e+00
6.903185509145259857e-03 7.865116000175476074e-03 1.010282244533300400e-02 1.016262453049421310e-02 1.421988569200038910e-02 1.959140039980411530e-02 2.582100220024585724e-02 2.844950743019580841e-02 2.892560511827468872e-02 2.927468158304691315e-02 2.872672863304615021e-02 2.854500524699687958e-02 2.768645249307155609e-02 2.676207199692726135e-02 2.527629397809505463e-02 2.368157543241977692e-02 2.220460586249828339e-02 2.027935348451137543e-02 1.847277767956256866e-02 1.724846102297306061e-02 1.562036387622356415e-02 1.458379719406366348e-02 1.344106998294591904e-02 1.274940650910139084e-02 1.112038269639015198e-02 6.746031809598207474e-03 3.137053223326802254e-03 1.584520097821950912e-03 6.573579739779233932e-04 1.437101309420540929e-04 1.715249891276471317e-05 0.000000000000000000e+00 0.000000000000000000e+00 0.000000000000000000e+00 0.000000000000000000e+00 0.000000000000000000e+00 0.000000000000000000e+00 0.000000000000000000e+00 0.000000000000000000e+00 0.000000000000000000e+00 0.000000000000000000e+00 0.000000000000000000e+00 0.000000000000000000e+00 0.000000000000000000e+00 0.000000000000000000e+00 1.390743273077532649e-05 2.680240385234355927e-02 2.310664355754852295e-01 2.523934841156005859e+00 2.170310318470001221e-01 1.151535427197813988e-03 0.000000000000000000e+00 0.000000000000000000e+00 0.000000000000000000e+00 0.000000000000000000e+00 0.000000000000000000e+00 0.000000000000000000e+00 0.000000000000000000e+00 0.000000000000000000e+00 0.000000000000000000e+00 0.000000000000000000e+00 0.000000000000000000e+00 0.000000000000000000e+00 0.000000000000000000e+00 0.000000000000000000e+00 0.000000000000000000e+00 0.000000000000000000e+00 0.000000000000000000e+00 0.000000000000000000e+00 0.000000000000000000e+00 0.000000000000000000e+00 0.000000000000000000e+00 0.000000000000000000e+00 0.000000000000000000e+00 0.000000000000000000e+00 9.271621479456371162e-07 9.920635056914761662e-05 3.062416566535830498e-03 7.878096401691436768e-02 7.975782752037048340e-01 1.196085512638092041e-01 8.678237791173160076e-04 1.854324295891274232e-06 0.000000000000000000e+00 0.000000000000000000e+00 0.000000000000000000e+00 0.000000000000000000e+00 0.000000000000000000e+00 0.000000000000000000e+00 0.000000000000000000e+00 0.000000000000000000e+00 0.000000000000000000e+00 0.000000000000000000e+00 0.000000000000000000e+00 0.000000000000000000e+00 0.000000000000000000e+00
1.359487883746623993e-03 1.756624877452850342e-02 3.188995644450187683e-03 3.978807479143142700e-03 5.960030481219291687e-03 9.784148074686527252e-03 1.650870405137538910e-02 2.728197537362575531e-02 4.638917744159698486e-02 4.951570183038711548e-02 4.311093688011169434e-02 4.890884086489677429e-02 4.337272047996520996e-02 5.755661055445671082e-02 5.179737880825996399e-02 3.560251742601394653e-02 2.266804687678813934e-02 8.070657961070537567e-03 2.723437966778874397e-03 1.340151648037135601e-03 6.351217743940651417e-04 4.343221662566065788e-04 3.748259623534977436e-04 4.224229196552187204e-04 4.343221662566065788e-04 2.826068957801908255e-04 1.457656617276370525e-04 8.478206291329115629e-05 9.221908840117976069e-05 1.621271076146513224e-04 2.364973333897069097e-04 1.041183259076206014e-05 0.000000000000000000e+00 0.000000000000000000e+00 0.000000000000000000e+00 0.000000000000000000e+00 0.000000000000000000e+00 0.000000000000000000e+00 0.000000000000000000e+00 0.000000000000000000e+00 0.000000000000000000e+00 0.000000000000000000e+00 0.000000000000000000e+00 0.000000000000000000e+00 0.000000000000000000e+00 0.000000000000000000e+00 0.000000000000000000e+00 5.506372079253196716e-03 1.580873131752014160e-01 1.639051437377929688e+00 1.194909572601318359e+00 2.141862642019987106e-03 3.034305409528315067e-04 0.000000000000000000e+00 0.000000000000000000e+00 0.000000000000000000e+00 0.000000000000000000e+00 0.000000000000000000e+00 0.000000000000000000e+00 0.000000000000000000e+00 0.000000000000000000e+00 0.000000000000000000e+00 0.000000000000000000e+00 0.000000000000000000e+00 0.000000000000000000e+00 0.000000000000000000e+00 0.000000000000000000e+00 0.000000000000000000e+00 0.000000000000000000e+00 0.000000000000000000e+00 0.000000000000000000e+00 0.000000000000000000e+00 0.000000000000000000e+00 0.000000000000000000e+00 0.000000000000000000e+00 1.088780234567821026e-03 6.772451102733612061e-02 6.440432667732238770e-01 2.329959869384765625e-01 4.782898351550102234e-02 6.318495143204927444e-03 0.000000000000000000e+00 0.000000000000000000e+00 0.000000000000000000e+00 0.000000000000000000e+00 0.000000000000000000e+00 0.000000000000000000e+00 0.000000000000000000e+00 0.000000000000000000e+00 0.000000000000000000e+00 0.000000000000000000e+00 0.000000000000000000e+00 0.000000000000000000e+00 0.000000000000000000e+00 0.000000000000000000e+00 0.000000000000000000e+00
3.985883668065071106e-03 3.551969304680824280e-03 5.338963586837053299e-03 8.727722801268100739e-03 1.378062553703784943e-02 1.874919421970844269e-02 2.127196453511714935e-02 2.137102000415325165e-02 2.021960541605949402e-02 1.892668195068836212e-02 1.828913576900959015e-02 2.055624127388000488e-02 2.446832507848739624e-02 3.352107107639312744e-02 3.781655803322792053e-02 3.222294524312019348e-02 2.702434733510017395e-02 2.193616330623626709e-02 1.821926981210708618e-02 1.697095669806003571e-02 1.638182811439037323e-02 1.575437188148498535e-02 1.563253626227378845e-02 1.559890341013669968e-02 1.611277274787425995e-02 1.366799045354127884e-02 8.350221440196037292e-03 5.136601161211729050e-03 4.135259892791509628e-03 1.656972221098840237e-03 5.419172230176627636e-04 8.198560681194067001e-05 0.000000000000000000e+00 0.000000000000000000e+00 0.000000000000000000e+00 0.000000000000000000e+00 0.000000000000000000e+00 0.000000000000000000e+00 0.000000000000000000e+00 0.000000000000000000e+00 0.000000000000000000e+00 0.000000000000000000e+00 0.000000000000000000e+00 0.000000000000000000e+00 0.000000000000000000e+00 3.468524082563817501e-04 2.325472235679626465e-02 3.488097786903381348e-01 1.175725460052490234e+00 9.942301511764526367e-01 3.972514867782592773e-01 5.031416192650794983e-02 8.417738601565361023e-03 1.348955091089010239e-03 2.779388159979134798e-04 2.284428592247422785e-05 0.000000000000000000e+00 0.000000000000000000e+00 0.000000000000000000e+00 0.000000000000000000e+00 0.000000000000000000e+00 0.000000000000000000e+00 0.000000000000000000e+00 0.000000000000000000e+00 0.000000000000000000e+00 0.000000000000000000e+00 0.000000000000000000e+00 0.000000000000000000e+00 0.000000000000000000e+00 0.000000000000000000e+00 0.000000000000000000e+00 0.000000000000000000e+00 1.649865112085535657e-06 1.890999192255549133e-05 2.451953478157520294e-04 2.173887565732002258e-03 3.192006796598434448e-02 1.474124044179916382e-01 2.619747221469879150e-01 3.769784569740295410e-01 1.709852963685989380e-01 8.017456158995628357e-03 2.628361980896443129e-04 9.137714187090750784e-06 0.000000000000000000e+00 0.000000000000000000e+00 0.000000000000000000e+00 0.000000000000000000e+00 0.000000000000000000e+00 0.000000000000000000e+00 0.000000000000000000e+00 0.000000000000000000e+00 0.000000000000000000e+00 0.000000000000000000e+00 0.000000000000000000e+00 0.000000000000000000e+00
1.250883087777765468e-05 3.984956128988415003e-04 6.894748192280530930e-03 5.282300524413585663e-03 7.235465105623006821e-03 7.605369202792644501e-03 4.513900727033615112e-03 2.118757693096995354e-03 3.367258002981543541e-03 4.058222286403179169e-03 3.021180396899580956e-03 4.004016984254121780e-03 4.774799570441246033e-03 5.728448741137981415e-03 7.544612046331167221e-03 1.116740703582763672e-02 1.422015763819217682e-02 2.888825163245201111e-02 7.154336571693420410e-02 9.627987444400787354e-02 6.483565270900726318e-02 3.958508744835853577e-02 1.709123142063617706e-02 1.320992037653923035e-02 2.581346035003662109e-02 1.827182807028293610e-02 1.961801573634147644e-02 1.171303074806928635e-02 1.202634768560528755e-03 0.000000000000000000e+00 0.000000000000000000e+00 0.000000000000000000e+00 0.000000000000000000e+00 0.000000000000000000e+00 0.000000000000000000e+00 0.000000000000000000e+00 0.000000000000000000e+00 0.000000000000000000e+00 0.000000000000000000e+00 0.000000000000000000e+00 0.000000000000000000e+00 0.000000000000000000e+00 0.000000000000000000e+00 0.000000000000000000e+00 0.000000000000000000e+00 0.000000000000000000e+00 0.000000000000000000e+00 1.120076403021812439e-01 7.594826221466064453e-01 2.713844180107116699e-01 8.954213857650756836e-01 8.795280456542968750e-01 8.123949170112609863e-02 9.363753488287329674e-04 0.000000000000000000e+00 0.000000000000000000e+00 0.000000000000000000e+00 0.000000000000000000e+00 0.000000000000000000e+00 0.000000000000000000e+00 0.000000000000000000e+00 0.000000000000000000e+00 0.000000000000000000e+00 0.000000000000000000e+00 0.000000000000000000e+00 0.000000000000000000e+00 0.000000000000000000e+00 0.000000000000000000e+00 0.000000000000000000e+00 0.000000000000000000e+00 0.000000000000000000e+00 0.000000000000000000e+00 0.000000000000000000e+00 0.000000000000000000e+00 8.529830956831574440e-04 2.759864926338195801e-01 2.856743037700653076e-01 1.045571491122245789e-01 5.760733410716056824e-02 2.228942513465881348e-01 5.242748931050300598e-02 0.000000000000000000e+00 0.000000000000000000e+00 0.000000000000000000e+00 0.000000000000000000e+00 0.000000000000000000e+00 0.000000000000000000e+00 0.000000000000000000e+00 0.000000000000000000e+00 0.000000000000000000e+00 0.000000000000000000e+00 0.000000000000000000e+00 0.000000000000000000e+00 0.000000000000000000e+00 0.000000000000000000e+00 0.000000000000000000e+00
2.504269650671631098e-04 1.343273790553212166e-03 3.172622062265872955e-03 5.489687435328960419e-03 8.315817452967166901e-03 1.062385085970163345e-02 1.415199693292379379e-02 1.885591819882392883e-02 2.385542541742324829e-02 2.610023692250251770e-02 2.572582848370075226e-02 2.639992721378803253e-02 2.788196317851543427e-02 3.264253959059715271e-02 4.109793901443481445e-02 4.070217907428741455e-02 4.106755927205085754e-02 4.198633879423141479e-02 2.979095466434955597e-02 2.495073527097702026e-02 2.048081904649734497e-02 1.445250958204269409e-02 8.155708201229572296e-03 5.060266703367233276e-03 3.703034715726971626e-03 2.071564551442861557e-03 9.064634796231985092e-04 4.483053053263574839e-04 2.348265843465924263e-04 4.105360130779445171e-05 1.477929617976769805e-05 2.545323150116018951e-05 0.000000000000000000e+00 0.000000000000000000e+00 0.000000000000000000e+00 0.000000000000000000e+00 0.000000000000000000e+00 0.000000000000000000e+00 0.000000000000000000e+00 0.000000000000000000e+00 0.000000000000000000e+00 0.000000000000000000e+00 0.000000000000000000e+00 0.000000000000000000e+00 0.000000000000000000e+00 3.497766738291829824e-04 3.108578734099864960e-03 1.530642434954643250e-02 1.061153411865234375e-01 1.085440665483474731e-01 1.186540961265563965e+00 1.454898476600646973e+00 1.169436424970626831e-01 8.192656561732292175e-03 0.000000000000000000e+00 0.000000000000000000e+00 0.000000000000000000e+00 0.000000000000000000e+00 0.000000000000000000e+00 0.000000000000000000e+00 0.000000000000000000e+00 0.000000000000000000e+00 0.000000000000000000e+00 0.000000000000000000e+00 0.000000000000000000e+00 0.000000000000000000e+00 0.000000000000000000e+00 0.000000000000000000e+00 0.000000000000000000e+00 0.000000000000000000e+00 0.000000000000000000e+00 0.000000000000000000e+00 0.000000000000000000e+00 0.000000000000000000e+00 7.389648089883849025e-05 9.467616677284240723e-02 3.728964030742645264e-01 3.854982256889343262e-01 9.937598556280136108e-02 4.255780205130577087e-02 3.083946416154503822e-03 1.274303765967488289e-03 5.008539301343262196e-04 6.240147195057943463e-05 0.000000000000000000e+00 0.000000000000000000e+00 0.000000000000000000e+00 0.000000000000000000e+00 0.000000000000000000e+00 0.000000000000000000e+00 0.000000000000000000e+00 0.000000000000000000e+00 0.000000000000000000e+00 0.000000000000000000e+00 0.000000000000000000e+00 0.000000000000000000e+00
5.637737736105918884e-02 4.212920740246772766e-02 3.157034888863563538e-02 3.016368672251701355e-02 2.748789638280868530e-02 2.580150961875915527e-02 2.211896516382694244e-02 2.066406048834323883e-02 1.796711049973964691e-02 1.473567914217710495e-02 1.265742443501949310e-02 9.739573113620281219e-03 9.310464374721050262e-03 1.097950059920549393e-02 1.228079106658697128e-02 1.223720330744981766e-02 1.327908132225275040e-02 1.493838429450988770e-02 1.526973769068717957e-02 1.543816458433866501e-02 1.629087887704372406e-02 1.552618667483329773e-02 1.397140976041555405e-02 1.372807938605546951e-02 1.084154285490512848e-02 7.602495141327381134e-03 3.851394867524504662e-03 1.929717604070901871e-03 7.253368385136127472e-04 2.945358573924750090e-04 7.913535227999091148e-05 1.311869436904089525e-05 0.000000000000000000e+00 0.000000000000000000e+00 0.000000000000000000e+00 0.000000000000000000e+00 0.000000000000000000e+00 0.000000000000000000e+00 0.000000000000000000e+00 0.000000000000000000e+00 0.000000000000000000e+00 0.000000000000000000e+00 0.000000000000000000e+00 0.000000000000000000e+00 5.078204594610724598e-06 1.231540739536285400e-01 3.355372846126556396e-01 7.701045870780944824e-01 1.228003740310668945e+00 4.472019076347351074e-01 4.478722438216209412e-02 1.007261872291564941e-02 8.252082392573356628e-03 6.690534297376871109e-03 7.200893945991992950e-03 5.151838064193725586e-03 4.986796528100967407e-03 5.136603955179452896e-03 3.054539673030376434e-03 6.601665518246591091e-04 0.000000000000000000e+00 0.000000000000000000e+00 0.000000000000000000e+00 0.000000000000000000e+00 0.000000000000000000e+00 0.000000000000000000e+00 0.000000000000000000e+00 0.000000000000000000e+00 0.000000000000000000e+00 0.000000000000000000e+00 0.000000000000000000e+00 0.000000000000000000e+00 8.717583841644227505e-05 6.517028668895363808e-04 2.724456600844860077e-03 3.232276998460292816e-03 3.955921158194541931e-03 7.074784953147172928e-03 1.212395876646041870e-01 3.458561897277832031e-01 3.723694980144500732e-01 1.256203800439834595e-01 1.718802936375141144e-02 0.000000000000000000e+00 0.000000000000000000e+00 0.000000000000000000e+00 0.000000000000000000e+00 0.000000000000000000e+00 0.000000000000000000e+00 0.000000000000000000e+00 0.000000000000000000e+00 0.000000000000000000e+00 0.000000000000000000e+00 0.000000000000000000e+00 0.000000000000000000e+00 0.000000000000000000e+00
1.099275425076484680e-02 1.517515070736408234e-02 1.882153563201427460e-02 2.312014997005462646e-02 2.608625032007694244e-02 2.397626638412475586e-02 2.500721439719200134e-02 2.884195372462272644e-02 3.509776294231414795e-02 3.720574453473091125e-02 2.988041378557682037e-02 2.275796793401241302e-02 1.780010573565959930e-02 1.655575819313526154e-02 1.830606162548065186e-02 1.772596687078475952e-02 1.679871603846549988e-02 1.892122253775596619e-02 2.079375833272933960e-02 1.467220112681388855e-02 1.009606104344129562e-02 9.608140215277671814e-03 8.868243545293807983e-03 8.776069618761539459e-03 6.963647436350584030e-03 4.257538355886936188e-03 3.243122948333621025e-03 1.484302338212728500e-03 9.583092760294675827e-04 8.631295640952885151e-04 1.037959707900881767e-03 5.306518636643886566e-03 0.000000000000000000e+00 0.000000000000000000e+00 0.000000000000000000e+00 0.000000000000000000e+00 0.000000000000000000e+00 0.000000000000000000e+00 0.000000000000000000e+00 0.000000000000000000e+00 0.000000000000000000e+00 0.000000000000000000e+00 0.000000000000000000e+00 0.000000000000000000e+00 0.000000000000000000e+00 0.000000000000000000e+00 0.000000000000000000e+00 2.333906479179859161e-02 6.079457998275756836e-01 8.332902789115905762e-01 9.595286250114440918e-01 4.248731732368469238e-01 8.964424580335617065e-02 2.504628524184226990e-02 1.717442646622657776e-02 1.348345633596181870e-02 5.674714222550392151e-03 0.000000000000000000e+00 0.000000000000000000e+00 0.000000000000000000e+00 0.000000000000000000e+00 0.000000000000000000e+00 0.000000000000000000e+00 0.000000000000000000e+00 0.000000000000000000e+00 0.000000000000000000e+00 0.000000000000000000e+00 0.000000000000000000e+00 0.000000000000000000e+00 0.000000000000000000e+00 0.000000000000000000e+00 5.510403570951893926e-05 5.101631861180067062e-03 2.221393957734107971e-02 1.929643191397190094e-02 5.973377823829650879e-02 1.618405580520629883e-01 1.692325174808502197e-01 2.457409650087356567e-01 2.950220108032226562e-01 2.176308818161487579e-02 0.000000000000000000e+00 0.000000000000000000e+00 0.000000000000000000e+00 0.000000000000000000e+00 0.000000000000000000e+00 0.000000000000000000e+00 0.000000000000000000e+00 0.000000000000000000e+00 0.000000000000000000e+00 0.000000000000000000e+00 0.000000000000000000e+00 0.000000000000000000e+00 0.000000000000000000e+00 0.000000000000000000e+00 0.000000000000000000e+00
2.543433941900730133e-02 5.618235468864440918e-02 5.728630721569061279e-02 4.499077796936035156e-02 2.610328420996665955e-02 1.770333386957645416e-02 1.573047973215579987e-02 1.531663723289966583e-02 1.407065335661172867e-02 1.576612703502178192e-02 1.231725234538316727e-02 8.707963861525058746e-03 7.014717906713485718e-03 6.512871012091636658e-03 6.906105205416679382e-03 7.299339398741722107e-03 8.778144605457782745e-03 9.367438964545726776e-03 1.079722959548234940e-02 1.612816937267780304e-02 1.955476589500904083e-02 2.413989789783954620e-02 2.976270020008087158e-02 2.443008869886398315e-02 1.406786777079105377e-02 3.193217096850275993e-03 1.398042077198624611e-03 6.639307248406112194e-04 2.829503500834107399e-04 8.299134060507640243e-05 8.911822078516706824e-06 1.113977759814588353e-06 0.000000000000000000e+00 0.000000000000000000e+00 0.000000000000000000e+00 0.000000000000000000e+00 0.000000000000000000e+00 0.000000000000000000e+00 0.000000000000000000e+00 0.000000000000000000e+00 0.000000000000000000e+00 0.000000000000000000e+00 0.000000000000000000e+00 0.000000000000000000e+00 0.000000000000000000e+00 2.005160058615729213e-05 2.327656373381614685e-02 6.554700732231140137e-01 1.630101442337036133e+00 2.911057770252227783e-01 2.325016260147094727e-01 1.023400202393531799e-01 2.849332243204116821e-02 2.289224183186888695e-03 2.038579201325774193e-03 2.202334115281701088e-03 2.088708337396383286e-03 1.650915015488862991e-03 1.300011994317173958e-03 1.266592647880315781e-03 1.453740987926721573e-03 2.396166091784834862e-03 1.105177309364080429e-02 8.953038603067398071e-03 0.000000000000000000e+00 0.000000000000000000e+00 0.000000000000000000e+00 0.000000000000000000e+00 0.000000000000000000e+00 0.000000000000000000e+00 0.000000000000000000e+00 0.000000000000000000e+00 0.000000000000000000e+00 0.000000000000000000e+00 7.352253305725753307e-05 1.553441956639289856e-02 6.140468269586563110e-02 9.005953371524810791e-02 7.790268957614898682e-02 1.983325928449630737e-01 5.122704505920410156e-01 3.648499771952629089e-02 7.804527878761291504e-03 1.325633493252098560e-04 0.000000000000000000e+00 0.000000000000000000e+00 0.000000000000000000e+00 0.000000000000000000e+00 0.000000000000000000e+00 0.000000000000000000e+00 0.000000000000000000e+00 0.000000000000000000e+00 0.000000000000000000e+00 0.000000000000000000e+00 0.000000000000000000e+00 0.000000000000000000e+00
1.214869098475901410e-05 2.766713150776922703e-04 1.560199772939085960e-03 4.220323171466588974e-03 9.044563397765159607e-03 1.418978162109851837e-02 1.768596656620502472e-02 2.297801338136196136e-02 3.077741712331771851e-02 3.841828554868698120e-02 3.918892890214920044e-02 3.388094156980514526e-02 3.047309443354606628e-02 3.047358989715576172e-02 2.989567443728446960e-02 2.990001812577247620e-02 2.706030197441577911e-02 2.190024219453334808e-02 1.848002895712852478e-02 1.850734837353229523e-02 1.892282254993915558e-02 1.573486439883708954e-02 1.093596592545509338e-02 8.128848858177661896e-03 6.729220505803823471e-03 5.133179482072591782e-03 4.438779782503843307e-03 4.178985022008419037e-03 2.179068513214588165e-03 1.553163398057222366e-03 1.492145122028887272e-03 1.649418496526777744e-03 0.000000000000000000e+00 0.000000000000000000e+00 0.000000000000000000e+00 0.000000000000000000e+00 0.000000000000000000e+00 0.000000000000000000e+00 0.000000000000000000e+00 0.000000000000000000e+00 0.000000000000000000e+00 0.000000000000000000e+00 0.000000000000000000e+00 0.000000000000000000e+00 4.287773208488943055e-06 7.609148742631077766e-04 5.014451593160629272e-02 1.940227299928665161e-01 4.770372211933135986e-01 7.228618860244750977e-01 9.927998781204223633e-01 3.964228034019470215e-01 1.528805643320083618e-01 1.306517608463764191e-02 0.000000000000000000e+00 0.000000000000000000e+00 0.000000000000000000e+00 0.000000000000000000e+00 0.000000000000000000e+00 0.000000000000000000e+00 0.000000000000000000e+00 0.000000000000000000e+00 0.000000000000000000e+00 0.000000000000000000e+00 0.000000000000000000e+00 0.000000000000000000e+00 0.000000000000000000e+00 0.000000000000000000e+00 0.000000000000000000e+00 4.397716395487805130e-07 3.309281601104885340e-05 2.871708711609244347e-04 1.704444875940680504e-03 1.661919057369232178e-02 4.778250679373741150e-02 1.045173332095146179e-01 2.176580429077148438e-01 2.459054440259933472e-01 1.498830765485763550e-01 1.353465318679809570e-01 6.086879223585128784e-02 1.928079687058925629e-02 1.131312528741545975e-04 0.000000000000000000e+00 0.000000000000000000e+00 0.000000000000000000e+00 0.000000000000000000e+00 0.000000000000000000e+00 0.000000000000000000e+00 0.000000000000000000e+00 0.000000000000000000e+00 0.000000000000000000e+00 0.000000000000000000e+00 0.000000000000000000e+00 0.000000000000000000e+00 0.000000000000000000e+00
1.445544967282330617e-05 3.217503253836184740e-04 4.964280873537063599e-03 2.042508311569690704e-02 5.349495634436607361e-02 1.047525778412818909e-01 9.104508161544799805e-02 6.074226275086402893e-02 4.122973978519439697e-02 3.081528656184673309e-02 2.844459377229213715e-02 2.519491501152515411e-02 2.449639141559600830e-02 1.142493449151515961e-02 1.465129782445728779e-03 5.493070930242538452e-04 2.121686848113313317e-04 1.175088109448552132e-04 8.533378422725945711e-05 3.217503399355337024e-05 2.471415427862666547e-05 2.284893525938969105e-05 2.331524046894628555e-05 5.362505544326268137e-05 3.683807881316170096e-05 1.072501072485465556e-05 0.000000000000000000e+00 0.000000000000000000e+00 0.000000000000000000e+00 0.000000000000000000e+00 0.000000000000000000e+00 0.000000000000000000e+00 0.000000000000000000e+00 0.000000000000000000e+00 0.000000000000000000e+00 0.000000000000000000e+00 0.000000000000000000e+00 0.000000000000000000e+00 0.000000000000000000e+00 0.000000000000000000e+00 0.000000000000000000e+00 0.000000000000000000e+00 0.000000000000000000e+00 0.000000000000000000e+00 0.000000000000000000e+00 0.000000000000000000e+00 0.000000000000000000e+00 0.000000000000000000e+00 3.413351252675056458e-03 1.173129677772521973e-02 3.041519597172737122e-02 6.787253171205520630e-02 1.772704422473907471e-01 3.548122644424438477e-01 8.322030305862426758e-01 8.194644451141357422e-01 4.315259456634521484e-01 2.020843774080276489e-01 6.174528598785400391e-02 7.461809553205966949e-03 0.000000000000000000e+00 0.000000000000000000e+00 0.000000000000000000e+00 0.000000000000000000e+00 0.000000000000000000e+00 0.000000000000000000e+00 0.000000000000000000e+00 0.000000000000000000e+00 0.000000000000000000e+00 0.000000000000000000e+00 0.000000000000000000e+00 0.000000000000000000e+00 0.000000000000000000e+00 0.000000000000000000e+00 0.000000000000000000e+00 2.797828983602812514e-06 5.760170146822929382e-02 5.983595252037048340e-01 3.336588144302368164e-01 1.037714723497629166e-02 0.000000000000000000e+00 0.000000000000000000e+00 0.000000000000000000e+00 0.000000000000000000e+00 0.000000000000000000e+00 0.000000000000000000e+00 0.000000000000000000e+00 0.000000000000000000e+00 0.000000000000000000e+00 0.000000000000000000e+00 0.000000000000000000e+00 0.000000000000000000e+00 0.000000000000000000e+00 0.000000000000000000e+00 0.000000000000000000e+00 0.000000000000000000e+00
1.222952548414468765e-02 2.243030443787574768e-02 3.045137785375118256e-02 3.824680298566818237e-02 4.441861063241958618e-02 4.127408191561698914e-02 3.890369832515716553e-02 3.710629045963287354e-02 3.101688995957374573e-02 2.543095685541629791e-02 2.320084720849990845e-02 2.188755944371223450e-02 1.953691057860851288e-02 1.868769340217113495e-02 1.614523120224475861e-02 1.445982512086629868e-02 1.119842473417520523e-02 1.024966500699520111e-02 9.603203274309635162e-03 8.292129263281822205e-03 7.192662917077541351e-03 6.484097335487604141e-03 5.146841052919626236e-03 2.901995321735739708e-03 1.228543231263756752e-03 7.752230158075690269e-04 5.603259778581559658e-04 2.936335804406553507e-04 1.949124998645856977e-04 2.026912843575701118e-04 2.009205054491758347e-04 4.812732368009164929e-05 0.000000000000000000e+00 0.000000000000000000e+00 0.000000000000000000e+00 0.000000000000000000e+00 0.000000000000000000e+00 0.000000000000000000e+00 0.000000000000000000e+00 0.000000000000000000e+00 0.000000000000000000e+00 0.000000000000000000e+00 0.000000000000000000e+00 0.000000000000000000e+00 0.000000000000000000e+00 0.000000000000000000e+00 1.603190088644623756e-03 8.661400526762008667e-03 1.050325512886047363e+00 8.058019876480102539e-01 5.052336454391479492e-01 4.571592211723327637e-01 1.705684214830398560e-01 6.465883343480527401e-04 0.000000000000000000e+00 0.000000000000000000e+00 0.000000000000000000e+00 0.000000000000000000e+00 0.000000000000000000e+00 0.000000000000000000e+00 0.000000000000000000e+00 0.000000000000000000e+00 0.000000000000000000e+00 0.000000000000000000e+00 0.000000000000000000e+00 0.000000000000000000e+00 0.000000000000000000e+00 0.000000000000000000e+00 0.000000000000000000e+00 0.000000000000000000e+00 0.000000000000000000e+00 3.870423461194150150e-05 7.433489663526415825e-04 6.506105884909629822e-03 5.881373956799507141e-02 9.225293248891830444e-02 8.519117534160614014e-02 1.612534672021865845e-01 1.912100464105606079e-01 3.940479159355163574e-01 9.703505784273147583e-03 2.390555600868538022e-04 0.000000000000000000e+00 0.000000000000000000e+00 0.000000000000000000e+00 0.000000000000000000e+00 0.000000000000000000e+00 0.000000000000000000e+00 0.000000000000000000e+00 0.000000000000000000e+00 0.000000000000000000e+00 0.000000000000000000e+00 0.000000000000000000e+00 0.000000000000000000e+00 0.000000000000000000e+00 0.000000000000000000e+00
1.009367033839225769e-02 8.610686287283897400e-03 1.393229048699140549e-02 2.268419042229652405e-02 3.902477398514747620e-02 4.956075176596641541e-02 5.680190771818161011e-02 5.268325284123420715e-02 4.010182619094848633e-02 2.818673849105834961e-02 1.969668269157409668e-02 1.747747324407100677e-02 1.784223504364490509e-02 1.397393643856048584e-02 1.127268560230731964e-02 9.973997250199317932e-03 6.057350896298885345e-03 6.417326163500547409e-03 7.877333089709281921e-03 9.239685721695423126e-03 1.234495174139738083e-02 1.714095287024974823e-02 1.460724417120218277e-02 8.289006538689136505e-03 2.418344840407371521e-03 9.195646853186190128e-04 4.911365685984492302e-04 3.987492818851023912e-04 2.852996112778782845e-04 1.728073111735284328e-04 1.785515923984348774e-04 1.244595623575150967e-03 0.000000000000000000e+00 0.000000000000000000e+00 0.000000000000000000e+00 0.000000000000000000e+00 0.000000000000000000e+00 0.000000000000000000e+00 0.000000000000000000e+00 0.000000000000000000e+00 0.000000000000000000e+00 0.000000000000000000e+00 0.000000000000000000e+00 0.000000000000000000e+00 0.000000000000000000e+00 0.000000000000000000e+00 3.414978738874197006e-03 2.802580296993255615e-01 1.947870612144470215e+00 3.198131918907165527e-01 3.674046099185943604e-01 1.832427643239498138e-02 4.944969713687896729e-02 1.346460916101932526e-02 0.000000000000000000e+00 0.000000000000000000e+00 0.000000000000000000e+00 0.000000000000000000e+00 0.000000000000000000e+00 0.000000000000000000e+00 0.000000000000000000e+00 0.000000000000000000e+00 0.000000000000000000e+00 0.000000000000000000e+00 0.000000000000000000e+00 0.000000000000000000e+00 0.000000000000000000e+00 0.000000000000000000e+00 0.000000000000000000e+00 0.000000000000000000e+00 0.000000000000000000e+00 0.000000000000000000e+00 0.000000000000000000e+00 0.000000000000000000e+00 1.456559821963310242e-02 6.868252996355295181e-03 2.155831083655357361e-02 1.132017150521278381e-01 1.569885015487670898e-01 6.476406455039978027e-01 3.872798383235931396e-02 4.490118008106946945e-04 0.000000000000000000e+00 0.000000000000000000e+00 0.000000000000000000e+00 0.000000000000000000e+00 0.000000000000000000e+00 0.000000000000000000e+00 0.000000000000000000e+00 0.000000000000000000e+00 0.000000000000000000e+00 0.000000000000000000e+00 0.000000000000000000e+00 0.000000000000000000e+00 0.000000000000000000e+00 0.000000000000000000e+00
2.387779578566551208e-02 5.762870609760284424e-02 4.843886941671371460e-02 4.288576543331146240e-02 4.662448912858963013e-02 5.079970508813858032e-02 3.951932117342948914e-02 3.006381168961524963e-02 2.760182879865169525e-02 2.185230515897274017e-02 1.237622927874326706e-02 7.661695126444101334e-03 7.006117608398199081e-03 6.863418500870466232e-03 6.363970693200826645e-03 6.164191756397485733e-03 6.159155163913965225e-03 6.525976117700338364e-03 6.042057648301124573e-03 5.836402997374534607e-03 6.784514058381319046e-03 6.592709105461835861e-03 4.900462925434112549e-03 3.336646128445863724e-03 3.527191700413823128e-03 5.015881732106208801e-03 2.918201498687267303e-03 3.256902564316987991e-03 3.245570464059710503e-03 1.208747271448373795e-04 9.233486707671545446e-06 0.000000000000000000e+00 0.000000000000000000e+00 0.000000000000000000e+00 0.000000000000000000e+00 0.000000000000000000e+00 0.000000000000000000e+00 0.000000000000000000e+00 0.000000000000000000e+00 0.000000000000000000e+00 2.367130218772217631e-04 1.621735980734229088e-03 3.263617632910609245e-03 5.905234254896640778e-03 1.444704830646514893e-02 2.454260736703872681e-02 1.846865117549896240e-01 3.463992774486541748e-01 1.934869527816772461e+00 1.912288516759872437e-01 1.236221045255661011e-01 8.702224493026733398e-02 4.935214295983314514e-02 1.590258069336414337e-02 7.836711592972278595e-03 6.174684036523103714e-03 1.808084431104362011e-03 1.057653920724987984e-03 2.266401133965700865e-05 0.000000000000000000e+00 0.000000000000000000e+00 0.000000000000000000e+00 0.000000000000000000e+00 0.000000000000000000e+00 0.000000000000000000e+00 0.000000000000000000e+00 0.000000000000000000e+00 0.000000000000000000e+00 0.000000000000000000e+00 0.000000000000000000e+00 0.000000000000000000e+00 0.000000000000000000e+00 0.000000000000000000e+00 4.373315023258328438e-04 7.697369903326034546e-03 2.447881177067756653e-02 2.484395354986190796e-02 1.904616318643093109e-02 4.274852201342582703e-02 5.957235693931579590e-01 2.084367275238037109e-01 6.728357821702957153e-02 9.222573600709438324e-03 8.142256410792469978e-05 0.000000000000000000e+00 0.000000000000000000e+00 0.000000000000000000e+00 0.000000000000000000e+00 0.000000000000000000e+00 0.000000000000000000e+00 0.000000000000000000e+00 0.000000000000000000e+00 0.000000000000000000e+00 0.000000000000000000e+00 0.000000000000000000e+00 0.000000000000000000e+00
1.464070379734039307e-02 2.083935961127281189e-02 2.146408706903457642e-02 3.056581318378448486e-02 4.760016500949859619e-02 4.147060960531234741e-02 3.457210212945938110e-02 2.837786450982093811e-02 2.346763201057910919e-02 1.925604790449142456e-02 1.852566003799438477e-02 1.683789491653442383e-02 1.507138367742300034e-02 1.399870123714208603e-02 1.252707839012145996e-02 1.082886569201946259e-02 9.281712584197521210e-03 6.292666308581829071e-03 5.692446604371070862e-03 5.416843574494123459e-03 3.883751807734370232e-03 3.325716126710176468e-03 3.844781778752803802e-03 5.033168941736221313e-03 5.141240544617176056e-03 8.255634456872940063e-03 1.397459674626588821e-02 1.275447104126214981e-02 1.262189168483018875e-02 1.189592294394969940e-02 1.765064150094985962e-02 4.890546202659606934e-03 0.000000000000000000e+00 0.000000000000000000e+00 0.000000000000000000e+00 0.000000000000000000e+00 0.000000000000000000e+00 0.000000000000000000e+00 0.000000000000000000e+00 0.000000000000000000e+00 0.000000000000000000e+00 0.000000000000000000e+00 0.000000000000000000e+00 0.000000000000000000e+00 0.000000000000000000e+00 0.000000000000000000e+00 2.914320444688200951e-03 4.625549539923667908e-02 2.306601524353027344e+00 5.857495069503784180e-01 3.690508380532264709e-02 1.857306808233261108e-02 9.593875729478895664e-04 7.761878659948706627e-04 5.110305501148104668e-04 3.278309304732829332e-04 2.555152750574052334e-04 1.542733662063255906e-04 1.687364965619053692e-05 0.000000000000000000e+00 0.000000000000000000e+00 0.000000000000000000e+00 0.000000000000000000e+00 0.000000000000000000e+00 0.000000000000000000e+00 0.000000000000000000e+00 0.000000000000000000e+00 0.000000000000000000e+00 0.000000000000000000e+00 0.000000000000000000e+00 0.000000000000000000e+00 0.000000000000000000e+00 0.000000000000000000e+00 0.000000000000000000e+00 2.651573595358058810e-05 2.756833098828792572e-03 1.534136198461055756e-02 2.741084247827529907e-02 1.990672945976257324e-01 7.454152107238769531e-01 9.981969371438026428e-03 0.000000000000000000e+00 0.000000000000000000e+00 0.000000000000000000e+00 0.000000000000000000e+00 0.000000000000000000e+00 0.000000000000000000e+00 0.000000000000000000e+00 0.000000000000000000e+00 0.000000000000000000e+00 0.000000000000000000e+00 0.000000000000000000e+00 0.000000000000000000e+00 0.000000000000000000e+00 0.000000000000000000e+00 0.000000000000000000e+00
5.317593240761198103e-05 6.168408435769379139e-04 1.942250994034111500e-03 2.965887542814016342e-03 2.253994811326265335e-03 1.428438466973602772e-03 1.812634640373289585e-03 3.215814474970102310e-03 4.772539716213941574e-03 7.202680222690105438e-03 1.028954330831766129e-02 1.479354407638311386e-02 2.146646007895469666e-02 2.887851931154727936e-02 3.640690073370933533e-02 4.200965166091918945e-02 4.377575591206550598e-02 4.069886356592178345e-02 3.718260675668716431e-02 3.296907991170883179e-02 2.883930318057537079e-02 2.412392571568489075e-02 1.998152211308479309e-02 1.796482503414154053e-02 1.829650811851024628e-02 1.691792346537113190e-02 1.675041951239109039e-02 1.506141852587461472e-02 6.843077950179576874e-03 4.606365109793841839e-04 2.525856871216092259e-05 0.000000000000000000e+00 0.000000000000000000e+00 0.000000000000000000e+00 0.000000000000000000e+00 0.000000000000000000e+00 0.000000000000000000e+00 0.000000000000000000e+00 0.000000000000000000e+00 0.000000000000000000e+00 0.000000000000000000e+00 0.000000000000000000e+00 0.000000000000000000e+00 0.000000000000000000e+00 0.000000000000000000e+00 0.000000000000000000e+00 0.000000000000000000e+00 0.000000000000000000e+00 1.668158292770385742e+00 1.175927281379699707e+00 1.275265216827392578e-01 2.838797122240066528e-02 0.000000000000000000e+00 0.000000000000000000e+00 0.000000000000000000e+00 0.000000000000000000e+00 0.000000000000000000e+00 0.000000000000000000e+00 0.000000000000000000e+00 0.000000000000000000e+00 0.000000000000000000e+00 0.000000000000000000e+00 0.000000000000000000e+00 0.000000000000000000e+00 0.000000000000000000e+00 0.000000000000000000e+00 0.000000000000000000e+00 0.000000000000000000e+00 0.000000000000000000e+00 0.000000000000000000e+00 0.000000000000000000e+00 0.000000000000000000e+00 0.000000000000000000e+00 0.000000000000000000e+00 0.000000000000000000e+00 0.000000000000000000e+00 5.627342965453863144e-03 3.173406794667243958e-02 5.055568814277648926e-01 4.570817053318023682e-01 0.000000000000000000e+00 0.000000000000000000e+00 0.000000000000000000e+00 0.000000000000000000e+00 0.000000000000000000e+00 0.000000000000000000e+00 0.000000000000000000e+00 0.000000000000000000e+00 0.000000000000000000e+00 0.000000000000000000e+00 0.000000000000000000e+00 0.000000000000000000e+00 0.000000000000000000e+00 0.000000000000000000e+00 0.000000000000000000e+00 0.000000000000000000e+00
3.441451553953811526e-05 6.761440454283729196e-05 4.510325961746275425e-04 1.600477378815412521e-03 3.003375139087438583e-03 3.678709268569946289e-03 4.129337146878242493e-03 6.034281570464372635e-03 8.284990675747394562e-03 6.753747351467609406e-03 7.000722456723451614e-03 5.275138188153505325e-03 3.585182828828692436e-03 4.341897089034318924e-03 3.809484420344233513e-03 3.045886987820267677e-03 2.766927005723118782e-03 2.885555848479270935e-03 3.016735892742872238e-03 4.740700591355562210e-03 7.350535597652196884e-03 1.870692148804664612e-02 5.498791858553886414e-02 1.045679003000259399e-01 1.163704618811607361e-01 9.835142642259597778e-02 2.507846429944038391e-02 8.016557694645598531e-05 0.000000000000000000e+00 0.000000000000000000e+00 0.000000000000000000e+00 0.000000000000000000e+00 0.000000000000000000e+00 0.000000000000000000e+00 0.000000000000000000e+00 0.000000000000000000e+00 0.000000000000000000e+00 0.000000000000000000e+00 0.000000000000000000e+00 0.000000000000000000e+00 0.000000000000000000e+00 0.000000000000000000e+00 0.000000000000000000e+00 0.000000000000000000e+00 0.000000000000000000e+00 0.000000000000000000e+00 0.000000000000000000e+00 2.997706644237041473e-03 2.680185556411743164e+00 3.167001903057098389e-01 1.166044748970307410e-04 0.000000000000000000e+00 0.000000000000000000e+00 0.000000000000000000e+00 0.000000000000000000e+00 0.000000000000000000e+00 0.000000000000000000e+00 0.000000000000000000e+00 0.000000000000000000e+00 0.000000000000000000e+00 0.000000000000000000e+00 0.000000000000000000e+00 0.000000000000000000e+00 0.000000000000000000e+00 0.000000000000000000e+00 0.000000000000000000e+00 0.000000000000000000e+00 0.000000000000000000e+00 0.000000000000000000e+00 0.000000000000000000e+00 0.000000000000000000e+00 0.000000000000000000e+00 0.000000000000000000e+00 0.000000000000000000e+00 0.000000000000000000e+00 0.000000000000000000e+00 0.000000000000000000e+00 0.000000000000000000e+00 1.701696589589118958e-02 9.755398035049438477e-01 7.443252485245466232e-03 0.000000000000000000e+00 0.000000000000000000e+00 0.000000000000000000e+00 0.000000000000000000e+00 0.000000000000000000e+00 0.000000000000000000e+00 0.000000000000000000e+00 0.000000000000000000e+00 0.000000000000000000e+00 0.000000000000000000e+00 0.000000000000000000e+00 0.000000000000000000e+00 0.000000000000000000e+00 0.000000000000000000e+00 0.000000000000000000e+00
4.935142770409584045e-02 6.485821306705474854e-02 5.051036924123764038e-02 4.580762609839439392e-02 3.280645608901977539e-02 2.197930216789245605e-02 1.428557932376861572e-02 1.042385958135128021e-02 9.015867486596107483e-03 8.444180712103843689e-03 8.431444875895977020e-03 8.671534247696399689e-03 9.276711381971836090e-03 1.028848532587289810e-02 1.278466451913118362e-02 1.435020100325345993e-02 1.774494908750057220e-02 1.788928546011447906e-02 1.910199783742427826e-02 2.423020265996456146e-02 2.525376901030540466e-02 1.676289178431034088e-02 5.664987489581108093e-03 9.296994539909064770e-04 1.882039941847324371e-04 1.636761589907109737e-04 3.617856127675622702e-04 1.551857567392289639e-04 1.882039941847324371e-04 7.782872125972062349e-05 1.415067686139082070e-06 0.000000000000000000e+00 0.000000000000000000e+00 0.000000000000000000e+00 0.000000000000000000e+00 0.000000000000000000e+00 0.000000000000000000e+00 0.000000000000000000e+00 0.000000000000000000e+00 0.000000000000000000e+00 0.000000000000000000e+00 0.000000000000000000e+00 0.000000000000000000e+00 0.000000000000000000e+00 0.000000000000000000e+00 0.000000000000000000e+00 3.396162355784326792e-05 1.485453099012374878e-01 1.358481884002685547e+00 4.401652812957763672e-01 3.657921552658081055e-01 5.352408289909362793e-01 1.517263799905776978e-01 1.415067526977509260e-05 0.000000000000000000e+00 0.000000000000000000e+00 0.000000000000000000e+00 0.000000000000000000e+00 0.000000000000000000e+00 0.000000000000000000e+00 0.000000000000000000e+00 0.000000000000000000e+00 0.000000000000000000e+00 0.000000000000000000e+00 0.000000000000000000e+00 0.000000000000000000e+00 0.000000000000000000e+00 0.000000000000000000e+00 0.000000000000000000e+00 0.000000000000000000e+00 0.000000000000000000e+00 0.000000000000000000e+00 0.000000000000000000e+00 0.000000000000000000e+00 6.603649126191157848e-06 7.738910615444183350e-02 1.482311636209487915e-01 1.046942546963691711e-01 1.279428750276565552e-01 3.101535737514495850e-01 2.315824180841445923e-01 0.000000000000000000e+00 0.000000000000000000e+00 0.000000000000000000e+00 0.000000000000000000e+00 0.000000000000000000e+00 0.000000000000000000e+00 0.000000000000000000e+00 0.000000000000000000e+00 0.000000000000000000e+00 0.000000000000000000e+00 0.000000000000000000e+00 0.000000000000000000e+00 0.000000000000000000e+00 0.000000000000000000e+00 0.000000000000000000e+00
1.111819688230752945e-02 1.493115909397602081e-02 1.887348107993602753e-02 2.222961001098155975e-02 2.354085259139537811e-02 1.987036876380443573e-02 2.050902880728244781e-02 1.879297010600566864e-02 1.071564294397830963e-02 7.269503548741340637e-03 7.379866670817136765e-03 9.983807802200317383e-03 1.306357607245445251e-02 1.850620657205581665e-02 3.007761575281620026e-02 2.145797200500965118e-02 1.419344358146190643e-02 9.862588718533515930e-03 9.655430912971496582e-03 4.625760018825531006e-03 5.411872174590826035e-03 5.409746244549751282e-02 5.496182665228843689e-02 4.275220632553100586e-02 2.175242453813552856e-02 9.494861587882041931e-03 3.791702911257743835e-03 9.521095780655741692e-04 1.157909937319345772e-04 8.593862730776891112e-06 4.070777322340290993e-06 0.000000000000000000e+00 0.000000000000000000e+00 0.000000000000000000e+00 0.000000000000000000e+00 0.000000000000000000e+00 0.000000000000000000e+00 0.000000000000000000e+00 0.000000000000000000e+00 0.000000000000000000e+00 0.000000000000000000e+00 0.000000000000000000e+00 0.000000000000000000e+00 0.000000000000000000e+00 0.000000000000000000e+00 0.000000000000000000e+00 0.000000000000000000e+00 3.393671289086341858e-02 1.541231632232666016e+00 8.997801542282104492e-01 4.716917872428894043e-01 5.335974693298339844e-02 0.000000000000000000e+00 0.000000000000000000e+00 0.000000000000000000e+00 0.000000000000000000e+00 0.000000000000000000e+00 0.000000000000000000e+00 0.000000000000000000e+00 0.000000000000000000e+00 0.000000000000000000e+00 0.000000000000000000e+00 0.000000000000000000e+00 0.000000000000000000e+00 0.000000000000000000e+00 0.000000000000000000e+00 0.000000000000000000e+00 0.000000000000000000e+00 0.000000000000000000e+00 0.000000000000000000e+00 0.000000000000000000e+00 0.000000000000000000e+00 0.000000000000000000e+00 0.000000000000000000e+00 0.000000000000000000e+00 0.000000000000000000e+00 1.077037211507558823e-02 1.410976648330688477e-01 4.715299010276794434e-01 3.361602723598480225e-01 4.038663208484649658e-02 5.518164834938943386e-05 0.000000000000000000e+00 0.000000000000000000e+00 0.000000000000000000e+00 0.000000000000000000e+00 0.000000000000000000e+00 0.000000000000000000e+00 0.000000000000000000e+00 0.000000000000000000e+00 0.000000000000000000e+00 0.000000000000000000e+00 0.000000000000000000e+00 0.000000000000000000e+00 0.000000000000000000e+00 0.000000000000000000e+00
4.481667187064886093e-03 1.695232652127742767e-02 2.144689671695232391e-02 2.308466657996177673e-02 2.356890775263309479e-02 2.670423127710819244e-02 2.895928360521793365e-02 2.947117388248443604e-02 2.866871282458305359e-02 2.774519287049770355e-02 3.555558994412422180e-02 3.897338733077049255e-02 3.739512711763381958e-02 3.543604537844657898e-02 2.841309830546379089e-02 2.357522770762443542e-02 1.996718347072601318e-02 1.210445072501897812e-02 7.885114289820194244e-03 5.555937532335519791e-03 5.294331349432468414e-03 4.656641744077205658e-03 4.204327706247568130e-03 3.476056735962629318e-03 2.085541840642690659e-03 1.248257467523217201e-03 9.266149136237800121e-04 8.180622244253754616e-04 6.659304490312933922e-04 2.947841421701014042e-04 2.416598144918680191e-04 1.435739686712622643e-04 0.000000000000000000e+00 0.000000000000000000e+00 0.000000000000000000e+00 0.000000000000000000e+00 0.000000000000000000e+00 0.000000000000000000e+00 0.000000000000000000e+00 0.000000000000000000e+00 0.000000000000000000e+00 0.000000000000000000e+00 0.000000000000000000e+00 0.000000000000000000e+00 0.000000000000000000e+00 1.202466525137424469e-02 1.347028017044067383e-01 5.488771200180053711e-01 4.416047036647796631e-01 4.857480525970458984e-01 4.313495457172393799e-01 5.964971184730529785e-01 3.425003290176391602e-01 6.695642136037349701e-03 0.000000000000000000e+00 0.000000000000000000e+00 0.000000000000000000e+00 0.000000000000000000e+00 0.000000000000000000e+00 0.000000000000000000e+00 0.000000000000000000e+00 0.000000000000000000e+00 0.000000000000000000e+00 0.000000000000000000e+00 0.000000000000000000e+00 0.000000000000000000e+00 0.000000000000000000e+00 0.000000000000000000e+00 0.000000000000000000e+00 0.000000000000000000e+00 0.000000000000000000e+00 1.105934279621578753e-05 1.163469161838293076e-02 2.714370936155319214e-02 6.931548565626144409e-02 1.378628760576248169e-01 1.382968127727508545e-01 1.329218447208404541e-01 1.691775321960449219e-01 1.421133428812026978e-01 1.317878663539886475e-01 3.954386711120605469e-02 1.909053244162350893e-04 0.000000000000000000e+00 0.000000000000000000e+00 0.000000000000000000e+00 0.000000000000000000e+00 0.000000000000000000e+00 0.000000000000000000e+00 0.000000000000000000e+00 0.000000000000000000e+00 0.000000000000000000e+00 0.000000000000000000e+00 0.000000000000000000e+00 0.000000000000000000e+00 0.000000000000000000e+00
1.136956387199461460e-03 7.106604170985519886e-04 6.638932391069829464e-04 1.206981716677546501e-03 2.657955279573798180e-03 5.175734404474496841e-03 7.889546453952789307e-03 9.326603263616561890e-03 8.980927057564258575e-03 7.601546123623847961e-03 6.424217019230127335e-03 6.082428153604269028e-03 8.131343871355056763e-03 1.505664736032485962e-02 2.451358363032341003e-02 3.181245923042297363e-02 3.837622702121734619e-02 4.336915537714958191e-02 4.431910440325737000e-02 4.357076808810234070e-02 4.288060590624809265e-02 4.061979800462722778e-02 3.389905393123626709e-02 2.531583420932292938e-02 1.863164082169532776e-02 1.314796973019838333e-02 8.195852860808372498e-03 5.340109113603830338e-03 3.727268427610397339e-03 1.115328050218522549e-03 7.717210246482864022e-05 4.262959555489942431e-05 0.000000000000000000e+00 0.000000000000000000e+00 0.000000000000000000e+00 0.000000000000000000e+00 0.000000000000000000e+00 0.000000000000000000e+00 0.000000000000000000e+00 0.000000000000000000e+00 0.000000000000000000e+00 0.000000000000000000e+00 0.000000000000000000e+00 0.000000000000000000e+00 1.241273457708302885e-05 1.455675228498876095e-04 5.644408985972404480e-03 1.963863819837570190e-01 1.321732044219970703e+00 1.003407835960388184e+00 2.293884605169296265e-01 2.415134608745574951e-01 1.769378897733986378e-03 0.000000000000000000e+00 0.000000000000000000e+00 0.000000000000000000e+00 0.000000000000000000e+00 0.000000000000000000e+00 0.000000000000000000e+00 0.000000000000000000e+00 0.000000000000000000e+00 0.000000000000000000e+00 0.000000000000000000e+00 0.000000000000000000e+00 0.000000000000000000e+00 0.000000000000000000e+00 0.000000000000000000e+00 0.000000000000000000e+00 0.000000000000000000e+00 0.000000000000000000e+00 0.000000000000000000e+00 0.000000000000000000e+00 0.000000000000000000e+00 0.000000000000000000e+00 0.000000000000000000e+00 1.355495676398277283e-02 6.857108324766159058e-02 1.333760917186737061e-01 3.679102063179016113e-01 3.413642346858978271e-01 6.332588940858840942e-02 1.175322942435741425e-02 1.394238497596234083e-04 3.259910045017022640e-06 1.629955022508511320e-06 0.000000000000000000e+00 0.000000000000000000e+00 0.000000000000000000e+00 0.000000000000000000e+00 0.000000000000000000e+00 0.000000000000000000e+00 0.000000000000000000e+00 0.000000000000000000e+00 0.000000000000000000e+00 0.000000000000000000e+00 0.000000000000000000e+00
1.484837755560874939e-02 1.398953795433044434e-02 3.445960348471999168e-03 2.856435952708125114e-03 3.174524521455168724e-03 5.084470380097627640e-03 2.901321742683649063e-03 3.673570463433861732e-03 5.074220709502696991e-03 7.032232824712991714e-03 7.865271531045436859e-03 1.074892189353704453e-02 1.330140698701143265e-02 2.061744593083858490e-02 3.196543455123901367e-02 4.042694717645645142e-02 4.744433611631393433e-02 3.991977125406265259e-02 3.150986135005950928e-02 3.031950257718563080e-02 3.233936429023742676e-02 3.291863948106765747e-02 3.035626001656055450e-02 2.504630014300346375e-02 1.914610899984836578e-02 1.523962710052728653e-02 7.415706291794776917e-03 1.172686810605227947e-03 7.103979442035779357e-05 4.311868178774602711e-05 3.392945654923096299e-05 1.767159119481220841e-05 0.000000000000000000e+00 0.000000000000000000e+00 0.000000000000000000e+00 0.000000000000000000e+00 0.000000000000000000e+00 0.000000000000000000e+00 0.000000000000000000e+00 0.000000000000000000e+00 0.000000000000000000e+00 0.000000000000000000e+00 0.000000000000000000e+00 0.000000000000000000e+00 0.000000000000000000e+00 0.000000000000000000e+00 0.000000000000000000e+00 2.945500658825039864e-03 1.696884155273437500e+00 1.300170302391052246e+00 0.000000000000000000e+00 0.000000000000000000e+00 0.000000000000000000e+00 0.000000000000000000e+00 0.000000000000000000e+00 0.000000000000000000e+00 0.000000000000000000e+00 0.000000000000000000e+00 0.000000000000000000e+00 0.000000000000000000e+00 0.000000000000000000e+00 0.000000000000000000e+00 0.000000000000000000e+00 0.000000000000000000e+00 0.000000000000000000e+00 0.000000000000000000e+00 0.000000000000000000e+00 0.000000000000000000e+00 0.000000000000000000e+00 0.000000000000000000e+00 0.000000000000000000e+00 0.000000000000000000e+00 0.000000000000000000e+00 0.000000000000000000e+00 0.000000000000000000e+00 0.000000000000000000e+00 0.000000000000000000e+00 0.000000000000000000e+00 3.231936097145080566e-01 6.176341176033020020e-01 5.917226150631904602e-02 0.000000000000000000e+00 0.000000000000000000e+00 0.000000000000000000e+00 0.000000000000000000e+00 0.000000000000000000e+00 0.000000000000000000e+00 0.000000000000000000e+00 0.000000000000000000e+00 0.000000000000000000e+00 0.000000000000000000e+00 0.000000000000000000e+00 0.000000000000000000e+00 0.000000000000000000e+00 0.000000000000000000e+00 0.000000000000000000e+00
4.786545410752296448e-03 1.117974403314292431e-03 1.001953729428350925e-03 2.418333198875188828e-03 3.411933314055204391e-03 4.429202061146497726e-03 6.781171075999736786e-03 1.103866286575794220e-02 1.632224023342132568e-02 1.658444665372371674e-02 1.993419229984283447e-02 2.169492095708847046e-02 2.340413630008697510e-02 2.600206993520259857e-02 2.686479873955249786e-02 2.538019977509975433e-02 2.506276778876781464e-02 2.563312463462352753e-02 3.185646981000900269e-02 3.874159604310989380e-02 4.788030311465263367e-02 4.058725014328956604e-02 1.922646723687648773e-02 1.063955202698707581e-02 6.757039111107587814e-03 6.850319448858499527e-03 1.436659693717956543e-02 1.984973065555095673e-02 1.289220759645104408e-03 4.687231557909399271e-05 1.717104714771267027e-05 2.274003418278880417e-05 0.000000000000000000e+00 0.000000000000000000e+00 0.000000000000000000e+00 0.000000000000000000e+00 0.000000000000000000e+00 0.000000000000000000e+00 0.000000000000000000e+00 0.000000000000000000e+00 0.000000000000000000e+00 0.000000000000000000e+00 0.000000000000000000e+00 0.000000000000000000e+00 0.000000000000000000e+00 0.000000000000000000e+00 1.225177402375265956e-04 1.423711795359849930e-02 9.953452348709106445e-01 4.530205130577087402e-01 7.829412817955017090e-01 5.674408674240112305e-01 1.752449274063110352e-01 1.159463357180356979e-02 5.290538683766499162e-05 0.000000000000000000e+00 0.000000000000000000e+00 0.000000000000000000e+00 0.000000000000000000e+00 0.000000000000000000e+00 0.000000000000000000e+00 0.000000000000000000e+00 0.000000000000000000e+00 0.000000000000000000e+00 0.000000000000000000e+00 0.000000000000000000e+00 0.000000000000000000e+00 0.000000000000000000e+00 0.000000000000000000e+00 0.000000000000000000e+00 0.000000000000000000e+00 0.000000000000000000e+00 0.000000000000000000e+00 0.000000000000000000e+00 5.197722202865406871e-05 3.791552735492587090e-03 9.676395356655120850e-02 3.759633302688598633e-01 4.729166328907012939e-01 3.749506920576095581e-02 1.265366934239864349e-02 3.638405469246208668e-04 0.000000000000000000e+00 0.000000000000000000e+00 0.000000000000000000e+00 0.000000000000000000e+00 0.000000000000000000e+00 0.000000000000000000e+00 0.000000000000000000e+00 0.000000000000000000e+00 0.000000000000000000e+00 0.000000000000000000e+00 0.000000000000000000e+00 0.000000000000000000e+00 0.000000000000000000e+00 0.000000000000000000e+00
2.540783956646919250e-02 3.213948383927345276e-02 2.179419063031673431e-02 1.442511100322008133e-02 1.312415115535259247e-02 1.642929203808307648e-02 2.196489088237285614e-02 1.945654675364494324e-02 2.888198010623455048e-02 2.734113112092018127e-02 1.473588962107896805e-02 1.646218448877334595e-02 2.113520354032516479e-02 1.975201256573200226e-02 2.454129047691822052e-02 1.784367300570011139e-02 1.271753106266260147e-02 1.679848320782184601e-02 3.017103113234043121e-02 3.101489506661891937e-02 3.173966705799102783e-02 1.950758695602416992e-02 1.225136313587427139e-02 5.965471733361482620e-03 2.948992652818560600e-03 1.065607182681560516e-03 3.164495865348726511e-04 6.068119546398520470e-05 7.372481377387885004e-06 0.000000000000000000e+00 0.000000000000000000e+00 0.000000000000000000e+00 0.000000000000000000e+00 0.000000000000000000e+00 0.000000000000000000e+00 0.000000000000000000e+00 0.000000000000000000e+00 0.000000000000000000e+00 0.000000000000000000e+00 0.000000000000000000e+00 0.000000000000000000e+00 9.330159053206443787e-03 1.841566562652587891e-01 1.125880032777786255e-01 3.802839294075965881e-02 2.671651244163513184e-01 2.879963517189025879e-01 2.271325439214706421e-01 4.622205495834350586e-01 2.957953214645385742e-01 5.863674879074096680e-01 3.963446021080017090e-01 1.776200905442237854e-02 1.839490979909896851e-02 3.070922009646892548e-02 3.273041546344757080e-02 6.124830804765224457e-03 9.057944640517234802e-03 1.217480190098285675e-02 5.920669995248317719e-03 0.000000000000000000e+00 0.000000000000000000e+00 0.000000000000000000e+00 0.000000000000000000e+00 0.000000000000000000e+00 0.000000000000000000e+00 0.000000000000000000e+00 4.536911546892952174e-06 9.926763363182544708e-03 8.293475024402141571e-03 4.504018928855657578e-03 4.131992347538471222e-03 4.881490021944046021e-02 5.389057099819183350e-02 2.085504867136478424e-02 1.158840656280517578e-01 1.896746754646301270e-01 7.921561598777770996e-02 7.527983933687210083e-02 1.293371468782424927e-01 5.982938781380653381e-02 2.058510296046733856e-02 1.947356015443801880e-02 2.438703551888465881e-02 6.829527020454406738e-02 6.721094250679016113e-02 4.060536157339811325e-04 0.000000000000000000e+00 0.000000000000000000e+00 0.000000000000000000e+00 0.000000000000000000e+00 0.000000000000000000e+00 0.000000000000000000e+00 0.000000000000000000e+00 0.000000000000000000e+00 0.000000000000000000e+00
1.954785082489252090e-03 5.618678871542215347e-03 5.572199355810880661e-03 9.092671796679496765e-03 1.165567059069871902e-02 1.329705305397510529e-02 1.346836239099502563e-02 1.360115967690944672e-02 1.363303139805793762e-02 1.405798457562923431e-02 1.476181391626596451e-02 1.308723259717226028e-02 1.361709553748369217e-02 1.312043145298957825e-02 1.246706582605838776e-02 1.319347042590379715e-02 1.315894350409507751e-02 1.316425483673810959e-02 1.297037024050951004e-02 1.454668119549751282e-02 1.607252843677997589e-02 1.643639430403709412e-02 1.663824729621410370e-02 3.281037509441375732e-02 9.389209002256393433e-02 8.421776443719863892e-02 2.613462507724761963e-03 8.485785219818353653e-04 3.333227068651467562e-04 9.428650082554668188e-05 3.983936949225608259e-06 0.000000000000000000e+00 0.000000000000000000e+00 0.000000000000000000e+00 0.000000000000000000e+00 0.000000000000000000e+00 0.000000000000000000e+00 0.000000000000000000e+00 0.000000000000000000e+00 0.000000000000000000e+00 0.000000000000000000e+00 0.000000000000000000e+00 0.000000000000000000e+00 0.000000000000000000e+00 5.338475108146667480e-03 2.772023156285285950e-02 3.185555711388587952e-02 1.461786150932312012e+00 4.941993951797485352e-01 5.207483172416687012e-01 2.954009175300598145e-01 1.452463716268539429e-01 1.476446911692619324e-02 1.665285555645823479e-03 1.131437951698899269e-03 1.434217265341430902e-04 0.000000000000000000e+00 0.000000000000000000e+00 0.000000000000000000e+00 0.000000000000000000e+00 0.000000000000000000e+00 0.000000000000000000e+00 0.000000000000000000e+00 0.000000000000000000e+00 0.000000000000000000e+00 0.000000000000000000e+00 0.000000000000000000e+00 0.000000000000000000e+00 0.000000000000000000e+00 0.000000000000000000e+00 0.000000000000000000e+00 0.000000000000000000e+00 0.000000000000000000e+00 0.000000000000000000e+00 1.272203749977052212e-03 1.601542579010128975e-03 2.455698698759078979e-02 6.596602499485015869e-02 1.555169522762298584e-01 1.887483000755310059e-01 8.970763534307479858e-02 4.546601474285125732e-01 1.180573273450136185e-02 5.760772619396448135e-03 4.037056060042232275e-04 0.000000000000000000e+00 0.000000000000000000e+00 0.000000000000000000e+00 0.000000000000000000e+00 0.000000000000000000e+00 0.000000000000000000e+00 0.000000000000000000e+00 0.000000000000000000e+00 0.000000000000000000e+00 0.000000000000000000e+00 0.000000000000000000e+00
3.873655805364251137e-03 1.715458929538726807e-02 4.921065270900726318e-02 3.563860431313514709e-02 2.558177709579467773e-02 4.032981023192405701e-02 4.016241803765296936e-02 6.645257771015167236e-02 4.692721366882324219e-02 2.496376261115074158e-02 8.752873167395591736e-03 1.691017299890518188e-02 1.321118604391813278e-02 4.179933574050664902e-03 3.894276451319456100e-03 3.284147009253501892e-03 3.321142867207527161e-03 4.309722688049077988e-03 5.315284244716167450e-03 7.680597715079784393e-03 9.816051460802555084e-03 1.164704654365777969e-02 8.369571529328823090e-03 1.331247016787528992e-02 8.866286836564540863e-03 2.540589310228824615e-03 1.954719424247741699e-03 1.241486403159797192e-03 9.958576411008834839e-04 1.905593671835958958e-03 4.992024507373571396e-03 1.320390868932008743e-02 0.000000000000000000e+00 0.000000000000000000e+00 0.000000000000000000e+00 0.000000000000000000e+00 0.000000000000000000e+00 0.000000000000000000e+00 0.000000000000000000e+00 0.000000000000000000e+00 0.000000000000000000e+00 0.000000000000000000e+00 0.000000000000000000e+00 0.000000000000000000e+00 1.400993438437581062e-03 3.494841605424880981e-02 1.261963963508605957e+00 5.274322032928466797e-01 8.860682845115661621e-01 2.837757766246795654e-01 4.097450524568557739e-03 3.129491815343499184e-04 0.000000000000000000e+00 0.000000000000000000e+00 0.000000000000000000e+00 0.000000000000000000e+00 0.000000000000000000e+00 0.000000000000000000e+00 0.000000000000000000e+00 0.000000000000000000e+00 0.000000000000000000e+00 0.000000000000000000e+00 0.000000000000000000e+00 0.000000000000000000e+00 0.000000000000000000e+00 0.000000000000000000e+00 0.000000000000000000e+00 0.000000000000000000e+00 0.000000000000000000e+00 0.000000000000000000e+00 0.000000000000000000e+00 0.000000000000000000e+00 0.000000000000000000e+00 0.000000000000000000e+00 0.000000000000000000e+00 0.000000000000000000e+00 3.032453241758048534e-05 4.284250084310770035e-03 9.951783716678619385e-02 2.769284844398498535e-01 1.494198888540267944e-01 2.172692120075225830e-02 3.213187679648399353e-02 1.955398619174957275e-01 2.204205393791198730e-01 0.000000000000000000e+00 0.000000000000000000e+00 0.000000000000000000e+00 0.000000000000000000e+00 0.000000000000000000e+00 0.000000000000000000e+00 0.000000000000000000e+00 0.000000000000000000e+00 0.000000000000000000e+00 0.000000000000000000e+00 0.000000000000000000e+00
2.672363305464386940e-03 6.744401529431343079e-03 1.237696409225463867e-02 2.045801654458045959e-02 3.067620843648910522e-02 4.083231836557388306e-02 4.840448498725891113e-02 5.088965967297554016e-02 4.863400012254714966e-02 4.311995953321456909e-02 3.637179359793663025e-02 2.852308005094528198e-02 2.227533794939517975e-02 2.095279470086097717e-02 2.050975337624549866e-02 1.706606335937976837e-02 1.359509490430355072e-02 1.091332547366619110e-02 8.374533616006374359e-03 5.404927302151918411e-03 3.063670126721262932e-03 1.744890469126403332e-03 1.156989368610084057e-03 8.428149740211665630e-04 6.772620836272835732e-04 8.343492518179118633e-04 1.570871681906282902e-03 1.298085553571581841e-03 1.410962613590527326e-05 1.881283537841227371e-06 0.000000000000000000e+00 0.000000000000000000e+00 0.000000000000000000e+00 0.000000000000000000e+00 0.000000000000000000e+00 0.000000000000000000e+00 0.000000000000000000e+00 0.000000000000000000e+00 0.000000000000000000e+00 0.000000000000000000e+00 0.000000000000000000e+00 0.000000000000000000e+00 0.000000000000000000e+00 0.000000000000000000e+00 0.000000000000000000e+00 0.000000000000000000e+00 0.000000000000000000e+00 2.313978620804846287e-04 2.370326995849609375e+00 4.341306388378143311e-01 1.881603300571441650e-01 6.919360719621181488e-03 1.072331579052843153e-04 7.337005808949470520e-05 5.079465336166322231e-05 0.000000000000000000e+00 0.000000000000000000e+00 0.000000000000000000e+00 0.000000000000000000e+00 0.000000000000000000e+00 0.000000000000000000e+00 0.000000000000000000e+00 0.000000000000000000e+00 0.000000000000000000e+00 0.000000000000000000e+00 0.000000000000000000e+00 0.000000000000000000e+00 0.000000000000000000e+00 0.000000000000000000e+00 0.000000000000000000e+00 0.000000000000000000e+00 0.000000000000000000e+00 0.000000000000000000e+00 0.000000000000000000e+00 0.000000000000000000e+00 0.000000000000000000e+00 4.217837471514940262e-03 1.113362386822700500e-01 8.432476967573165894e-02 7.959879636764526367e-01 4.133179783821105957e-03 0.000000000000000000e+00 0.000000000000000000e+00 0.000000000000000000e+00 0.000000000000000000e+00 0.000000000000000000e+00 0.000000000000000000e+00 0.000000000000000000e+00 0.000000000000000000e+00 0.000000000000000000e+00 0.000000000000000000e+00 0.000000000000000000e+00 0.000000000000000000e+00 0.000000000000000000e+00 0.000000000000000000e+00 0.000000000000000000e+00
1.075788022717460990e-04 1.066671102307736874e-03 3.106656949967145920e-03 6.925521884113550186e-03 7.184075657278299332e-03 8.012615144252777100e-03 1.027578115463256836e-02 1.189566217362880707e-02 1.347287744283676147e-02 1.958298869431018829e-02 1.361692324280738831e-02 1.088004559278488159e-02 9.720382280647754669e-03 7.703006733208894730e-03 5.548513494431972504e-03 5.277925170958042145e-03 6.568506360054016113e-03 7.511188276112079620e-03 1.583669334650039673e-02 7.588645070791244507e-02 6.139722466468811035e-02 5.591070652008056641e-02 6.222284957766532898e-02 3.266493603587150574e-02 3.654834628105163574e-02 3.445439040660858154e-03 6.491195526905357838e-04 6.691765738651156425e-04 1.444473280571401119e-03 1.304073841311037540e-03 5.393527098931372166e-04 3.024240490049123764e-03 0.000000000000000000e+00 0.000000000000000000e+00 0.000000000000000000e+00 0.000000000000000000e+00 0.000000000000000000e+00 0.000000000000000000e+00 0.000000000000000000e+00 0.000000000000000000e+00 0.000000000000000000e+00 0.000000000000000000e+00 0.000000000000000000e+00 0.000000000000000000e+00 0.000000000000000000e+00 0.000000000000000000e+00 2.409035805612802505e-03 1.134719327092170715e-02 1.030268669128417969e+00 1.954452276229858398e+00 1.522878184914588928e-03 0.000000000000000000e+00 0.000000000000000000e+00 0.000000000000000000e+00 0.000000000000000000e+00 0.000000000000000000e+00 0.000000000000000000e+00 0.000000000000000000e+00 0.000000000000000000e+00 0.000000000000000000e+00 0.000000000000000000e+00 0.000000000000000000e+00 0.000000000000000000e+00 0.000000000000000000e+00 0.000000000000000000e+00 0.000000000000000000e+00 0.000000000000000000e+00 0.000000000000000000e+00 0.000000000000000000e+00 0.000000000000000000e+00 0.000000000000000000e+00 0.000000000000000000e+00 0.000000000000000000e+00 0.000000000000000000e+00 0.000000000000000000e+00 7.876956078689545393e-05 2.386061288416385651e-02 2.035463787615299225e-02 6.042529940605163574e-01 3.315410912036895752e-01 1.855023205280303955e-02 1.247914042323827744e-03 1.137782528530806303e-04 0.000000000000000000e+00 0.000000000000000000e+00 0.000000000000000000e+00 0.000000000000000000e+00 0.000000000000000000e+00 0.000000000000000000e+00 0.000000000000000000e+00 0.000000000000000000e+00 0.000000000000000000e+00 0.000000000000000000e+00 0.000000000000000000e+00 0.000000000000000000e+00 0.000000000000000000e+00
3.509797155857086182e-03 4.215115215629339218e-03 4.575238097459077835e-03 5.778010468930006027e-03 6.874052807688713074e-03 7.211784366518259048e-03 6.819567643105983734e-03 6.652754265815019608e-03 6.866588722914457321e-03 6.992725189775228500e-03 8.311185054481029510e-03 1.225089002400636673e-02 1.964404247701168060e-02 3.276930376887321472e-02 4.083157330751419067e-02 3.961947187781333923e-02 4.275906831026077271e-02 5.405759438872337341e-02 6.009646132588386536e-02 4.675960540771484375e-02 3.043578192591667175e-02 2.153198048472404480e-02 1.424108166247606277e-02 1.118582300841808319e-02 4.438652656972408295e-03 1.267333514988422394e-03 2.507797616999596357e-04 3.657204797491431236e-05 1.007597256830194965e-05 4.105026164324954152e-06 1.492736714681086596e-06 1.492736714681086596e-06 0.000000000000000000e+00 0.000000000000000000e+00 0.000000000000000000e+00 0.000000000000000000e+00 0.000000000000000000e+00 0.000000000000000000e+00 0.000000000000000000e+00 0.000000000000000000e+00 0.000000000000000000e+00 0.000000000000000000e+00 0.000000000000000000e+00 0.000000000000000000e+00 0.000000000000000000e+00 0.000000000000000000e+00 1.712019741535186768e-02 9.983945488929748535e-01 9.754638671875000000e-01 5.479739904403686523e-01 2.334535717964172363e-01 2.201197147369384766e-01 7.474132813513278961e-03 0.000000000000000000e+00 0.000000000000000000e+00 0.000000000000000000e+00 0.000000000000000000e+00 0.000000000000000000e+00 0.000000000000000000e+00 0.000000000000000000e+00 0.000000000000000000e+00 0.000000000000000000e+00 0.000000000000000000e+00 0.000000000000000000e+00 0.000000000000000000e+00 0.000000000000000000e+00 0.000000000000000000e+00 0.000000000000000000e+00 0.000000000000000000e+00 0.000000000000000000e+00 0.000000000000000000e+00 0.000000000000000000e+00 0.000000000000000000e+00 3.403439768590033054e-04 8.174972608685493469e-03 3.432771936058998108e-02 9.285195916891098022e-02 1.834983974695205688e-01 3.923904895782470703e-01 2.705786824226379395e-01 1.783745735883712769e-02 0.000000000000000000e+00 0.000000000000000000e+00 0.000000000000000000e+00 0.000000000000000000e+00 0.000000000000000000e+00 0.000000000000000000e+00 0.000000000000000000e+00 0.000000000000000000e+00 0.000000000000000000e+00 0.000000000000000000e+00 0.000000000000000000e+00 0.000000000000000000e+00 0.000000000000000000e+00 0.000000000000000000e+00 0.000000000000000000e+00
3.565062434063293040e-05 2.673796734597999603e-05 4.901960710412822664e-05 8.467023144476115704e-05 8.021390531212091446e-04 2.967914333567023277e-03 6.853832397609949112e-03 1.233065966516733170e-02 1.700980402529239655e-02 1.762032136321067810e-02 2.131907269358634949e-02 2.672459930181503296e-02 3.155971318483352661e-02 2.755347639322280884e-02 2.280748635530471802e-02 2.172014303505420685e-02 2.225490286946296692e-02 2.277183532714843750e-02 2.438057027757167816e-02 3.525846824049949646e-02 5.907753854990005493e-02 6.324420869350433350e-02 3.867647051811218262e-02 2.245097979903221130e-02 2.139037474989891052e-03 2.139037387678399682e-04 6.238859350560232997e-05 4.456328042579116300e-06 0.000000000000000000e+00 0.000000000000000000e+00 0.000000000000000000e+00 0.000000000000000000e+00 0.000000000000000000e+00 0.000000000000000000e+00 0.000000000000000000e+00 0.000000000000000000e+00 0.000000000000000000e+00 0.000000000000000000e+00 0.000000000000000000e+00 0.000000000000000000e+00 0.000000000000000000e+00 0.000000000000000000e+00 0.000000000000000000e+00 0.000000000000000000e+00 0.000000000000000000e+00 0.000000000000000000e+00 0.000000000000000000e+00 8.529411628842353821e-03 2.191390275955200195e+00 6.949197649955749512e-01 1.051604300737380981e-01 0.000000000000000000e+00 0.000000000000000000e+00 0.000000000000000000e+00 0.000000000000000000e+00 0.000000000000000000e+00 0.000000000000000000e+00 0.000000000000000000e+00 0.000000000000000000e+00 0.000000000000000000e+00 0.000000000000000000e+00 0.000000000000000000e+00 0.000000000000000000e+00 0.000000000000000000e+00 0.000000000000000000e+00 0.000000000000000000e+00 0.000000000000000000e+00 0.000000000000000000e+00 0.000000000000000000e+00 0.000000000000000000e+00 0.000000000000000000e+00 0.000000000000000000e+00 0.000000000000000000e+00 0.000000000000000000e+00 0.000000000000000000e+00 0.000000000000000000e+00 0.000000000000000000e+00 2.355615049600601196e-02 1.452228128910064697e-01 8.196256756782531738e-01 1.159536559134721756e-02 0.000000000000000000e+00 0.000000000000000000e+00 0.000000000000000000e+00 0.000000000000000000e+00 0.000000000000000000e+00 0.000000000000000000e+00 0.000000000000000000e+00 0.000000000000000000e+00 0.000000000000000000e+00 0.000000000000000000e+00 0.000000000000000000e+00 0.000000000000000000e+00 0.000000000000000000e+00 0.000000000000000000e+00 0.000000000000000000e+00
8.455336093902587891e-03 1.877625286579132080e-02 2.181606367230415344e-02 3.130492568016052246e-02 4.280817508697509766e-02 6.017041951417922974e-02 3.347695618867874146e-02 1.958288997411727905e-02 9.427352808415889740e-03 7.027328480035066605e-03 7.005596999078989029e-03 8.277432993054389954e-03 1.132497843354940414e-02 2.129672095179557800e-02 2.831815555691719055e-02 2.444666065275669098e-02 2.016300708055496216e-02 2.474979497492313385e-02 3.001761995255947113e-02 3.031707182526588440e-02 2.627614513039588928e-02 9.224035777151584625e-03 3.449022769927978516e-03 1.530034234747290611e-03 5.160274449735879898e-04 2.081052807625383139e-04 3.204452877980656922e-05 1.841639573285647202e-06 0.000000000000000000e+00 0.000000000000000000e+00 0.000000000000000000e+00 0.000000000000000000e+00 0.000000000000000000e+00 0.000000000000000000e+00 0.000000000000000000e+00 0.000000000000000000e+00 0.000000000000000000e+00 0.000000000000000000e+00 0.000000000000000000e+00 0.000000000000000000e+00 0.000000000000000000e+00 0.000000000000000000e+00 0.000000000000000000e+00 0.000000000000000000e+00 0.000000000000000000e+00 0.000000000000000000e+00 3.160253691021353006e-04 7.613338530063629150e-03 5.779948830604553223e-01 1.075332641601562500e+00 7.929341197013854980e-01 4.331934452056884766e-01 1.048496961593627930e-01 7.558089215308427811e-03 2.077369572361931205e-04 0.000000000000000000e+00 0.000000000000000000e+00 0.000000000000000000e+00 0.000000000000000000e+00 0.000000000000000000e+00 0.000000000000000000e+00 0.000000000000000000e+00 0.000000000000000000e+00 0.000000000000000000e+00 0.000000000000000000e+00 0.000000000000000000e+00 0.000000000000000000e+00 0.000000000000000000e+00 0.000000000000000000e+00 0.000000000000000000e+00 0.000000000000000000e+00 0.000000000000000000e+00 0.000000000000000000e+00 4.125272680539637804e-04 7.699526846408843994e-03 6.181647628545761108e-02 2.511554360389709473e-01 1.439167708158493042e-01 3.481796383857727051e-01 1.839230805635452271e-01 2.896530786529183388e-03 0.000000000000000000e+00 0.000000000000000000e+00 0.000000000000000000e+00 0.000000000000000000e+00 0.000000000000000000e+00 0.000000000000000000e+00 0.000000000000000000e+00 0.000000000000000000e+00 0.000000000000000000e+00 0.000000000000000000e+00 0.000000000000000000e+00 0.000000000000000000e+00 0.000000000000000000e+00 0.000000000000000000e+00 0.000000000000000000e+00
3.850661683827638626e-03 3.584340214729309082e-03 5.642022937536239624e-03 1.017277501523494720e-02 1.484342571347951889e-02 1.775813475251197815e-02 1.967219822108745575e-02 2.218144200742244720e-02 2.599005214869976044e-02 3.092265874147415161e-02 3.439394757151603699e-02 3.831825032830238342e-02 3.712287917733192444e-02 3.680852055549621582e-02 3.805176913738250732e-02 3.567891940474510193e-02 3.304918482899665833e-02 2.894298546016216278e-02 2.185215242207050323e-02 1.440458837896585464e-02 9.344752877950668335e-03 6.217902526259422302e-03 4.169222898781299591e-03 2.632645890116691589e-03 1.577765331603586674e-03 1.259311800822615623e-03 6.810063496232032776e-04 3.660031652543693781e-04 2.362388913752511144e-04 1.693890080787241459e-04 9.305073763243854046e-05 1.180655362986726686e-05 0.000000000000000000e+00 0.000000000000000000e+00 0.000000000000000000e+00 0.000000000000000000e+00 0.000000000000000000e+00 0.000000000000000000e+00 0.000000000000000000e+00 0.000000000000000000e+00 0.000000000000000000e+00 0.000000000000000000e+00 0.000000000000000000e+00 0.000000000000000000e+00 0.000000000000000000e+00 1.276725088246166706e-03 4.883837699890136719e-02 3.192883431911468506e-01 5.894572138786315918e-01 8.185606598854064941e-01 9.198253154754638672e-01 2.324118465185165405e-01 5.443273857235908508e-02 1.360794343054294586e-02 2.300822176039218903e-03 0.000000000000000000e+00 0.000000000000000000e+00 0.000000000000000000e+00 0.000000000000000000e+00 0.000000000000000000e+00 0.000000000000000000e+00 0.000000000000000000e+00 0.000000000000000000e+00 0.000000000000000000e+00 0.000000000000000000e+00 0.000000000000000000e+00 0.000000000000000000e+00 0.000000000000000000e+00 0.000000000000000000e+00 0.000000000000000000e+00 3.957082299166359007e-05 6.083340267650783062e-04 1.524501014500856400e-03 2.518084598705172539e-03 4.587735515087842941e-03 2.760684862732887268e-02 1.295139044523239136e-01 2.930074930191040039e-01 2.460500895977020264e-01 2.032621651887893677e-01 8.557789027690887451e-02 5.531612783670425415e-03 1.717611012281849980e-04 0.000000000000000000e+00 0.000000000000000000e+00 0.000000000000000000e+00 0.000000000000000000e+00 0.000000000000000000e+00 0.000000000000000000e+00 0.000000000000000000e+00 0.000000000000000000e+00 0.000000000000000000e+00 0.000000000000000000e+00 0.000000000000000000e+00 0.000000000000000000e+00 0.000000000000000000e+00
3.577841271180659533e-04 2.105896594002842903e-03 5.415162537246942520e-03 3.584342077374458313e-02 3.358283266425132751e-02 2.165068499743938446e-02 5.573650356382131577e-03 2.212187740951776505e-03 6.580570712685585022e-03 7.384398486465215683e-03 5.840802099555730820e-03 1.101965643465518951e-02 6.956386379897594452e-03 5.825617816299200058e-03 5.300804506987333298e-03 5.229627247899770737e-03 7.762587163597345352e-03 6.438690703362226486e-03 1.205789484083652496e-02 2.371767163276672363e-02 3.318661451339721680e-02 6.676517426967620850e-02 6.721691042184829712e-02 7.882069796323776245e-02 2.271122485399246216e-02 1.620610244572162628e-02 3.844044171273708344e-03 2.742695214692503214e-04 1.181541738333180547e-04 4.745147634821478277e-07 0.000000000000000000e+00 0.000000000000000000e+00 0.000000000000000000e+00 0.000000000000000000e+00 0.000000000000000000e+00 0.000000000000000000e+00 0.000000000000000000e+00 0.000000000000000000e+00 0.000000000000000000e+00 0.000000000000000000e+00 0.000000000000000000e+00 0.000000000000000000e+00 0.000000000000000000e+00 0.000000000000000000e+00 0.000000000000000000e+00 0.000000000000000000e+00 0.000000000000000000e+00 2.468425780534744263e-03 1.441950798034667969e+00 1.555580854415893555e+00 0.000000000000000000e+00 0.000000000000000000e+00 0.000000000000000000e+00 0.000000000000000000e+00 0.000000000000000000e+00 0.000000000000000000e+00 0.000000000000000000e+00 0.000000000000000000e+00 0.000000000000000000e+00 0.000000000000000000e+00 0.000000000000000000e+00 0.000000000000000000e+00 0.000000000000000000e+00 0.000000000000000000e+00 0.000000000000000000e+00 0.000000000000000000e+00 0.000000000000000000e+00 0.000000000000000000e+00 0.000000000000000000e+00 0.000000000000000000e+00 0.000000000000000000e+00 0.000000000000000000e+00 0.000000000000000000e+00 0.000000000000000000e+00 0.000000000000000000e+00 0.000000000000000000e+00 0.000000000000000000e+00 4.190914332866668701e-03 4.359395503997802734e-01 5.578025579452514648e-01 2.066986402496695518e-03 0.000000000000000000e+00 0.000000000000000000e+00 0.000000000000000000e+00 0.000000000000000000e+00 0.000000000000000000e+00 0.000000000000000000e+00 0.000000000000000000e+00 0.000000000000000000e+00 0.000000000000000000e+00 0.000000000000000000e+00 0.000000000000000000e+00 0.000000000000000000e+00 0.000000000000000000e+00 0.000000000000000000e+00 0.000000000000000000e+00
1.483386040490586311e-05 1.407314994139596820e-05 1.407314994139596820e-05 1.787670407793484628e-05 1.597492700966540724e-05 1.863741454144474119e-05 6.161757628433406353e-04 1.989791169762611389e-02 1.472317725419998169e-01 1.068376526236534119e-01 9.810659289360046387e-02 4.029941558837890625e-02 2.548837661743164062e-02 1.537967100739479065e-02 1.087588258087635040e-02 7.225611712783575058e-03 3.345606150105595589e-03 2.357062418013811111e-03 1.756861573085188866e-03 1.911285915412008762e-03 1.461705775000154972e-03 1.429755939170718193e-03 1.827607746236026287e-03 2.039085375145077705e-03 1.963774906471371651e-03 1.568205305375158787e-03 1.609283732250332832e-03 1.394382910802960396e-03 1.388677628710865974e-03 1.395143568515777588e-03 1.618412206880748272e-03 8.786210091784596443e-04 0.000000000000000000e+00 0.000000000000000000e+00 0.000000000000000000e+00 0.000000000000000000e+00 0.000000000000000000e+00 0.000000000000000000e+00 0.000000000000000000e+00 0.000000000000000000e+00 0.000000000000000000e+00 0.000000000000000000e+00 0.000000000000000000e+00 0.000000000000000000e+00 0.000000000000000000e+00 0.000000000000000000e+00 1.526176035404205322e-01 2.705760002136230469e+00 8.040637522935867310e-02 6.121592223644256592e-02 0.000000000000000000e+00 0.000000000000000000e+00 0.000000000000000000e+00 0.000000000000000000e+00 0.000000000000000000e+00 0.000000000000000000e+00 0.000000000000000000e+00 0.000000000000000000e+00 0.000000000000000000e+00 0.000000000000000000e+00 0.000000000000000000e+00 0.000000000000000000e+00 0.000000000000000000e+00 0.000000000000000000e+00 0.000000000000000000e+00 0.000000000000000000e+00 0.000000000000000000e+00 0.000000000000000000e+00 0.000000000000000000e+00 0.000000000000000000e+00 0.000000000000000000e+00 0.000000000000000000e+00 0.000000000000000000e+00 0.000000000000000000e+00 0.000000000000000000e+00 0.000000000000000000e+00 0.000000000000000000e+00 6.595362792722880840e-04 1.404660046100616455e-01 8.117735385894775391e-01 4.710093140602111816e-02 0.000000000000000000e+00 0.000000000000000000e+00 0.000000000000000000e+00 0.000000000000000000e+00 0.000000000000000000e+00 0.000000000000000000e+00 0.000000000000000000e+00 0.000000000000000000e+00 0.000000000000000000e+00 0.000000000000000000e+00 0.000000000000000000e+00 0.000000000000000000e+00 0.000000000000000000e+00 0.000000000000000000e+00 0.000000000000000000e+00
5.101507995277643204e-03 1.808770932257175446e-03 1.945033203810453415e-03 2.507397904992103577e-03 3.518375568091869354e-03 5.139536224305629730e-03 6.061004474759101868e-03 6.664061453193426132e-03 6.990997586399316788e-03 1.117996126413345337e-02 1.951799727976322174e-02 2.946820110082626343e-02 4.002412781119346619e-02 5.845329165458679199e-02 8.428709954023361206e-02 1.002145260572433472e-01 5.422450229525566101e-02 1.859113387763500214e-02 1.039881817996501923e-02 6.107757333666086197e-03 4.398219287395477295e-03 3.567059757187962532e-03 3.080751514062285423e-03 2.723046345636248589e-03 2.354352502152323723e-03 1.957820262759923935e-03 1.598183880560100079e-03 1.260725199244916439e-03 1.075712265446782112e-03 9.852703660726547241e-04 1.015839399769902229e-03 3.778912127017974854e-03 0.000000000000000000e+00 0.000000000000000000e+00 0.000000000000000000e+00 0.000000000000000000e+00 0.000000000000000000e+00 0.000000000000000000e+00 0.000000000000000000e+00 0.000000000000000000e+00 0.000000000000000000e+00 0.000000000000000000e+00 0.000000000000000000e+00 0.000000000000000000e+00 0.000000000000000000e+00 5.993938430037815124e-06 1.118469052016735077e-03 7.255603075027465820e-01 4.236923754215240479e-01 1.811644136905670166e-01 7.910800166428089142e-03 7.619495037943124771e-03 1.204247832298278809e+00 4.486802816390991211e-01 0.000000000000000000e+00 0.000000000000000000e+00 0.000000000000000000e+00 0.000000000000000000e+00 0.000000000000000000e+00 0.000000000000000000e+00 0.000000000000000000e+00 0.000000000000000000e+00 0.000000000000000000e+00 0.000000000000000000e+00 0.000000000000000000e+00 0.000000000000000000e+00 0.000000000000000000e+00 0.000000000000000000e+00 0.000000000000000000e+00 0.000000000000000000e+00 9.648377075791358948e-03 2.952915430068969727e-01 1.652275919914245605e-01 7.402168214321136475e-02 8.598905056715011597e-03 1.056798035278916359e-03 1.103284303098917007e-03 1.322276238352060318e-02 6.134090572595596313e-02 6.083288416266441345e-02 3.090332448482513428e-01 6.217712652869522572e-04 2.663972793470748002e-07 0.000000000000000000e+00 0.000000000000000000e+00 0.000000000000000000e+00 0.000000000000000000e+00 0.000000000000000000e+00 0.000000000000000000e+00 0.000000000000000000e+00 0.000000000000000000e+00 0.000000000000000000e+00 0.000000000000000000e+00 0.000000000000000000e+00 0.000000000000000000e+00 0.000000000000000000e+00
9.015931937028653920e-06 1.144329780800035223e-05 1.074976444215280935e-05 9.015931937028653920e-06 5.028115992899984121e-05 2.748160064220428467e-02 9.940827637910842896e-02 1.204941123723983765e-01 7.287404686212539673e-02 4.051933065056800842e-02 1.488634385168552399e-02 2.167984843254089355e-03 2.019429951906204224e-02 2.347055077552795410e-02 2.036248147487640381e-02 9.888396598398685455e-03 5.866944324225187302e-03 3.485351102426648140e-03 3.239146899431943893e-03 2.911799121648073196e-03 2.267506904900074005e-03 1.975876046344637871e-03 2.005698159337043762e-03 1.911724335514008999e-03 1.765388762578368187e-03 1.853120746091008186e-03 1.909643760882318020e-03 2.069156384095549583e-03 2.118743956089019775e-03 2.261958550661802292e-03 3.389990422874689102e-03 9.130017831921577454e-03 0.000000000000000000e+00 0.000000000000000000e+00 0.000000000000000000e+00 0.000000000000000000e+00 0.000000000000000000e+00 0.000000000000000000e+00 0.000000000000000000e+00 0.000000000000000000e+00 0.000000000000000000e+00 0.000000000000000000e+00 0.000000000000000000e+00 0.000000000000000000e+00 0.000000000000000000e+00 2.871227334253489971e-04 4.649578332901000977e-01 1.601146161556243896e-01 2.374640464782714844e+00 0.000000000000000000e+00 0.000000000000000000e+00 0.000000000000000000e+00 0.000000000000000000e+00 0.000000000000000000e+00 0.000000000000000000e+00 0.000000000000000000e+00 0.000000000000000000e+00 0.000000000000000000e+00 0.000000000000000000e+00 0.000000000000000000e+00 0.000000000000000000e+00 0.000000000000000000e+00 0.000000000000000000e+00 0.000000000000000000e+00 0.000000000000000000e+00 0.000000000000000000e+00 0.000000000000000000e+00 0.000000000000000000e+00 0.000000000000000000e+00 0.000000000000000000e+00 0.000000000000000000e+00 0.000000000000000000e+00 0.000000000000000000e+00 0.000000000000000000e+00 0.000000000000000000e+00 0.000000000000000000e+00 0.000000000000000000e+00 5.168903153389692307e-03 1.239246800541877747e-01 7.735496163368225098e-01 2.059446834027767181e-02 1.198147982358932495e-02 1.240522880107164383e-02 1.304605323821306229e-02 1.099042128771543503e-02 1.145162060856819153e-02 1.514607202261686325e-02 1.741461921483278275e-03 0.000000000000000000e+00 0.000000000000000000e+00 0.000000000000000000e+00 0.000000000000000000e+00 0.000000000000000000e+00 0.000000000000000000e+00 0.000000000000000000e+00 0.000000000000000000e+00
2.605118323117494583e-03 2.258235216140747070e-02 2.588343434035778046e-02 2.256937138736248016e-02 1.620485447347164154e-02 1.048437785357236862e-02 5.686527118086814880e-03 3.457847749814391136e-03 3.219203324988484383e-03 3.079411573708057404e-03 3.128338837996125221e-03 3.434882033616304398e-03 4.891711287200450897e-03 8.034029044210910797e-03 1.434163097292184830e-02 9.776432998478412628e-03 8.982615545392036438e-03 1.276997290551662445e-02 1.206003036350011826e-02 1.519535854458808899e-02 2.028078213334083557e-02 2.035267464816570282e-02 1.990234479308128357e-02 2.120640315115451813e-02 2.732828073203563690e-02 4.126850888133049011e-02 4.720266908407211304e-02 8.396589010953903198e-02 1.010494399815797806e-02 0.000000000000000000e+00 0.000000000000000000e+00 0.000000000000000000e+00 0.000000000000000000e+00 0.000000000000000000e+00 0.000000000000000000e+00 0.000000000000000000e+00 0.000000000000000000e+00 0.000000000000000000e+00 0.000000000000000000e+00 0.000000000000000000e+00 0.000000000000000000e+00 0.000000000000000000e+00 0.000000000000000000e+00 0.000000000000000000e+00 0.000000000000000000e+00 0.000000000000000000e+00 0.000000000000000000e+00 1.133391261100769043e-01 2.256507873535156250e+00 2.241799682378768921e-01 2.319803535938262939e-01 1.683311909437179565e-01 5.661563947796821594e-03 0.000000000000000000e+00 0.000000000000000000e+00 0.000000000000000000e+00 0.000000000000000000e+00 0.000000000000000000e+00 0.000000000000000000e+00 0.000000000000000000e+00 0.000000000000000000e+00 0.000000000000000000e+00 0.000000000000000000e+00 0.000000000000000000e+00 0.000000000000000000e+00 0.000000000000000000e+00 0.000000000000000000e+00 0.000000000000000000e+00 0.000000000000000000e+00 0.000000000000000000e+00 0.000000000000000000e+00 0.000000000000000000e+00 0.000000000000000000e+00 0.000000000000000000e+00 0.000000000000000000e+00 1.697470725048333406e-04 6.985990703105926514e-02 6.481941789388656616e-02 1.059760972857475281e-01 3.880558013916015625e-01 3.711190223693847656e-01 0.000000000000000000e+00 0.000000000000000000e+00 0.000000000000000000e+00 0.000000000000000000e+00 0.000000000000000000e+00 0.000000000000000000e+00 0.000000000000000000e+00 0.000000000000000000e+00 0.000000000000000000e+00 0.000000000000000000e+00 0.000000000000000000e+00 0.000000000000000000e+00 0.000000000000000000e+00 0.000000000000000000e+00 0.000000000000000000e+00
2.269829995930194855e-02 1.871966943144798279e-02 2.664283476769924164e-02 3.824042156338691711e-02 4.944516718387603760e-02 5.211477726697921753e-02 5.091263353824615479e-02 4.363889992237091064e-02 3.582145273685455322e-02 3.066992387175559998e-02 2.548339217901229858e-02 2.060488611459732056e-02 1.710553467273712158e-02 1.544501166790723801e-02 1.204749383032321930e-02 8.811266161501407623e-03 6.341055035591125488e-03 4.704599734395742416e-03 3.659736830741167068e-03 2.799714449793100357e-03 2.153905341401696205e-03 1.766367931850254536e-03 1.388017670251429081e-03 1.172251882962882519e-03 1.231902861036360264e-03 1.506219734437763691e-03 1.183444517664611340e-03 6.005211034789681435e-04 4.381306644063442945e-04 4.361897590570151806e-04 6.704589468427002430e-04 1.545814564451575279e-03 0.000000000000000000e+00 0.000000000000000000e+00 0.000000000000000000e+00 0.000000000000000000e+00 0.000000000000000000e+00 0.000000000000000000e+00 0.000000000000000000e+00 0.000000000000000000e+00 2.717290044529363513e-05 2.662944025360047817e-04 5.931456107646226883e-04 1.117582549341022968e-03 5.412841681391000748e-03 1.444006711244583130e-02 5.187849700450897217e-02 3.391239941120147705e-01 1.678057670593261719e+00 6.206468939781188965e-01 2.056091725826263428e-01 6.597502529621124268e-02 1.394008565694093704e-02 2.459535840898752213e-03 3.940070746466517448e-04 5.667490404448471963e-05 1.164552941190777346e-06 0.000000000000000000e+00 0.000000000000000000e+00 0.000000000000000000e+00 0.000000000000000000e+00 0.000000000000000000e+00 0.000000000000000000e+00 0.000000000000000000e+00 0.000000000000000000e+00 0.000000000000000000e+00 0.000000000000000000e+00 0.000000000000000000e+00 0.000000000000000000e+00 0.000000000000000000e+00 0.000000000000000000e+00 3.040776937268674374e-05 2.810454170685261488e-04 1.582497963681817055e-03 3.472955431789159775e-03 5.187436006963253021e-03 1.236095279455184937e-02 4.006178304553031921e-02 1.558905392885208130e-01 5.197517275810241699e-01 2.198466211557388306e-01 1.188542693853378296e-02 9.883560240268707275e-03 8.765330538153648376e-03 4.792911466211080551e-03 3.021238371729850769e-03 1.642925315536558628e-03 8.194570546038448811e-04 3.652814193628728390e-04 2.690117107704281807e-04 8.889420132618397474e-05 0.000000000000000000e+00 0.000000000000000000e+00 0.000000000000000000e+00 0.000000000000000000e+00 0.000000000000000000e+00
3.668745514005422592e-03 8.049955591559410095e-03 1.098973862826824188e-02 1.188730262219905853e-02 1.132063101977109909e-02 1.201003603637218475e-02 1.319930981844663620e-02 1.498862635344266891e-02 1.397807803004980087e-02 1.275474578142166138e-02 1.357094664126634598e-02 1.519191078841686249e-02 1.880385167896747589e-02 2.017591334879398346e-02 2.056748420000076294e-02 2.109478786587715149e-02 2.219344861805438995e-02 2.299221418797969818e-02 2.407056465744972229e-02 2.106247842311859131e-02 1.807139068841934204e-02 1.603279635310173035e-02 1.646492443978786469e-02 2.419236116111278534e-02 3.095624409615993500e-02 2.391377463936805725e-02 2.093680948019027710e-02 1.595474407076835632e-02 8.595692925155162811e-03 5.517678800970315933e-03 5.506930407136678696e-03 1.285885693505406380e-03 0.000000000000000000e+00 0.000000000000000000e+00 0.000000000000000000e+00 0.000000000000000000e+00 0.000000000000000000e+00 0.000000000000000000e+00 0.000000000000000000e+00 0.000000000000000000e+00 0.000000000000000000e+00 0.000000000000000000e+00 0.000000000000000000e+00 2.062216299236752093e-05 1.803502091206610203e-04 8.713051676750183105e-03 3.139480948448181152e-02 1.303459405899047852e-01 7.248758077621459961e-01 6.740092039108276367e-01 7.019499540328979492e-01 5.206192731857299805e-01 1.502883434295654297e-01 4.439577087759971619e-02 1.235530152916908264e-02 8.515079389326274395e-04 0.000000000000000000e+00 0.000000000000000000e+00 0.000000000000000000e+00 0.000000000000000000e+00 0.000000000000000000e+00 0.000000000000000000e+00 0.000000000000000000e+00 0.000000000000000000e+00 0.000000000000000000e+00 0.000000000000000000e+00 0.000000000000000000e+00 0.000000000000000000e+00 0.000000000000000000e+00 0.000000000000000000e+00 4.774343688040971756e-05 4.538125940598547459e-04 4.208296537399291992e-03 1.753808930516242981e-02 3.606178984045982361e-02 9.319505840539932251e-02 1.559205651283264160e-01 1.187339276075363159e-01 2.604753077030181885e-01 1.820072233676910400e-01 1.110753491520881653e-01 1.942495442926883698e-02 8.578820270486176014e-04 0.000000000000000000e+00 0.000000000000000000e+00 0.000000000000000000e+00 0.000000000000000000e+00 0.000000000000000000e+00 0.000000000000000000e+00 0.000000000000000000e+00 0.000000000000000000e+00 0.000000000000000000e+00 0.000000000000000000e+00 0.000000000000000000e+00 0.000000000000000000e+00 0.000000000000000000e+00
3.082489594817161560e-02 4.462814703583717346e-02 3.277730941772460938e-02 2.604936435818672180e-02 2.380441315472126007e-02 2.084446698427200317e-02 2.037271857261657715e-02 2.283097058534622192e-02 1.864282041788101196e-02 1.622142270207405090e-02 1.464263163506984711e-02 1.319283433258533478e-02 1.216457039117813110e-02 1.333657000213861465e-02 1.596666127443313599e-02 1.423860527575016022e-02 1.496281288564205170e-02 1.820239797234535217e-02 2.382053621113300323e-02 2.692882530391216278e-02 2.577248774468898773e-02 1.893075183033943176e-02 1.297078095376491547e-02 7.807806599885225296e-03 4.182621836662292480e-03 2.783039817586541176e-03 2.024740912020206451e-03 9.748241282068192959e-04 9.904876060318201780e-05 9.213838438881793991e-07 0.000000000000000000e+00 0.000000000000000000e+00 0.000000000000000000e+00 0.000000000000000000e+00 0.000000000000000000e+00 0.000000000000000000e+00 0.000000000000000000e+00 0.000000000000000000e+00 0.000000000000000000e+00 0.000000000000000000e+00 0.000000000000000000e+00 0.000000000000000000e+00 0.000000000000000000e+00 0.000000000000000000e+00 0.000000000000000000e+00 0.000000000000000000e+00 0.000000000000000000e+00 3.067379072308540344e-02 2.021294116973876953e+00 9.394825696945190430e-01 8.162539452314376831e-03 3.869812062475830317e-04 0.000000000000000000e+00 0.000000000000000000e+00 0.000000000000000000e+00 0.000000000000000000e+00 0.000000000000000000e+00 0.000000000000000000e+00 0.000000000000000000e+00 0.000000000000000000e+00 0.000000000000000000e+00 0.000000000000000000e+00 0.000000000000000000e+00 0.000000000000000000e+00 0.000000000000000000e+00 0.000000000000000000e+00 0.000000000000000000e+00 0.000000000000000000e+00 0.000000000000000000e+00 0.000000000000000000e+00 0.000000000000000000e+00 0.000000000000000000e+00 0.000000000000000000e+00 0.000000000000000000e+00 0.000000000000000000e+00 0.000000000000000000e+00 5.892249755561351776e-03 4.125956911593675613e-03 4.164406061172485352e-01 5.518232583999633789e-01 1.261558756232261658e-02 4.884255584329366684e-03 4.218095447868108749e-03 0.000000000000000000e+00 0.000000000000000000e+00 0.000000000000000000e+00 0.000000000000000000e+00 0.000000000000000000e+00 0.000000000000000000e+00 0.000000000000000000e+00 0.000000000000000000e+00 0.000000000000000000e+00 0.000000000000000000e+00 0.000000000000000000e+00 0.000000000000000000e+00 0.000000000000000000e+00
7.796553429216146469e-03 1.265768706798553467e-02 1.695025898516178131e-02 2.041486464440822601e-02 2.474414184689521790e-02 1.969586312770843506e-02 1.542281825095415115e-02 1.222061179578304291e-02 1.089545525610446930e-02 1.125327032059431076e-02 1.272861380130052567e-02 1.419963128864765167e-02 1.566333323717117310e-02 1.831154711544513702e-02 2.392011694610118866e-02 2.858144603669643402e-02 3.002237528562545776e-02 2.772841602563858032e-02 2.733116038143634796e-02 3.078571520745754242e-02 3.128449246287345886e-02 2.940597943961620331e-02 2.319818921387195587e-02 1.786308549344539642e-02 1.150148268789052963e-02 3.735971637070178986e-03 8.687433437444269657e-04 3.272815956734120846e-04 1.833285787142813206e-04 2.983383019454777241e-04 9.096455869439523667e-06 1.272231600069062551e-07 0.000000000000000000e+00 0.000000000000000000e+00 0.000000000000000000e+00 0.000000000000000000e+00 0.000000000000000000e+00 0.000000000000000000e+00 0.000000000000000000e+00 0.000000000000000000e+00 0.000000000000000000e+00 0.000000000000000000e+00 0.000000000000000000e+00 0.000000000000000000e+00 7.847124943509697914e-04 2.246239408850669861e-02 8.293296396732330322e-02 3.175780177116394043e-01 9.660668373107910156e-01 6.456905007362365723e-01 6.028794050216674805e-01 2.197622358798980713e-01 8.949385583400726318e-02 4.607284814119338989e-02 3.802954684942960739e-03 1.914072316139936447e-03 5.591458175331354141e-04 0.000000000000000000e+00 0.000000000000000000e+00 0.000000000000000000e+00 0.000000000000000000e+00 0.000000000000000000e+00 0.000000000000000000e+00 0.000000000000000000e+00 0.000000000000000000e+00 0.000000000000000000e+00 0.000000000000000000e+00 0.000000000000000000e+00 5.088926400276250206e-07 1.019057526718825102e-04 1.312943059019744396e-03 3.583240322768688202e-03 3.971525467932224274e-03 5.933942738920450211e-03 2.276976592838764191e-02 8.622944355010986328e-02 1.461414992809295654e-01 1.262862831354141235e-01 1.244877353310585022e-01 3.668257296085357666e-01 9.093759208917617798e-02 1.588368415832519531e-02 5.061955191195011139e-03 4.722523735836148262e-04 0.000000000000000000e+00 0.000000000000000000e+00 0.000000000000000000e+00 0.000000000000000000e+00 0.000000000000000000e+00 0.000000000000000000e+00 0.000000000000000000e+00 0.000000000000000000e+00 0.000000000000000000e+00 0.000000000000000000e+00 0.000000000000000000e+00 0.000000000000000000e+00
1.250152010470628738e-02 4.059723112732172012e-03 4.035736899822950363e-03 6.003618706017732620e-03 1.160395704209804535e-02 2.149051427841186523e-02 2.422696352005004883e-02 2.608370408415794373e-02 2.576693892478942871e-02 2.443460188806056976e-02 2.546720206737518311e-02 2.659931778907775879e-02 2.539634145796298981e-02 2.679111622273921967e-02 2.578094601631164551e-02 2.206334657967090607e-02 1.865738816559314728e-02 1.796993240714073181e-02 1.859302632510662079e-02 1.830610819160938263e-02 1.726023294031620026e-02 1.837092451751232147e-02 1.737961359322071075e-02 1.588651537895202637e-02 1.499728299677371979e-02 1.171876117587089539e-02 7.724680006504058838e-03 5.136176012456417084e-03 3.170308424159884453e-03 1.711173681542277336e-03 5.479308310896158218e-04 2.643983461894094944e-04 0.000000000000000000e+00 0.000000000000000000e+00 0.000000000000000000e+00 0.000000000000000000e+00 0.000000000000000000e+00 0.000000000000000000e+00 0.000000000000000000e+00 0.000000000000000000e+00 0.000000000000000000e+00 0.000000000000000000e+00 0.000000000000000000e+00 0.000000000000000000e+00 4.943736712448298931e-05 7.975894957780838013e-03 1.385191082954406738e-01 4.940352737903594971e-01 1.248064994812011719e+00 9.036375284194946289e-01 1.322240829467773438e-01 5.214378610253334045e-02 1.870325393974781036e-02 4.144499078392982483e-03 4.548237775452435017e-04 2.856381252058781683e-05 1.483121013734489679e-05 3.845128503598971292e-06 0.000000000000000000e+00 0.000000000000000000e+00 0.000000000000000000e+00 0.000000000000000000e+00 0.000000000000000000e+00 0.000000000000000000e+00 0.000000000000000000e+00 0.000000000000000000e+00 0.000000000000000000e+00 0.000000000000000000e+00 0.000000000000000000e+00 5.493040589499287307e-06 3.074271662626415491e-04 9.471832890994846821e-04 2.214610809460282326e-03 2.875057514756917953e-03 4.011750686913728714e-03 1.322724204510450363e-02 2.585372887551784515e-02 6.135232001543045044e-02 2.569395303726196289e-01 4.581964910030364990e-01 1.485984623432159424e-01 2.318813838064670563e-02 2.110975561663508415e-03 1.237765100086107850e-04 4.174710920779034495e-05 6.042344921297626570e-06 0.000000000000000000e+00 0.000000000000000000e+00 0.000000000000000000e+00 0.000000000000000000e+00 0.000000000000000000e+00 0.000000000000000000e+00 0.000000000000000000e+00 0.000000000000000000e+00 0.000000000000000000e+00 0.000000000000000000e+00
2.393758040852844715e-04 2.107090782374143600e-03 1.933397538959980011e-02 9.293677657842636108e-02 1.039480641484260559e-01 5.795813724398612976e-02 1.996218971908092499e-02 1.439816225320100784e-02 1.274238247424364090e-02 1.187420729547739029e-02 1.148303225636482239e-02 1.143457368016242981e-02 1.005962211638689041e-02 8.705105632543563843e-03 8.324439637362957001e-03 8.306924253702163696e-03 7.899401709437370300e-03 7.352923974394798279e-03 6.502264179289340973e-03 5.771292373538017273e-03 5.115052219480276108e-03 5.182194057852029800e-03 5.378365516662597656e-03 5.489879753440618515e-03 5.988481920212507248e-03 6.762074306607246399e-03 7.912829518318176270e-03 9.002865292131900787e-03 9.462350048124790192e-03 1.101128663867712021e-02 6.685590837150812149e-03 6.690845475532114506e-04 0.000000000000000000e+00 0.000000000000000000e+00 0.000000000000000000e+00 0.000000000000000000e+00 0.000000000000000000e+00 0.000000000000000000e+00 0.000000000000000000e+00 0.000000000000000000e+00 0.000000000000000000e+00 0.000000000000000000e+00 0.000000000000000000e+00 0.000000000000000000e+00 0.000000000000000000e+00 0.000000000000000000e+00 0.000000000000000000e+00 1.619990319013595581e-01 1.701671123504638672e+00 3.684834241867065430e-01 2.164470851421356201e-01 1.768344938755035400e-01 1.417092978954315186e-01 1.153803020715713501e-01 8.075955510139465332e-02 2.904737740755081177e-02 6.953575182706117630e-03 7.146243588067591190e-04 0.000000000000000000e+00 0.000000000000000000e+00 0.000000000000000000e+00 0.000000000000000000e+00 0.000000000000000000e+00 0.000000000000000000e+00 0.000000000000000000e+00 0.000000000000000000e+00 0.000000000000000000e+00 0.000000000000000000e+00 0.000000000000000000e+00 0.000000000000000000e+00 0.000000000000000000e+00 0.000000000000000000e+00 8.991188951767981052e-05 5.209051072597503662e-03 3.144113719463348389e-02 6.930804997682571411e-02 1.041097939014434814e-01 9.454293549060821533e-02 1.269742697477340698e-01 2.682923972606658936e-01 3.000324666500091553e-01 0.000000000000000000e+00 0.000000000000000000e+00 0.000000000000000000e+00 0.000000000000000000e+00 0.000000000000000000e+00 0.000000000000000000e+00 0.000000000000000000e+00 0.000000000000000000e+00 0.000000000000000000e+00 0.000000000000000000e+00 0.000000000000000000e+00 0.000000000000000000e+00 0.000000000000000000e+00 0.000000000000000000e+00 0.000000000000000000e+00
3.588714636862277985e-03 1.067553879693150520e-03 1.725004636682569981e-03 7.127909455448389053e-03 2.333570457994937897e-02 3.744797408580780029e-02 3.918124735355377197e-02 3.612104803323745728e-02 3.486226499080657959e-02 3.271379321813583374e-02 3.071622364223003387e-02 2.960048615932464600e-02 2.674638293683528900e-02 2.183508314192295074e-02 1.789497211575508118e-02 1.462742500007152557e-02 1.423552632331848145e-02 1.425598561763763428e-02 1.425089221447706223e-02 1.363419275730848312e-02 1.279210764914751053e-02 1.233649346977472305e-02 1.158209051936864853e-02 1.018752343952655792e-02 8.474960923194885254e-03 6.581856869161128998e-03 5.045494530349969864e-03 3.944955300539731979e-03 3.692847676575183868e-03 3.976938780397176743e-03 5.094513297080993652e-03 1.321832765825092793e-03 0.000000000000000000e+00 0.000000000000000000e+00 0.000000000000000000e+00 0.000000000000000000e+00 0.000000000000000000e+00 0.000000000000000000e+00 0.000000000000000000e+00 6.012505764374509454e-06 7.415423897327855229e-05 1.573272456880658865e-04 4.444243968464434147e-04 7.500600768253207207e-04 1.126342802308499813e-03 2.352242544293403625e-02 4.055981636047363281e-01 7.526500225067138672e-01 4.823427796363830566e-01 4.699269533157348633e-01 8.261258602142333984e-01 3.535754233598709106e-02 1.832812326028943062e-03 8.517716923961415887e-05 0.000000000000000000e+00 0.000000000000000000e+00 0.000000000000000000e+00 0.000000000000000000e+00 0.000000000000000000e+00 0.000000000000000000e+00 0.000000000000000000e+00 0.000000000000000000e+00 0.000000000000000000e+00 0.000000000000000000e+00 0.000000000000000000e+00 0.000000000000000000e+00 0.000000000000000000e+00 0.000000000000000000e+00 0.000000000000000000e+00 0.000000000000000000e+00 0.000000000000000000e+00 0.000000000000000000e+00 4.175351477897493169e-06 9.944016346707940102e-04 1.157824974507093430e-02 8.392906934022903442e-02 1.937673687934875488e-01 1.362478882074356079e-01 9.007936716079711914e-02 8.533683419227600098e-02 3.037294149398803711e-01 8.426310122013092041e-02 9.567901492118835449e-03 5.022112745791673660e-04 0.000000000000000000e+00 0.000000000000000000e+00 0.000000000000000000e+00 0.000000000000000000e+00 0.000000000000000000e+00 0.000000000000000000e+00 0.000000000000000000e+00 0.000000000000000000e+00 0.000000000000000000e+00 0.000000000000000000e+00 0.000000000000000000e+00 0.000000000000000000e+00
3.255052492022514343e-03 8.707786910235881805e-03 1.616331562399864197e-02 2.443691529333591461e-02 3.090623021125793457e-02 3.117363154888153076e-02 3.282427415251731873e-02 3.044439479708671570e-02 2.777264080941677094e-02 2.667629346251487732e-02 2.283567562699317932e-02 2.175337821245193481e-02 2.134185098111629486e-02 2.081520482897758484e-02 2.032980136573314667e-02 1.713321544229984283e-02 1.613204367458820343e-02 1.977324299514293671e-02 2.086097933351993561e-02 1.859259605407714844e-02 1.610938273370265961e-02 1.256608031690120697e-02 1.094081997871398926e-02 8.706880733370780945e-03 5.697928369045257568e-03 4.202743060886859894e-03 2.896099351346492767e-03 2.415682189166545868e-03 1.589455525390803814e-03 1.033350010402500629e-03 6.567211239598691463e-04 1.256336108781397343e-03 0.000000000000000000e+00 0.000000000000000000e+00 0.000000000000000000e+00 0.000000000000000000e+00 0.000000000000000000e+00 0.000000000000000000e+00 0.000000000000000000e+00 0.000000000000000000e+00 0.000000000000000000e+00 0.000000000000000000e+00 0.000000000000000000e+00 0.000000000000000000e+00 0.000000000000000000e+00 2.175473673560190946e-05 1.663965545594692230e-02 3.321812450885772705e-01 1.863878011703491211e+00 7.532795667648315430e-01 2.619270421564579010e-02 7.203537505120038986e-03 6.036939448677003384e-04 0.000000000000000000e+00 0.000000000000000000e+00 0.000000000000000000e+00 0.000000000000000000e+00 0.000000000000000000e+00 0.000000000000000000e+00 0.000000000000000000e+00 0.000000000000000000e+00 0.000000000000000000e+00 0.000000000000000000e+00 0.000000000000000000e+00 0.000000000000000000e+00 0.000000000000000000e+00 0.000000000000000000e+00 0.000000000000000000e+00 0.000000000000000000e+00 0.000000000000000000e+00 0.000000000000000000e+00 0.000000000000000000e+00 0.000000000000000000e+00 9.064473488251678646e-06 1.187446032417938113e-04 7.160934037528932095e-04 3.154436824843287468e-03 7.251851260662078857e-02 2.366697788238525391e-01 5.190136432647705078e-01 1.189802810549736023e-01 3.575662896037101746e-02 1.247090287506580353e-02 5.919101531617343426e-04 0.000000000000000000e+00 0.000000000000000000e+00 0.000000000000000000e+00 0.000000000000000000e+00 0.000000000000000000e+00 0.000000000000000000e+00 0.000000000000000000e+00 0.000000000000000000e+00 0.000000000000000000e+00 0.000000000000000000e+00 0.000000000000000000e+00 0.000000000000000000e+00
8.716311276657506824e-05 2.773021114990115166e-04 1.380725414492189884e-03 2.573625883087515831e-03 2.825859002768993378e-03 2.566683571785688400e-03 2.374616218730807304e-03 2.902994398027658463e-03 3.881072392687201500e-03 6.428086664527654648e-03 9.534718468785285950e-03 1.146464888006448746e-02 1.357044745236635208e-02 1.776199042797088623e-02 2.102713659405708313e-02 2.606331370770931244e-02 3.397548571228981018e-02 3.851452469825744629e-02 3.802432864904403687e-02 4.065541923046112061e-02 4.741480201482772827e-02 5.131863057613372803e-02 5.050215125083923340e-02 3.725837171077728271e-02 2.055815234780311584e-02 8.285509422421455383e-03 3.557103453204035759e-03 2.257755957543849945e-03 1.711636665277183056e-03 9.499236475676298141e-04 2.761450887192040682e-04 1.966955096577294171e-05 0.000000000000000000e+00 0.000000000000000000e+00 0.000000000000000000e+00 0.000000000000000000e+00 0.000000000000000000e+00 0.000000000000000000e+00 0.000000000000000000e+00 0.000000000000000000e+00 0.000000000000000000e+00 0.000000000000000000e+00 0.000000000000000000e+00 0.000000000000000000e+00 0.000000000000000000e+00 0.000000000000000000e+00 3.333873301744461060e-02 9.913222789764404297e-01 1.842365980148315430e+00 1.290970593690872192e-01 1.985467737540602684e-03 5.252927076071500778e-04 3.309112798888236284e-04 4.697551485151052475e-04 5.322349024936556816e-04 3.239691068301908672e-05 0.000000000000000000e+00 0.000000000000000000e+00 0.000000000000000000e+00 0.000000000000000000e+00 0.000000000000000000e+00 0.000000000000000000e+00 0.000000000000000000e+00 0.000000000000000000e+00 0.000000000000000000e+00 0.000000000000000000e+00 0.000000000000000000e+00 0.000000000000000000e+00 0.000000000000000000e+00 0.000000000000000000e+00 0.000000000000000000e+00 0.000000000000000000e+00 0.000000000000000000e+00 0.000000000000000000e+00 0.000000000000000000e+00 0.000000000000000000e+00 6.556517473654821515e-05 1.899075927212834358e-03 1.039477959275245667e-01 7.523842453956604004e-01 1.403758078813552856e-01 1.327501842752099037e-03 0.000000000000000000e+00 0.000000000000000000e+00 0.000000000000000000e+00 0.000000000000000000e+00 0.000000000000000000e+00 0.000000000000000000e+00 0.000000000000000000e+00 0.000000000000000000e+00 0.000000000000000000e+00 0.000000000000000000e+00 0.000000000000000000e+00 0.000000000000000000e+00 0.000000000000000000e+00 0.000000000000000000e+00
2.319109444215428084e-05 8.937055827118456364e-05 1.087153214029967785e-03 7.631566841155290604e-03 1.441015396267175674e-02 2.220801822841167450e-02 3.261629492044448853e-02 2.592198736965656281e-02 2.019039355218410492e-02 2.308022975921630859e-02 3.347606211900711060e-02 4.153468459844589233e-02 4.452633485198020935e-02 5.703029409050941467e-02 4.306416586041450500e-02 3.708595409989356995e-02 2.671161666512489319e-02 1.002534013241529465e-02 5.103172268718481064e-03 3.047649282962083817e-03 2.564595779404044151e-03 3.476401558145880699e-03 5.281347781419754028e-03 1.063113752752542496e-02 1.083929091691970825e-02 1.228675525635480881e-02 3.958323970437049866e-03 2.018190920352935791e-03 7.862346683396026492e-05 1.696909407655766699e-06 0.000000000000000000e+00 0.000000000000000000e+00 0.000000000000000000e+00 0.000000000000000000e+00 0.000000000000000000e+00 0.000000000000000000e+00 0.000000000000000000e+00 0.000000000000000000e+00 0.000000000000000000e+00 0.000000000000000000e+00 0.000000000000000000e+00 0.000000000000000000e+00 0.000000000000000000e+00 0.000000000000000000e+00 1.673152553848922253e-03 1.863206503912806511e-03 7.473188918083906174e-03 2.068294882774353027e-01 5.125989913940429688e-01 5.110819339752197266e-01 5.901817083358764648e-01 8.623149991035461426e-01 2.189488112926483154e-01 3.357844427227973938e-02 2.343431860208511353e-02 2.049527131021022797e-02 9.271912276744842529e-03 2.545363968238234520e-04 0.000000000000000000e+00 0.000000000000000000e+00 0.000000000000000000e+00 0.000000000000000000e+00 0.000000000000000000e+00 0.000000000000000000e+00 0.000000000000000000e+00 0.000000000000000000e+00 0.000000000000000000e+00 0.000000000000000000e+00 0.000000000000000000e+00 0.000000000000000000e+00 0.000000000000000000e+00 2.669804089237004519e-04 4.884836263954639435e-03 1.468618493527173996e-02 4.170211404561996460e-02 8.397891372442245483e-02 2.919272482395172119e-01 1.540657877922058105e-01 1.786721050739288330e-01 1.524390280246734619e-01 7.369337975978851318e-02 2.399429911747574806e-03 1.283994759432971478e-03 0.000000000000000000e+00 0.000000000000000000e+00 0.000000000000000000e+00 0.000000000000000000e+00 0.000000000000000000e+00 0.000000000000000000e+00 0.000000000000000000e+00 0.000000000000000000e+00 0.000000000000000000e+00 0.000000000000000000e+00 0.000000000000000000e+00 0.000000000000000000e+00 0.000000000000000000e+00
4.893289413303136826e-03 2.678178017958998680e-03 1.581791322678327560e-03 4.289552103728055954e-03 9.834878146648406982e-03 9.391734376549720764e-03 9.810124523937702179e-03 2.725993841886520386e-02 3.168473020195960999e-02 1.973616704344749451e-02 5.789235234260559082e-03 9.940532036125659943e-03 2.240589261054992676e-02 2.132942900061607361e-02 1.116551458835601807e-02 8.732453919947147369e-03 9.118242189288139343e-03 8.580915629863739014e-03 1.628460176289081573e-02 1.584025099873542786e-02 4.038095846772193909e-02 5.605578422546386719e-02 4.037190228700637817e-02 3.587285429239273071e-02 3.843994438648223877e-02 3.736589476466178894e-02 1.037220354191958904e-03 1.273885281989350915e-04 6.037371349520981312e-07 0.000000000000000000e+00 0.000000000000000000e+00 0.000000000000000000e+00 0.000000000000000000e+00 0.000000000000000000e+00 0.000000000000000000e+00 0.000000000000000000e+00 0.000000000000000000e+00 0.000000000000000000e+00 0.000000000000000000e+00 0.000000000000000000e+00 0.000000000000000000e+00 0.000000000000000000e+00 0.000000000000000000e+00 0.000000000000000000e+00 0.000000000000000000e+00 0.000000000000000000e+00 1.626105606555938721e-02 3.073009848594665527e-01 1.838194847106933594e+00 2.263398468494415283e-01 4.287245869636535645e-01 1.831786632537841797e-01 0.000000000000000000e+00 0.000000000000000000e+00 0.000000000000000000e+00 0.000000000000000000e+00 0.000000000000000000e+00 0.000000000000000000e+00 0.000000000000000000e+00 0.000000000000000000e+00 0.000000000000000000e+00 0.000000000000000000e+00 0.000000000000000000e+00 0.000000000000000000e+00 0.000000000000000000e+00 0.000000000000000000e+00 0.000000000000000000e+00 0.000000000000000000e+00 0.000000000000000000e+00 0.000000000000000000e+00 0.000000000000000000e+00 0.000000000000000000e+00 0.000000000000000000e+00 0.000000000000000000e+00 0.000000000000000000e+00 0.000000000000000000e+00 3.862710203975439072e-03 1.802964359521865845e-01 3.134035766124725342e-01 4.829800426959991455e-01 1.945723965764045715e-02 0.000000000000000000e+00 0.000000000000000000e+00 0.000000000000000000e+00 0.000000000000000000e+00 0.000000000000000000e+00 0.000000000000000000e+00 0.000000000000000000e+00 0.000000000000000000e+00 0.000000000000000000e+00 0.000000000000000000e+00 0.000000000000000000e+00 0.000000000000000000e+00 0.000000000000000000e+00 0.000000000000000000e+00 0.000000000000000000e+00
1.041231676936149597e-02 9.764957241714000702e-03 2.706095110625028610e-03 1.989926910027861595e-03 2.512717852368950844e-03 3.769867587834596634e-03 4.953858442604541779e-03 5.748326424509286880e-03 6.686740089207887650e-03 7.648089900612831116e-03 8.753780275583267212e-03 1.077534351497888565e-02 1.430319342762231827e-02 1.844992861151695251e-02 2.298974618315696716e-02 2.818562276661396027e-02 3.030288591980934143e-02 3.446820750832557678e-02 4.318679496645927429e-02 4.864643886685371399e-02 4.312826693058013916e-02 3.936828672885894775e-02 3.428234532475471497e-02 2.202562801539897919e-02 2.214466035366058350e-02 1.694641076028347015e-02 5.804876331239938736e-03 4.468635597731918097e-05 0.000000000000000000e+00 0.000000000000000000e+00 0.000000000000000000e+00 0.000000000000000000e+00 0.000000000000000000e+00 0.000000000000000000e+00 0.000000000000000000e+00 0.000000000000000000e+00 0.000000000000000000e+00 0.000000000000000000e+00 0.000000000000000000e+00 0.000000000000000000e+00 0.000000000000000000e+00 0.000000000000000000e+00 0.000000000000000000e+00 0.000000000000000000e+00 0.000000000000000000e+00 0.000000000000000000e+00 0.000000000000000000e+00 2.163927070796489716e-03 1.971290111541748047e+00 1.025684833526611328e+00 8.612998062744736671e-04 0.000000000000000000e+00 0.000000000000000000e+00 0.000000000000000000e+00 0.000000000000000000e+00 0.000000000000000000e+00 0.000000000000000000e+00 0.000000000000000000e+00 0.000000000000000000e+00 0.000000000000000000e+00 0.000000000000000000e+00 0.000000000000000000e+00 0.000000000000000000e+00 0.000000000000000000e+00 0.000000000000000000e+00 0.000000000000000000e+00 0.000000000000000000e+00 0.000000000000000000e+00 0.000000000000000000e+00 0.000000000000000000e+00 0.000000000000000000e+00 0.000000000000000000e+00 0.000000000000000000e+00 0.000000000000000000e+00 0.000000000000000000e+00 0.000000000000000000e+00 6.010908327880315483e-05 1.143654342740774155e-03 3.028113543987274170e-01 6.824476718902587891e-01 1.353719830513000488e-02 0.000000000000000000e+00 0.000000000000000000e+00 0.000000000000000000e+00 0.000000000000000000e+00 0.000000000000000000e+00 0.000000000000000000e+00 0.000000000000000000e+00 0.000000000000000000e+00 0.000000000000000000e+00 0.000000000000000000e+00 0.000000000000000000e+00 0.000000000000000000e+00 0.000000000000000000e+00 0.000000000000000000e+00 0.000000000000000000e+00
4.530226811766624451e-03 1.705288887023925781e-02 3.533482551574707031e-02 3.832756355404853821e-02 3.256478160619735718e-02 2.946892566978931427e-02 2.815292030572891235e-02 2.467055991291999817e-02 2.519219368696212769e-02 2.571025677025318146e-02 2.334583923220634460e-02 2.104556746780872345e-02 2.193797193467617035e-02 2.317984960973262787e-02 1.962257176637649536e-02 1.696695946156978607e-02 1.533113420009613037e-02 1.427092310041189194e-02 1.342656556516885757e-02 1.168435718864202499e-02 9.703358635306358337e-03 7.860756479203701019e-03 6.753887981176376343e-03 8.080968633294105530e-03 7.620030082762241364e-03 5.460453685373067856e-03 2.888774499297142029e-03 1.669107470661401749e-03 1.413918333128094673e-03 1.610166393220424652e-03 2.029833616688847542e-03 3.091860795393586159e-03 0.000000000000000000e+00 0.000000000000000000e+00 0.000000000000000000e+00 0.000000000000000000e+00 0.000000000000000000e+00 0.000000000000000000e+00 0.000000000000000000e+00 0.000000000000000000e+00 0.000000000000000000e+00 0.000000000000000000e+00 0.000000000000000000e+00 0.000000000000000000e+00 1.345706451684236526e-02 1.384966969490051270e-01 3.594219684600830078e-01 1.012902379035949707e+00 4.402820169925689697e-01 2.790542840957641602e-01 6.752234697341918945e-01 7.530190795660018921e-02 5.859485361725091934e-03 7.261725158969056793e-07 0.000000000000000000e+00 0.000000000000000000e+00 0.000000000000000000e+00 0.000000000000000000e+00 0.000000000000000000e+00 0.000000000000000000e+00 0.000000000000000000e+00 0.000000000000000000e+00 0.000000000000000000e+00 0.000000000000000000e+00 0.000000000000000000e+00 0.000000000000000000e+00 0.000000000000000000e+00 0.000000000000000000e+00 0.000000000000000000e+00 0.000000000000000000e+00 0.000000000000000000e+00 7.225415902212262154e-05 1.120363129302859306e-03 1.276732189580798149e-03 8.921271190047264099e-03 7.846317440271377563e-02 1.273275613784790039e-01 6.628453731536865234e-02 6.353767216205596924e-02 1.568917334079742432e-01 3.757130503654479980e-01 1.129666566848754883e-01 7.324901875108480453e-03 9.331315959570929408e-05 6.777609542041318491e-06 0.000000000000000000e+00 0.000000000000000000e+00 0.000000000000000000e+00 0.000000000000000000e+00 0.000000000000000000e+00 0.000000000000000000e+00 0.000000000000000000e+00 0.000000000000000000e+00 0.000000000000000000e+00 0.000000000000000000e+00 0.000000000000000000e+00
2.366396365687251091e-03 4.183628130704164505e-03 5.594089161604642868e-03 8.145642466843128204e-03 1.174108870327472687e-02 1.476514711976051331e-02 1.729610003530979156e-02 1.806875132024288177e-02 1.955431140959262848e-02 2.011371403932571411e-02 2.023251168429851532e-02 2.242835797369480133e-02 2.235494554042816162e-02 2.486180141568183899e-02 2.785689197480678558e-02 3.350978717207908630e-02 4.198110848665237427e-02 4.602034389972686768e-02 4.066434875130653381e-02 3.390812873840332031e-02 2.602611482143402100e-02 1.611411757767200470e-02 9.090340696275234222e-03 4.919135477393865585e-03 2.528455108404159546e-03 1.550546148791909218e-03 8.388230926357209682e-04 5.173273384571075439e-04 4.889233387075364590e-04 5.275652511045336723e-04 6.017277482897043228e-04 1.149831223301589489e-03 0.000000000000000000e+00 0.000000000000000000e+00 0.000000000000000000e+00 0.000000000000000000e+00 0.000000000000000000e+00 0.000000000000000000e+00 0.000000000000000000e+00 0.000000000000000000e+00 0.000000000000000000e+00 0.000000000000000000e+00 0.000000000000000000e+00 1.655547239352017641e-04 2.201316133141517639e-02 9.808480739593505859e-02 1.360028386116027832e-01 3.317907750606536865e-01 8.625071048736572266e-01 7.714145779609680176e-01 5.528160333633422852e-01 1.041032150387763977e-01 6.255796551704406738e-02 2.335258014500141144e-02 2.475230395793914795e-02 1.043893769383430481e-02 0.000000000000000000e+00 0.000000000000000000e+00 0.000000000000000000e+00 0.000000000000000000e+00 0.000000000000000000e+00 0.000000000000000000e+00 0.000000000000000000e+00 0.000000000000000000e+00 0.000000000000000000e+00 0.000000000000000000e+00 0.000000000000000000e+00 0.000000000000000000e+00 0.000000000000000000e+00 0.000000000000000000e+00 0.000000000000000000e+00 6.742047844454646111e-05 4.303673747926950455e-03 5.900914780795574188e-03 1.217963453382253647e-02 1.503052189946174622e-02 7.800786197185516357e-02 2.337522953748703003e-01 1.856823563575744629e-01 2.356521785259246826e-01 1.466970890760421753e-01 4.690492525696754456e-02 2.889404445886611938e-02 5.887305829674005508e-03 9.547488880343735218e-04 7.828266825526952744e-05 6.742047844454646111e-06 0.000000000000000000e+00 0.000000000000000000e+00 0.000000000000000000e+00 0.000000000000000000e+00 0.000000000000000000e+00 0.000000000000000000e+00 0.000000000000000000e+00 0.000000000000000000e+00 0.000000000000000000e+00
5.055450648069381714e-02 1.160814389586448669e-01 6.963940709829330444e-02 1.518697757273912430e-02 1.196438912302255630e-02 1.043574418872594833e-02 8.410228416323661804e-03 7.303363177925348282e-03 7.268255576491355896e-03 7.518885191529989243e-03 8.001127280294895172e-03 8.611122146248817444e-03 9.468333795666694641e-03 1.061518304049968719e-02 1.258462388068437576e-02 1.763573475182056427e-02 1.996015198528766632e-02 2.068912424147129059e-02 2.117039076983928680e-02 1.493244711309671402e-02 1.214577816426753998e-02 1.041916571557521820e-02 8.434609510004520416e-03 6.476383190602064133e-03 5.443145986646413803e-03 3.728723386302590370e-03 2.356112236157059669e-03 1.701257424429059029e-03 8.479469106532633305e-04 3.037785645574331284e-04 1.097113563446328044e-04 1.950424120877869427e-06 0.000000000000000000e+00 0.000000000000000000e+00 0.000000000000000000e+00 0.000000000000000000e+00 0.000000000000000000e+00 0.000000000000000000e+00 0.000000000000000000e+00 0.000000000000000000e+00 0.000000000000000000e+00 0.000000000000000000e+00 0.000000000000000000e+00 0.000000000000000000e+00 7.314090617001056671e-04 6.120430771261453629e-03 7.202916778624057770e-03 7.235098630189895630e-02 1.637308835983276367e+00 3.983985185623168945e-01 2.735703885555267334e-01 1.010778099298477173e-01 1.776475608348846436e-01 2.467569261789321899e-01 4.408641159534454346e-02 1.149774994701147079e-02 6.518317386507987976e-03 5.883454345166683197e-03 7.185362745076417923e-03 3.504911903291940689e-03 1.579843519721180201e-04 0.000000000000000000e+00 0.000000000000000000e+00 0.000000000000000000e+00 0.000000000000000000e+00 0.000000000000000000e+00 0.000000000000000000e+00 0.000000000000000000e+00 0.000000000000000000e+00 0.000000000000000000e+00 0.000000000000000000e+00 0.000000000000000000e+00 0.000000000000000000e+00 6.046314956620335579e-04 7.272058725357055664e-02 5.736002326011657715e-02 2.254202589392662048e-02 7.393960654735565186e-02 1.461111456155776978e-01 2.092005461454391479e-01 4.117306172847747803e-01 4.288982599973678589e-03 1.308734528720378876e-03 1.882159267552196980e-04 4.876060302194673568e-06 0.000000000000000000e+00 0.000000000000000000e+00 0.000000000000000000e+00 0.000000000000000000e+00 0.000000000000000000e+00 0.000000000000000000e+00 0.000000000000000000e+00 0.000000000000000000e+00 0.000000000000000000e+00 0.000000000000000000e+00 0.000000000000000000e+00
1.681160554289817810e-02 2.088620699942111969e-02 3.558097779750823975e-02 3.545002266764640808e-02 3.021578304469585419e-02 2.824383229017257690e-02 2.675264142453670502e-02 2.418818324804306030e-02 2.125331200659275055e-02 2.026005461812019348e-02 2.005780301988124847e-02 1.886801794171333313e-02 1.759523339569568634e-02 1.683819107711315155e-02 1.688868924975395203e-02 1.641403511166572571e-02 1.590306311845779419e-02 1.650587469339370728e-02 1.605996675789356232e-02 1.435933914035558701e-02 1.691508479416370392e-02 1.986172050237655640e-02 1.810296066105365753e-02 7.491569034755229950e-03 3.138012718409299850e-03 1.498123048804700375e-03 8.274498395621776581e-04 7.828654488548636436e-04 6.208735867403447628e-04 4.641605482902377844e-04 7.014560978859663010e-04 4.628885362762957811e-04 0.000000000000000000e+00 0.000000000000000000e+00 0.000000000000000000e+00 0.000000000000000000e+00 0.000000000000000000e+00 0.000000000000000000e+00 0.000000000000000000e+00 0.000000000000000000e+00 0.000000000000000000e+00 0.000000000000000000e+00 4.922722291667014360e-05 1.469947863370180130e-03 3.332186955958604813e-03 6.126689724624156952e-03 1.883990690112113953e-02 2.022296190261840820e-01 1.257968783378601074e+00 5.992803573608398438e-01 6.088666915893554688e-01 2.618586719036102295e-01 1.649417169392108917e-02 8.918903768062591553e-03 5.042546428740024567e-03 6.552563048899173737e-03 2.969660796225070953e-03 0.000000000000000000e+00 0.000000000000000000e+00 0.000000000000000000e+00 0.000000000000000000e+00 0.000000000000000000e+00 0.000000000000000000e+00 0.000000000000000000e+00 0.000000000000000000e+00 0.000000000000000000e+00 0.000000000000000000e+00 0.000000000000000000e+00 0.000000000000000000e+00 0.000000000000000000e+00 0.000000000000000000e+00 1.272021279419277562e-07 2.056858356809243560e-04 3.997072111815214157e-03 1.203497406095266342e-02 3.213316574692726135e-02 9.960816800594329834e-02 1.851265281438827515e-01 2.097822576761245728e-01 2.598046064376831055e-01 1.850625574588775635e-01 5.695220548659563065e-03 3.886533668264746666e-03 1.287031103856861591e-03 8.937221136875450611e-04 4.266359319444745779e-04 5.571452857111580670e-05 0.000000000000000000e+00 0.000000000000000000e+00 0.000000000000000000e+00 0.000000000000000000e+00 0.000000000000000000e+00 0.000000000000000000e+00 0.000000000000000000e+00 0.000000000000000000e+00 0.000000000000000000e+00
2.337497100234031677e-02 2.139755710959434509e-02 2.612925693392753601e-02 4.366676509380340576e-02 4.890800639986991882e-02 4.708774760365486145e-02 2.037604153156280518e-02 9.529016911983489990e-03 7.305336650460958481e-03 5.617931950837373734e-03 4.723599180579185486e-03 5.046012811362743378e-03 5.321441218256950378e-03 5.525582469999790192e-03 5.437283311039209366e-03 4.925310146063566208e-03 5.172385834157466888e-03 7.814879529178142548e-03 1.189770270138978958e-02 1.603075116872787476e-02 2.505751512944698334e-02 2.747480571269989014e-02 2.611953578889369965e-02 2.728848718106746674e-02 2.363176830112934113e-02 2.035659924149513245e-02 1.677278801798820496e-02 6.188231054693460464e-03 1.430608215741813183e-03 6.642688094871118665e-05 9.883024176815524697e-05 2.268234966322779655e-04 0.000000000000000000e+00 0.000000000000000000e+00 0.000000000000000000e+00 0.000000000000000000e+00 0.000000000000000000e+00 0.000000000000000000e+00 0.000000000000000000e+00 0.000000000000000000e+00 0.000000000000000000e+00 0.000000000000000000e+00 0.000000000000000000e+00 0.000000000000000000e+00 0.000000000000000000e+00 0.000000000000000000e+00 0.000000000000000000e+00 1.664722524583339691e-02 1.823476195335388184e+00 1.159876585006713867e+00 0.000000000000000000e+00 0.000000000000000000e+00 0.000000000000000000e+00 0.000000000000000000e+00 0.000000000000000000e+00 0.000000000000000000e+00 0.000000000000000000e+00 0.000000000000000000e+00 0.000000000000000000e+00 0.000000000000000000e+00 0.000000000000000000e+00 0.000000000000000000e+00 0.000000000000000000e+00 0.000000000000000000e+00 0.000000000000000000e+00 0.000000000000000000e+00 0.000000000000000000e+00 0.000000000000000000e+00 0.000000000000000000e+00 0.000000000000000000e+00 0.000000000000000000e+00 0.000000000000000000e+00 0.000000000000000000e+00 0.000000000000000000e+00 0.000000000000000000e+00 0.000000000000000000e+00 0.000000000000000000e+00 0.000000000000000000e+00 3.180713653564453125e-01 5.875328183174133301e-01 9.439583867788314819e-02 0.000000000000000000e+00 0.000000000000000000e+00 0.000000000000000000e+00 0.000000000000000000e+00 0.000000000000000000e+00 0.000000000000000000e+00 0.000000000000000000e+00 0.000000000000000000e+00 0.000000000000000000e+00 0.000000000000000000e+00 0.000000000000000000e+00 0.000000000000000000e+00 0.000000000000000000e+00 0.000000000000000000e+00 0.000000000000000000e+00
6.086427219997858629e-06 1.103164959204150364e-05 1.103164959204150364e-05 1.217285443999571726e-05 3.400791320018470287e-04 9.642803110182285309e-03 4.425821825861930847e-02 6.987751275300979614e-02 6.645046919584274292e-02 6.923805177211761475e-02 5.738854408264160156e-02 5.001255497336387634e-02 4.155432060360908508e-02 2.505021356046199799e-02 1.923615299165248871e-02 1.645922102034091949e-02 1.213139109313488007e-02 7.661290466785430908e-03 4.083992913365364075e-03 2.055690856650471687e-03 7.923767552711069584e-04 2.776932378765195608e-04 1.232501526828855276e-04 9.852404036791995168e-05 1.380858157062903047e-04 2.153073583031073213e-04 2.814972540363669395e-04 2.328058471903204918e-04 1.422702334821224213e-04 1.647139433771371841e-04 2.248174132546409965e-04 1.827830215916037560e-03 0.000000000000000000e+00 0.000000000000000000e+00 0.000000000000000000e+00 0.000000000000000000e+00 0.000000000000000000e+00 0.000000000000000000e+00 0.000000000000000000e+00 0.000000000000000000e+00 0.000000000000000000e+00 0.000000000000000000e+00 0.000000000000000000e+00 0.000000000000000000e+00 0.000000000000000000e+00 0.000000000000000000e+00 0.000000000000000000e+00 2.670419926289469004e-04 2.572036743164062500e+00 3.809000253677368164e-01 4.612522572278976440e-02 1.848752290243282914e-04 1.871576387202367187e-04 1.300973817706108093e-04 1.300973817706108093e-04 3.880097210640087724e-05 0.000000000000000000e+00 0.000000000000000000e+00 0.000000000000000000e+00 0.000000000000000000e+00 0.000000000000000000e+00 0.000000000000000000e+00 0.000000000000000000e+00 0.000000000000000000e+00 0.000000000000000000e+00 0.000000000000000000e+00 0.000000000000000000e+00 0.000000000000000000e+00 0.000000000000000000e+00 0.000000000000000000e+00 0.000000000000000000e+00 0.000000000000000000e+00 0.000000000000000000e+00 0.000000000000000000e+00 0.000000000000000000e+00 0.000000000000000000e+00 0.000000000000000000e+00 8.193852379918098450e-03 2.376749813556671143e-01 7.536990046501159668e-01 4.321363230701535940e-04 0.000000000000000000e+00 0.000000000000000000e+00 0.000000000000000000e+00 0.000000000000000000e+00 0.000000000000000000e+00 0.000000000000000000e+00 0.000000000000000000e+00 0.000000000000000000e+00 0.000000000000000000e+00 0.000000000000000000e+00 0.000000000000000000e+00 0.000000000000000000e+00 0.000000000000000000e+00 0.000000000000000000e+00 0.000000000000000000e+00
9.974777931347489357e-04 1.710769487544894218e-03 2.845458220690488815e-03 5.604067817330360413e-03 1.202420704066753387e-02 2.245840989053249359e-02 3.499034792184829712e-02 3.626995906233787537e-02 3.334844112396240234e-02 2.457927167415618896e-02 1.091161556541919708e-02 9.147400967776775360e-03 1.589489355683326721e-02 2.696478925645351410e-02 2.278576418757438660e-02 8.512221276760101318e-03 5.006917286664247513e-03 3.913340158760547638e-03 5.717639345675706863e-03 7.055832073092460632e-03 9.695217013359069824e-03 2.478894218802452087e-02 2.556852623820304871e-02 4.566711187362670898e-02 4.855933412909507751e-02 2.953325584530830383e-02 2.541384287178516388e-02 3.494512566248886287e-05 0.000000000000000000e+00 0.000000000000000000e+00 0.000000000000000000e+00 0.000000000000000000e+00 0.000000000000000000e+00 0.000000000000000000e+00 0.000000000000000000e+00 0.000000000000000000e+00 0.000000000000000000e+00 0.000000000000000000e+00 0.000000000000000000e+00 0.000000000000000000e+00 0.000000000000000000e+00 0.000000000000000000e+00 0.000000000000000000e+00 0.000000000000000000e+00 8.633501420263200998e-05 1.903070509433746338e-02 6.185287144035100937e-03 5.326870456337928772e-02 2.167240142822265625e+00 7.531651258468627930e-01 1.023686607368290424e-03 0.000000000000000000e+00 0.000000000000000000e+00 0.000000000000000000e+00 0.000000000000000000e+00 0.000000000000000000e+00 0.000000000000000000e+00 0.000000000000000000e+00 0.000000000000000000e+00 0.000000000000000000e+00 0.000000000000000000e+00 0.000000000000000000e+00 0.000000000000000000e+00 0.000000000000000000e+00 0.000000000000000000e+00 0.000000000000000000e+00 0.000000000000000000e+00 0.000000000000000000e+00 0.000000000000000000e+00 0.000000000000000000e+00 0.000000000000000000e+00 0.000000000000000000e+00 0.000000000000000000e+00 0.000000000000000000e+00 0.000000000000000000e+00 0.000000000000000000e+00 0.000000000000000000e+00 2.402991289272904396e-03 2.662839293479919434e-01 6.870499253273010254e-01 3.322767466306686401e-02 2.559216460213065147e-03 1.523196347989141941e-03 2.254988532513380051e-03 4.698063712567090988e-03 0.000000000000000000e+00 0.000000000000000000e+00 0.000000000000000000e+00 0.000000000000000000e+00 0.000000000000000000e+00 0.000000000000000000e+00 0.000000000000000000e+00 0.000000000000000000e+00 0.000000000000000000e+00 0.000000000000000000e+00 0.000000000000000000e+00
5.611344706267118454e-03 2.372188679873943329e-02 2.585695497691631317e-02 1.893321238458156586e-02 1.801561936736106873e-02 3.680856898427009583e-02 3.068577311933040619e-02 3.435756266117095947e-02 3.638306632637977600e-02 2.811481058597564697e-02 2.447749674320220947e-02 1.993911713361740112e-02 1.985883340239524841e-02 2.094549499452114105e-02 1.949236355721950531e-02 1.745930127799510956e-02 1.631833054125308990e-02 1.180073060095310211e-02 1.176861766725778580e-02 1.342056877911090851e-02 9.454563260078430176e-03 9.280300699174404144e-03 6.908159237354993820e-03 7.527287118136882782e-03 5.654792301356792450e-03 4.549713339656591415e-03 4.723975900560617447e-03 3.744517220184206963e-03 4.498237743973731995e-03 3.123972797766327858e-03 2.885011257603764534e-03 3.679818008095026016e-03 0.000000000000000000e+00 0.000000000000000000e+00 0.000000000000000000e+00 0.000000000000000000e+00 0.000000000000000000e+00 0.000000000000000000e+00 0.000000000000000000e+00 0.000000000000000000e+00 0.000000000000000000e+00 8.959638886153697968e-03 9.970360994338989258e-02 1.524300426244735718e-01 1.197763830423355103e-01 9.717893600463867188e-02 5.532279610633850098e-01 2.793015837669372559e-01 4.137358367443084717e-01 3.721423745155334473e-01 3.196936249732971191e-01 3.018282055854797363e-01 6.975030899047851562e-02 5.327896773815155029e-02 5.509242787957191467e-02 1.904702559113502502e-02 1.727606728672981262e-02 2.670323848724365234e-02 2.184655889868736267e-02 8.208751678466796875e-03 9.019143879413604736e-03 1.799294957891106606e-03 0.000000000000000000e+00 0.000000000000000000e+00 0.000000000000000000e+00 2.266828414576593786e-05 7.102728704921901226e-04 3.088553668931126595e-03 3.304846817627549171e-03 6.488796323537826538e-03 1.050391606986522675e-02 9.480064734816551208e-03 7.266129367053508759e-03 7.625043857842683792e-03 1.648739911615848541e-02 1.060573458671569824e-01 1.096219271421432495e-01 1.640239208936691284e-01 9.988307207822799683e-02 1.574425697326660156e-01 4.679206013679504395e-02 2.369496785104274750e-02 2.318020910024642944e-02 4.163691401481628418e-02 7.169789075851440430e-02 7.647806406021118164e-02 1.451336871832609177e-02 0.000000000000000000e+00 0.000000000000000000e+00 0.000000000000000000e+00 0.000000000000000000e+00 0.000000000000000000e+00 0.000000000000000000e+00 0.000000000000000000e+00 0.000000000000000000e+00 0.000000000000000000e+00
7.472780998796224594e-03 1.309573836624622345e-02 1.144822407513856888e-02 1.141737867146730423e-02 1.662482880055904388e-02 1.415219716727733612e-02 1.987268030643463135e-02 1.178026758134365082e-02 7.389316800981760025e-03 4.875406622886657715e-03 8.062020875513553619e-03 5.872442852705717087e-03 3.345831762999296188e-03 3.950041253119707108e-03 4.373713396489620209e-03 5.053222179412841797e-03 5.930051207542419434e-03 7.720452267676591873e-03 1.112026441842317581e-02 1.675637625157833099e-02 2.565440163016319275e-02 3.379353508353233337e-02 3.466401621699333191e-02 5.568523705005645752e-02 6.424804776906967163e-02 5.666549131274223328e-02 3.744737058877944946e-02 1.240625046193599701e-03 2.839602238964289427e-04 4.082495252077933401e-06 0.000000000000000000e+00 0.000000000000000000e+00 0.000000000000000000e+00 0.000000000000000000e+00 0.000000000000000000e+00 0.000000000000000000e+00 0.000000000000000000e+00 0.000000000000000000e+00 0.000000000000000000e+00 0.000000000000000000e+00 0.000000000000000000e+00 0.000000000000000000e+00 0.000000000000000000e+00 0.000000000000000000e+00 0.000000000000000000e+00 0.000000000000000000e+00 0.000000000000000000e+00 3.891978994943201542e-04 1.095937728881835938e+00 1.893189191818237305e+00 1.048384793102741241e-02 0.000000000000000000e+00 0.000000000000000000e+00 0.000000000000000000e+00 0.000000000000000000e+00 0.000000000000000000e+00 0.000000000000000000e+00 0.000000000000000000e+00 0.000000000000000000e+00 0.000000000000000000e+00 0.000000000000000000e+00 0.000000000000000000e+00 0.000000000000000000e+00 0.000000000000000000e+00 0.000000000000000000e+00 0.000000000000000000e+00 0.000000000000000000e+00 0.000000000000000000e+00 0.000000000000000000e+00 0.000000000000000000e+00 0.000000000000000000e+00 0.000000000000000000e+00 0.000000000000000000e+00 0.000000000000000000e+00 0.000000000000000000e+00 0.000000000000000000e+00 0.000000000000000000e+00 2.467641606926918030e-03 3.404728472232818604e-01 5.963283181190490723e-01 6.073120236396789551e-02 0.000000000000000000e+00 0.000000000000000000e+00 0.000000000000000000e+00 0.000000000000000000e+00 0.000000000000000000e+00 0.000000000000000000e+00 0.000000000000000000e+00 0.000000000000000000e+00 0.000000000000000000e+00 0.000000000000000000e+00 0.000000000000000000e+00 0.000000000000000000e+00 0.000000000000000000e+00 0.000000000000000000e+00 0.000000000000000000e+00
6.643960368819534779e-04 2.843454247340559959e-03 7.146006450057029724e-03 1.025097444653511047e-02 1.331848930567502975e-02 1.806293427944183350e-02 1.997703686356544495e-02 1.947531849145889282e-02 2.100088074803352356e-02 2.231656014919281006e-02 2.197948470711708069e-02 2.209659665822982788e-02 2.505445852875709534e-02 2.603511139750480652e-02 2.265256829559803009e-02 2.090401202440261841e-02 2.090171724557876587e-02 2.318575792014598846e-02 2.668975479900836945e-02 2.832275815308094025e-02 2.609231509268283844e-02 2.205365337431430817e-02 1.708621345460414886e-02 1.333504356443881989e-02 1.100912503898143768e-02 8.882353082299232483e-03 6.975707598030567169e-03 5.535868462175130844e-03 4.398519638925790787e-03 3.608734812587499619e-03 3.084806958213448524e-03 5.059391725808382034e-03 0.000000000000000000e+00 0.000000000000000000e+00 0.000000000000000000e+00 0.000000000000000000e+00 0.000000000000000000e+00 0.000000000000000000e+00 0.000000000000000000e+00 0.000000000000000000e+00 0.000000000000000000e+00 9.342685189039912075e-06 5.370076745748519897e-03 3.685393929481506348e-02 2.393905520439147949e-01 6.338633298873901367e-01 9.044750928878784180e-01 8.950847983360290527e-01 2.815162241458892822e-01 3.436632687225937843e-03 0.000000000000000000e+00 0.000000000000000000e+00 0.000000000000000000e+00 0.000000000000000000e+00 0.000000000000000000e+00 0.000000000000000000e+00 0.000000000000000000e+00 0.000000000000000000e+00 0.000000000000000000e+00 0.000000000000000000e+00 0.000000000000000000e+00 0.000000000000000000e+00 0.000000000000000000e+00 0.000000000000000000e+00 0.000000000000000000e+00 0.000000000000000000e+00 0.000000000000000000e+00 0.000000000000000000e+00 0.000000000000000000e+00 0.000000000000000000e+00 0.000000000000000000e+00 0.000000000000000000e+00 0.000000000000000000e+00 0.000000000000000000e+00 0.000000000000000000e+00 0.000000000000000000e+00 0.000000000000000000e+00 1.019336050376296043e-03 7.365969358943402767e-04 3.689426183700561523e-02 3.318185508251190186e-01 3.526837229728698730e-01 2.009268999099731445e-01 5.858322232961654663e-02 1.600516587495803833e-02 1.331086736172437668e-03 1.147347234109474812e-06 0.000000000000000000e+00 0.000000000000000000e+00 0.000000000000000000e+00 0.000000000000000000e+00 0.000000000000000000e+00 0.000000000000000000e+00 0.000000000000000000e+00 0.000000000000000000e+00 0.000000000000000000e+00
2.287749387323856354e-02 9.400723502039909363e-03 7.816865108907222748e-03 8.949522860348224640e-03 1.344798784703016281e-02 1.613318361341953278e-02 1.808528229594230652e-02 2.046742103993892670e-02 2.509625069797039032e-02 3.078832291066646576e-02 3.258550912141799927e-02 3.424894064664840698e-02 3.266423568129539490e-02 2.854332327842712402e-02 3.113116882741451263e-02 3.602242469787597656e-02 3.409741073846817017e-02 3.058177046477794647e-02 2.338033355772495270e-02 1.924079656600952148e-02 1.318894885480403900e-02 6.611404940485954285e-03 3.880496835336089134e-03 7.500262581743299961e-04 9.311837857239879668e-06 8.465307246297015809e-07 0.000000000000000000e+00 0.000000000000000000e+00 0.000000000000000000e+00 0.000000000000000000e+00 0.000000000000000000e+00 0.000000000000000000e+00 0.000000000000000000e+00 0.000000000000000000e+00 0.000000000000000000e+00 0.000000000000000000e+00 0.000000000000000000e+00 0.000000000000000000e+00 0.000000000000000000e+00 0.000000000000000000e+00 0.000000000000000000e+00 0.000000000000000000e+00 0.000000000000000000e+00 0.000000000000000000e+00 0.000000000000000000e+00 3.758596430998295546e-04 3.123698523268103600e-03 3.842402994632720947e-02 9.137604832649230957e-01 1.939293622970581055e+00 5.071057379245758057e-02 3.119635209441184998e-02 2.311536855995655060e-02 0.000000000000000000e+00 0.000000000000000000e+00 0.000000000000000000e+00 0.000000000000000000e+00 0.000000000000000000e+00 0.000000000000000000e+00 0.000000000000000000e+00 0.000000000000000000e+00 0.000000000000000000e+00 0.000000000000000000e+00 0.000000000000000000e+00 0.000000000000000000e+00 0.000000000000000000e+00 0.000000000000000000e+00 0.000000000000000000e+00 0.000000000000000000e+00 0.000000000000000000e+00 0.000000000000000000e+00 0.000000000000000000e+00 0.000000000000000000e+00 0.000000000000000000e+00 4.376564174890518188e-03 1.163133233785629272e-02 3.689181059598922729e-03 8.121616207063198090e-03 5.384054183959960938e-01 3.970957100391387939e-01 3.668017685413360596e-02 0.000000000000000000e+00 0.000000000000000000e+00 0.000000000000000000e+00 0.000000000000000000e+00 0.000000000000000000e+00 0.000000000000000000e+00 0.000000000000000000e+00 0.000000000000000000e+00 0.000000000000000000e+00 0.000000000000000000e+00 0.000000000000000000e+00 0.000000000000000000e+00 0.000000000000000000e+00 0.000000000000000000e+00 0.000000000000000000e+00
3.519154153764247894e-03 2.838107012212276459e-02 6.697735190391540527e-02 6.668934971094131470e-02 6.008205935359001160e-02 4.745729267597198486e-02 3.525565192103385925e-02 3.524381667375564575e-02 2.585217170417308807e-02 2.316151745617389679e-02 2.080127783119678497e-02 2.100149914622306824e-02 2.125596627593040466e-02 2.121552824974060059e-02 1.670020073652267456e-02 3.735156031325459480e-03 9.764468995854258537e-04 7.131021702662110329e-04 4.704698803834617138e-04 2.524953742977231741e-04 1.341381575912237167e-04 7.495956378988921642e-05 4.438394898897968233e-05 4.931549938191892579e-06 0.000000000000000000e+00 0.000000000000000000e+00 0.000000000000000000e+00 0.000000000000000000e+00 0.000000000000000000e+00 0.000000000000000000e+00 0.000000000000000000e+00 0.000000000000000000e+00 0.000000000000000000e+00 0.000000000000000000e+00 0.000000000000000000e+00 0.000000000000000000e+00 0.000000000000000000e+00 0.000000000000000000e+00 0.000000000000000000e+00 0.000000000000000000e+00 0.000000000000000000e+00 0.000000000000000000e+00 0.000000000000000000e+00 0.000000000000000000e+00 0.000000000000000000e+00 0.000000000000000000e+00 2.104095071554183960e-01 7.322641611099243164e-01 1.710326671600341797e+00 3.046100139617919922e-01 4.045449197292327881e-02 1.118475571274757385e-03 7.456503808498382568e-04 7.101432129275053740e-05 0.000000000000000000e+00 0.000000000000000000e+00 0.000000000000000000e+00 0.000000000000000000e+00 0.000000000000000000e+00 0.000000000000000000e+00 0.000000000000000000e+00 0.000000000000000000e+00 0.000000000000000000e+00 0.000000000000000000e+00 0.000000000000000000e+00 0.000000000000000000e+00 0.000000000000000000e+00 0.000000000000000000e+00 0.000000000000000000e+00 0.000000000000000000e+00 0.000000000000000000e+00 0.000000000000000000e+00 0.000000000000000000e+00 0.000000000000000000e+00 0.000000000000000000e+00 0.000000000000000000e+00 0.000000000000000000e+00 1.055351691320538521e-03 9.997238218784332275e-02 5.995048880577087402e-01 2.328283339738845825e-02 1.183690354228019714e-01 9.941215813159942627e-02 5.774647742509841919e-02 6.568824755959212780e-04 0.000000000000000000e+00 0.000000000000000000e+00 0.000000000000000000e+00 0.000000000000000000e+00 0.000000000000000000e+00 0.000000000000000000e+00 0.000000000000000000e+00 0.000000000000000000e+00 0.000000000000000000e+00 0.000000000000000000e+00 0.000000000000000000e+00
2.687964960932731628e-02 2.119979076087474823e-02 1.811798289418220520e-02 1.859621889889240265e-02 1.890440657734870911e-02 1.816977746784687042e-02 1.510736066848039627e-02 1.486146170645952225e-02 1.476333476603031158e-02 1.458346750587224960e-02 1.572293601930141449e-02 1.634642854332923889e-02 1.710934937000274658e-02 1.869164407253265381e-02 2.043515443801879883e-02 2.288064360618591309e-02 2.458236180245876312e-02 2.424269355833530426e-02 2.291936613619327545e-02 2.104232273995876312e-02 2.088393270969390869e-02 2.102127298712730408e-02 1.998048275709152222e-02 1.644345186650753021e-02 1.135137025266885757e-02 8.693058043718338013e-03 6.546978838741779327e-03 4.668093752115964890e-03 2.556012710556387901e-03 1.305529614910483360e-03 8.884769631549715996e-04 5.049922037869691849e-04 0.000000000000000000e+00 0.000000000000000000e+00 0.000000000000000000e+00 0.000000000000000000e+00 0.000000000000000000e+00 0.000000000000000000e+00 0.000000000000000000e+00 0.000000000000000000e+00 0.000000000000000000e+00 0.000000000000000000e+00 0.000000000000000000e+00 0.000000000000000000e+00 0.000000000000000000e+00 4.953452385962009430e-03 5.406196415424346924e-02 3.354282081127166748e-01 8.886433839797973633e-01 5.678932666778564453e-01 4.189465045928955078e-01 2.793172001838684082e-01 1.764372289180755615e-01 1.351641118526458740e-01 9.722102433443069458e-02 3.922553732991218567e-02 2.708142390474677086e-03 0.000000000000000000e+00 0.000000000000000000e+00 0.000000000000000000e+00 0.000000000000000000e+00 0.000000000000000000e+00 0.000000000000000000e+00 0.000000000000000000e+00 0.000000000000000000e+00 0.000000000000000000e+00 0.000000000000000000e+00 0.000000000000000000e+00 0.000000000000000000e+00 0.000000000000000000e+00 0.000000000000000000e+00 0.000000000000000000e+00 1.346400385955348611e-04 4.746644292026758194e-03 9.740107692778110504e-03 1.950451731681823730e-02 1.089284494519233704e-01 2.180108129978179932e-01 1.731830388307571411e-01 2.598533034324645996e-01 1.790637522935867310e-01 1.340852677822113037e-02 1.193534210324287415e-02 1.490859198383986950e-03 0.000000000000000000e+00 0.000000000000000000e+00 0.000000000000000000e+00 0.000000000000000000e+00 0.000000000000000000e+00 0.000000000000000000e+00 0.000000000000000000e+00 0.000000000000000000e+00 0.000000000000000000e+00 0.000000000000000000e+00 0.000000000000000000e+00 0.000000000000000000e+00
1.425414159893989563e-02 1.572294160723686218e-02 1.480889879167079926e-02 1.813555322587490082e-02 2.287718653678894043e-02 2.624899521470069885e-02 2.926906198263168335e-02 3.239523619413375854e-02 3.134655579924583435e-02 3.308645635843276978e-02 3.498203679919242859e-02 3.238150104880332947e-02 2.816768363118171692e-02 2.696238085627555847e-02 2.179520204663276672e-02 1.898493058979511261e-02 1.691285893321037292e-02 1.660969108343124390e-02 1.768460310995578766e-02 1.574817113578319550e-02 1.215837430208921432e-02 8.050781674683094025e-03 4.197606351226568222e-03 2.820234512910246849e-03 2.066941931843757629e-03 1.192452851682901382e-03 5.801632069051265717e-04 2.112685324391350150e-04 7.504041423089802265e-05 4.721710138255730271e-05 7.215197547338902950e-05 1.536766358185559511e-04 0.000000000000000000e+00 0.000000000000000000e+00 0.000000000000000000e+00 0.000000000000000000e+00 0.000000000000000000e+00 0.000000000000000000e+00 0.000000000000000000e+00 0.000000000000000000e+00 0.000000000000000000e+00 0.000000000000000000e+00 0.000000000000000000e+00 0.000000000000000000e+00 1.856852322816848755e-04 3.239765297621488571e-03 4.159844294190406799e-02 4.173174798488616943e-01 9.256656169891357422e-01 4.937624931335449219e-01 4.686349034309387207e-01 3.404141068458557129e-01 2.162748575210571289e-01 7.702753692865371704e-02 1.528808474540710449e-02 5.857042851857841015e-04 5.305292688717599958e-06 0.000000000000000000e+00 0.000000000000000000e+00 0.000000000000000000e+00 0.000000000000000000e+00 0.000000000000000000e+00 0.000000000000000000e+00 0.000000000000000000e+00 0.000000000000000000e+00 0.000000000000000000e+00 0.000000000000000000e+00 0.000000000000000000e+00 0.000000000000000000e+00 0.000000000000000000e+00 0.000000000000000000e+00 2.004221641982439905e-06 1.208427711389958858e-04 1.005058176815509796e-03 3.112320322543382645e-03 4.514249786734580994e-02 1.232426539063453674e-01 1.792441457509994507e-01 2.178357839584350586e-01 3.290026485919952393e-01 9.245309233665466309e-02 8.675567805767059326e-03 1.634030049899592996e-04 0.000000000000000000e+00 0.000000000000000000e+00 0.000000000000000000e+00 0.000000000000000000e+00 0.000000000000000000e+00 0.000000000000000000e+00 0.000000000000000000e+00 0.000000000000000000e+00 0.000000000000000000e+00 0.000000000000000000e+00 0.000000000000000000e+00 0.000000000000000000e+00 0.000000000000000000e+00
5.246490985155105591e-02 5.059316381812095642e-02 3.525278344750404358e-02 3.122391924262046814e-02 2.716143056750297546e-02 1.986153796315193176e-02 1.225385349243879318e-02 7.135220803320407867e-03 2.089009154587984085e-03 3.741766267921775579e-04 2.620960876811295748e-04 4.302169254515320063e-04 8.949201437644660473e-04 3.196020377799868584e-03 8.011173456907272339e-03 4.468565806746482849e-03 2.710625296458601952e-03 2.194192493334412575e-03 6.683450192213058472e-03 1.800186187028884888e-02 2.789598889648914337e-02 3.510707989335060120e-02 4.418819025158882141e-02 4.032054916024208069e-02 3.611752763390541077e-02 2.324809506535530090e-02 6.466186139732599258e-03 1.171672949567437172e-03 2.034693316090852022e-04 1.810532194213010371e-05 0.000000000000000000e+00 0.000000000000000000e+00 0.000000000000000000e+00 0.000000000000000000e+00 0.000000000000000000e+00 0.000000000000000000e+00 0.000000000000000000e+00 0.000000000000000000e+00 0.000000000000000000e+00 0.000000000000000000e+00 0.000000000000000000e+00 0.000000000000000000e+00 0.000000000000000000e+00 0.000000000000000000e+00 0.000000000000000000e+00 0.000000000000000000e+00 0.000000000000000000e+00 3.274476621299982071e-03 1.495303034782409668e+00 1.440345525741577148e+00 6.107700616121292114e-02 0.000000000000000000e+00 0.000000000000000000e+00 0.000000000000000000e+00 0.000000000000000000e+00 0.000000000000000000e+00 0.000000000000000000e+00 0.000000000000000000e+00 0.000000000000000000e+00 0.000000000000000000e+00 0.000000000000000000e+00 0.000000000000000000e+00 0.000000000000000000e+00 0.000000000000000000e+00 0.000000000000000000e+00 0.000000000000000000e+00 0.000000000000000000e+00 0.000000000000000000e+00 0.000000000000000000e+00 0.000000000000000000e+00 0.000000000000000000e+00 0.000000000000000000e+00 0.000000000000000000e+00 0.000000000000000000e+00 0.000000000000000000e+00 0.000000000000000000e+00 0.000000000000000000e+00 1.042866520583629608e-02 2.744732201099395752e-01 3.701796829700469971e-01 3.449184298515319824e-01 0.000000000000000000e+00 0.000000000000000000e+00 0.000000000000000000e+00 0.000000000000000000e+00 0.000000000000000000e+00 0.000000000000000000e+00 0.000000000000000000e+00 0.000000000000000000e+00 0.000000000000000000e+00 0.000000000000000000e+00 0.000000000000000000e+00 0.000000000000000000e+00 0.000000000000000000e+00 0.000000000000000000e+00 0.000000000000000000e+00
6.409832742065191269e-03 6.973720621317625046e-03 1.068925391882658005e-02 1.599080860614776611e-02 2.172558009624481201e-02 2.556500770151615143e-02 2.839599177241325378e-02 3.302815556526184082e-02 3.329931199550628662e-02 2.979769185185432434e-02 2.539617381989955902e-02 2.070572786033153534e-02 1.839175634086132050e-02 1.796966977417469025e-02 1.851087994873523712e-02 1.816657371819019318e-02 1.897631585597991943e-02 2.123255841434001923e-02 2.276001870632171631e-02 2.144875191152095795e-02 1.951911672949790955e-02 1.780021190643310547e-02 1.455557718873023987e-02 1.184890232980251312e-02 9.083874523639678955e-03 4.941484425216913223e-03 1.556084025651216507e-03 8.297224994748830795e-04 6.217560730874538422e-04 4.923301166854798794e-04 9.735982166603207588e-04 2.343563362956047058e-03 0.000000000000000000e+00 0.000000000000000000e+00 0.000000000000000000e+00 0.000000000000000000e+00 0.000000000000000000e+00 0.000000000000000000e+00 0.000000000000000000e+00 0.000000000000000000e+00 0.000000000000000000e+00 0.000000000000000000e+00 0.000000000000000000e+00 0.000000000000000000e+00 4.023818837595172226e-05 1.596833765506744385e-02 5.359485745429992676e-01 1.022225379943847656e+00 7.477541565895080566e-01 2.635991275310516357e-01 1.334335654973983765e-01 2.169651389122009277e-01 6.236172467470169067e-02 1.596253132447600365e-03 1.074401079677045345e-04 0.000000000000000000e+00 0.000000000000000000e+00 0.000000000000000000e+00 0.000000000000000000e+00 0.000000000000000000e+00 0.000000000000000000e+00 0.000000000000000000e+00 0.000000000000000000e+00 0.000000000000000000e+00 0.000000000000000000e+00 0.000000000000000000e+00 0.000000000000000000e+00 0.000000000000000000e+00 0.000000000000000000e+00 0.000000000000000000e+00 6.913778065609221812e-07 3.691957317641936243e-05 3.266068815719336271e-04 4.366603679955005646e-03 2.534010261297225952e-02 3.932404890656471252e-02 3.973320499062538147e-02 4.909667372703552246e-02 1.364442408084869385e-01 2.176306545734405518e-01 3.356928229331970215e-01 1.469605118036270142e-01 5.035442765802145004e-03 1.147687180491629988e-05 0.000000000000000000e+00 0.000000000000000000e+00 0.000000000000000000e+00 0.000000000000000000e+00 0.000000000000000000e+00 0.000000000000000000e+00 0.000000000000000000e+00 0.000000000000000000e+00 0.000000000000000000e+00 0.000000000000000000e+00 0.000000000000000000e+00 0.000000000000000000e+00
1.642219576751813293e-04 1.921063405461609364e-03 6.921913940459489822e-03 1.696821302175521851e-02 2.030641958117485046e-02 2.244422212243080139e-02 2.122381143271923065e-02 2.034476585686206818e-02 2.178900316357612610e-02 2.289187349379062653e-02 2.360586449503898621e-02 2.190570905804634094e-02 2.025640383362770081e-02 1.956075243651866913e-02 1.963452622294425964e-02 1.998464390635490417e-02 1.970371603965759277e-02 1.898013986647129059e-02 1.997339166700839996e-02 2.298357151448726654e-02 2.780561149120330811e-02 2.667189575731754303e-02 2.261344715952873230e-02 1.919021084904670715e-02 1.737626641988754272e-02 1.574946939945220947e-02 8.119400590658187866e-03 5.047532613389194012e-04 7.294122042367234826e-05 5.585213511949405074e-05 8.794627501629292965e-05 1.879799528978765011e-04 0.000000000000000000e+00 0.000000000000000000e+00 0.000000000000000000e+00 0.000000000000000000e+00 0.000000000000000000e+00 0.000000000000000000e+00 0.000000000000000000e+00 0.000000000000000000e+00 0.000000000000000000e+00 0.000000000000000000e+00 0.000000000000000000e+00 0.000000000000000000e+00 0.000000000000000000e+00 0.000000000000000000e+00 0.000000000000000000e+00 4.751599772134795785e-05 1.267241716384887695e+00 1.732710838317871094e+00 0.000000000000000000e+00 0.000000000000000000e+00 0.000000000000000000e+00 0.000000000000000000e+00 0.000000000000000000e+00 0.000000000000000000e+00 0.000000000000000000e+00 0.000000000000000000e+00 0.000000000000000000e+00 0.000000000000000000e+00 0.000000000000000000e+00 0.000000000000000000e+00 0.000000000000000000e+00 0.000000000000000000e+00 0.000000000000000000e+00 0.000000000000000000e+00 0.000000000000000000e+00 0.000000000000000000e+00 0.000000000000000000e+00 0.000000000000000000e+00 0.000000000000000000e+00 0.000000000000000000e+00 0.000000000000000000e+00 0.000000000000000000e+00 0.000000000000000000e+00 0.000000000000000000e+00 0.000000000000000000e+00 5.721926223486661911e-03 7.532644271850585938e-01 2.410086393356323242e-01 5.001683803129708394e-06 0.000000000000000000e+00 0.000000000000000000e+00 0.000000000000000000e+00 0.000000000000000000e+00 0.000000000000000000e+00 0.000000000000000000e+00 0.000000000000000000e+00 0.000000000000000000e+00 0.000000000000000000e+00 0.000000000000000000e+00 0.000000000000000000e+00 0.000000000000000000e+00 0.000000000000000000e+00 0.000000000000000000e+00 0.000000000000000000e+00
1.980433054268360138e-02 3.084101527929306030e-02 2.709225565195083618e-02 2.072591893374919891e-02 2.638301067054271698e-02 2.341375313699245453e-02 1.916220225393772125e-02 2.297454699873924255e-02 2.910774014890193939e-02 3.098506294190883636e-02 2.725749835371971130e-02 2.262208238244056702e-02 1.797764003276824951e-02 1.541501283645629883e-02 1.429128739982843399e-02 1.556808780878782272e-02 1.279704365879297256e-02 1.427244767546653748e-02 1.848200149834156036e-02 1.735631376504898071e-02 1.440275739878416061e-02 1.052447315305471420e-02 7.883738726377487183e-03 5.283824168145656586e-03 5.244574043899774551e-03 9.332845918834209442e-03 1.321113016456365585e-02 7.538339123129844666e-03 4.906239701085723937e-05 0.000000000000000000e+00 0.000000000000000000e+00 0.000000000000000000e+00 0.000000000000000000e+00 0.000000000000000000e+00 0.000000000000000000e+00 0.000000000000000000e+00 0.000000000000000000e+00 0.000000000000000000e+00 0.000000000000000000e+00 0.000000000000000000e+00 0.000000000000000000e+00 0.000000000000000000e+00 0.000000000000000000e+00 4.003491631010547280e-05 2.880865335464477539e-02 7.241610437631607056e-03 2.053555799648165703e-03 5.362323950976133347e-03 1.111915588378906250e+00 1.024528861045837402e+00 4.399719536304473877e-01 3.618614971637725830e-01 1.657916605472564697e-02 1.292892266064882278e-03 3.438292769715189934e-04 0.000000000000000000e+00 0.000000000000000000e+00 0.000000000000000000e+00 0.000000000000000000e+00 0.000000000000000000e+00 0.000000000000000000e+00 0.000000000000000000e+00 0.000000000000000000e+00 0.000000000000000000e+00 0.000000000000000000e+00 0.000000000000000000e+00 0.000000000000000000e+00 0.000000000000000000e+00 0.000000000000000000e+00 0.000000000000000000e+00 0.000000000000000000e+00 0.000000000000000000e+00 0.000000000000000000e+00 6.750985630787909031e-05 1.237785443663597107e-02 5.841800943017005920e-02 6.561566144227981567e-02 2.490807622671127319e-01 3.256031870841979980e-01 2.850753068923950195e-01 3.761712228879332542e-03 0.000000000000000000e+00 0.000000000000000000e+00 0.000000000000000000e+00 0.000000000000000000e+00 0.000000000000000000e+00 0.000000000000000000e+00 0.000000000000000000e+00 0.000000000000000000e+00 0.000000000000000000e+00 0.000000000000000000e+00 0.000000000000000000e+00 0.000000000000000000e+00 0.000000000000000000e+00 0.000000000000000000e+00 0.000000000000000000e+00
3.030659072101116180e-02 3.572392463684082031e-02 1.988837309181690216e-02 1.582857221364974976e-02 1.507826428860425949e-02 1.441985554993152618e-02 1.492238696664571762e-02 1.889610663056373596e-02 1.641485840082168579e-02 1.313909888267517090e-02 1.343689486384391785e-02 1.932069845497608185e-02 2.942716144025325775e-02 3.825868293642997742e-02 5.131286382675170898e-02 5.867866799235343933e-02 3.372775763273239136e-02 1.347295660525560379e-02 1.037982944399118423e-02 1.067762635648250580e-02 1.083932071924209595e-02 8.465092629194259644e-03 4.548373166471719742e-03 2.077594632282853127e-03 7.154091144911944866e-04 4.304087269701994956e-05 0.000000000000000000e+00 0.000000000000000000e+00 0.000000000000000000e+00 0.000000000000000000e+00 0.000000000000000000e+00 0.000000000000000000e+00 0.000000000000000000e+00 0.000000000000000000e+00 0.000000000000000000e+00 0.000000000000000000e+00 0.000000000000000000e+00 0.000000000000000000e+00 0.000000000000000000e+00 0.000000000000000000e+00 0.000000000000000000e+00 0.000000000000000000e+00 0.000000000000000000e+00 0.000000000000000000e+00 1.081838156096637249e-03 2.427505329251289368e-02 7.347984313964843750e-01 7.716926336288452148e-01 6.760162115097045898e-01 2.861147820949554443e-01 1.895589828491210938e-01 1.373306363821029663e-01 5.617880821228027344e-02 1.805622689425945282e-02 8.759398944675922394e-03 7.230866700410842896e-03 7.328581064939498901e-03 8.152173832058906555e-03 1.038564555346965790e-02 1.770724728703498840e-02 2.990061044692993164e-02 1.423838641494512558e-02 1.193511765450239182e-03 0.000000000000000000e+00 0.000000000000000000e+00 0.000000000000000000e+00 0.000000000000000000e+00 0.000000000000000000e+00 0.000000000000000000e+00 0.000000000000000000e+00 0.000000000000000000e+00 0.000000000000000000e+00 9.073481487575918436e-05 5.723272915929555893e-04 2.889554714784026146e-03 2.004774101078510284e-02 7.843443006277084351e-02 6.789523363113403320e-02 8.334341645240783691e-02 2.342959046363830566e-01 2.832089364528656006e-01 1.864739954471588135e-01 4.172405600547790527e-02 1.023674849420785904e-03 0.000000000000000000e+00 0.000000000000000000e+00 0.000000000000000000e+00 0.000000000000000000e+00 0.000000000000000000e+00 0.000000000000000000e+00 0.000000000000000000e+00 0.000000000000000000e+00 0.000000000000000000e+00 0.000000000000000000e+00 0.000000000000000000e+00 0.000000000000000000e+00
1.143972761929035187e-02 1.719405688345432281e-02 2.091014012694358826e-02 2.904464118182659149e-02 3.612349182367324829e-02 3.814162686467170715e-02 4.277602210640907288e-02 4.284565150737762451e-02 4.001602903008460999e-02 3.565404564142227173e-02 3.085371665656566620e-02 2.670405060052871704e-02 2.264900505542755127e-02 1.944357343018054962e-02 1.563629694283008575e-02 1.131755672395229340e-02 8.861885406076908112e-03 7.977981120347976685e-03 7.401130162179470062e-03 6.737155839800834656e-03 6.310140714049339294e-03 5.572759546339511871e-03 4.367155022919178009e-03 3.341435454785823822e-03 2.360991900786757469e-03 1.581821590662002563e-03 1.159165520220994949e-03 8.718152530491352081e-04 6.963479099795222282e-04 5.555787938646972179e-04 6.273582694120705128e-04 8.276432636193931103e-04 0.000000000000000000e+00 0.000000000000000000e+00 0.000000000000000000e+00 0.000000000000000000e+00 0.000000000000000000e+00 0.000000000000000000e+00 0.000000000000000000e+00 0.000000000000000000e+00 0.000000000000000000e+00 0.000000000000000000e+00 0.000000000000000000e+00 5.823725950904190540e-05 2.236380474641919136e-03 2.745974063873291016e-02 1.222640722990036011e-01 4.739190936088562012e-01 1.031211972236633301e+00 3.973584175109863281e-01 3.758245706558227539e-01 5.046485066413879395e-01 6.459941715002059937e-02 4.195174842607229948e-04 0.000000000000000000e+00 0.000000000000000000e+00 0.000000000000000000e+00 0.000000000000000000e+00 0.000000000000000000e+00 0.000000000000000000e+00 0.000000000000000000e+00 0.000000000000000000e+00 0.000000000000000000e+00 0.000000000000000000e+00 0.000000000000000000e+00 0.000000000000000000e+00 0.000000000000000000e+00 0.000000000000000000e+00 0.000000000000000000e+00 3.487261039936129237e-07 3.952229235437698662e-06 2.350413997191935778e-04 4.314207006245851517e-03 2.146502211689949036e-02 6.044574081897735596e-02 8.607106655836105347e-02 8.063837885856628418e-02 3.863094747066497803e-02 1.315671503543853760e-01 4.212983250617980957e-01 1.506789624691009521e-01 4.504495300352573395e-03 1.434426667401567101e-04 2.906050895035150461e-06 0.000000000000000000e+00 0.000000000000000000e+00 0.000000000000000000e+00 0.000000000000000000e+00 0.000000000000000000e+00 0.000000000000000000e+00 0.000000000000000000e+00 0.000000000000000000e+00 0.000000000000000000e+00 0.000000000000000000e+00 0.000000000000000000e+00 0.000000000000000000e+00
5.127393640577793121e-03 2.281312271952629089e-02 2.419560402631759644e-02 3.012014366686344147e-02 6.335460394620895386e-02 5.868027359247207642e-02 2.491980232298374176e-02 1.525825913995504379e-02 1.240892615169286728e-02 9.462037123739719391e-03 1.040859147906303406e-02 1.165616419166326523e-02 1.463425345718860626e-02 1.634587533771991730e-02 1.563529856503009796e-02 1.524200011044740677e-02 1.391225215047597885e-02 1.318585686385631561e-02 1.380854472517967224e-02 1.777142100036144257e-02 2.150446921586990356e-02 2.616781368851661682e-02 2.898155152797698975e-02 1.210131775587797165e-02 3.475975827313959599e-04 3.497947764117270708e-04 6.046703783795237541e-04 8.617431740276515484e-04 2.109315209963824600e-05 1.581986361998133361e-05 2.241147558379452676e-05 8.129652269417420030e-05 0.000000000000000000e+00 0.000000000000000000e+00 0.000000000000000000e+00 0.000000000000000000e+00 0.000000000000000000e+00 0.000000000000000000e+00 0.000000000000000000e+00 0.000000000000000000e+00 0.000000000000000000e+00 0.000000000000000000e+00 0.000000000000000000e+00 0.000000000000000000e+00 0.000000000000000000e+00 0.000000000000000000e+00 2.267513918923214078e-04 3.825506940484046936e-02 1.044171690940856934e+00 8.240935802459716797e-01 3.002742230892181396e-01 2.492656856775283813e-01 2.854879200458526611e-01 2.564663589000701904e-01 1.758641679771244526e-03 0.000000000000000000e+00 0.000000000000000000e+00 0.000000000000000000e+00 0.000000000000000000e+00 0.000000000000000000e+00 0.000000000000000000e+00 0.000000000000000000e+00 0.000000000000000000e+00 0.000000000000000000e+00 0.000000000000000000e+00 0.000000000000000000e+00 0.000000000000000000e+00 0.000000000000000000e+00 0.000000000000000000e+00 0.000000000000000000e+00 0.000000000000000000e+00 0.000000000000000000e+00 0.000000000000000000e+00 0.000000000000000000e+00 1.476520701544359326e-04 5.358012393116950989e-02 6.865645200014114380e-02 7.768519967794418335e-02 4.684543013572692871e-01 3.209744989871978760e-01 1.050175353884696960e-02 0.000000000000000000e+00 0.000000000000000000e+00 0.000000000000000000e+00 0.000000000000000000e+00 0.000000000000000000e+00 0.000000000000000000e+00 0.000000000000000000e+00 0.000000000000000000e+00 0.000000000000000000e+00 0.000000000000000000e+00 0.000000000000000000e+00 0.000000000000000000e+00 0.000000000000000000e+00 0.000000000000000000e+00 0.000000000000000000e+00
1.446119602769613266e-02 1.079756487160921097e-02 6.862412206828594208e-03 4.826475400477647781e-03 3.669867292046546936e-03 3.324468154460191727e-03 4.164939746260643005e-03 4.980945494025945663e-03 4.911865573376417160e-03 4.679680336266756058e-03 4.859576001763343811e-03 5.680378992110490799e-03 7.471178192645311356e-03 1.349407806992530823e-02 8.666164241731166840e-03 6.005629897117614746e-03 7.764767855405807495e-03 1.521771680563688278e-02 3.552047908306121826e-02 7.395382225513458252e-02 5.697073414921760559e-02 5.049593746662139893e-02 4.966505989432334900e-02 3.035771846771240234e-02 3.464018926024436951e-02 2.911859937012195587e-02 6.856655236333608627e-03 5.382472299970686436e-04 4.365463246358558536e-05 0.000000000000000000e+00 0.000000000000000000e+00 0.000000000000000000e+00 0.000000000000000000e+00 0.000000000000000000e+00 0.000000000000000000e+00 0.000000000000000000e+00 0.000000000000000000e+00 0.000000000000000000e+00 0.000000000000000000e+00 0.000000000000000000e+00 0.000000000000000000e+00 0.000000000000000000e+00 0.000000000000000000e+00 0.000000000000000000e+00 5.180988955544307828e-05 9.469697251915931702e-04 4.064198583364486694e-03 2.463560365140438080e-02 7.515053749084472656e-01 8.299397230148315430e-01 1.369323968887329102e+00 9.648153558373451233e-03 5.002533085644245148e-03 3.848323831334710121e-03 9.728746954351663589e-04 6.044487236067652702e-05 0.000000000000000000e+00 0.000000000000000000e+00 0.000000000000000000e+00 0.000000000000000000e+00 0.000000000000000000e+00 0.000000000000000000e+00 0.000000000000000000e+00 0.000000000000000000e+00 0.000000000000000000e+00 0.000000000000000000e+00 0.000000000000000000e+00 0.000000000000000000e+00 0.000000000000000000e+00 0.000000000000000000e+00 0.000000000000000000e+00 0.000000000000000000e+00 9.594424454917316325e-07 3.425209433771669865e-04 1.056346110999584198e-03 1.610903884284198284e-03 1.007702387869358063e-02 4.656395018100738525e-01 3.771520256996154785e-01 1.158593893051147461e-01 2.752160653471946716e-02 1.631052145967260003e-04 2.494550426490604877e-04 3.271698660682886839e-04 0.000000000000000000e+00 0.000000000000000000e+00 0.000000000000000000e+00 0.000000000000000000e+00 0.000000000000000000e+00 0.000000000000000000e+00 0.000000000000000000e+00 0.000000000000000000e+00 0.000000000000000000e+00 0.000000000000000000e+00 0.000000000000000000e+00 0.000000000000000000e+00
5.571119952946901321e-03 6.269515026360750198e-03 1.005822420120239258e-02 1.957176625728607178e-02 3.485959768295288086e-02 4.436378553509712219e-02 3.636532649397850037e-02 2.690792083740234375e-02 2.748869173228740692e-02 3.072069026529788971e-02 3.199383988976478577e-02 3.326565399765968323e-02 3.562081605195999146e-02 3.599975258111953735e-02 2.434624917805194855e-02 1.383624039590358734e-02 6.276198197156190872e-03 2.489493926987051964e-03 9.329754975624382496e-04 8.791756816208362579e-03 1.523503474891185760e-02 1.769178174436092377e-02 1.394918654114007950e-02 1.588998921215534210e-02 1.437557511962950230e-03 6.616373138967901468e-05 6.683205242552503478e-07 0.000000000000000000e+00 0.000000000000000000e+00 0.000000000000000000e+00 0.000000000000000000e+00 0.000000000000000000e+00 0.000000000000000000e+00 0.000000000000000000e+00 0.000000000000000000e+00 0.000000000000000000e+00 0.000000000000000000e+00 0.000000000000000000e+00 0.000000000000000000e+00 0.000000000000000000e+00 0.000000000000000000e+00 0.000000000000000000e+00 0.000000000000000000e+00 0.000000000000000000e+00 0.000000000000000000e+00 8.586047589778900146e-02 2.960446178913116455e-01 2.939353883266448975e-01 4.394555091857910156e-01 8.618888854980468750e-01 3.617792725563049316e-01 4.794625043869018555e-01 1.815733313560485840e-01 0.000000000000000000e+00 0.000000000000000000e+00 0.000000000000000000e+00 0.000000000000000000e+00 0.000000000000000000e+00 0.000000000000000000e+00 0.000000000000000000e+00 0.000000000000000000e+00 0.000000000000000000e+00 0.000000000000000000e+00 0.000000000000000000e+00 0.000000000000000000e+00 0.000000000000000000e+00 0.000000000000000000e+00 0.000000000000000000e+00 0.000000000000000000e+00 0.000000000000000000e+00 0.000000000000000000e+00 0.000000000000000000e+00 0.000000000000000000e+00 0.000000000000000000e+00 0.000000000000000000e+00 2.673282097021001391e-06 3.734040632843971252e-02 1.842319071292877197e-01 4.258872568607330322e-01 1.682750880718231201e-01 1.662153303623199463e-01 1.804732717573642731e-02 0.000000000000000000e+00 0.000000000000000000e+00 0.000000000000000000e+00 0.000000000000000000e+00 0.000000000000000000e+00 0.000000000000000000e+00 0.000000000000000000e+00 0.000000000000000000e+00 0.000000000000000000e+00 0.000000000000000000e+00 0.000000000000000000e+00 0.000000000000000000e+00 0.000000000000000000e+00 0.000000000000000000e+00
3.534571733325719833e-03 2.329919720068573952e-03 2.318012295290827751e-03 3.442287910729646683e-03 1.205842662602663040e-02 5.281912535429000854e-02 1.015291363000869751e-01 1.103923544287681580e-01 6.611593812704086304e-02 4.146523028612136841e-02 2.836984954774379730e-02 2.172044850885868073e-02 1.880805008113384247e-02 1.586885750293731689e-02 8.446455933153629303e-03 4.014845006167888641e-03 1.918115420266985893e-03 1.117329578846693039e-03 1.069699181243777275e-03 9.694768814370036125e-04 2.044137509074062109e-04 2.540287387091666460e-04 2.669286332093179226e-04 3.314281057100743055e-04 3.731047036126255989e-04 1.180836698040366173e-04 9.625307575333863497e-05 2.480749390088021755e-05 1.686909672571346164e-05 5.953798336122417822e-06 0.000000000000000000e+00 0.000000000000000000e+00 0.000000000000000000e+00 0.000000000000000000e+00 0.000000000000000000e+00 0.000000000000000000e+00 0.000000000000000000e+00 0.000000000000000000e+00 0.000000000000000000e+00 0.000000000000000000e+00 0.000000000000000000e+00 0.000000000000000000e+00 0.000000000000000000e+00 0.000000000000000000e+00 0.000000000000000000e+00 0.000000000000000000e+00 0.000000000000000000e+00 5.060728872194886208e-04 2.728625833988189697e-01 1.905423879623413086e+00 8.190819025039672852e-01 1.702786423265933990e-03 3.155513259116560221e-04 1.071683727786876261e-04 0.000000000000000000e+00 0.000000000000000000e+00 0.000000000000000000e+00 0.000000000000000000e+00 0.000000000000000000e+00 0.000000000000000000e+00 0.000000000000000000e+00 0.000000000000000000e+00 0.000000000000000000e+00 0.000000000000000000e+00 0.000000000000000000e+00 0.000000000000000000e+00 0.000000000000000000e+00 0.000000000000000000e+00 0.000000000000000000e+00 0.000000000000000000e+00 0.000000000000000000e+00 0.000000000000000000e+00 0.000000000000000000e+00 0.000000000000000000e+00 1.984599475690629333e-05 2.976899304485414177e-05 5.159958891454152763e-05 4.844605922698974609e-02 8.252719044685363770e-01 1.235988736152648926e-01 2.581964014098048210e-03 0.000000000000000000e+00 0.000000000000000000e+00 0.000000000000000000e+00 0.000000000000000000e+00 0.000000000000000000e+00 0.000000000000000000e+00 0.000000000000000000e+00 0.000000000000000000e+00 0.000000000000000000e+00 0.000000000000000000e+00 0.000000000000000000e+00 0.000000000000000000e+00 0.000000000000000000e+00 0.000000000000000000e+00 0.000000000000000000e+00
4.333957258495502174e-05 3.703800030052661896e-03 2.360446564853191376e-02 3.973112255334854126e-02 3.730670735239982605e-02 3.570574149489402771e-02 2.901714481413364410e-02 2.446692250669002533e-02 2.202257141470909119e-02 2.203253842890262604e-02 2.038997039198875427e-02 1.676591485738754272e-02 1.508043799549341202e-02 1.490837987512350082e-02 1.495952066034078598e-02 1.533267460763454437e-02 1.577127166092395782e-02 1.653968170285224915e-02 1.653361506760120392e-02 1.658778823912143707e-02 1.628874614834785461e-02 1.554633863270282745e-02 1.434886641800403595e-02 1.320773549377918243e-02 1.141521055251359940e-02 9.340112097561359406e-03 7.129793521016836166e-03 5.131405778229236603e-03 3.675629384815692902e-03 2.326034940779209137e-03 9.920428274199366570e-04 9.448027412872761488e-05 0.000000000000000000e+00 0.000000000000000000e+00 0.000000000000000000e+00 0.000000000000000000e+00 0.000000000000000000e+00 0.000000000000000000e+00 0.000000000000000000e+00 0.000000000000000000e+00 0.000000000000000000e+00 0.000000000000000000e+00 0.000000000000000000e+00 0.000000000000000000e+00 0.000000000000000000e+00 0.000000000000000000e+00 0.000000000000000000e+00 2.126066014170646667e-02 1.614390462636947632e-01 1.810388445854187012e+00 9.956313371658325195e-01 1.128042489290237427e-02 0.000000000000000000e+00 0.000000000000000000e+00 0.000000000000000000e+00 0.000000000000000000e+00 0.000000000000000000e+00 0.000000000000000000e+00 0.000000000000000000e+00 0.000000000000000000e+00 0.000000000000000000e+00 0.000000000000000000e+00 0.000000000000000000e+00 0.000000000000000000e+00 0.000000000000000000e+00 0.000000000000000000e+00 0.000000000000000000e+00 0.000000000000000000e+00 0.000000000000000000e+00 0.000000000000000000e+00 0.000000000000000000e+00 0.000000000000000000e+00 0.000000000000000000e+00 0.000000000000000000e+00 0.000000000000000000e+00 3.250467998441308737e-04 1.781256520189344883e-03 1.648958176374435425e-01 7.634751200675964355e-01 6.952274590730667114e-02 0.000000000000000000e+00 0.000000000000000000e+00 0.000000000000000000e+00 0.000000000000000000e+00 0.000000000000000000e+00 0.000000000000000000e+00 0.000000000000000000e+00 0.000000000000000000e+00 0.000000000000000000e+00 0.000000000000000000e+00 0.000000000000000000e+00 0.000000000000000000e+00 0.000000000000000000e+00 0.000000000000000000e+00 0.000000000000000000e+00 0.000000000000000000e+00
3.072018735110759735e-03 3.619458060711622238e-03 7.504269480705261230e-03 1.507529616355895996e-02 2.452381700277328491e-02 2.196796610951423645e-02 1.556117180734872818e-02 1.297537423670291901e-02 1.422667223960161209e-02 1.674923300743103027e-02 2.012231945991516113e-02 2.025964111089706421e-02 1.857370324432849884e-02 2.256854623556137085e-02 2.497386187314987183e-02 2.748944051563739777e-02 3.561356291174888611e-02 3.983019292354583740e-02 3.478103503584861755e-02 2.559977211058139801e-02 1.999711431562900543e-02 1.813150569796562195e-02 1.444575190544128418e-02 1.244143676012754440e-02 8.341411128640174866e-03 5.017540417611598969e-03 3.425188595429062843e-03 2.804761286824941635e-03 2.766218967735767365e-03 3.051535924896597862e-03 3.908063750714063644e-03 5.821158993057906628e-04 0.000000000000000000e+00 0.000000000000000000e+00 0.000000000000000000e+00 0.000000000000000000e+00 0.000000000000000000e+00 0.000000000000000000e+00 0.000000000000000000e+00 0.000000000000000000e+00 0.000000000000000000e+00 0.000000000000000000e+00 0.000000000000000000e+00 0.000000000000000000e+00 7.827321533113718033e-04 1.864225044846534729e-02 1.966218948364257812e-01 9.199359416961669922e-01 5.635615587234497070e-01 4.433043599128723145e-01 7.034677863121032715e-01 1.394492089748382568e-01 1.409610174596309662e-02 1.267049810849130154e-04 1.142421933764126152e-05 0.000000000000000000e+00 0.000000000000000000e+00 0.000000000000000000e+00 0.000000000000000000e+00 0.000000000000000000e+00 0.000000000000000000e+00 0.000000000000000000e+00 0.000000000000000000e+00 0.000000000000000000e+00 0.000000000000000000e+00 0.000000000000000000e+00 0.000000000000000000e+00 0.000000000000000000e+00 0.000000000000000000e+00 0.000000000000000000e+00 0.000000000000000000e+00 3.461884716671193019e-07 1.144729831139557064e-04 4.867640789598226547e-03 3.961446136236190796e-02 1.297564059495925903e-01 8.114484697580337524e-02 7.958422601222991943e-02 8.919165283441543579e-02 1.385100036859512329e-01 3.596825599670410156e-01 7.238177955150604248e-02 4.300699103623628616e-03 6.432181689888238907e-04 2.058667450910434127e-04 1.846338477662357036e-06 0.000000000000000000e+00 0.000000000000000000e+00 0.000000000000000000e+00 0.000000000000000000e+00 0.000000000000000000e+00 0.000000000000000000e+00 0.000000000000000000e+00 0.000000000000000000e+00 0.000000000000000000e+00 0.000000000000000000e+00
2.073002746328711510e-03 7.886248640716075897e-03 9.946625679731369019e-03 1.372245140373706818e-02 1.448634080588817596e-02 1.339302118867635727e-02 1.425045914947986603e-02 1.754763536155223846e-02 2.014921978116035461e-02 1.849403046071529388e-02 1.616161689162254333e-02 1.559630408883094788e-02 1.697084493935108185e-02 1.713613420724868774e-02 1.814164407551288605e-02 2.263831533491611481e-02 2.793216332793235779e-02 3.111971914768218994e-02 3.426193818449974060e-02 3.273645415902137756e-02 4.238980636000633240e-02 3.576675802469253540e-02 2.111398056149482727e-02 1.297061517834663391e-02 8.398760110139846802e-03 5.781106650829315186e-03 4.593090154230594635e-03 2.551079029217362404e-03 1.064623473212122917e-03 4.631542833521962166e-04 2.020202082348987460e-04 6.083562766434624791e-05 0.000000000000000000e+00 0.000000000000000000e+00 0.000000000000000000e+00 0.000000000000000000e+00 0.000000000000000000e+00 0.000000000000000000e+00 0.000000000000000000e+00 0.000000000000000000e+00 0.000000000000000000e+00 0.000000000000000000e+00 0.000000000000000000e+00 0.000000000000000000e+00 0.000000000000000000e+00 0.000000000000000000e+00 3.443526338742231019e-06 2.227272652089595795e-02 4.438911974430084229e-01 1.365957260131835938e+00 4.562740921974182129e-01 4.633884429931640625e-01 1.514393985271453857e-01 7.711088657379150391e-02 1.966253295540809631e-02 0.000000000000000000e+00 0.000000000000000000e+00 0.000000000000000000e+00 0.000000000000000000e+00 0.000000000000000000e+00 0.000000000000000000e+00 0.000000000000000000e+00 0.000000000000000000e+00 0.000000000000000000e+00 0.000000000000000000e+00 0.000000000000000000e+00 0.000000000000000000e+00 0.000000000000000000e+00 0.000000000000000000e+00 2.180899900849908590e-05 1.004361780360341072e-03 2.209595870226621628e-03 3.653581254184246063e-03 9.692378342151641846e-03 1.803259924054145813e-02 6.033631786704063416e-02 1.829924285411834717e-01 8.010560274124145508e-02 3.771889209747314453e-01 2.610479891300201416e-01 3.712121164426207542e-03 2.295684225828154013e-06 0.000000000000000000e+00 0.000000000000000000e+00 0.000000000000000000e+00 0.000000000000000000e+00 0.000000000000000000e+00 0.000000000000000000e+00 0.000000000000000000e+00 0.000000000000000000e+00 0.000000000000000000e+00 0.000000000000000000e+00 0.000000000000000000e+00 0.000000000000000000e+00 0.000000000000000000e+00 0.000000000000000000e+00
2.318528108298778534e-02 1.697399280965328217e-02 1.544852368533611298e-02 1.767113432288169861e-02 2.310647442936897278e-02 2.831402048468589783e-02 2.901294268667697906e-02 2.732972241938114166e-02 2.367838844656944275e-02 2.036822959780693054e-02 1.775610260665416718e-02 1.583201251924037933e-02 1.467510778456926346e-02 1.473043020814657211e-02 1.510727871209383011e-02 1.546995434910058975e-02 1.787982508540153503e-02 2.182646282017230988e-02 2.541193179786205292e-02 2.669858373701572418e-02 2.365086413919925690e-02 1.908575370907783508e-02 1.367506291717290878e-02 9.557186625897884369e-03 6.851738784462213516e-03 4.590100608766078949e-03 3.113997168838977814e-03 2.370981499552726746e-03 1.974551239982247353e-03 1.966540468856692314e-03 1.466175657697021961e-03 1.220649108290672302e-03 0.000000000000000000e+00 0.000000000000000000e+00 0.000000000000000000e+00 0.000000000000000000e+00 0.000000000000000000e+00 0.000000000000000000e+00 0.000000000000000000e+00 0.000000000000000000e+00 0.000000000000000000e+00 0.000000000000000000e+00 0.000000000000000000e+00 8.249034872278571129e-04 1.154700666666030884e-02 7.975067198276519775e-02 2.771753966808319092e-01 4.905961751937866211e-01 4.678468704223632812e-01 5.564315319061279297e-01 6.907256841659545898e-01 3.813136816024780273e-01 4.320760816335678101e-02 5.804724642075598240e-04 0.000000000000000000e+00 0.000000000000000000e+00 0.000000000000000000e+00 0.000000000000000000e+00 0.000000000000000000e+00 0.000000000000000000e+00 0.000000000000000000e+00 0.000000000000000000e+00 0.000000000000000000e+00 0.000000000000000000e+00 0.000000000000000000e+00 0.000000000000000000e+00 0.000000000000000000e+00 1.780170350684784353e-06 4.340876694186590612e-05 3.218000347260385752e-04 1.631046878173947334e-03 8.212062530219554901e-03 2.344525419175624847e-02 3.890220075845718384e-02 5.278492718935012817e-02 7.874432951211929321e-02 1.140127852559089661e-01 1.352251619100570679e-01 1.303432434797286987e-01 2.046501636505126953e-01 1.453830897808074951e-01 3.422254323959350586e-02 1.990230381488800049e-02 8.649847470223903656e-03 3.056415589526295662e-03 4.487398546189069748e-04 1.889719351311214268e-05 0.000000000000000000e+00 0.000000000000000000e+00 0.000000000000000000e+00 0.000000000000000000e+00 0.000000000000000000e+00 0.000000000000000000e+00 0.000000000000000000e+00 0.000000000000000000e+00 0.000000000000000000e+00
4.344916760601336136e-06 4.344916760601336136e-06 3.258687502238899469e-05 1.260025892406702042e-04 3.171789285261183977e-04 7.364634075202047825e-04 1.488134032115340233e-03 1.848762156441807747e-03 2.913266653195023537e-03 3.517210250720381737e-03 5.174796096980571747e-03 6.552134640514850616e-03 8.718076162040233612e-03 6.921452470123767853e-03 6.337061058729887009e-03 8.155409246683120728e-03 1.118816062808036804e-02 1.374297216534614563e-02 2.170068770647048950e-02 3.551969677209854126e-02 5.157633498311042786e-02 9.936390072107315063e-02 1.195525601506233215e-01 5.520868673920631409e-02 2.468999102711677551e-02 1.233304664492607117e-02 1.822692574933171272e-03 4.496988840401172638e-04 4.344916760601336136e-06 0.000000000000000000e+00 0.000000000000000000e+00 0.000000000000000000e+00 0.000000000000000000e+00 0.000000000000000000e+00 0.000000000000000000e+00 0.000000000000000000e+00 0.000000000000000000e+00 0.000000000000000000e+00 0.000000000000000000e+00 0.000000000000000000e+00 0.000000000000000000e+00 0.000000000000000000e+00 0.000000000000000000e+00 3.623660653829574585e-03 1.071456540375947952e-02 5.239970050752162933e-03 5.930812098085880280e-03 1.813133805990219116e-02 7.352902740240097046e-02 2.755155324935913086e+00 5.790036171674728394e-02 3.402069956064224243e-02 1.171824056655168533e-02 1.006282772868871689e-02 5.435490980744361877e-03 8.537761867046356201e-03 0.000000000000000000e+00 0.000000000000000000e+00 0.000000000000000000e+00 0.000000000000000000e+00 0.000000000000000000e+00 0.000000000000000000e+00 0.000000000000000000e+00 0.000000000000000000e+00 0.000000000000000000e+00 0.000000000000000000e+00 0.000000000000000000e+00 0.000000000000000000e+00 0.000000000000000000e+00 0.000000000000000000e+00 0.000000000000000000e+00 4.258018452674150467e-04 9.385020239278674126e-04 8.907079463824629784e-04 2.115974435582756996e-03 4.101601429283618927e-03 1.262198388576507568e-02 3.081849589943885803e-02 9.113723635673522949e-01 2.710359171032905579e-02 6.069848779588937759e-03 1.829209970310330391e-03 3.041441959794610739e-04 2.302805951330810785e-04 6.387027679011225700e-04 5.387697019614279270e-04 0.000000000000000000e+00 0.000000000000000000e+00 0.000000000000000000e+00 0.000000000000000000e+00 0.000000000000000000e+00 0.000000000000000000e+00 0.000000000000000000e+00 0.000000000000000000e+00 0.000000000000000000e+00 0.000000000000000000e+00
1.824032005970366299e-05 5.745700764236971736e-05 7.045323727652430534e-04 3.582398872822523117e-03 1.068517938256263733e-02 1.770086213946342468e-02 2.060152962803840637e-02 2.985028363764286041e-02 2.967472001910209656e-02 2.741656824946403503e-02 2.666461095213890076e-02 2.349489927291870117e-02 2.041228674352169037e-02 2.286013774573802948e-02 3.141348063945770264e-02 3.653444722294807434e-02 3.292924910783767700e-02 3.187085315585136414e-02 2.895878814160823822e-02 3.818155080080032349e-02 2.866101451218128204e-02 1.786092109978199005e-02 1.493152603507041931e-02 4.317939747124910355e-03 5.362653755582869053e-04 7.980140071595087647e-05 4.560079958082496887e-07 0.000000000000000000e+00 0.000000000000000000e+00 0.000000000000000000e+00 0.000000000000000000e+00 0.000000000000000000e+00 0.000000000000000000e+00 0.000000000000000000e+00 0.000000000000000000e+00 0.000000000000000000e+00 0.000000000000000000e+00 0.000000000000000000e+00 0.000000000000000000e+00 0.000000000000000000e+00 0.000000000000000000e+00 0.000000000000000000e+00 0.000000000000000000e+00 0.000000000000000000e+00 0.000000000000000000e+00 0.000000000000000000e+00 3.009652755281422287e-05 1.471857130527496338e-01 2.264533758163452148e+00 5.420931577682495117e-01 4.615712910890579224e-02 0.000000000000000000e+00 0.000000000000000000e+00 0.000000000000000000e+00 0.000000000000000000e+00 0.000000000000000000e+00 0.000000000000000000e+00 0.000000000000000000e+00 0.000000000000000000e+00 0.000000000000000000e+00 0.000000000000000000e+00 0.000000000000000000e+00 0.000000000000000000e+00 0.000000000000000000e+00 0.000000000000000000e+00 0.000000000000000000e+00 0.000000000000000000e+00 0.000000000000000000e+00 0.000000000000000000e+00 0.000000000000000000e+00 0.000000000000000000e+00 0.000000000000000000e+00 0.000000000000000000e+00 0.000000000000000000e+00 0.000000000000000000e+00 1.550427259644493461e-05 2.195222536101937294e-03 2.211274020373821259e-02 3.454224169254302979e-01 5.858207345008850098e-01 4.388985782861709595e-02 5.435615312308073044e-04 0.000000000000000000e+00 0.000000000000000000e+00 0.000000000000000000e+00 0.000000000000000000e+00 0.000000000000000000e+00 0.000000000000000000e+00 0.000000000000000000e+00 0.000000000000000000e+00 0.000000000000000000e+00 0.000000000000000000e+00 0.000000000000000000e+00 0.000000000000000000e+00 0.000000000000000000e+00 0.000000000000000000e+00
4.709040001034736633e-02 3.761900216341018677e-02 3.115135245025157928e-02 3.525520861148834229e-02 3.015426546335220337e-02 1.651407591998577118e-02 1.382249966263771057e-02 1.349908579140901566e-02 1.379752531647682190e-02 1.397109497338533401e-02 1.446745358407497406e-02 1.459981594234704971e-02 1.592781022191047668e-02 1.908015646040439606e-02 2.432470209896564484e-02 2.220440655946731567e-02 1.958026178181171417e-02 1.616194099187850952e-02 1.552510354667901993e-02 1.528285536915063858e-02 1.401542406529188156e-02 1.314882561564445496e-02 1.400231290608644485e-02 6.420822348445653915e-03 4.798759240657091141e-03 3.761088475584983826e-03 3.136113518849015236e-03 2.663479885086417198e-03 2.463687676936388016e-03 1.845580642111599445e-03 1.660772832110524178e-03 2.054113661870360374e-03 3.074427694082260132e-02 5.338572710752487183e-02 6.332039833068847656e-02 6.936286389827728271e-02 7.651042938232421875e-02 8.625029772520065308e-02 8.025653660297393799e-02 7.997557520866394043e-02 7.927879691123962402e-02 8.253416419029235840e-02 8.335830271244049072e-02 7.736828923225402832e-02 8.243677020072937012e-02 1.029616668820381165e-01 1.498703807592391968e-01 4.287041425704956055e-01 6.701892614364624023e-01 1.626745760440826416e-01 8.798849582672119141e-02 1.336722373962402344e-01 1.032014191150665283e-01 1.293567121028900146e-01 3.915053606033325195e-02 2.584811858832836151e-02 1.583103649318218231e-02 4.690122324973344803e-03 8.203967590816318989e-04 1.798129960661754012e-04 7.866818486945703626e-05 0.000000000000000000e+00 0.000000000000000000e+00 0.000000000000000000e+00 1.048909107339568436e-04 6.842883303761482239e-04 7.766922353766858578e-04 9.615000453777611256e-04 9.764844435267150402e-04 9.340285905636847019e-04 2.327579306438565254e-03 3.312804736196994781e-03 6.011248100548982620e-03 2.189472876489162445e-02 3.281836956739425659e-02 2.806830964982509613e-02 5.234555900096893311e-02 7.308274507522583008e-02 1.066403463482856750e-01 3.376388549804687500e-01 1.894005239009857178e-01 5.036512017250061035e-02 3.886083513498306274e-02 2.300607413053512573e-02 1.944852434098720551e-02 8.798349648714065552e-03 3.383980656508356333e-04 2.759629860520362854e-04 7.542156381532549858e-04 1.735694822855293751e-04 0.000000000000000000e+00 0.000000000000000000e+00 0.000000000000000000e+00 0.000000000000000000e+00 0.000000000000000000e+00 0.000000000000000000e+00
2.895194029406411573e-06 2.481594947312260047e-06 2.481594947312260047e-06 7.858383469283580780e-06 9.140541078522801399e-05 7.560592493973672390e-04 2.991148969158530235e-03 7.279758341610431671e-03 1.056373585015535355e-02 1.033584214746952057e-02 1.062453445047140121e-02 1.162089500576257706e-02 1.119902357459068298e-02 1.059723738580942154e-02 1.992762088775634766e-02 2.837496809661388397e-02 4.535859078168869019e-02 4.647530987858772278e-02 5.689428374171257019e-02 3.762966394424438477e-02 2.741748653352260590e-02 3.078956156969070435e-02 3.953387215733528137e-02 3.105012886226177216e-02 3.738894686102867126e-02 1.679253950715065002e-02 5.895855836570262909e-03 3.726528375409543514e-04 2.150715590687468648e-05 1.654396555750281550e-06 0.000000000000000000e+00 0.000000000000000000e+00 0.000000000000000000e+00 0.000000000000000000e+00 0.000000000000000000e+00 0.000000000000000000e+00 0.000000000000000000e+00 0.000000000000000000e+00 0.000000000000000000e+00 0.000000000000000000e+00 0.000000000000000000e+00 0.000000000000000000e+00 0.000000000000000000e+00 0.000000000000000000e+00 0.000000000000000000e+00 0.000000000000000000e+00 0.000000000000000000e+00 0.000000000000000000e+00 1.023849010467529297e+00 5.142782926559448242e-01 3.937769830226898193e-01 1.068095803260803223e+00 0.000000000000000000e+00 0.000000000000000000e+00 0.000000000000000000e+00 0.000000000000000000e+00 0.000000000000000000e+00 0.000000000000000000e+00 0.000000000000000000e+00 0.000000000000000000e+00 0.000000000000000000e+00 0.000000000000000000e+00 0.000000000000000000e+00 0.000000000000000000e+00 0.000000000000000000e+00 0.000000000000000000e+00 0.000000000000000000e+00 0.000000000000000000e+00 0.000000000000000000e+00 0.000000000000000000e+00 0.000000000000000000e+00 0.000000000000000000e+00 0.000000000000000000e+00 0.000000000000000000e+00 9.926379789249040186e-06 3.350095152854919434e-01 1.438034623861312866e-01 4.470510408282279968e-02 4.171519577503204346e-01 5.931921675801277161e-02 8.271982778751407750e-07 0.000000000000000000e+00 0.000000000000000000e+00 0.000000000000000000e+00 0.000000000000000000e+00 0.000000000000000000e+00 0.000000000000000000e+00 0.000000000000000000e+00 0.000000000000000000e+00 0.000000000000000000e+00 0.000000000000000000e+00 0.000000000000000000e+00 0.000000000000000000e+00 0.000000000000000000e+00 0.000000000000000000e+00 0.000000000000000000e+00
9.474167600274085999e-04 2.601844491437077522e-03 2.585344016551971436e-02 3.116421960294246674e-02 5.941625311970710754e-02 1.799873262643814087e-02 5.061631090939044952e-03 7.166273426264524460e-03 1.270871609449386597e-02 1.447788253426551819e-02 2.170425653457641602e-02 3.058068826794624329e-02 2.731226570904254913e-02 1.859974674880504608e-02 1.323979347944259644e-02 1.137992832809686661e-02 1.019866205751895905e-02 4.218135401606559753e-02 3.271811455488204956e-02 5.541022121906280518e-02 5.340829491615295410e-02 1.470845309086143970e-03 6.862488226033747196e-04 1.185636851005256176e-03 1.480680075474083424e-03 6.545589421875774860e-04 2.644461928866803646e-04 9.616224997444078326e-05 3.168983312207274139e-05 0.000000000000000000e+00 0.000000000000000000e+00 0.000000000000000000e+00 0.000000000000000000e+00 0.000000000000000000e+00 0.000000000000000000e+00 0.000000000000000000e+00 0.000000000000000000e+00 0.000000000000000000e+00 0.000000000000000000e+00 0.000000000000000000e+00 0.000000000000000000e+00 0.000000000000000000e+00 0.000000000000000000e+00 0.000000000000000000e+00 0.000000000000000000e+00 0.000000000000000000e+00 6.556517473654821515e-05 3.363493364304304123e-03 1.086546063423156738e+00 1.684448003768920898e+00 2.247115075588226318e-01 8.654602570459246635e-04 0.000000000000000000e+00 0.000000000000000000e+00 0.000000000000000000e+00 0.000000000000000000e+00 0.000000000000000000e+00 0.000000000000000000e+00 0.000000000000000000e+00 0.000000000000000000e+00 0.000000000000000000e+00 0.000000000000000000e+00 0.000000000000000000e+00 0.000000000000000000e+00 0.000000000000000000e+00 0.000000000000000000e+00 0.000000000000000000e+00 0.000000000000000000e+00 0.000000000000000000e+00 0.000000000000000000e+00 0.000000000000000000e+00 0.000000000000000000e+00 0.000000000000000000e+00 0.000000000000000000e+00 0.000000000000000000e+00 0.000000000000000000e+00 1.966955096577294171e-05 1.164000388234853745e-02 8.129972219467163086e-01 1.753147095441818237e-01 2.841157402144744992e-05 0.000000000000000000e+00 0.000000000000000000e+00 0.000000000000000000e+00 0.000000000000000000e+00 0.000000000000000000e+00 0.000000000000000000e+00 0.000000000000000000e+00 0.000000000000000000e+00 0.000000000000000000e+00 0.000000000000000000e+00 0.000000000000000000e+00 0.000000000000000000e+00 0.000000000000000000e+00 0.000000000000000000e+00 0.000000000000000000e+00
1.757148711476475000e-04 2.829672535881400108e-03 1.444425992667675018e-02 1.926523074507713318e-02 2.353253215551376343e-02 2.135101519525051117e-02 1.783920451998710632e-02 1.661583036184310913e-02 1.442312449216842651e-02 1.241980958729982376e-02 1.343887299299240112e-02 1.242685411125421524e-02 1.014836318790912628e-02 1.018483191728591919e-02 8.446746505796909332e-03 7.571487687528133392e-03 7.645669393241405487e-03 8.889349177479743958e-03 5.715706385672092438e-03 5.519270431250333786e-03 1.017654407769441605e-02 1.827393285930156708e-02 2.431578934192657471e-02 1.187567319720983505e-02 1.397264841943979263e-02 1.459842547774314880e-02 1.547161210328340530e-02 1.648736000061035156e-02 2.065312862396240234e-02 2.631578966975212097e-02 1.694736815989017487e-02 7.802817970514297485e-02 0.000000000000000000e+00 0.000000000000000000e+00 0.000000000000000000e+00 0.000000000000000000e+00 0.000000000000000000e+00 0.000000000000000000e+00 0.000000000000000000e+00 0.000000000000000000e+00 0.000000000000000000e+00 0.000000000000000000e+00 0.000000000000000000e+00 0.000000000000000000e+00 0.000000000000000000e+00 0.000000000000000000e+00 3.530874475836753845e-02 1.361723989248275757e-01 1.681941986083984375e+00 1.058491468429565430e+00 7.911147922277450562e-02 8.966431953012943268e-03 7.459593689418397844e-06 0.000000000000000000e+00 0.000000000000000000e+00 0.000000000000000000e+00 0.000000000000000000e+00 0.000000000000000000e+00 0.000000000000000000e+00 0.000000000000000000e+00 0.000000000000000000e+00 0.000000000000000000e+00 0.000000000000000000e+00 0.000000000000000000e+00 0.000000000000000000e+00 0.000000000000000000e+00 0.000000000000000000e+00 0.000000000000000000e+00 0.000000000000000000e+00 0.000000000000000000e+00 0.000000000000000000e+00 0.000000000000000000e+00 0.000000000000000000e+00 0.000000000000000000e+00 1.243265614903066307e-05 7.384998025372624397e-04 1.894736848771572113e-02 1.719287186861038208e-01 3.087998330593109131e-01 3.888686299324035645e-01 1.067956909537315369e-01 2.449233317747712135e-03 1.387484488077461720e-03 7.210940384538844228e-05 0.000000000000000000e+00 0.000000000000000000e+00 0.000000000000000000e+00 0.000000000000000000e+00 0.000000000000000000e+00 0.000000000000000000e+00 0.000000000000000000e+00 0.000000000000000000e+00 0.000000000000000000e+00 0.000000000000000000e+00 0.000000000000000000e+00 0.000000000000000000e+00
4.992101341485977173e-03 6.739305797964334488e-03 1.047929096966981888e-02 1.706437394022941589e-02 2.480874396860599518e-02 3.368404135107994080e-02 3.971904143691062927e-02 3.584660962224006653e-02 3.194212913513183594e-02 3.117285855114459991e-02 2.912059053778648376e-02 2.561461552977561951e-02 2.343113347887992859e-02 2.223653532564640045e-02 2.096590213477611542e-02 1.824340783059597015e-02 1.654523238539695740e-02 1.539763342589139938e-02 1.384802069514989853e-02 1.293750852346420288e-02 1.181291695684194565e-02 1.064630970358848572e-02 9.242061525583267212e-03 7.630071602761745453e-03 5.597674287855625153e-03 4.100228194147348404e-03 3.067543264478445053e-03 2.539358567446470261e-03 2.258164575323462486e-03 2.018494531512260437e-03 2.943709492683410645e-03 3.354396671056747437e-03 0.000000000000000000e+00 0.000000000000000000e+00 0.000000000000000000e+00 0.000000000000000000e+00 0.000000000000000000e+00 0.000000000000000000e+00 0.000000000000000000e+00 0.000000000000000000e+00 0.000000000000000000e+00 0.000000000000000000e+00 0.000000000000000000e+00 2.731353015406057239e-05 5.075149238109588623e-04 7.981825619935989380e-03 6.595885008573532104e-02 4.348040819168090820e-01 9.043000936508178711e-01 6.215171217918395996e-01 4.276394248008728027e-01 4.862506091594696045e-01 4.930166155099868774e-02 1.617403817363083363e-03 9.412094368599355221e-05 0.000000000000000000e+00 0.000000000000000000e+00 0.000000000000000000e+00 0.000000000000000000e+00 0.000000000000000000e+00 0.000000000000000000e+00 0.000000000000000000e+00 0.000000000000000000e+00 0.000000000000000000e+00 0.000000000000000000e+00 0.000000000000000000e+00 0.000000000000000000e+00 0.000000000000000000e+00 0.000000000000000000e+00 1.476406964684429113e-06 2.915903860412072390e-05 1.063013041857630014e-04 3.880981821566820145e-03 3.779060766100883484e-02 7.093643397092819214e-02 6.138789653778076172e-02 5.928906053304672241e-02 1.018851250410079956e-01 2.306862622499465942e-01 3.138243257999420166e-01 9.562393277883529663e-02 1.867310330271720886e-02 5.261422600597143173e-03 6.026201299391686916e-04 2.042363121290691197e-05 8.612374244876264129e-07 0.000000000000000000e+00 0.000000000000000000e+00 0.000000000000000000e+00 0.000000000000000000e+00 0.000000000000000000e+00 0.000000000000000000e+00 0.000000000000000000e+00 0.000000000000000000e+00 0.000000000000000000e+00 0.000000000000000000e+00
1.382642332464456558e-02 1.192988455295562744e-02 1.616817526519298553e-02 2.067263983190059662e-02 2.375123649835586548e-02 2.625971846282482147e-02 2.583558112382888794e-02 2.597253397107124329e-02 2.573716640472412109e-02 2.412169054150581360e-02 2.273094654083251953e-02 2.266669087111949921e-02 2.335848473012447357e-02 2.506638318300247192e-02 2.675578184425830841e-02 2.884734421968460083e-02 3.228911012411117554e-02 3.342759981751441956e-02 2.787545323371887207e-02 1.871042884886264801e-02 1.065701805055141449e-02 5.765666253864765167e-03 3.357789479196071625e-03 1.731742871925234795e-03 7.982645183801651001e-04 5.113378283567726612e-04 4.662236024159938097e-04 2.027563459705561399e-04 6.696244236081838608e-05 1.338604342890903354e-04 2.229933161288499832e-04 8.210794476326555014e-05 0.000000000000000000e+00 0.000000000000000000e+00 0.000000000000000000e+00 0.000000000000000000e+00 0.000000000000000000e+00 0.000000000000000000e+00 0.000000000000000000e+00 0.000000000000000000e+00 0.000000000000000000e+00 0.000000000000000000e+00 0.000000000000000000e+00 0.000000000000000000e+00 8.507258826284669340e-06 3.068336471915245056e-02 6.446607410907745361e-02 2.901609539985656738e-01 2.775973081588745117e-01 6.374937891960144043e-01 8.674523830413818359e-01 6.015564203262329102e-01 2.194428294897079468e-01 1.073538791388273239e-02 4.029347619507461786e-04 0.000000000000000000e+00 0.000000000000000000e+00 0.000000000000000000e+00 0.000000000000000000e+00 0.000000000000000000e+00 0.000000000000000000e+00 0.000000000000000000e+00 0.000000000000000000e+00 0.000000000000000000e+00 0.000000000000000000e+00 0.000000000000000000e+00 0.000000000000000000e+00 0.000000000000000000e+00 0.000000000000000000e+00 0.000000000000000000e+00 0.000000000000000000e+00 1.791680369933601469e-05 2.114182803779840469e-03 6.143401376903057098e-03 1.081852708011865616e-02 2.037205174565315247e-02 1.739028245210647583e-01 2.511971890926361084e-01 2.481027543544769287e-01 1.829401105642318726e-01 7.720660418272018433e-02 2.128632366657257080e-02 5.898108705878257751e-03 0.000000000000000000e+00 0.000000000000000000e+00 0.000000000000000000e+00 0.000000000000000000e+00 0.000000000000000000e+00 0.000000000000000000e+00 0.000000000000000000e+00 0.000000000000000000e+00 0.000000000000000000e+00 0.000000000000000000e+00 0.000000000000000000e+00 0.000000000000000000e+00 0.000000000000000000e+00
8.810028433799743652e-03 1.395926624536514282e-02 1.757651008665561676e-02 1.942475326359272003e-02 2.149358578026294708e-02 2.309411205351352692e-02 2.493592910468578339e-02 2.699905075132846832e-02 2.656643837690353394e-02 2.497519180178642273e-02 2.414066344499588013e-02 2.369734272360801697e-02 2.394791506230831146e-02 2.592608518898487091e-02 2.942696586251258850e-02 2.905574627220630646e-02 2.836756408214569092e-02 2.769151702523231506e-02 2.581900171935558319e-02 2.377729676663875580e-02 1.606950350105762482e-02 8.371704258024692535e-03 3.957052715122699738e-03 1.442043459974229336e-03 4.261880822014063597e-04 4.640238694264553487e-05 2.141648565157083794e-06 0.000000000000000000e+00 0.000000000000000000e+00 0.000000000000000000e+00 0.000000000000000000e+00 0.000000000000000000e+00 0.000000000000000000e+00 0.000000000000000000e+00 0.000000000000000000e+00 0.000000000000000000e+00 0.000000000000000000e+00 0.000000000000000000e+00 0.000000000000000000e+00 0.000000000000000000e+00 0.000000000000000000e+00 0.000000000000000000e+00 0.000000000000000000e+00 0.000000000000000000e+00 0.000000000000000000e+00 0.000000000000000000e+00 0.000000000000000000e+00 5.021309107542037964e-02 3.932495117187500000e-01 8.769323229789733887e-01 8.675990104675292969e-01 5.494914054870605469e-01 1.922301054000854492e-01 5.131389945745468140e-02 1.724455505609512329e-02 1.726168789900839329e-03 0.000000000000000000e+00 0.000000000000000000e+00 0.000000000000000000e+00 0.000000000000000000e+00 0.000000000000000000e+00 0.000000000000000000e+00 0.000000000000000000e+00 0.000000000000000000e+00 0.000000000000000000e+00 0.000000000000000000e+00 0.000000000000000000e+00 0.000000000000000000e+00 0.000000000000000000e+00 0.000000000000000000e+00 0.000000000000000000e+00 0.000000000000000000e+00 0.000000000000000000e+00 0.000000000000000000e+00 1.057974435389041901e-02 1.138771697878837585e-01 2.001213580369949341e-01 2.129912376403808594e-01 1.921458542346954346e-01 2.404057681560516357e-01 2.983316592872142792e-02 4.568850272335112095e-05 0.000000000000000000e+00 0.000000000000000000e+00 0.000000000000000000e+00 0.000000000000000000e+00 0.000000000000000000e+00 0.000000000000000000e+00 0.000000000000000000e+00 0.000000000000000000e+00 0.000000000000000000e+00 0.000000000000000000e+00 0.000000000000000000e+00 0.000000000000000000e+00 0.000000000000000000e+00 0.000000000000000000e+00
2.462686643411871046e-05 6.044776091584935784e-05 1.988806034205481410e-04 6.817164248786866665e-04 1.727611990645527840e-03 3.204850712791085243e-03 5.826492328196763992e-03 9.768283925950527191e-03 1.290261186659336090e-02 1.860485039651393890e-02 2.284813486039638519e-02 3.060485050082206726e-02 3.321567177772521973e-02 3.849104419350624084e-02 4.394850879907608032e-02 3.855559602379798889e-02 2.883693948388099670e-02 2.449365705251693726e-02 2.342761121690273285e-02 2.523022331297397614e-02 2.411343343555927277e-02 2.331007458269596100e-02 2.300671674311161041e-02 2.104514837265014648e-02 1.446977630257606506e-02 1.115634292364120483e-02 9.037313051521778107e-03 7.076119538396596909e-03 3.833955153822898865e-03 2.350746217416599393e-04 3.395522435312159359e-05 2.947761277027893811e-05 0.000000000000000000e+00 0.000000000000000000e+00 0.000000000000000000e+00 0.000000000000000000e+00 0.000000000000000000e+00 0.000000000000000000e+00 0.000000000000000000e+00 0.000000000000000000e+00 0.000000000000000000e+00 0.000000000000000000e+00 0.000000000000000000e+00 0.000000000000000000e+00 0.000000000000000000e+00 0.000000000000000000e+00 0.000000000000000000e+00 0.000000000000000000e+00 2.740365743637084961e+00 1.097955256700515747e-01 1.374873220920562744e-01 1.235149241983890533e-02 0.000000000000000000e+00 0.000000000000000000e+00 0.000000000000000000e+00 0.000000000000000000e+00 0.000000000000000000e+00 0.000000000000000000e+00 0.000000000000000000e+00 0.000000000000000000e+00 0.000000000000000000e+00 0.000000000000000000e+00 0.000000000000000000e+00 0.000000000000000000e+00 0.000000000000000000e+00 0.000000000000000000e+00 0.000000000000000000e+00 0.000000000000000000e+00 0.000000000000000000e+00 0.000000000000000000e+00 0.000000000000000000e+00 0.000000000000000000e+00 0.000000000000000000e+00 0.000000000000000000e+00 0.000000000000000000e+00 0.000000000000000000e+00 7.153731305152177811e-03 4.907537251710891724e-02 4.065373167395591736e-02 9.031171798706054688e-01 0.000000000000000000e+00 0.000000000000000000e+00 0.000000000000000000e+00 0.000000000000000000e+00 0.000000000000000000e+00 0.000000000000000000e+00 0.000000000000000000e+00 0.000000000000000000e+00 0.000000000000000000e+00 0.000000000000000000e+00 0.000000000000000000e+00 0.000000000000000000e+00 0.000000000000000000e+00 0.000000000000000000e+00 0.000000000000000000e+00 0.000000000000000000e+00
1.085757867258507758e-05 1.557826544740237296e-05 2.124308957718312740e-05 2.464198332745581865e-04 1.540832105092704296e-03 6.910140626132488251e-03 1.467614248394966125e-02 1.994442753493785858e-02 3.625345602631568909e-02 6.488253176212310791e-02 8.671759068965911865e-02 6.366742402315139771e-02 4.506178572773933411e-02 3.535982966423034668e-02 3.140106052160263062e-02 2.352648414671421051e-02 1.639258302748203278e-02 1.162091363221406937e-02 1.112571358680725098e-02 1.034255232661962509e-02 1.079054549336433411e-02 5.996216088533401489e-03 1.590871368534862995e-03 3.148697724100202322e-04 1.170730247395113111e-04 9.724614210426807404e-05 9.016510739456862211e-05 9.063717880053445697e-05 1.066875120159238577e-04 1.255702518392354250e-04 1.732491946313530207e-04 7.892987923696637154e-04 0.000000000000000000e+00 0.000000000000000000e+00 0.000000000000000000e+00 0.000000000000000000e+00 0.000000000000000000e+00 0.000000000000000000e+00 0.000000000000000000e+00 0.000000000000000000e+00 0.000000000000000000e+00 0.000000000000000000e+00 0.000000000000000000e+00 0.000000000000000000e+00 0.000000000000000000e+00 0.000000000000000000e+00 0.000000000000000000e+00 6.146333762444555759e-04 5.004871636629104614e-02 1.959434151649475098e-01 2.036447525024414062e-01 5.339663028717041016e-01 7.479946613311767578e-01 7.010021209716796875e-01 4.319342970848083496e-01 1.083454191684722900e-01 2.650570869445800781e-02 0.000000000000000000e+00 0.000000000000000000e+00 0.000000000000000000e+00 0.000000000000000000e+00 0.000000000000000000e+00 0.000000000000000000e+00 0.000000000000000000e+00 0.000000000000000000e+00 0.000000000000000000e+00 0.000000000000000000e+00 0.000000000000000000e+00 0.000000000000000000e+00 0.000000000000000000e+00 0.000000000000000000e+00 0.000000000000000000e+00 0.000000000000000000e+00 0.000000000000000000e+00 0.000000000000000000e+00 0.000000000000000000e+00 0.000000000000000000e+00 3.491362929344177246e-01 6.189122200012207031e-01 3.175511211156845093e-02 1.963805552804842591e-04 0.000000000000000000e+00 0.000000000000000000e+00 0.000000000000000000e+00 0.000000000000000000e+00 0.000000000000000000e+00 0.000000000000000000e+00 0.000000000000000000e+00 0.000000000000000000e+00 0.000000000000000000e+00 0.000000000000000000e+00 0.000000000000000000e+00 0.000000000000000000e+00 0.000000000000000000e+00 0.000000000000000000e+00 0.000000000000000000e+00
6.020066794008016586e-04 2.274944214150309563e-03 3.111761528998613358e-03 2.987736836075782776e-03 3.349358914420008659e-03 3.900501644238829613e-03 3.943701274693012238e-03 3.207915229722857475e-03 3.189799375832080841e-03 3.341694595292210579e-03 3.695652121677994728e-03 4.904543049633502960e-03 7.167642004787921906e-03 9.623048827052116394e-03 1.516931410878896713e-02 2.162764780223369598e-02 2.992614358663558960e-02 3.536719456315040588e-02 3.469063714146614075e-02 3.789924830198287964e-02 3.947672620415687561e-02 4.309643432497978210e-02 4.798982664942741394e-02 5.314032733440399170e-02 4.722408205270767212e-02 3.133988380432128906e-02 7.719481829553842545e-03 3.065774944843724370e-05 2.090300995405414142e-06 0.000000000000000000e+00 0.000000000000000000e+00 0.000000000000000000e+00 0.000000000000000000e+00 0.000000000000000000e+00 0.000000000000000000e+00 0.000000000000000000e+00 0.000000000000000000e+00 0.000000000000000000e+00 0.000000000000000000e+00 0.000000000000000000e+00 0.000000000000000000e+00 0.000000000000000000e+00 0.000000000000000000e+00 0.000000000000000000e+00 0.000000000000000000e+00 0.000000000000000000e+00 0.000000000000000000e+00 7.107022975105792284e-05 2.362035751342773438e+00 6.378929615020751953e-01 0.000000000000000000e+00 0.000000000000000000e+00 0.000000000000000000e+00 0.000000000000000000e+00 0.000000000000000000e+00 0.000000000000000000e+00 0.000000000000000000e+00 0.000000000000000000e+00 0.000000000000000000e+00 0.000000000000000000e+00 0.000000000000000000e+00 0.000000000000000000e+00 0.000000000000000000e+00 0.000000000000000000e+00 0.000000000000000000e+00 0.000000000000000000e+00 0.000000000000000000e+00 0.000000000000000000e+00 0.000000000000000000e+00 0.000000000000000000e+00 0.000000000000000000e+00 0.000000000000000000e+00 0.000000000000000000e+00 0.000000000000000000e+00 0.000000000000000000e+00 0.000000000000000000e+00 0.000000000000000000e+00 0.000000000000000000e+00 1.233821064233779907e-01 8.759796619415283203e-01 6.382385618053376675e-04 0.000000000000000000e+00 0.000000000000000000e+00 0.000000000000000000e+00 0.000000000000000000e+00 0.000000000000000000e+00 0.000000000000000000e+00 0.000000000000000000e+00 0.000000000000000000e+00 0.000000000000000000e+00 0.000000000000000000e+00 0.000000000000000000e+00 0.000000000000000000e+00 0.000000000000000000e+00 0.000000000000000000e+00 0.000000000000000000e+00
1.559525298944208771e-05 2.483688585925847292e-04 1.436496153473854065e-03 3.166414098814129829e-03 1.333509664982557297e-02 2.588349953293800354e-02 3.580843657255172729e-02 5.227586627006530762e-02 5.894428119063377380e-02 5.173696577548980713e-02 4.948836192488670349e-02 4.697521403431892395e-02 3.256519883871078491e-02 1.956742256879806519e-02 1.517533697187900543e-02 1.233353465795516968e-02 1.005373988300561905e-02 1.060592755675315857e-02 9.777069091796875000e-03 9.373324923217296600e-03 6.877506617456674576e-03 6.716355681419372559e-03 6.044026929885149002e-03 7.378865499049425125e-03 6.741770543158054352e-03 3.377816407009959221e-03 1.058744383044540882e-03 9.438016568310558796e-04 5.885764257982373238e-04 4.990480956621468067e-04 3.968125674873590469e-04 6.105253123678267002e-04 0.000000000000000000e+00 0.000000000000000000e+00 0.000000000000000000e+00 0.000000000000000000e+00 0.000000000000000000e+00 0.000000000000000000e+00 0.000000000000000000e+00 0.000000000000000000e+00 0.000000000000000000e+00 0.000000000000000000e+00 0.000000000000000000e+00 0.000000000000000000e+00 0.000000000000000000e+00 0.000000000000000000e+00 0.000000000000000000e+00 5.327685177326202393e-02 9.071482419967651367e-01 1.187204241752624512e+00 3.877118825912475586e-01 2.565245926380157471e-01 1.701234281063079834e-01 3.801082819700241089e-02 0.000000000000000000e+00 0.000000000000000000e+00 0.000000000000000000e+00 0.000000000000000000e+00 0.000000000000000000e+00 0.000000000000000000e+00 0.000000000000000000e+00 0.000000000000000000e+00 0.000000000000000000e+00 0.000000000000000000e+00 0.000000000000000000e+00 0.000000000000000000e+00 0.000000000000000000e+00 0.000000000000000000e+00 0.000000000000000000e+00 0.000000000000000000e+00 0.000000000000000000e+00 0.000000000000000000e+00 0.000000000000000000e+00 1.721253938740119338e-04 1.079422608017921448e-02 5.218403041362762451e-02 1.000187173485755920e-01 1.104478985071182251e-01 1.954986304044723511e-01 5.006734728813171387e-01 3.021089360117912292e-02 0.000000000000000000e+00 0.000000000000000000e+00 0.000000000000000000e+00 0.000000000000000000e+00 0.000000000000000000e+00 0.000000000000000000e+00 0.000000000000000000e+00 0.000000000000000000e+00 0.000000000000000000e+00 0.000000000000000000e+00 0.000000000000000000e+00 0.000000000000000000e+00 0.000000000000000000e+00 0.000000000000000000e+00 0.000000000000000000e+00
3.832771256566047668e-02 7.540396600961685181e-02 6.613151729106903076e-02 6.193465739488601685e-02 5.157733708620071411e-02 3.887535259127616882e-02 2.931034564971923828e-02 2.338830567896366119e-02 2.077398821711540222e-02 1.768907159566879272e-02 1.556305214762687683e-02 1.338393334299325943e-02 1.107675302773714066e-02 9.079835377633571625e-03 6.962143816053867340e-03 4.916291683912277222e-03 3.580501303076744080e-03 3.111985744908452034e-03 2.612235490232706070e-03 2.191612496972084045e-03 1.907379599288105965e-03 1.350366510450839996e-03 6.788272294215857983e-04 1.457604521419852972e-04 2.082292121485807002e-05 5.205730303714517504e-06 1.041146106217638589e-06 0.000000000000000000e+00 0.000000000000000000e+00 0.000000000000000000e+00 0.000000000000000000e+00 0.000000000000000000e+00 0.000000000000000000e+00 0.000000000000000000e+00 0.000000000000000000e+00 0.000000000000000000e+00 0.000000000000000000e+00 0.000000000000000000e+00 0.000000000000000000e+00 0.000000000000000000e+00 0.000000000000000000e+00 0.000000000000000000e+00 0.000000000000000000e+00 0.000000000000000000e+00 0.000000000000000000e+00 0.000000000000000000e+00 0.000000000000000000e+00 5.934532731771469116e-03 1.616435527801513672e+00 9.166041612625122070e-01 4.401799142360687256e-01 2.084582671523094177e-02 0.000000000000000000e+00 0.000000000000000000e+00 0.000000000000000000e+00 0.000000000000000000e+00 0.000000000000000000e+00 0.000000000000000000e+00 0.000000000000000000e+00 0.000000000000000000e+00 0.000000000000000000e+00 0.000000000000000000e+00 0.000000000000000000e+00 0.000000000000000000e+00 0.000000000000000000e+00 0.000000000000000000e+00 0.000000000000000000e+00 0.000000000000000000e+00 0.000000000000000000e+00 0.000000000000000000e+00 0.000000000000000000e+00 0.000000000000000000e+00 0.000000000000000000e+00 0.000000000000000000e+00 0.000000000000000000e+00 0.000000000000000000e+00 1.153798121958971024e-02 1.112443804740905762e-01 2.109736800193786621e-01 6.496126651763916016e-01 1.663126796483993530e-02 0.000000000000000000e+00 0.000000000000000000e+00 0.000000000000000000e+00 0.000000000000000000e+00 0.000000000000000000e+00 0.000000000000000000e+00 0.000000000000000000e+00 0.000000000000000000e+00 0.000000000000000000e+00 0.000000000000000000e+00 0.000000000000000000e+00 0.000000000000000000e+00 0.000000000000000000e+00 0.000000000000000000e+00 0.000000000000000000e+00
4.031185380881652236e-05 5.213666008785367012e-04 5.223968066275119781e-03 1.440521609038114548e-02 2.153548784554004669e-02 2.472057193517684937e-02 2.550038136541843414e-02 2.215091511607170105e-02 1.891163364052772522e-02 2.016443572938442230e-02 2.127704396843910217e-02 2.279993519186973572e-02 2.131825126707553864e-02 1.688215509057044983e-02 1.966501772403717041e-02 2.444018051028251648e-02 2.601950988173484802e-02 2.725932188332080841e-02 2.037361077964305878e-02 1.705773733556270599e-02 2.273319661617279053e-02 2.927536331117153168e-02 3.441557288169860840e-02 2.493198402225971222e-02 7.922622375190258026e-03 4.475959576666355133e-03 3.008608007803559303e-03 1.699816435575485229e-03 8.465488790534436703e-04 3.193594457115978003e-04 8.958189573604613543e-05 1.433310353604611009e-05 0.000000000000000000e+00 0.000000000000000000e+00 0.000000000000000000e+00 0.000000000000000000e+00 0.000000000000000000e+00 0.000000000000000000e+00 0.000000000000000000e+00 0.000000000000000000e+00 0.000000000000000000e+00 0.000000000000000000e+00 0.000000000000000000e+00 9.943589975591748953e-05 1.459289109334349632e-03 2.894390840083360672e-03 2.457410469651222229e-02 3.052682057023048401e-02 9.140766263008117676e-01 8.485671281814575195e-01 3.817801475524902344e-01 1.769690364599227905e-01 2.689714431762695312e-01 2.841152548789978027e-01 6.591525673866271973e-02 5.106168100610375404e-05 0.000000000000000000e+00 0.000000000000000000e+00 0.000000000000000000e+00 0.000000000000000000e+00 0.000000000000000000e+00 0.000000000000000000e+00 0.000000000000000000e+00 0.000000000000000000e+00 0.000000000000000000e+00 0.000000000000000000e+00 0.000000000000000000e+00 0.000000000000000000e+00 0.000000000000000000e+00 0.000000000000000000e+00 0.000000000000000000e+00 0.000000000000000000e+00 0.000000000000000000e+00 0.000000000000000000e+00 5.374913598643615842e-06 1.352686667814850807e-04 2.019534260034561157e-02 2.379465252161026001e-01 6.511214971542358398e-01 7.337832450866699219e-02 7.047407794743776321e-03 9.261871688067913055e-03 5.419704830273985863e-04 3.654941392596811056e-04 8.958189710028818808e-07 0.000000000000000000e+00 0.000000000000000000e+00 0.000000000000000000e+00 0.000000000000000000e+00 0.000000000000000000e+00 0.000000000000000000e+00 0.000000000000000000e+00 0.000000000000000000e+00 0.000000000000000000e+00 0.000000000000000000e+00 0.000000000000000000e+00
1.186208892613649368e-02 7.742147427052259445e-03 3.537218319252133369e-03 4.988108761608600616e-03 4.484994802623987198e-03 5.841573700308799744e-03 9.364448487758636475e-03 9.163991548120975494e-03 1.173478644341230392e-02 1.502995006740093231e-02 1.622193306684494019e-02 2.220587059855461121e-02 2.890772186219692230e-02 3.739826381206512451e-02 4.908930137753486633e-02 5.725029483437538147e-02 6.938742846250534058e-02 5.917130783200263977e-02 4.117897152900695801e-02 2.220873907208442688e-02 7.147590629756450653e-03 4.643136635422706604e-03 1.333270221948623657e-03 9.682167001301422715e-05 8.606370101915672421e-06 1.434395016985945404e-06 0.000000000000000000e+00 0.000000000000000000e+00 0.000000000000000000e+00 0.000000000000000000e+00 0.000000000000000000e+00 0.000000000000000000e+00 0.000000000000000000e+00 0.000000000000000000e+00 0.000000000000000000e+00 0.000000000000000000e+00 0.000000000000000000e+00 0.000000000000000000e+00 0.000000000000000000e+00 0.000000000000000000e+00 0.000000000000000000e+00 1.254378585144877434e-03 2.110712230205535889e-03 1.136040897108614445e-03 1.058583613485097885e-03 1.929333060979843140e-02 2.615476027131080627e-02 2.296416461467742920e-01 7.603147029876708984e-01 7.470544576644897461e-01 3.638902306556701660e-01 6.720348596572875977e-01 1.699349433183670044e-01 5.508077330887317657e-03 6.132038543000817299e-04 0.000000000000000000e+00 0.000000000000000000e+00 0.000000000000000000e+00 0.000000000000000000e+00 0.000000000000000000e+00 0.000000000000000000e+00 0.000000000000000000e+00 0.000000000000000000e+00 0.000000000000000000e+00 0.000000000000000000e+00 0.000000000000000000e+00 0.000000000000000000e+00 0.000000000000000000e+00 0.000000000000000000e+00 0.000000000000000000e+00 3.585987769838538952e-06 9.194472222588956356e-04 9.725916199386119843e-03 4.692049697041511536e-02 1.417720168828964233e-01 1.183526515960693359e-01 8.732310682535171509e-02 2.561205625534057617e-01 1.515940427780151367e-01 1.142531558871269226e-01 6.653728336095809937e-02 6.477728020399808884e-03 0.000000000000000000e+00 0.000000000000000000e+00 0.000000000000000000e+00 0.000000000000000000e+00 0.000000000000000000e+00 0.000000000000000000e+00 0.000000000000000000e+00 0.000000000000000000e+00 0.000000000000000000e+00 0.000000000000000000e+00 0.000000000000000000e+00 0.000000000000000000e+00 0.000000000000000000e+00 0.000000000000000000e+00
3.151863068342208862e-02 2.715919911861419678e-02 1.513492036610841751e-02 1.573564670979976654e-02 1.831246726214885712e-02 2.189280092716217041e-02 2.279860526323318481e-02 2.348625659942626953e-02 2.540532499551773071e-02 2.813920564949512482e-02 2.966420538723468781e-02 2.792802825570106506e-02 2.564943954348564148e-02 2.364370226860046387e-02 2.194666117429733276e-02 1.923512667417526245e-02 1.708569750189781189e-02 1.628031767904758453e-02 1.454465556889772415e-02 1.193883921951055527e-02 9.254363365471363068e-03 7.364548742771148682e-03 6.608377210795879364e-03 9.020194411277770996e-03 7.134061306715011597e-03 7.442626170814037323e-03 4.895965103060007095e-03 5.283769685775041580e-03 4.047508351504802704e-03 4.664638254325836897e-04 4.252615617588162422e-04 5.571346264332532883e-04 0.000000000000000000e+00 0.000000000000000000e+00 0.000000000000000000e+00 0.000000000000000000e+00 0.000000000000000000e+00 0.000000000000000000e+00 0.000000000000000000e+00 0.000000000000000000e+00 0.000000000000000000e+00 0.000000000000000000e+00 0.000000000000000000e+00 1.898662048915866762e-05 1.449454203248023987e-02 6.778030097484588623e-02 1.675038337707519531e-01 6.260539889335632324e-01 3.907016515731811523e-01 3.972656130790710449e-01 5.663515329360961914e-01 5.339049100875854492e-01 2.198701053857803345e-01 1.601192168891429901e-02 4.262302536517381668e-05 0.000000000000000000e+00 0.000000000000000000e+00 0.000000000000000000e+00 0.000000000000000000e+00 0.000000000000000000e+00 0.000000000000000000e+00 0.000000000000000000e+00 0.000000000000000000e+00 0.000000000000000000e+00 0.000000000000000000e+00 0.000000000000000000e+00 0.000000000000000000e+00 0.000000000000000000e+00 0.000000000000000000e+00 0.000000000000000000e+00 3.745659796550171450e-06 7.757390849292278290e-04 6.376275327056646347e-03 2.519795857369899750e-02 6.976705044507980347e-02 7.758643478155136108e-02 1.097318157553672791e-01 1.254148930311203003e-01 1.188598647713661194e-01 1.259412318468093872e-01 2.303942441940307617e-01 6.707340478897094727e-02 2.914924174547195435e-02 1.119009405374526978e-02 2.530903555452823639e-03 7.103837560862302780e-06 0.000000000000000000e+00 0.000000000000000000e+00 0.000000000000000000e+00 0.000000000000000000e+00 0.000000000000000000e+00 0.000000000000000000e+00 0.000000000000000000e+00 0.000000000000000000e+00 0.000000000000000000e+00 0.000000000000000000e+00
4.289231583243235946e-06 1.930154212459456176e-05 1.844369544414803386e-04 9.765150025486946106e-04 3.057507099583745003e-03 6.521061528474092484e-03 8.171700872480869293e-03 1.139577291905879974e-02 2.186221256852149963e-02 2.361579425632953644e-02 2.336987666785717010e-02 2.122097276151180267e-02 1.805551908910274506e-02 1.968685723841190338e-02 1.756797730922698975e-02 9.951732121407985687e-03 5.044136196374893188e-03 6.008498370647430420e-03 6.813444197177886963e-03 5.803330335766077042e-03 1.961894519627094269e-02 4.329049959778785706e-02 6.642375141382217407e-02 6.298951059579849243e-02 4.930757358670234680e-02 4.715938493609428406e-02 1.065159100107848644e-03 5.361539297155104578e-05 6.433847011066973209e-05 1.115200211643241346e-04 1.944451651070266962e-04 3.903200558852404356e-04 0.000000000000000000e+00 0.000000000000000000e+00 0.000000000000000000e+00 0.000000000000000000e+00 0.000000000000000000e+00 0.000000000000000000e+00 0.000000000000000000e+00 0.000000000000000000e+00 0.000000000000000000e+00 0.000000000000000000e+00 0.000000000000000000e+00 0.000000000000000000e+00 1.072307932190597057e-04 2.852338831871747971e-03 1.115714907646179199e-01 7.771658897399902344e-02 9.753283262252807617e-01 1.035579204559326172e+00 2.399996519088745117e-01 1.158778816461563110e-01 3.709370493888854980e-01 7.003027945756912231e-02 0.000000000000000000e+00 0.000000000000000000e+00 0.000000000000000000e+00 0.000000000000000000e+00 0.000000000000000000e+00 0.000000000000000000e+00 0.000000000000000000e+00 0.000000000000000000e+00 0.000000000000000000e+00 0.000000000000000000e+00 0.000000000000000000e+00 0.000000000000000000e+00 0.000000000000000000e+00 0.000000000000000000e+00 0.000000000000000000e+00 0.000000000000000000e+00 0.000000000000000000e+00 0.000000000000000000e+00 0.000000000000000000e+00 3.474277444183826447e-03 5.521241575479507446e-02 9.968174248933792114e-02 7.226211577653884888e-02 7.632544636726379395e-02 5.447967052459716797e-01 9.404426068067550659e-02 1.919431053102016449e-02 1.794900372624397278e-02 1.627048477530479431e-02 7.892185822129249573e-04 0.000000000000000000e+00 0.000000000000000000e+00 0.000000000000000000e+00 0.000000000000000000e+00 0.000000000000000000e+00 0.000000000000000000e+00 0.000000000000000000e+00 0.000000000000000000e+00 0.000000000000000000e+00 0.000000000000000000e+00 0.000000000000000000e+00 0.000000000000000000e+00
1.334508322179317474e-02 6.471243221312761307e-03 1.035807095468044281e-02 2.530241198837757111e-02 6.117996200919151306e-02 4.748237505555152893e-02 5.224118754267692566e-02 6.247495487332344055e-02 5.366233736276626587e-02 3.002782911062240601e-02 1.476066745817661285e-02 9.037105366587638855e-03 7.764378562569618225e-03 7.558441720902919769e-03 9.131725877523422241e-03 1.194434147328138351e-02 1.422077883034944534e-02 1.244526915252208710e-02 1.072170678526163101e-02 1.213729102164506912e-02 1.210389565676450729e-02 9.734693914651870728e-03 4.892393480986356735e-03 7.866419036872684956e-04 1.632653002161532640e-04 3.896103953593410552e-05 1.298701317864470184e-05 0.000000000000000000e+00 0.000000000000000000e+00 0.000000000000000000e+00 0.000000000000000000e+00 0.000000000000000000e+00 0.000000000000000000e+00 0.000000000000000000e+00 0.000000000000000000e+00 0.000000000000000000e+00 0.000000000000000000e+00 0.000000000000000000e+00 0.000000000000000000e+00 0.000000000000000000e+00 0.000000000000000000e+00 0.000000000000000000e+00 0.000000000000000000e+00 0.000000000000000000e+00 0.000000000000000000e+00 0.000000000000000000e+00 0.000000000000000000e+00 3.508719801902770996e-02 7.543635964393615723e-01 7.448571324348449707e-01 7.402151823043823242e-01 6.319591999053955078e-01 9.351762384176254272e-02 0.000000000000000000e+00 0.000000000000000000e+00 0.000000000000000000e+00 0.000000000000000000e+00 0.000000000000000000e+00 0.000000000000000000e+00 0.000000000000000000e+00 0.000000000000000000e+00 0.000000000000000000e+00 0.000000000000000000e+00 0.000000000000000000e+00 0.000000000000000000e+00 0.000000000000000000e+00 0.000000000000000000e+00 0.000000000000000000e+00 0.000000000000000000e+00 0.000000000000000000e+00 0.000000000000000000e+00 0.000000000000000000e+00 0.000000000000000000e+00 0.000000000000000000e+00 0.000000000000000000e+00 0.000000000000000000e+00 9.261595085263252258e-03 2.080742120742797852e-01 4.879925847053527832e-01 2.507384121417999268e-01 4.393320903182029724e-02 0.000000000000000000e+00 0.000000000000000000e+00 0.000000000000000000e+00 0.000000000000000000e+00 0.000000000000000000e+00 0.000000000000000000e+00 0.000000000000000000e+00 0.000000000000000000e+00 0.000000000000000000e+00 0.000000000000000000e+00 0.000000000000000000e+00 0.000000000000000000e+00 0.000000000000000000e+00 0.000000000000000000e+00 0.000000000000000000e+00
2.576115308329463005e-03 4.611555952578783035e-03 5.927522201091051102e-03 6.833550054579973221e-03 8.193532004952430725e-03 8.461845107376575470e-03 7.977957837283611298e-03 7.659756578505039215e-03 7.685983553528785706e-03 8.500558324158191681e-03 9.199450723826885223e-03 9.313480928540229797e-03 1.039597019553184509e-02 1.289750915020704269e-02 1.543576642870903015e-02 1.697568781673908234e-02 2.108750678598880768e-02 2.918610908091068268e-02 3.852900862693786621e-02 5.159659683704376221e-02 6.154277175664901733e-02 5.589234456419944763e-02 4.923234879970550537e-02 3.093174099922180176e-02 1.089126057922840118e-02 3.643552772700786591e-03 1.703441375866532326e-03 1.041780691593885422e-03 7.245484157465398312e-04 5.401614471338689327e-04 5.673576961271464825e-04 2.432266046525910497e-04 0.000000000000000000e+00 0.000000000000000000e+00 0.000000000000000000e+00 0.000000000000000000e+00 0.000000000000000000e+00 0.000000000000000000e+00 0.000000000000000000e+00 0.000000000000000000e+00 0.000000000000000000e+00 0.000000000000000000e+00 0.000000000000000000e+00 0.000000000000000000e+00 0.000000000000000000e+00 0.000000000000000000e+00 8.552271174266934395e-05 6.677897572517395020e-01 1.010493636131286621e+00 1.028830051422119141e+00 2.681896686553955078e-01 2.364703081548213959e-02 6.964969797991216183e-04 2.675150462891906500e-04 3.420908569751190953e-07 0.000000000000000000e+00 0.000000000000000000e+00 0.000000000000000000e+00 0.000000000000000000e+00 0.000000000000000000e+00 0.000000000000000000e+00 0.000000000000000000e+00 0.000000000000000000e+00 0.000000000000000000e+00 0.000000000000000000e+00 0.000000000000000000e+00 0.000000000000000000e+00 0.000000000000000000e+00 0.000000000000000000e+00 0.000000000000000000e+00 4.561211426334921271e-07 1.334154330834280699e-05 1.044517412083223462e-04 3.651249862741678953e-04 2.202722942456603050e-03 1.611111126840114594e-02 5.324245244264602661e-02 1.242206022143363953e-01 2.358719855546951294e-01 2.878420948982238770e-01 2.797736525535583496e-01 2.520069247111678123e-04 0.000000000000000000e+00 0.000000000000000000e+00 0.000000000000000000e+00 0.000000000000000000e+00 0.000000000000000000e+00 0.000000000000000000e+00 0.000000000000000000e+00 0.000000000000000000e+00 0.000000000000000000e+00 0.000000000000000000e+00 0.000000000000000000e+00 0.000000000000000000e+00 0.000000000000000000e+00 0.000000000000000000e+00
2.376633509993553162e-02 3.095365129411220551e-02 2.005542628467082977e-02 1.647506467998027802e-02 2.305074594914913177e-02 2.586877904832363129e-02 2.012392319738864899e-02 1.709435507655143738e-02 1.445562019944190979e-02 1.234471425414085388e-02 9.975534863770008087e-03 7.345261983573436737e-03 6.416527554392814636e-03 6.756996270269155502e-03 7.535038050264120102e-03 7.889206521213054657e-03 7.510459981858730316e-03 6.677620578557252884e-03 7.572107017040252686e-03 1.293620280921459198e-02 3.720699623227119446e-02 4.594153165817260742e-02 2.451173961162567139e-02 3.129492700099945068e-02 3.557274490594863892e-02 3.586204349994659424e-02 4.720630124211311340e-03 8.219602023018524051e-05 3.626294983405387029e-06 0.000000000000000000e+00 0.000000000000000000e+00 0.000000000000000000e+00 0.000000000000000000e+00 0.000000000000000000e+00 0.000000000000000000e+00 0.000000000000000000e+00 0.000000000000000000e+00 0.000000000000000000e+00 0.000000000000000000e+00 0.000000000000000000e+00 0.000000000000000000e+00 0.000000000000000000e+00 0.000000000000000000e+00 0.000000000000000000e+00 0.000000000000000000e+00 0.000000000000000000e+00 1.636667875573039055e-03 3.020486235618591309e-01 9.314888119697570801e-01 1.429125308990478516e+00 1.168851554393768311e-01 1.130219399929046631e-01 6.940003484487533569e-02 3.337641805410385132e-02 3.002572339028120041e-03 1.450517993362154812e-05 0.000000000000000000e+00 0.000000000000000000e+00 0.000000000000000000e+00 0.000000000000000000e+00 0.000000000000000000e+00 0.000000000000000000e+00 0.000000000000000000e+00 0.000000000000000000e+00 0.000000000000000000e+00 0.000000000000000000e+00 0.000000000000000000e+00 0.000000000000000000e+00 0.000000000000000000e+00 0.000000000000000000e+00 0.000000000000000000e+00 0.000000000000000000e+00 0.000000000000000000e+00 0.000000000000000000e+00 0.000000000000000000e+00 2.672982402145862579e-03 1.666484028100967407e-02 3.698740154504776001e-02 5.532082319259643555e-01 1.975814998149871826e-01 1.919752508401870728e-01 9.097971487790346146e-04 0.000000000000000000e+00 0.000000000000000000e+00 0.000000000000000000e+00 0.000000000000000000e+00 0.000000000000000000e+00 0.000000000000000000e+00 0.000000000000000000e+00 0.000000000000000000e+00 0.000000000000000000e+00 0.000000000000000000e+00 0.000000000000000000e+00 0.000000000000000000e+00 0.000000000000000000e+00 0.000000000000000000e+00
5.744752008467912674e-03 1.035382132977247238e-02 2.599832788109779358e-02 2.276830188930034637e-02 1.897146552801132202e-02 2.055399492383003235e-02 2.188457362353801727e-02 2.571853250265121460e-02 2.492348663508892059e-02 2.150234580039978027e-02 2.038006857037544250e-02 1.696889661252498627e-02 1.426649466156959534e-02 1.154381316155195236e-02 7.659669034183025360e-03 4.453703761100769043e-03 2.890078118070960045e-03 2.114280359819531441e-03 1.954789971932768822e-03 1.912167528644204140e-03 1.828641165047883987e-03 3.213183721527457237e-03 7.748007774353027344e-03 3.426261618733406067e-02 6.856717169284820557e-02 5.160033702850341797e-02 3.215624392032623291e-02 1.800661534070968628e-02 5.362181036616675556e-05 0.000000000000000000e+00 0.000000000000000000e+00 0.000000000000000000e+00 0.000000000000000000e+00 0.000000000000000000e+00 0.000000000000000000e+00 0.000000000000000000e+00 0.000000000000000000e+00 0.000000000000000000e+00 0.000000000000000000e+00 0.000000000000000000e+00 0.000000000000000000e+00 0.000000000000000000e+00 0.000000000000000000e+00 0.000000000000000000e+00 0.000000000000000000e+00 0.000000000000000000e+00 0.000000000000000000e+00 4.774403572082519531e-02 1.428053975105285645e+00 1.370084762573242188e+00 8.876471966505050659e-02 3.281654790043830872e-02 1.176998764276504517e-02 1.998649910092353821e-02 7.795786368660628796e-04 0.000000000000000000e+00 0.000000000000000000e+00 0.000000000000000000e+00 0.000000000000000000e+00 0.000000000000000000e+00 0.000000000000000000e+00 0.000000000000000000e+00 0.000000000000000000e+00 0.000000000000000000e+00 0.000000000000000000e+00 0.000000000000000000e+00 0.000000000000000000e+00 0.000000000000000000e+00 0.000000000000000000e+00 0.000000000000000000e+00 0.000000000000000000e+00 0.000000000000000000e+00 0.000000000000000000e+00 0.000000000000000000e+00 9.005713945953175426e-05 7.677542977035045624e-03 1.885425299406051636e-02 3.304478526115417480e-02 5.134061574935913086e-01 2.998566031455993652e-01 8.446122705936431885e-02 3.625109419226646423e-02 6.347309798002243042e-03 1.099934524972923100e-05 0.000000000000000000e+00 0.000000000000000000e+00 0.000000000000000000e+00 0.000000000000000000e+00 0.000000000000000000e+00 0.000000000000000000e+00 0.000000000000000000e+00 0.000000000000000000e+00 0.000000000000000000e+00 0.000000000000000000e+00 0.000000000000000000e+00 0.000000000000000000e+00
2.274758648127317429e-03 2.312678610906004906e-03 2.799111185595393181e-03 4.314857535064220428e-03 6.753545720130205154e-03 9.643577970564365387e-03 1.361395604908466339e-02 2.004352211952209473e-02 2.415425330400466919e-02 2.500627934932708740e-02 2.653642930090427399e-02 2.804811298847198486e-02 2.933671139180660248e-02 3.721695393323898315e-02 4.433104768395423889e-02 4.265758767724037170e-02 3.643467277288436890e-02 2.997383847832679749e-02 2.571783028542995453e-02 2.092903666198253632e-02 1.609358005225658417e-02 1.298772543668746948e-02 1.066544372588396072e-02 1.012176182121038437e-02 8.385822176933288574e-03 4.905692767351865768e-03 2.213385188952088356e-03 1.064155949279665947e-03 6.071481620892882347e-04 3.817221440840512514e-04 4.112700698897242546e-04 6.352802301989868283e-05 0.000000000000000000e+00 0.000000000000000000e+00 0.000000000000000000e+00 0.000000000000000000e+00 0.000000000000000000e+00 0.000000000000000000e+00 0.000000000000000000e+00 0.000000000000000000e+00 0.000000000000000000e+00 0.000000000000000000e+00 0.000000000000000000e+00 4.986210842616856098e-04 1.510600280016660690e-02 1.575568877160549164e-02 4.189082235097885132e-02 5.286055803298950195e-01 1.031691431999206543e+00 8.341948986053466797e-01 3.309388756752014160e-01 1.551453918218612671e-01 4.491541907191276550e-02 1.257263822481036186e-03 0.000000000000000000e+00 0.000000000000000000e+00 0.000000000000000000e+00 0.000000000000000000e+00 0.000000000000000000e+00 0.000000000000000000e+00 0.000000000000000000e+00 0.000000000000000000e+00 0.000000000000000000e+00 0.000000000000000000e+00 0.000000000000000000e+00 0.000000000000000000e+00 0.000000000000000000e+00 0.000000000000000000e+00 0.000000000000000000e+00 0.000000000000000000e+00 0.000000000000000000e+00 1.354279561383009423e-06 1.345661439700052142e-04 2.794986590743064880e-03 1.416945736855268478e-02 2.632300741970539093e-02 5.229057744145393372e-02 1.584167182445526123e-01 3.035244643688201904e-01 2.618640959262847900e-01 1.566679775714874268e-01 8.380035869777202606e-03 5.095784552395343781e-03 4.242465365678071976e-03 4.140648059546947479e-03 1.856101676821708679e-03 9.775436046766117215e-05 0.000000000000000000e+00 0.000000000000000000e+00 0.000000000000000000e+00 0.000000000000000000e+00 0.000000000000000000e+00 0.000000000000000000e+00 0.000000000000000000e+00 0.000000000000000000e+00 0.000000000000000000e+00
3.354876535013318062e-03 3.689222736284136772e-03 4.871097858995199203e-03 5.233407486230134964e-03 6.196998059749603271e-03 6.777449510991573334e-03 6.366275716572999954e-03 7.161017041653394699e-03 7.911958731710910797e-03 7.109513040632009506e-03 6.632925476878881454e-03 5.978000350296497345e-03 6.408719811588525772e-03 1.045561581850051880e-02 2.007390372455120087e-02 4.220189154148101807e-02 8.252304047346115112e-02 1.172902733087539673e-01 8.974790573120117188e-02 3.457941114902496338e-02 1.004194468259811401e-02 4.409989807754755020e-03 2.981010591611266136e-03 2.199823036789894104e-03 1.845574355684220791e-03 1.306853839196264744e-03 2.439650706946849823e-04 1.905352983158081770e-04 2.311961434315890074e-04 2.690035908017307520e-04 3.271414607297629118e-04 1.389459590427577496e-03 0.000000000000000000e+00 0.000000000000000000e+00 0.000000000000000000e+00 0.000000000000000000e+00 0.000000000000000000e+00 0.000000000000000000e+00 0.000000000000000000e+00 0.000000000000000000e+00 0.000000000000000000e+00 0.000000000000000000e+00 0.000000000000000000e+00 0.000000000000000000e+00 0.000000000000000000e+00 3.782742656767368317e-03 1.116675231605768204e-02 3.169192001223564148e-02 1.051846861839294434e+00 1.572643876075744629e+00 3.183735609054565430e-01 8.360298350453376770e-03 2.009073738008737564e-03 1.249786000698804855e-04 0.000000000000000000e+00 0.000000000000000000e+00 0.000000000000000000e+00 0.000000000000000000e+00 0.000000000000000000e+00 0.000000000000000000e+00 0.000000000000000000e+00 0.000000000000000000e+00 0.000000000000000000e+00 0.000000000000000000e+00 0.000000000000000000e+00 0.000000000000000000e+00 0.000000000000000000e+00 0.000000000000000000e+00 0.000000000000000000e+00 0.000000000000000000e+00 0.000000000000000000e+00 0.000000000000000000e+00 2.354048920096829534e-04 4.551161255221813917e-04 6.442960584536194801e-04 5.285767372697591782e-03 4.078411310911178589e-02 1.134256422519683838e-01 2.495374679565429688e-01 5.696895718574523926e-01 1.658448949456214905e-02 2.739256946370005608e-03 6.189008709043264389e-04 0.000000000000000000e+00 0.000000000000000000e+00 0.000000000000000000e+00 0.000000000000000000e+00 0.000000000000000000e+00 0.000000000000000000e+00 0.000000000000000000e+00 0.000000000000000000e+00 0.000000000000000000e+00 0.000000000000000000e+00 0.000000000000000000e+00 0.000000000000000000e+00 0.000000000000000000e+00
6.621259450912475586e-02 1.063360497355461121e-01 1.106110960245132446e-01 7.687322795391082764e-02 2.086236886680126190e-02 8.439606055617332458e-03 5.846519954502582550e-03 4.959032870829105377e-03 4.515032283961772919e-03 4.307420924305915833e-03 4.164045676589012146e-03 3.998573403805494308e-03 3.955406602472066879e-03 3.906587138772010803e-03 3.962087444961071014e-03 3.910184372216463089e-03 4.042253829538822174e-03 4.149143118411302567e-03 4.411226604133844376e-03 4.735490772873163223e-03 5.145574454218149185e-03 6.021242123097181320e-03 6.272020284086465836e-03 6.044880952686071396e-03 5.976533982902765274e-03 5.812603048980236053e-03 5.228824447840452194e-03 4.325407091528177261e-03 3.196391975507140160e-03 1.427584793418645859e-03 3.196392208337783813e-04 3.134725193376652896e-05 0.000000000000000000e+00 0.000000000000000000e+00 0.000000000000000000e+00 0.000000000000000000e+00 0.000000000000000000e+00 0.000000000000000000e+00 0.000000000000000000e+00 0.000000000000000000e+00 0.000000000000000000e+00 0.000000000000000000e+00 0.000000000000000000e+00 0.000000000000000000e+00 0.000000000000000000e+00 0.000000000000000000e+00 0.000000000000000000e+00 4.931796714663505554e-02 2.950543403625488281e+00 1.387501397402957082e-04 0.000000000000000000e+00 0.000000000000000000e+00 0.000000000000000000e+00 0.000000000000000000e+00 0.000000000000000000e+00 0.000000000000000000e+00 0.000000000000000000e+00 0.000000000000000000e+00 0.000000000000000000e+00 0.000000000000000000e+00 0.000000000000000000e+00 0.000000000000000000e+00 0.000000000000000000e+00 0.000000000000000000e+00 0.000000000000000000e+00 0.000000000000000000e+00 0.000000000000000000e+00 0.000000000000000000e+00 0.000000000000000000e+00 0.000000000000000000e+00 0.000000000000000000e+00 0.000000000000000000e+00 0.000000000000000000e+00 0.000000000000000000e+00 0.000000000000000000e+00 0.000000000000000000e+00 0.000000000000000000e+00 0.000000000000000000e+00 2.363891326240263879e-05 3.317649364471435547e-01 6.682114005088806152e-01 0.000000000000000000e+00 0.000000000000000000e+00 0.000000000000000000e+00 0.000000000000000000e+00 0.000000000000000000e+00 0.000000000000000000e+00 0.000000000000000000e+00 0.000000000000000000e+00 0.000000000000000000e+00 0.000000000000000000e+00 0.000000000000000000e+00 0.000000000000000000e+00 0.000000000000000000e+00 0.000000000000000000e+00 0.000000000000000000e+00
8.546857163310050964e-03 9.072732180356979370e-03 8.476439863443374634e-03 1.125324051827192307e-02 2.058682963252067566e-02 3.317314386367797852e-02 3.669192641973495483e-02 3.063465096056461334e-02 2.726988308131694794e-02 2.492668665945529938e-02 2.238645963370800018e-02 1.989236846566200256e-02 1.885935105383396149e-02 2.039222791790962219e-02 1.970539987087249756e-02 2.108217962086200714e-02 2.151196636259555817e-02 2.233858965337276459e-02 2.634127624332904816e-02 2.623131498694419861e-02 2.719530276954174042e-02 1.835741102695465088e-02 1.026982627809047699e-02 4.528214223682880402e-03 2.753212582319974899e-03 2.155879745259881020e-03 1.657755230553448200e-03 1.180443796329200268e-03 9.116092696785926819e-04 6.705254199914634228e-04 5.213656113483011723e-04 4.249320190865546465e-04 0.000000000000000000e+00 0.000000000000000000e+00 0.000000000000000000e+00 0.000000000000000000e+00 0.000000000000000000e+00 0.000000000000000000e+00 0.000000000000000000e+00 0.000000000000000000e+00 0.000000000000000000e+00 0.000000000000000000e+00 0.000000000000000000e+00 4.786989302374422550e-05 6.525915116071701050e-02 2.259188443422317505e-01 4.533549547195434570e-01 5.738913416862487793e-01 9.067723751068115234e-01 3.271386921405792236e-01 1.160324662923812866e-01 9.612690657377243042e-02 9.735280275344848633e-02 8.313544094562530518e-02 5.043405666947364807e-02 4.318696912378072739e-03 2.164551697205752134e-04 0.000000000000000000e+00 0.000000000000000000e+00 0.000000000000000000e+00 0.000000000000000000e+00 0.000000000000000000e+00 0.000000000000000000e+00 0.000000000000000000e+00 0.000000000000000000e+00 0.000000000000000000e+00 0.000000000000000000e+00 0.000000000000000000e+00 0.000000000000000000e+00 0.000000000000000000e+00 0.000000000000000000e+00 0.000000000000000000e+00 8.533328946214169264e-05 1.622026204131543636e-03 1.353122293949127197e-02 2.171281166374683380e-02 2.629652805626392365e-02 3.075606003403663635e-02 7.451538741588592529e-02 1.739876419305801392e-01 1.205877289175987244e-01 1.026774570345878601e-01 1.041156351566314697e-01 1.044479459524154663e-01 8.638087660074234009e-02 6.394238770008087158e-02 5.126449465751647949e-02 2.384545095264911652e-02 2.310242707608267665e-04 0.000000000000000000e+00 0.000000000000000000e+00 0.000000000000000000e+00 0.000000000000000000e+00 0.000000000000000000e+00 0.000000000000000000e+00 0.000000000000000000e+00
2.620922587811946869e-02 5.255457386374473572e-02 6.872569769620895386e-02 6.276100128889083862e-02 3.955769538879394531e-02 2.305925637483596802e-02 1.598682068288326263e-02 1.318192388862371445e-02 1.210417691618204117e-02 1.174564473330974579e-02 1.198777928948402405e-02 1.193197816610336304e-02 1.157916150987148285e-02 1.212488673627376556e-02 1.288656797260046005e-02 1.146270241588354111e-02 1.121085789054632187e-02 1.134403236210346222e-02 1.046724431216716766e-02 9.855576790869235992e-03 9.985555894672870636e-03 9.860800579190254211e-03 8.415303193032741547e-03 7.175927516072988510e-03 5.644944962114095688e-03 3.583907615393400192e-03 2.242884365841746330e-03 1.617327681742608547e-03 1.415200065821409225e-03 1.507813693024218082e-03 3.000079188495874405e-03 4.813450388610363007e-03 0.000000000000000000e+00 0.000000000000000000e+00 0.000000000000000000e+00 0.000000000000000000e+00 0.000000000000000000e+00 0.000000000000000000e+00 0.000000000000000000e+00 0.000000000000000000e+00 0.000000000000000000e+00 0.000000000000000000e+00 0.000000000000000000e+00 0.000000000000000000e+00 7.374675078608561307e-06 1.552369067212566733e-04 3.158573061227798462e-03 5.337568521499633789e-01 1.740208268165588379e+00 2.366975694894790649e-01 4.137561321258544922e-01 7.111915200948715210e-02 1.124637899920344353e-03 1.622428317205049098e-05 0.000000000000000000e+00 0.000000000000000000e+00 0.000000000000000000e+00 0.000000000000000000e+00 0.000000000000000000e+00 0.000000000000000000e+00 0.000000000000000000e+00 0.000000000000000000e+00 0.000000000000000000e+00 0.000000000000000000e+00 0.000000000000000000e+00 0.000000000000000000e+00 0.000000000000000000e+00 0.000000000000000000e+00 0.000000000000000000e+00 0.000000000000000000e+00 1.352023673462099396e-06 1.511808295617811382e-05 1.740423176670446992e-04 9.648532723076641560e-04 5.871715955436229706e-03 4.125122725963592529e-02 1.032561436295509338e-01 4.656664654612541199e-02 5.025545880198478699e-02 4.456149637699127197e-01 3.018375635147094727e-01 4.011208657175302505e-03 1.744110631989315152e-04 5.285183760861400515e-06 0.000000000000000000e+00 0.000000000000000000e+00 0.000000000000000000e+00 0.000000000000000000e+00 0.000000000000000000e+00 0.000000000000000000e+00 0.000000000000000000e+00 0.000000000000000000e+00 0.000000000000000000e+00 0.000000000000000000e+00 0.000000000000000000e+00 0.000000000000000000e+00
1.003661327558802441e-05 1.505492036812938750e-05 1.070572125172475353e-05 1.070572125172475353e-05 2.408787258900702000e-05 1.153875957243144512e-03 1.439183484762907028e-02 4.752972349524497986e-02 5.938363075256347656e-02 1.027197241783142090e-01 7.486577332019805908e-02 4.335583001375198364e-02 3.435767069458961487e-02 2.613065764307975769e-02 2.171822823584079742e-02 1.915387250483036041e-02 1.927632093429565430e-02 6.367896683514118195e-03 2.960800891742110252e-03 3.118041204288601875e-03 3.520844038575887680e-03 4.344180691987276077e-03 3.399735549464821815e-03 2.520862733945250511e-03 1.929371734149754047e-03 2.273962134495377541e-03 2.351913135498762131e-03 2.117056399583816528e-03 6.972100818529725075e-04 5.419771332526579499e-05 6.423432932933792472e-05 1.719606516417115927e-04 0.000000000000000000e+00 0.000000000000000000e+00 0.000000000000000000e+00 0.000000000000000000e+00 0.000000000000000000e+00 0.000000000000000000e+00 0.000000000000000000e+00 0.000000000000000000e+00 0.000000000000000000e+00 0.000000000000000000e+00 0.000000000000000000e+00 0.000000000000000000e+00 0.000000000000000000e+00 0.000000000000000000e+00 2.712218046188354492e+00 1.465365588665008545e-01 1.314234435558319092e-01 9.821830317378044128e-03 0.000000000000000000e+00 0.000000000000000000e+00 0.000000000000000000e+00 0.000000000000000000e+00 0.000000000000000000e+00 0.000000000000000000e+00 0.000000000000000000e+00 0.000000000000000000e+00 0.000000000000000000e+00 0.000000000000000000e+00 0.000000000000000000e+00 0.000000000000000000e+00 0.000000000000000000e+00 0.000000000000000000e+00 0.000000000000000000e+00 0.000000000000000000e+00 0.000000000000000000e+00 0.000000000000000000e+00 0.000000000000000000e+00 0.000000000000000000e+00 0.000000000000000000e+00 0.000000000000000000e+00 0.000000000000000000e+00 0.000000000000000000e+00 0.000000000000000000e+00 0.000000000000000000e+00 0.000000000000000000e+00 7.647899328731000423e-04 6.357712745666503906e-01 3.634639084339141846e-01 0.000000000000000000e+00 0.000000000000000000e+00 0.000000000000000000e+00 0.000000000000000000e+00 0.000000000000000000e+00 0.000000000000000000e+00 0.000000000000000000e+00 0.000000000000000000e+00 0.000000000000000000e+00 0.000000000000000000e+00 0.000000000000000000e+00 0.000000000000000000e+00 0.000000000000000000e+00 0.000000000000000000e+00 0.000000000000000000e+00 0.000000000000000000e+00
1.043807249516248703e-02 2.302080206573009491e-02 1.526814047247171402e-02 1.342471502721309662e-02 1.338201574981212616e-02 1.263543777167797089e-02 1.328560709953308105e-02 1.709121651947498322e-02 2.072769589722156525e-02 3.119078837335109711e-02 3.569360449910163879e-02 3.426649793982505798e-02 2.857843413949012756e-02 2.580095268785953522e-02 2.156300842761993408e-02 1.760194636881351471e-02 1.503395941108465195e-02 1.347341947257518768e-02 1.257639285176992416e-02 1.273785065859556198e-02 1.326425746083259583e-02 1.302307099103927612e-02 1.209435332566499710e-02 1.252435240894556046e-02 1.574817858636379242e-02 1.421465910971164703e-02 1.450588461011648178e-02 9.197779931128025055e-03 5.632021930068731308e-03 1.119532389566302299e-03 5.771129508502781391e-04 3.082383773289620876e-04 0.000000000000000000e+00 0.000000000000000000e+00 0.000000000000000000e+00 0.000000000000000000e+00 0.000000000000000000e+00 0.000000000000000000e+00 0.000000000000000000e+00 0.000000000000000000e+00 0.000000000000000000e+00 0.000000000000000000e+00 0.000000000000000000e+00 0.000000000000000000e+00 0.000000000000000000e+00 0.000000000000000000e+00 0.000000000000000000e+00 5.003869591746479273e-05 1.620287060737609863e+00 1.322208523750305176e+00 3.347989171743392944e-02 2.395852655172348022e-02 1.601238363946322352e-05 0.000000000000000000e+00 0.000000000000000000e+00 0.000000000000000000e+00 0.000000000000000000e+00 0.000000000000000000e+00 0.000000000000000000e+00 0.000000000000000000e+00 0.000000000000000000e+00 0.000000000000000000e+00 0.000000000000000000e+00 0.000000000000000000e+00 0.000000000000000000e+00 0.000000000000000000e+00 0.000000000000000000e+00 0.000000000000000000e+00 0.000000000000000000e+00 0.000000000000000000e+00 0.000000000000000000e+00 0.000000000000000000e+00 0.000000000000000000e+00 0.000000000000000000e+00 0.000000000000000000e+00 0.000000000000000000e+00 1.734674791805446148e-03 8.365802466869354248e-03 3.281938135623931885e-01 6.604040265083312988e-01 1.301673240959644318e-03 0.000000000000000000e+00 0.000000000000000000e+00 0.000000000000000000e+00 0.000000000000000000e+00 0.000000000000000000e+00 0.000000000000000000e+00 0.000000000000000000e+00 0.000000000000000000e+00 0.000000000000000000e+00 0.000000000000000000e+00 0.000000000000000000e+00 0.000000000000000000e+00 0.000000000000000000e+00 0.000000000000000000e+00 0.000000000000000000e+00
1.544366386951878667e-04 3.273351350799202919e-03 3.248892351984977722e-02 3.311882168054580688e-02 3.572582080960273743e-02 3.104372508823871613e-02 2.552868984639644623e-02 2.014418318867683411e-02 1.612490974366664886e-02 1.416740659624338150e-02 1.295699924230575562e-02 1.187045499682426453e-02 1.075451355427503586e-02 1.181009132415056229e-02 1.459347922354936600e-02 1.739489659667015076e-02 1.872015185654163361e-02 2.290209196507930756e-02 2.265593409538269043e-02 2.268337272107601166e-02 2.415091171860694885e-02 2.180143631994724274e-02 1.815532147884368896e-02 1.755874045193195343e-02 1.442257966846227646e-02 9.763609617948532104e-03 4.335201345384120941e-03 3.825246822088956833e-03 2.971533453091979027e-03 1.560437260195612907e-03 7.196590886451303959e-04 2.623071195557713509e-03 0.000000000000000000e+00 0.000000000000000000e+00 0.000000000000000000e+00 0.000000000000000000e+00 0.000000000000000000e+00 0.000000000000000000e+00 0.000000000000000000e+00 0.000000000000000000e+00 0.000000000000000000e+00 0.000000000000000000e+00 5.644385237246751785e-05 1.952016464201733470e-04 3.833478258457034826e-04 7.619920070283114910e-04 7.013148162513971329e-03 4.029479622840881348e-01 1.758811473846435547e+00 5.679591894149780273e-01 1.972994804382324219e-01 4.716118425130844116e-02 1.732120662927627563e-02 8.936943049775436521e-05 0.000000000000000000e+00 0.000000000000000000e+00 0.000000000000000000e+00 0.000000000000000000e+00 0.000000000000000000e+00 0.000000000000000000e+00 0.000000000000000000e+00 0.000000000000000000e+00 0.000000000000000000e+00 0.000000000000000000e+00 0.000000000000000000e+00 0.000000000000000000e+00 0.000000000000000000e+00 0.000000000000000000e+00 0.000000000000000000e+00 0.000000000000000000e+00 0.000000000000000000e+00 0.000000000000000000e+00 0.000000000000000000e+00 0.000000000000000000e+00 0.000000000000000000e+00 1.086544129066169262e-03 1.899335533380508423e-02 7.407941669225692749e-02 1.535743027925491333e-01 5.718702673912048340e-01 1.743581891059875488e-01 6.037923973053693771e-03 0.000000000000000000e+00 0.000000000000000000e+00 0.000000000000000000e+00 0.000000000000000000e+00 0.000000000000000000e+00 0.000000000000000000e+00 0.000000000000000000e+00 0.000000000000000000e+00 0.000000000000000000e+00 0.000000000000000000e+00 0.000000000000000000e+00 0.000000000000000000e+00 0.000000000000000000e+00 0.000000000000000000e+00
6.912330631166696548e-03 1.919263787567615509e-02 2.076819166541099548e-02 1.903837546706199646e-02 1.564807444810867310e-02 1.467916928231716156e-02 1.628418825566768646e-02 1.757201738655567169e-02 1.757375150918960571e-02 1.681803911924362183e-02 1.690470427274703979e-02 2.402849495410919189e-02 3.113495372235774994e-02 2.414115890860557556e-02 2.478593960404396057e-02 2.358997426927089691e-02 2.111831307411193848e-02 1.987035013735294342e-02 1.697923615574836731e-02 1.560820918530225754e-02 1.468436885625123978e-02 1.291295420378446579e-02 1.220924220979213715e-02 1.122473739087581635e-02 1.080354955047369003e-02 1.150032971054315567e-02 1.131833437830209732e-02 1.033556368201971054e-02 9.451589547097682953e-03 8.253891021013259888e-03 4.151211585849523544e-03 5.061184638179838657e-04 0.000000000000000000e+00 0.000000000000000000e+00 0.000000000000000000e+00 0.000000000000000000e+00 0.000000000000000000e+00 0.000000000000000000e+00 0.000000000000000000e+00 0.000000000000000000e+00 0.000000000000000000e+00 0.000000000000000000e+00 0.000000000000000000e+00 0.000000000000000000e+00 0.000000000000000000e+00 0.000000000000000000e+00 0.000000000000000000e+00 0.000000000000000000e+00 2.201220273971557617e+00 1.806115061044692993e-01 3.815959990024566650e-01 2.365722656250000000e-01 0.000000000000000000e+00 0.000000000000000000e+00 0.000000000000000000e+00 0.000000000000000000e+00 0.000000000000000000e+00 0.000000000000000000e+00 0.000000000000000000e+00 0.000000000000000000e+00 0.000000000000000000e+00 0.000000000000000000e+00 0.000000000000000000e+00 0.000000000000000000e+00 0.000000000000000000e+00 0.000000000000000000e+00 0.000000000000000000e+00 0.000000000000000000e+00 0.000000000000000000e+00 0.000000000000000000e+00 0.000000000000000000e+00 0.000000000000000000e+00 0.000000000000000000e+00 0.000000000000000000e+00 0.000000000000000000e+00 1.260443031787872314e-02 9.115679562091827393e-02 1.101709008216857910e-01 3.414913266897201538e-02 7.512392997741699219e-01 6.794467335566878319e-04 0.000000000000000000e+00 0.000000000000000000e+00 0.000000000000000000e+00 0.000000000000000000e+00 0.000000000000000000e+00 0.000000000000000000e+00 0.000000000000000000e+00 0.000000000000000000e+00 0.000000000000000000e+00 0.000000000000000000e+00 0.000000000000000000e+00 0.000000000000000000e+00 0.000000000000000000e+00 0.000000000000000000e+00 0.000000000000000000e+00
8.652883581817150116e-03 1.658884622156620026e-02 2.835585549473762512e-02 2.917861565947532654e-02 3.563206642866134644e-02 3.712268918752670288e-02 6.796729564666748047e-02 1.157503277063369751e-01 7.094468176364898682e-02 3.385637328028678894e-02 1.446512155234813690e-02 7.662095129489898682e-03 5.448755808174610138e-03 4.880935419350862503e-03 4.179851617664098740e-03 3.494218224659562111e-03 2.685364335775375366e-03 1.993164420127868652e-03 1.460881438106298447e-03 1.229890622198581696e-03 1.077313208952546120e-03 1.005080295726656914e-03 8.973103249445557594e-04 8.451635367237031460e-04 7.713855593465268612e-04 6.817704415880143642e-04 5.666612996719777584e-04 3.882035671267658472e-04 3.298764640931040049e-04 3.175157471559941769e-04 3.750702890101820230e-04 1.194739947095513344e-03 0.000000000000000000e+00 0.000000000000000000e+00 0.000000000000000000e+00 0.000000000000000000e+00 0.000000000000000000e+00 0.000000000000000000e+00 0.000000000000000000e+00 0.000000000000000000e+00 0.000000000000000000e+00 0.000000000000000000e+00 0.000000000000000000e+00 0.000000000000000000e+00 0.000000000000000000e+00 0.000000000000000000e+00 0.000000000000000000e+00 2.818241948261857033e-03 2.958373069763183594e+00 3.673680126667022705e-02 2.071964088827371597e-03 0.000000000000000000e+00 0.000000000000000000e+00 0.000000000000000000e+00 0.000000000000000000e+00 0.000000000000000000e+00 0.000000000000000000e+00 0.000000000000000000e+00 0.000000000000000000e+00 0.000000000000000000e+00 0.000000000000000000e+00 0.000000000000000000e+00 0.000000000000000000e+00 0.000000000000000000e+00 0.000000000000000000e+00 0.000000000000000000e+00 0.000000000000000000e+00 0.000000000000000000e+00 0.000000000000000000e+00 0.000000000000000000e+00 0.000000000000000000e+00 0.000000000000000000e+00 0.000000000000000000e+00 0.000000000000000000e+00 0.000000000000000000e+00 0.000000000000000000e+00 0.000000000000000000e+00 2.603474713396281004e-04 8.811641484498977661e-03 9.760797023773193359e-01 1.484830304980278015e-02 0.000000000000000000e+00 0.000000000000000000e+00 0.000000000000000000e+00 0.000000000000000000e+00 0.000000000000000000e+00 0.000000000000000000e+00 0.000000000000000000e+00 0.000000000000000000e+00 0.000000000000000000e+00 0.000000000000000000e+00 0.000000000000000000e+00 0.000000000000000000e+00 0.000000000000000000e+00 0.000000000000000000e+00 0.000000000000000000e+00
1.137589515565196052e-05 1.067215856164693832e-02 6.735353171825408936e-02 4.000274464488029480e-02 2.756183221936225891e-02 3.443248197436332703e-02 2.695851773023605347e-02 2.265960536897182465e-02 2.234029583632946014e-02 3.567716106772422791e-02 4.511640593409538269e-02 4.601471126079559326e-02 3.630558028817176819e-02 2.360341325402259827e-02 1.700068637728691101e-02 7.376679219305515289e-03 3.041286719962954521e-03 2.580759115517139435e-03 2.356379292905330658e-03 2.096302807331085205e-03 1.664803363382816315e-03 1.465921406634151936e-03 1.516132149845361710e-03 1.636559725739061832e-03 1.813866780139505863e-03 2.012748736888170242e-03 1.675787032581865788e-03 1.516916789114475250e-03 1.546729472465813160e-03 1.729920622892677784e-03 2.548984950408339500e-03 7.709718775004148483e-03 0.000000000000000000e+00 0.000000000000000000e+00 0.000000000000000000e+00 0.000000000000000000e+00 0.000000000000000000e+00 0.000000000000000000e+00 0.000000000000000000e+00 0.000000000000000000e+00 0.000000000000000000e+00 0.000000000000000000e+00 0.000000000000000000e+00 0.000000000000000000e+00 0.000000000000000000e+00 0.000000000000000000e+00 2.588996721897274256e-05 5.693439394235610962e-03 1.044217705726623535e+00 3.312033116817474365e-01 2.090709060430526733e-01 1.216404810547828674e-01 5.674845725297927856e-02 6.026949360966682434e-02 3.184701502323150635e-02 7.261665165424346924e-02 1.888484805822372437e-01 3.171615004539489746e-01 4.248614311218261719e-01 1.357952356338500977e-01 0.000000000000000000e+00 0.000000000000000000e+00 0.000000000000000000e+00 0.000000000000000000e+00 0.000000000000000000e+00 0.000000000000000000e+00 0.000000000000000000e+00 0.000000000000000000e+00 0.000000000000000000e+00 0.000000000000000000e+00 0.000000000000000000e+00 0.000000000000000000e+00 0.000000000000000000e+00 0.000000000000000000e+00 1.365436911582946777e-01 2.113453000783920288e-01 5.490085482597351074e-02 8.305580168962478638e-02 1.373541206121444702e-01 3.630008697509765625e-01 1.379935257136821747e-02 0.000000000000000000e+00 0.000000000000000000e+00 0.000000000000000000e+00 0.000000000000000000e+00 0.000000000000000000e+00 0.000000000000000000e+00 0.000000000000000000e+00 0.000000000000000000e+00 0.000000000000000000e+00 0.000000000000000000e+00 0.000000000000000000e+00 0.000000000000000000e+00 0.000000000000000000e+00 0.000000000000000000e+00 0.000000000000000000e+00
9.500166401267051697e-03 1.405109278857707977e-02 1.922600902616977692e-02 2.675351127982139587e-02 3.130773454904556274e-02 3.725903853774070740e-02 2.832011133432388306e-02 2.302530035376548767e-02 2.108410000801086426e-02 1.978990808129310608e-02 2.182324044406414032e-02 2.255521155893802643e-02 2.414187788963317871e-02 2.431683242321014404e-02 2.304114773869514465e-02 2.233283221721649170e-02 2.273404039442539215e-02 2.293189615011215210e-02 1.821908727288246155e-02 1.444587949663400650e-02 1.180764194577932358e-02 1.025423035025596619e-02 8.397296071052551270e-03 6.059688515961170197e-03 5.730371456593275070e-03 4.252203740179538727e-03 2.529911464080214500e-03 1.603266340680420399e-03 9.219605126418173313e-04 5.168785573914647102e-04 4.197722591925412416e-04 6.477609858848154545e-04 0.000000000000000000e+00 0.000000000000000000e+00 0.000000000000000000e+00 0.000000000000000000e+00 0.000000000000000000e+00 0.000000000000000000e+00 0.000000000000000000e+00 0.000000000000000000e+00 0.000000000000000000e+00 0.000000000000000000e+00 0.000000000000000000e+00 0.000000000000000000e+00 0.000000000000000000e+00 0.000000000000000000e+00 2.783058735076338053e-04 1.601456105709075928e-01 1.152713775634765625e+00 5.840939879417419434e-01 4.242894649505615234e-01 5.071402788162231445e-01 1.691121160984039307e-01 2.226446988061070442e-03 0.000000000000000000e+00 0.000000000000000000e+00 0.000000000000000000e+00 0.000000000000000000e+00 0.000000000000000000e+00 0.000000000000000000e+00 0.000000000000000000e+00 0.000000000000000000e+00 0.000000000000000000e+00 0.000000000000000000e+00 0.000000000000000000e+00 0.000000000000000000e+00 0.000000000000000000e+00 0.000000000000000000e+00 0.000000000000000000e+00 4.164177880738861859e-06 1.508357672719284892e-04 2.818223088979721069e-03 1.582063734531402588e-02 5.360511317849159241e-02 6.342343240976333618e-02 7.690554112195968628e-02 6.308347731828689575e-02 8.130533993244171143e-02 1.616747826337814331e-01 2.893157303333282471e-01 1.901264041662216187e-01 1.766305416822433472e-03 0.000000000000000000e+00 0.000000000000000000e+00 0.000000000000000000e+00 0.000000000000000000e+00 0.000000000000000000e+00 0.000000000000000000e+00 0.000000000000000000e+00 0.000000000000000000e+00 0.000000000000000000e+00 0.000000000000000000e+00 0.000000000000000000e+00 0.000000000000000000e+00 0.000000000000000000e+00 0.000000000000000000e+00
2.603252790868282318e-02 3.013021498918533325e-02 2.416448667645454407e-02 2.416921220719814301e-02 3.457674011588096619e-02 4.372457042336463928e-02 4.592632502317428589e-02 3.636064380407333374e-02 2.411532774567604065e-02 2.483380399644374847e-02 2.167203091084957123e-02 2.164508774876594543e-02 2.241745032370090485e-02 2.106085047125816345e-02 1.791987381875514984e-02 1.673438586294651031e-02 1.208413392305374146e-02 1.009366661310195923e-02 7.529363036155700684e-03 5.180602427572011948e-03 3.374954685568809509e-03 3.108834149315953255e-03 3.368337173014879227e-03 3.355574561282992363e-03 2.879110397771000862e-03 1.884586061351001263e-03 1.505021820776164532e-03 1.251191133633255959e-03 8.782445220276713371e-04 8.820259827189147472e-04 1.229447778314352036e-03 5.911370273679494858e-03 0.000000000000000000e+00 0.000000000000000000e+00 0.000000000000000000e+00 0.000000000000000000e+00 0.000000000000000000e+00 0.000000000000000000e+00 0.000000000000000000e+00 0.000000000000000000e+00 0.000000000000000000e+00 0.000000000000000000e+00 0.000000000000000000e+00 0.000000000000000000e+00 0.000000000000000000e+00 7.941069634398445487e-05 2.225484885275363922e-02 1.151965633034706116e-01 1.571202993392944336e+00 1.877042055130004883e-01 9.505460411310195923e-02 7.625696063041687012e-02 7.293589413166046143e-02 8.641018718481063843e-02 1.128879785537719727e-01 1.404832005500793457e-01 1.274683475494384766e-01 2.138757109642028809e-01 1.278143525123596191e-01 4.228335991501808167e-02 8.080039173364639282e-03 1.134438571170903742e-05 0.000000000000000000e+00 0.000000000000000000e+00 0.000000000000000000e+00 0.000000000000000000e+00 0.000000000000000000e+00 0.000000000000000000e+00 0.000000000000000000e+00 0.000000000000000000e+00 0.000000000000000000e+00 0.000000000000000000e+00 1.607121339475270361e-05 2.572433836758136749e-02 7.368367165327072144e-02 8.026435971260070801e-02 8.063116669654846191e-02 5.413162335753440857e-02 9.046579897403717041e-02 4.934628009796142578e-01 8.785186707973480225e-02 1.374183222651481628e-02 2.647023211466148496e-05 0.000000000000000000e+00 0.000000000000000000e+00 0.000000000000000000e+00 0.000000000000000000e+00 0.000000000000000000e+00 0.000000000000000000e+00 0.000000000000000000e+00 0.000000000000000000e+00 0.000000000000000000e+00 0.000000000000000000e+00 0.000000000000000000e+00 0.000000000000000000e+00 0.000000000000000000e+00
3.799503436312079430e-03 1.784208579920232296e-03 2.982584061101078987e-03 7.633571978658437729e-03 1.830229535698890686e-02 2.728533186018466949e-02 2.521629072725772858e-02 1.990798488259315491e-02 2.187208645045757294e-02 2.938919886946678162e-02 3.147879615426063538e-02 2.792687527835369110e-02 2.629650570452213287e-02 2.968332730233669281e-02 3.596206381916999817e-02 3.655149787664413452e-02 2.677248977124691010e-02 2.110478840768337250e-02 1.808305829763412476e-02 1.624981686472892761e-02 1.585284620523452759e-02 1.454089116305112839e-02 1.172720268368721008e-02 9.229572489857673645e-03 6.492280401289463043e-03 5.165989510715007782e-03 4.267240408807992935e-03 2.812706166878342628e-03 1.249306136742234230e-03 3.410650242585688829e-04 3.862348603433929384e-05 0.000000000000000000e+00 0.000000000000000000e+00 0.000000000000000000e+00 0.000000000000000000e+00 0.000000000000000000e+00 0.000000000000000000e+00 0.000000000000000000e+00 0.000000000000000000e+00 0.000000000000000000e+00 0.000000000000000000e+00 0.000000000000000000e+00 0.000000000000000000e+00 0.000000000000000000e+00 1.029872335493564606e-03 2.583675459027290344e-02 1.470451056957244873e-01 3.324009180068969727e-01 8.814921379089355469e-01 4.268903136253356934e-01 2.536836266517639160e-01 3.744508922100067139e-01 5.439682006835937500e-01 1.319587789475917816e-02 6.284499249886721373e-06 0.000000000000000000e+00 0.000000000000000000e+00 0.000000000000000000e+00 0.000000000000000000e+00 0.000000000000000000e+00 0.000000000000000000e+00 0.000000000000000000e+00 0.000000000000000000e+00 0.000000000000000000e+00 0.000000000000000000e+00 0.000000000000000000e+00 0.000000000000000000e+00 0.000000000000000000e+00 2.697097625059541315e-05 4.413551359903067350e-04 2.440218813717365265e-03 1.612065732479095459e-02 5.590716749429702759e-02 8.976215869188308716e-02 7.500667870044708252e-02 5.047775432467460632e-02 4.206333309412002563e-02 9.775289893150329590e-02 9.649102389812469482e-02 3.071227073669433594e-01 1.008278504014015198e-01 5.073541775345802307e-02 1.385496463626623154e-02 9.688602876849472523e-04 0.000000000000000000e+00 0.000000000000000000e+00 0.000000000000000000e+00 0.000000000000000000e+00 0.000000000000000000e+00 0.000000000000000000e+00 0.000000000000000000e+00 0.000000000000000000e+00 0.000000000000000000e+00 0.000000000000000000e+00 0.000000000000000000e+00 0.000000000000000000e+00
3.614059463143348694e-02 4.783494770526885986e-02 5.038840323686599731e-02 4.985002428293228149e-02 4.493539407849311829e-02 3.552914783358573914e-02 2.650745958089828491e-02 2.078141830861568451e-02 2.033148705959320068e-02 1.529764663428068161e-02 1.422858051955699921e-02 1.322104316204786301e-02 1.115213055163621902e-02 8.829411119222640991e-03 8.333333767950534821e-03 7.468082010746002197e-03 7.641131989657878876e-03 8.356406353414058685e-03 9.890786372125148773e-03 1.297492720186710358e-02 1.354407053440809250e-02 1.415935996919870377e-02 1.187509577721357346e-02 6.491309031844139099e-03 3.076449735090136528e-03 1.072911894880235195e-03 8.460236858809366822e-05 3.845562332571716979e-06 0.000000000000000000e+00 0.000000000000000000e+00 0.000000000000000000e+00 0.000000000000000000e+00 0.000000000000000000e+00 0.000000000000000000e+00 0.000000000000000000e+00 0.000000000000000000e+00 0.000000000000000000e+00 0.000000000000000000e+00 0.000000000000000000e+00 0.000000000000000000e+00 0.000000000000000000e+00 0.000000000000000000e+00 0.000000000000000000e+00 1.615136134205386043e-04 5.537609686143696308e-04 1.015228452160954475e-03 1.202122773975133896e-02 4.867789745330810547e-01 1.571435093879699707e+00 6.717813014984130859e-01 2.443008720874786377e-01 1.151361316442489624e-02 4.383940831758081913e-04 0.000000000000000000e+00 0.000000000000000000e+00 0.000000000000000000e+00 0.000000000000000000e+00 0.000000000000000000e+00 0.000000000000000000e+00 0.000000000000000000e+00 0.000000000000000000e+00 0.000000000000000000e+00 0.000000000000000000e+00 0.000000000000000000e+00 0.000000000000000000e+00 0.000000000000000000e+00 0.000000000000000000e+00 0.000000000000000000e+00 0.000000000000000000e+00 0.000000000000000000e+00 0.000000000000000000e+00 0.000000000000000000e+00 0.000000000000000000e+00 0.000000000000000000e+00 0.000000000000000000e+00 5.383786992751993239e-05 4.476234316825866699e-02 1.247654184699058533e-01 1.570143103599548340e-01 3.851791918277740479e-01 2.789570689201354980e-01 8.737117052078247070e-03 3.614828456193208694e-04 1.538224896648898721e-04 1.538224933028686792e-05 0.000000000000000000e+00 0.000000000000000000e+00 0.000000000000000000e+00 0.000000000000000000e+00 0.000000000000000000e+00 0.000000000000000000e+00 0.000000000000000000e+00 0.000000000000000000e+00 0.000000000000000000e+00 0.000000000000000000e+00 0.000000000000000000e+00
3.558447957038879395e-02 3.708311915397644043e-02 2.423491701483726501e-02 2.020345814526081085e-02 1.554203126579523087e-02 1.133886538445949554e-02 8.234624750912189484e-03 6.675749551504850388e-03 6.371180061250925064e-03 7.803949993103742599e-03 8.983381092548370361e-03 8.834192529320716858e-03 1.062726601958274841e-02 1.215348951518535614e-02 1.105400081723928452e-02 8.351161144673824310e-03 5.440583918243646622e-03 2.432274259626865387e-02 4.623989388346672058e-02 4.196185246109962463e-02 3.383363038301467896e-02 2.138232626020908356e-02 3.475240245461463928e-02 1.930776610970497131e-02 2.327279560267925262e-02 1.634370721876621246e-02 6.643097003689035773e-05 0.000000000000000000e+00 0.000000000000000000e+00 0.000000000000000000e+00 0.000000000000000000e+00 0.000000000000000000e+00 0.000000000000000000e+00 0.000000000000000000e+00 0.000000000000000000e+00 0.000000000000000000e+00 0.000000000000000000e+00 0.000000000000000000e+00 0.000000000000000000e+00 0.000000000000000000e+00 0.000000000000000000e+00 0.000000000000000000e+00 0.000000000000000000e+00 0.000000000000000000e+00 6.755691720172762871e-04 6.863782647997140884e-03 3.863918036222457886e-02 1.649030596017837524e-01 1.714753389358520508e+00 5.444141626358032227e-01 9.655909985303878784e-02 9.996058791875839233e-02 8.508117496967315674e-02 5.708222091197967529e-02 3.957822173833847046e-02 6.083162128925323486e-02 7.682234793901443481e-02 1.377485599368810654e-02 6.080122329876758158e-05 0.000000000000000000e+00 0.000000000000000000e+00 0.000000000000000000e+00 0.000000000000000000e+00 0.000000000000000000e+00 0.000000000000000000e+00 0.000000000000000000e+00 0.000000000000000000e+00 0.000000000000000000e+00 0.000000000000000000e+00 0.000000000000000000e+00 0.000000000000000000e+00 4.042155633214861155e-04 6.192717235535383224e-03 4.064111411571502686e-02 4.547931626439094543e-02 2.636070922017097473e-02 1.924696564674377441e-02 2.357623726129531860e-02 4.230301454663276672e-02 6.825759410858154297e-01 1.088161766529083252e-01 4.403585102409124374e-03 0.000000000000000000e+00 0.000000000000000000e+00 0.000000000000000000e+00 0.000000000000000000e+00 0.000000000000000000e+00 0.000000000000000000e+00 0.000000000000000000e+00 0.000000000000000000e+00 0.000000000000000000e+00 0.000000000000000000e+00 0.000000000000000000e+00 0.000000000000000000e+00 0.000000000000000000e+00 0.000000000000000000e+00
5.809904541820287704e-03 6.188477389514446259e-03 1.135316211730241776e-02 1.834216527640819550e-02 2.373179979622364044e-02 2.518317848443984985e-02 2.324773743748664856e-02 2.121756412088871002e-02 2.125757932662963867e-02 2.212942950427532196e-02 2.477512322366237640e-02 2.697252854704856873e-02 2.953007258474826813e-02 3.139784559607505798e-02 3.293254598975181580e-02 2.944931015372276306e-02 2.556379884481430054e-02 2.190755307674407959e-02 1.895578205585479736e-02 1.712392829358577728e-02 1.480903849005699158e-02 1.208082679659128189e-02 9.000085294246673584e-03 6.430032197386026382e-03 5.035567563027143478e-03 4.189393017441034317e-03 3.245850792154669762e-03 2.396750263869762421e-03 1.884085708297789097e-03 1.582105294801294804e-03 8.583910530433058739e-04 1.418386236764490604e-03 0.000000000000000000e+00 0.000000000000000000e+00 0.000000000000000000e+00 0.000000000000000000e+00 0.000000000000000000e+00 0.000000000000000000e+00 0.000000000000000000e+00 0.000000000000000000e+00 0.000000000000000000e+00 0.000000000000000000e+00 0.000000000000000000e+00 0.000000000000000000e+00 0.000000000000000000e+00 3.011903492733836174e-03 1.685085892677307129e-01 7.090241909027099609e-01 3.932667374610900879e-01 6.364434957504272461e-01 9.911001920700073242e-01 9.841313958168029785e-02 2.317524194950237870e-04 0.000000000000000000e+00 0.000000000000000000e+00 0.000000000000000000e+00 0.000000000000000000e+00 0.000000000000000000e+00 0.000000000000000000e+00 0.000000000000000000e+00 0.000000000000000000e+00 0.000000000000000000e+00 0.000000000000000000e+00 0.000000000000000000e+00 0.000000000000000000e+00 0.000000000000000000e+00 0.000000000000000000e+00 0.000000000000000000e+00 0.000000000000000000e+00 0.000000000000000000e+00 0.000000000000000000e+00 0.000000000000000000e+00 1.120721935876645148e-04 6.531204562634229660e-04 4.786331206560134888e-03 6.328772753477096558e-02 2.582850158214569092e-01 2.654918730258941650e-01 1.278120428323745728e-01 6.024158373475074768e-02 1.433763355016708374e-01 7.353428006172180176e-02 2.410576445981860161e-03 8.778501069173216820e-06 2.926167042005545227e-07 0.000000000000000000e+00 0.000000000000000000e+00 0.000000000000000000e+00 0.000000000000000000e+00 0.000000000000000000e+00 0.000000000000000000e+00 0.000000000000000000e+00 0.000000000000000000e+00 0.000000000000000000e+00 0.000000000000000000e+00 0.000000000000000000e+00
1.961180008947849274e-03 8.918749168515205383e-03 2.632143348455429077e-02 3.914874047040939331e-02 3.892575576901435852e-02 4.502537846565246582e-02 5.012794956564903259e-02 4.434315860271453857e-02 2.956051379442214966e-02 2.052814885973930359e-02 1.824895478785037994e-02 2.048514597117900848e-02 2.160111628472805023e-02 2.994648367166519165e-02 2.068423666059970856e-02 1.866996474564075470e-02 1.398575026541948318e-02 1.644014567136764526e-02 9.947121143341064453e-03 5.315466318279504776e-03 4.222854506224393845e-03 2.851515309885144234e-03 3.109537297859787941e-03 2.954511670395731926e-03 2.350867493078112602e-03 1.340015674941241741e-03 5.723204812966287136e-04 2.394402166828513145e-03 1.858183350122999400e-05 0.000000000000000000e+00 0.000000000000000000e+00 0.000000000000000000e+00 0.000000000000000000e+00 0.000000000000000000e+00 0.000000000000000000e+00 0.000000000000000000e+00 0.000000000000000000e+00 0.000000000000000000e+00 0.000000000000000000e+00 1.831637928262352943e-03 2.860540710389614105e-02 1.408863961696624756e-01 1.685489118099212646e-01 2.772526741027832031e-01 4.382328987121582031e-01 4.158168733119964600e-01 4.389687776565551758e-01 2.283271998167037964e-01 1.467603892087936401e-01 6.676081568002700806e-02 9.001784026622772217e-02 8.683238178491592407e-02 5.629977583885192871e-02 4.637070372700691223e-02 3.271783143281936646e-02 2.777718752622604370e-02 3.361931443214416504e-02 3.332943841814994812e-02 4.124530032277107239e-02 6.093461439013481140e-02 5.249951779842376709e-02 6.000127270817756653e-02 2.269956842064857483e-02 3.663275856524705887e-03 4.585996735841035843e-03 2.590838586911559105e-03 7.487948518246412277e-03 8.327847346663475037e-03 6.576907355338335037e-03 7.126929704099893570e-03 1.249867305159568787e-02 2.236722037196159363e-02 4.253753647208213806e-02 4.036398977041244507e-02 4.263522103428840637e-02 8.777952194213867188e-02 1.015513166785240173e-01 1.115940064191818237e-01 2.133470624685287476e-01 1.199579536914825439e-01 3.799188882112503052e-02 1.983265765011310577e-02 5.806770175695419312e-02 5.272144079208374023e-02 5.733823127229698002e-05 0.000000000000000000e+00 0.000000000000000000e+00 0.000000000000000000e+00 0.000000000000000000e+00 0.000000000000000000e+00 0.000000000000000000e+00 0.000000000000000000e+00 0.000000000000000000e+00 0.000000000000000000e+00 0.000000000000000000e+00 0.000000000000000000e+00
4.295708611607551575e-03 4.394882358610630035e-03 6.411272101104259491e-03 9.496884420514106750e-03 1.459291204810142517e-02 1.949232444167137146e-02 2.059978246688842773e-02 2.037311717867851257e-02 2.043847553431987762e-02 2.117929048836231232e-02 2.214503847062587738e-02 2.319000475108623505e-02 2.293932251632213593e-02 2.457765862345695496e-02 2.940944209694862366e-02 3.472239524126052856e-02 3.217494860291481018e-02 3.083091042935848236e-02 2.755226753652095795e-02 2.447914145886898041e-02 2.288758568465709686e-02 1.890379562973976135e-02 1.382694486528635025e-02 9.711481630802154541e-03 7.336334325373172760e-03 4.816071130335330963e-03 3.389943623915314674e-03 2.378612058237195015e-03 1.281907898373901844e-03 5.289654945954680443e-04 4.885791568085551262e-04 1.153997844085097313e-03 0.000000000000000000e+00 0.000000000000000000e+00 0.000000000000000000e+00 0.000000000000000000e+00 0.000000000000000000e+00 0.000000000000000000e+00 0.000000000000000000e+00 0.000000000000000000e+00 0.000000000000000000e+00 0.000000000000000000e+00 0.000000000000000000e+00 0.000000000000000000e+00 7.169172704379889183e-07 7.035109214484691620e-03 2.986032329499721527e-02 5.946219712495803833e-02 4.250710308551788330e-01 1.051872849464416504e+00 9.605408906936645508e-01 4.078309535980224609e-01 5.832480639219284058e-02 1.075375962500402238e-06 0.000000000000000000e+00 0.000000000000000000e+00 0.000000000000000000e+00 0.000000000000000000e+00 0.000000000000000000e+00 0.000000000000000000e+00 0.000000000000000000e+00 0.000000000000000000e+00 0.000000000000000000e+00 0.000000000000000000e+00 0.000000000000000000e+00 0.000000000000000000e+00 0.000000000000000000e+00 0.000000000000000000e+00 0.000000000000000000e+00 0.000000000000000000e+00 0.000000000000000000e+00 0.000000000000000000e+00 4.934780736221000552e-05 2.327352529391646385e-03 1.181563362479209900e-02 1.653438434004783630e-02 1.171441674232482910e-01 3.806731700897216797e-01 2.902388274669647217e-01 1.518373489379882812e-01 2.799836918711662292e-02 1.055899658240377903e-03 2.433934278087690473e-04 8.208703366108238697e-05 0.000000000000000000e+00 0.000000000000000000e+00 0.000000000000000000e+00 0.000000000000000000e+00 0.000000000000000000e+00 0.000000000000000000e+00 0.000000000000000000e+00 0.000000000000000000e+00 0.000000000000000000e+00 0.000000000000000000e+00 0.000000000000000000e+00 0.000000000000000000e+00
1.296493137488141656e-04 2.563352230936288834e-03 1.735263504087924957e-02 4.567915946245193481e-02 6.551920622587203979e-02 3.797798976302146912e-02 3.787982463836669922e-02 3.444041684269905090e-02 2.751899324357509613e-02 2.160698547959327698e-02 1.621542498469352722e-02 1.426327694207429886e-02 1.492819283157587051e-02 1.688775047659873962e-02 1.643582992255687714e-02 1.431698910892009735e-02 1.298160105943679810e-02 1.340573932975530624e-02 1.487262919545173645e-02 1.428920682519674301e-02 1.200923137366771698e-02 9.842235594987869263e-03 7.814149372279644012e-03 5.669379606842994690e-03 5.343404132872819901e-03 5.343404132872819901e-03 4.858145024627447128e-03 4.000607412308454514e-03 3.324578981846570969e-03 2.011416479945182800e-03 4.852588754147291183e-04 3.333839413244277239e-05 0.000000000000000000e+00 0.000000000000000000e+00 0.000000000000000000e+00 0.000000000000000000e+00 0.000000000000000000e+00 0.000000000000000000e+00 0.000000000000000000e+00 0.000000000000000000e+00 0.000000000000000000e+00 0.000000000000000000e+00 0.000000000000000000e+00 0.000000000000000000e+00 0.000000000000000000e+00 0.000000000000000000e+00 0.000000000000000000e+00 9.112494997680187225e-03 1.643816232681274414e+00 4.691268205642700195e-01 3.253049552440643311e-01 4.252645969390869141e-01 1.273749023675918579e-01 0.000000000000000000e+00 0.000000000000000000e+00 0.000000000000000000e+00 0.000000000000000000e+00 0.000000000000000000e+00 0.000000000000000000e+00 0.000000000000000000e+00 0.000000000000000000e+00 0.000000000000000000e+00 0.000000000000000000e+00 0.000000000000000000e+00 0.000000000000000000e+00 0.000000000000000000e+00 0.000000000000000000e+00 0.000000000000000000e+00 0.000000000000000000e+00 0.000000000000000000e+00 0.000000000000000000e+00 0.000000000000000000e+00 0.000000000000000000e+00 1.052011619322001934e-03 1.732485368847846985e-02 6.796958297491073608e-02 8.156424015760421753e-02 6.763990223407745361e-02 1.470223218202590942e-01 3.533869981765747070e-01 2.640400826930999756e-01 0.000000000000000000e+00 0.000000000000000000e+00 0.000000000000000000e+00 0.000000000000000000e+00 0.000000000000000000e+00 0.000000000000000000e+00 0.000000000000000000e+00 0.000000000000000000e+00 0.000000000000000000e+00 0.000000000000000000e+00 0.000000000000000000e+00 0.000000000000000000e+00 0.000000000000000000e+00 0.000000000000000000e+00 0.000000000000000000e+00
4.738177731633186340e-02 1.063118577003479004e-01 8.460368961095809937e-02 5.056197941303253174e-02 2.822205051779747009e-02 2.154398523271083832e-02 1.967905275523662567e-02 1.899375766515731812e-02 1.817283034324645996e-02 1.493552140891551971e-02 1.155365817248821259e-02 8.393088355660438538e-03 6.297939456999301910e-03 6.198000628501176834e-03 6.247969809919595718e-03 5.678674671798944473e-03 4.689992871135473251e-03 4.675715696066617966e-03 7.407975848764181137e-03 9.761895053088665009e-03 1.176067441701889038e-02 5.596582312136888504e-03 8.673274423927068710e-04 1.766778150340542197e-04 1.213544601341709495e-04 1.052928419085219502e-04 5.710797995561733842e-05 3.569248747226083651e-06 0.000000000000000000e+00 0.000000000000000000e+00 0.000000000000000000e+00 0.000000000000000000e+00 0.000000000000000000e+00 0.000000000000000000e+00 0.000000000000000000e+00 0.000000000000000000e+00 0.000000000000000000e+00 0.000000000000000000e+00 0.000000000000000000e+00 0.000000000000000000e+00 0.000000000000000000e+00 0.000000000000000000e+00 0.000000000000000000e+00 0.000000000000000000e+00 0.000000000000000000e+00 0.000000000000000000e+00 0.000000000000000000e+00 8.368103951215744019e-02 1.634537458419799805e+00 3.585596084594726562e-01 4.870632886886596680e-01 4.273140430450439453e-01 8.844598196446895599e-03 0.000000000000000000e+00 0.000000000000000000e+00 0.000000000000000000e+00 0.000000000000000000e+00 0.000000000000000000e+00 0.000000000000000000e+00 0.000000000000000000e+00 0.000000000000000000e+00 0.000000000000000000e+00 0.000000000000000000e+00 0.000000000000000000e+00 0.000000000000000000e+00 0.000000000000000000e+00 0.000000000000000000e+00 0.000000000000000000e+00 0.000000000000000000e+00 0.000000000000000000e+00 0.000000000000000000e+00 0.000000000000000000e+00 0.000000000000000000e+00 0.000000000000000000e+00 3.094538580626249313e-03 2.222928218543529510e-02 8.627945184707641602e-02 1.282859444618225098e-01 1.263835281133651733e-01 2.383758425712585449e-01 3.953514099121093750e-01 0.000000000000000000e+00 0.000000000000000000e+00 0.000000000000000000e+00 0.000000000000000000e+00 0.000000000000000000e+00 0.000000000000000000e+00 0.000000000000000000e+00 0.000000000000000000e+00 0.000000000000000000e+00 0.000000000000000000e+00 0.000000000000000000e+00 0.000000000000000000e+00 0.000000000000000000e+00 0.000000000000000000e+00 0.000000000000000000e+00
1.561800763010978699e-02 1.289667282253503799e-02 1.618378236889839172e-02 2.101225592195987701e-02 2.474548108875751495e-02 2.664165198802947998e-02 2.864942140877246857e-02 2.841257117688655853e-02 2.685557864606380463e-02 2.588904090225696564e-02 2.399895712733268738e-02 2.273606695234775543e-02 2.248643897473812103e-02 2.371050231158733368e-02 2.379846386611461639e-02 2.250519394874572754e-02 2.102464810013771057e-02 1.859099976718425751e-02 1.633755117654800415e-02 1.514666620641946793e-02 1.303190644830465317e-02 1.109855435788631439e-02 9.138989262282848358e-03 7.464148569852113724e-03 5.965944379568099976e-03 4.562447778880596161e-03 3.259361255913972855e-03 2.321667736396193504e-03 1.581230317242443562e-03 1.358035253360867500e-03 1.755947596393525600e-03 1.221814891323447227e-03 0.000000000000000000e+00 0.000000000000000000e+00 0.000000000000000000e+00 0.000000000000000000e+00 0.000000000000000000e+00 0.000000000000000000e+00 0.000000000000000000e+00 0.000000000000000000e+00 0.000000000000000000e+00 7.896828719822224230e-06 1.569494779687374830e-04 1.623456366360187531e-03 1.231016870588064194e-02 9.557828307151794434e-02 5.312986373901367188e-01 8.658974170684814453e-01 5.768281221389770508e-01 2.549981474876403809e-01 3.322860598564147949e-01 2.536270618438720703e-01 5.527582764625549316e-02 1.089433301240205765e-02 5.149061325937509537e-03 2.990923821926116943e-03 9.183353977277874947e-04 1.368783705402165651e-04 2.204531483585014939e-05 3.290345205186895328e-07 0.000000000000000000e+00 0.000000000000000000e+00 0.000000000000000000e+00 0.000000000000000000e+00 4.387127034988225205e-07 3.707122232299298048e-05 1.386332151014357805e-04 2.632276155054569244e-04 6.178171606734395027e-04 5.810749717056751251e-04 8.384896791540086269e-04 1.452577766031026840e-03 5.220462102442979813e-03 1.669323816895484924e-02 3.688213974237442017e-02 6.125010922551155090e-02 7.230972498655319214e-02 7.278189063072204590e-02 9.019418060779571533e-02 2.296983450651168823e-01 2.431024461984634399e-01 8.730163425207138062e-02 5.049133673310279846e-02 2.629786543548107147e-02 2.931368770077824593e-03 5.966493044979870319e-04 2.563179004937410355e-04 5.001324825570918620e-05 1.272266854357440025e-05 2.193563517494112602e-07 0.000000000000000000e+00 0.000000000000000000e+00 0.000000000000000000e+00 0.000000000000000000e+00 0.000000000000000000e+00 0.000000000000000000e+00
2.434532856568694115e-03 1.053598243743181229e-02 1.606791652739048004e-02 1.065891515463590622e-02 8.041189052164554596e-03 6.958907004445791245e-03 5.932064261287450790e-03 6.872131489217281342e-03 9.140344336628913879e-03 9.740541689097881317e-03 1.333449035882949829e-02 1.438543759286403656e-02 1.370087545365095139e-02 1.263787690550088882e-02 9.730899706482887268e-03 8.477477356791496277e-03 4.109780769795179367e-03 8.002622984349727631e-03 2.608083561062812805e-02 5.261483415961265564e-02 6.576371937990188599e-02 7.546569406986236572e-02 6.790658831596374512e-02 3.694463893771171570e-02 3.386652097105979919e-03 3.109452663920819759e-04 4.290562646929174662e-04 2.771992876660078764e-04 5.785028406535275280e-05 0.000000000000000000e+00 0.000000000000000000e+00 0.000000000000000000e+00 0.000000000000000000e+00 0.000000000000000000e+00 0.000000000000000000e+00 0.000000000000000000e+00 0.000000000000000000e+00 0.000000000000000000e+00 0.000000000000000000e+00 0.000000000000000000e+00 0.000000000000000000e+00 0.000000000000000000e+00 0.000000000000000000e+00 0.000000000000000000e+00 0.000000000000000000e+00 0.000000000000000000e+00 0.000000000000000000e+00 1.894596847705543041e-03 6.741148829460144043e-01 1.253745794296264648e+00 1.050691246986389160e+00 1.940876990556716919e-02 1.446257083443924785e-04 0.000000000000000000e+00 0.000000000000000000e+00 0.000000000000000000e+00 0.000000000000000000e+00 0.000000000000000000e+00 0.000000000000000000e+00 0.000000000000000000e+00 0.000000000000000000e+00 0.000000000000000000e+00 0.000000000000000000e+00 0.000000000000000000e+00 0.000000000000000000e+00 0.000000000000000000e+00 0.000000000000000000e+00 0.000000000000000000e+00 0.000000000000000000e+00 0.000000000000000000e+00 0.000000000000000000e+00 0.000000000000000000e+00 0.000000000000000000e+00 0.000000000000000000e+00 0.000000000000000000e+00 1.966909738257527351e-03 4.150758031755685806e-03 1.373510360717773438e-01 6.691301465034484863e-01 1.257183104753494263e-01 6.097901985049247742e-02 7.038451149128377438e-04 0.000000000000000000e+00 0.000000000000000000e+00 0.000000000000000000e+00 0.000000000000000000e+00 0.000000000000000000e+00 0.000000000000000000e+00 0.000000000000000000e+00 0.000000000000000000e+00 0.000000000000000000e+00 0.000000000000000000e+00 0.000000000000000000e+00 0.000000000000000000e+00 0.000000000000000000e+00 0.000000000000000000e+00
4.609122127294540405e-02 4.893566668033599854e-02 3.929523006081581116e-02 3.302181884646415710e-02 2.084271423518657684e-02 1.531802117824554443e-02 1.289537549018859863e-02 1.226710062474012375e-02 1.300352998077869415e-02 1.686117984354496002e-02 2.574208192527294159e-02 3.396128118038177490e-02 3.369237110018730164e-02 3.256068751215934753e-02 3.624332696199417114e-02 3.104309365153312683e-02 2.032554335892200470e-02 1.471678446978330612e-02 8.487616665661334991e-03 3.740647109225392342e-03 7.683836738578975201e-04 1.135615020757541060e-04 3.834544259007088840e-05 1.818950477172620595e-05 4.916082616546191275e-06 5.407690878200810403e-06 2.949649569927714765e-06 1.966433046618476510e-06 9.832165233092382550e-07 0.000000000000000000e+00 0.000000000000000000e+00 0.000000000000000000e+00 0.000000000000000000e+00 0.000000000000000000e+00 0.000000000000000000e+00 0.000000000000000000e+00 0.000000000000000000e+00 0.000000000000000000e+00 0.000000000000000000e+00 0.000000000000000000e+00 0.000000000000000000e+00 0.000000000000000000e+00 0.000000000000000000e+00 0.000000000000000000e+00 0.000000000000000000e+00 0.000000000000000000e+00 0.000000000000000000e+00 1.651803776621818542e-02 8.048324584960937500e-01 2.179259955883026123e-01 1.428072750568389893e-01 1.627705097198486328e-01 1.943081617355346680e-01 2.429596781730651855e-01 4.070014953613281250e-01 5.965813398361206055e-01 2.137552052736282349e-01 5.397858913056552410e-04 0.000000000000000000e+00 0.000000000000000000e+00 0.000000000000000000e+00 0.000000000000000000e+00 0.000000000000000000e+00 0.000000000000000000e+00 0.000000000000000000e+00 0.000000000000000000e+00 0.000000000000000000e+00 0.000000000000000000e+00 0.000000000000000000e+00 0.000000000000000000e+00 3.746054717339575291e-04 4.181521385908126831e-02 1.198924332857131958e-01 1.389235705137252808e-01 1.049868762493133545e-01 7.187706232070922852e-02 6.480871886014938354e-02 5.531772598624229431e-02 5.480252206325531006e-02 2.542352080345153809e-01 9.296607226133346558e-02 0.000000000000000000e+00 0.000000000000000000e+00 0.000000000000000000e+00 0.000000000000000000e+00 0.000000000000000000e+00 0.000000000000000000e+00 0.000000000000000000e+00 0.000000000000000000e+00 0.000000000000000000e+00 0.000000000000000000e+00 0.000000000000000000e+00 0.000000000000000000e+00 0.000000000000000000e+00 0.000000000000000000e+00 0.000000000000000000e+00
7.075756788253784180e-03 2.288828231394290924e-02 2.947134710848331451e-02 2.155159413814544678e-02 2.127152122557163239e-02 1.837797276675701141e-02 1.820258982479572296e-02 1.464906148612499237e-02 1.306845620274543762e-02 1.271607168018817902e-02 1.332262717187404633e-02 1.399879530072212219e-02 1.475968770682811737e-02 1.605428382754325867e-02 1.834289543330669403e-02 2.076479978859424591e-02 2.341604977846145630e-02 3.147448971867561340e-02 3.773323073983192444e-02 3.228664770722389221e-02 2.894357964396476746e-02 2.852158062160015106e-02 2.047069557011127472e-02 1.357787661254405975e-02 4.836791194975376129e-03 1.815348165109753609e-03 4.068884009029716253e-04 1.079279513760411646e-06 0.000000000000000000e+00 0.000000000000000000e+00 0.000000000000000000e+00 0.000000000000000000e+00 0.000000000000000000e+00 0.000000000000000000e+00 0.000000000000000000e+00 0.000000000000000000e+00 0.000000000000000000e+00 0.000000000000000000e+00 0.000000000000000000e+00 0.000000000000000000e+00 0.000000000000000000e+00 0.000000000000000000e+00 0.000000000000000000e+00 0.000000000000000000e+00 0.000000000000000000e+00 0.000000000000000000e+00 1.155908335931599140e-03 6.306014955043792725e-02 7.256870865821838379e-01 3.773441910743713379e-01 5.407741069793701172e-01 1.249342679977416992e+00 4.261643067002296448e-02 1.942703238455578685e-05 0.000000000000000000e+00 0.000000000000000000e+00 0.000000000000000000e+00 0.000000000000000000e+00 0.000000000000000000e+00 0.000000000000000000e+00 0.000000000000000000e+00 0.000000000000000000e+00 0.000000000000000000e+00 0.000000000000000000e+00 0.000000000000000000e+00 0.000000000000000000e+00 0.000000000000000000e+00 0.000000000000000000e+00 0.000000000000000000e+00 0.000000000000000000e+00 0.000000000000000000e+00 0.000000000000000000e+00 0.000000000000000000e+00 0.000000000000000000e+00 0.000000000000000000e+00 0.000000000000000000e+00 2.628045622259378433e-03 4.245259761810302734e-01 2.689758837223052979e-01 2.565663456916809082e-01 4.630217328667640686e-02 9.745894349180161953e-04 2.698198841244447976e-05 0.000000000000000000e+00 0.000000000000000000e+00 0.000000000000000000e+00 0.000000000000000000e+00 0.000000000000000000e+00 0.000000000000000000e+00 0.000000000000000000e+00 0.000000000000000000e+00 0.000000000000000000e+00 0.000000000000000000e+00 0.000000000000000000e+00 0.000000000000000000e+00 0.000000000000000000e+00
8.485831131110899150e-06 2.917004349001217633e-05 1.517372671514749527e-03 1.239355560392141342e-02 4.650606587529182434e-02 4.629286006093025208e-02 5.239045992493629456e-02 5.187812820076942444e-02 3.926128894090652466e-02 3.820374235510826111e-02 3.047049604356288910e-02 2.070648781955242157e-02 1.594752818346023560e-02 1.004032883793115616e-02 7.060741540044546127e-03 7.515263743698596954e-03 1.106817554682493210e-02 1.650016754865646362e-02 1.904273405671119690e-02 1.590615883469581604e-02 1.033786311745643616e-02 7.500413805246353149e-03 5.898182746022939682e-03 5.980389192700386047e-03 5.305765662342309952e-03 5.612846929579973221e-03 5.277126096189022064e-03 4.159647971391677856e-03 3.476538695394992828e-03 1.894992077723145485e-03 5.415020859800279140e-04 1.275526476092636585e-03 0.000000000000000000e+00 0.000000000000000000e+00 0.000000000000000000e+00 0.000000000000000000e+00 0.000000000000000000e+00 0.000000000000000000e+00 0.000000000000000000e+00 0.000000000000000000e+00 0.000000000000000000e+00 0.000000000000000000e+00 0.000000000000000000e+00 0.000000000000000000e+00 1.175499707460403442e-02 5.277656391263008118e-02 1.715739518404006958e-01 8.384966254234313965e-01 1.162866473197937012e+00 2.937189936637878418e-01 2.422439455986022949e-01 4.131432622671127319e-02 1.909630186855792999e-02 5.462541431188583374e-02 8.181719481945037842e-02 1.734928041696548462e-02 4.566437564790248871e-03 6.657134741544723511e-03 1.142404973506927490e-03 0.000000000000000000e+00 0.000000000000000000e+00 0.000000000000000000e+00 0.000000000000000000e+00 0.000000000000000000e+00 0.000000000000000000e+00 0.000000000000000000e+00 0.000000000000000000e+00 0.000000000000000000e+00 0.000000000000000000e+00 0.000000000000000000e+00 4.667207031161524355e-05 2.882000291720032692e-03 4.237611778080463409e-03 3.533287905156612396e-03 3.726340364664793015e-03 4.089852049946784973e-02 6.320565193891525269e-02 7.977529615163803101e-02 1.249432489275932312e-01 2.683994174003601074e-01 9.799331426620483398e-02 8.477663248777389526e-02 1.790902763605117798e-01 4.458137229084968567e-02 1.910372637212276459e-03 0.000000000000000000e+00 0.000000000000000000e+00 0.000000000000000000e+00 0.000000000000000000e+00 0.000000000000000000e+00 0.000000000000000000e+00 0.000000000000000000e+00 0.000000000000000000e+00 0.000000000000000000e+00 0.000000000000000000e+00 0.000000000000000000e+00
1.129847019910812378e-02 1.088983099907636642e-02 8.407264016568660736e-03 1.571495831012725830e-02 1.557267550379037857e-02 1.427390892058610916e-02 1.888162642717361450e-02 3.267404809594154358e-02 2.923647128045558929e-02 3.419363871216773987e-02 4.084113612771034241e-02 4.106196016073226929e-02 3.643261641263961792e-02 3.394321724772453308e-02 3.471269086003303528e-02 3.335131704807281494e-02 2.903841249644756317e-02 2.501576580107212067e-02 1.518111024051904678e-02 7.768694311380386353e-03 5.732329096645116806e-03 3.648156067356467247e-03 1.650491845794022083e-03 4.553080943878740072e-04 2.390367444604635239e-05 0.000000000000000000e+00 0.000000000000000000e+00 0.000000000000000000e+00 0.000000000000000000e+00 0.000000000000000000e+00 0.000000000000000000e+00 0.000000000000000000e+00 0.000000000000000000e+00 0.000000000000000000e+00 0.000000000000000000e+00 0.000000000000000000e+00 0.000000000000000000e+00 0.000000000000000000e+00 0.000000000000000000e+00 0.000000000000000000e+00 0.000000000000000000e+00 0.000000000000000000e+00 0.000000000000000000e+00 0.000000000000000000e+00 1.420561224222183228e-03 1.406219042837619781e-02 3.356758877635002136e-02 2.069375291466712952e-02 2.087405472993850708e-01 6.745617389678955078e-01 1.227726936340332031e+00 3.769131302833557129e-01 1.796736866235733032e-01 1.308009028434753418e-01 1.298515945672988892e-01 1.987419789656996727e-03 0.000000000000000000e+00 0.000000000000000000e+00 0.000000000000000000e+00 0.000000000000000000e+00 0.000000000000000000e+00 0.000000000000000000e+00 0.000000000000000000e+00 0.000000000000000000e+00 0.000000000000000000e+00 0.000000000000000000e+00 0.000000000000000000e+00 0.000000000000000000e+00 0.000000000000000000e+00 0.000000000000000000e+00 0.000000000000000000e+00 0.000000000000000000e+00 0.000000000000000000e+00 0.000000000000000000e+00 5.258808378130197525e-04 2.966787479817867279e-02 1.774381250143051147e-01 3.505439758300781250e-01 2.105777114629745483e-01 2.042421102523803711e-01 2.686773054301738739e-02 1.365924254059791565e-04 0.000000000000000000e+00 0.000000000000000000e+00 0.000000000000000000e+00 0.000000000000000000e+00 0.000000000000000000e+00 0.000000000000000000e+00 0.000000000000000000e+00 0.000000000000000000e+00 0.000000000000000000e+00 0.000000000000000000e+00 0.000000000000000000e+00 0.000000000000000000e+00 0.000000000000000000e+00 0.000000000000000000e+00
1.856365124695003033e-04 2.928425557911396027e-03 1.323447935283184052e-02 2.076699398458003998e-02 2.322582341730594635e-02 2.478608116507530212e-02 2.557152509689331055e-02 2.589496597647666931e-02 2.662042900919914246e-02 2.810096554458141327e-02 2.962705679237842560e-02 3.015245683491230011e-02 2.968475967645645142e-02 2.946913242340087891e-02 2.806262299418449402e-02 2.680378779768943787e-02 2.456286177039146423e-02 2.172061055898666382e-02 1.823299936950206757e-02 1.479245908558368683e-02 1.172243338078260422e-02 8.820961229503154755e-03 6.472982000559568405e-03 5.540243815630674362e-03 5.289311986416578293e-03 5.443819332867860794e-03 4.309500567615032196e-03 3.000174649059772491e-03 2.283822745084762573e-03 1.811569440178573132e-03 8.704796200618147850e-04 1.062949377228505909e-05 0.000000000000000000e+00 0.000000000000000000e+00 0.000000000000000000e+00 0.000000000000000000e+00 0.000000000000000000e+00 0.000000000000000000e+00 0.000000000000000000e+00 0.000000000000000000e+00 0.000000000000000000e+00 0.000000000000000000e+00 0.000000000000000000e+00 0.000000000000000000e+00 0.000000000000000000e+00 0.000000000000000000e+00 0.000000000000000000e+00 4.040726460516452789e-03 2.486467838287353516e+00 5.094913840293884277e-01 0.000000000000000000e+00 0.000000000000000000e+00 0.000000000000000000e+00 0.000000000000000000e+00 0.000000000000000000e+00 0.000000000000000000e+00 0.000000000000000000e+00 0.000000000000000000e+00 0.000000000000000000e+00 0.000000000000000000e+00 0.000000000000000000e+00 0.000000000000000000e+00 0.000000000000000000e+00 0.000000000000000000e+00 0.000000000000000000e+00 0.000000000000000000e+00 0.000000000000000000e+00 0.000000000000000000e+00 0.000000000000000000e+00 0.000000000000000000e+00 0.000000000000000000e+00 0.000000000000000000e+00 0.000000000000000000e+00 0.000000000000000000e+00 0.000000000000000000e+00 0.000000000000000000e+00 0.000000000000000000e+00 4.755179863423109055e-03 3.076874017715454102e-01 6.832752227783203125e-01 4.282167647033929825e-03 0.000000000000000000e+00 0.000000000000000000e+00 0.000000000000000000e+00 0.000000000000000000e+00 0.000000000000000000e+00 0.000000000000000000e+00 0.000000000000000000e+00 0.000000000000000000e+00 0.000000000000000000e+00 0.000000000000000000e+00 0.000000000000000000e+00 0.000000000000000000e+00 0.000000000000000000e+00 0.000000000000000000e+00 0.000000000000000000e+00
1.970870420336723328e-03 5.740933120250701904e-03 9.676063433289527893e-03 1.054175850003957748e-02 9.005215018987655640e-03 6.854418665170669556e-03 6.409830413758754730e-03 7.362528704106807709e-03 8.813957683742046356e-03 1.277351472526788712e-02 1.913971640169620514e-02 2.466408535838127136e-02 2.392965182662010193e-02 2.296839095652103424e-02 2.454768121242523193e-02 2.281188406050205231e-02 1.777843944728374481e-02 1.417520828545093536e-02 1.335805188864469528e-02 1.465272251516580582e-02 1.683115586638450623e-02 2.115257829427719116e-02 2.712077833712100983e-02 3.394145518541336060e-02 3.351430222392082214e-02 3.311151638627052307e-02 2.413834631443023682e-02 1.568096689879894257e-02 9.865117259323596954e-03 5.131402052938938141e-03 1.889469567686319351e-03 4.479880444705486298e-04 0.000000000000000000e+00 0.000000000000000000e+00 0.000000000000000000e+00 0.000000000000000000e+00 0.000000000000000000e+00 0.000000000000000000e+00 0.000000000000000000e+00 0.000000000000000000e+00 0.000000000000000000e+00 0.000000000000000000e+00 0.000000000000000000e+00 0.000000000000000000e+00 0.000000000000000000e+00 0.000000000000000000e+00 7.932334483484737575e-06 7.161432504653930664e-01 1.054554462432861328e+00 2.100841104984283447e-01 3.751363456249237061e-01 6.350411772727966309e-01 8.798092603683471680e-03 2.334372838959097862e-04 1.133190721702703740e-06 0.000000000000000000e+00 0.000000000000000000e+00 0.000000000000000000e+00 0.000000000000000000e+00 0.000000000000000000e+00 0.000000000000000000e+00 0.000000000000000000e+00 0.000000000000000000e+00 0.000000000000000000e+00 0.000000000000000000e+00 0.000000000000000000e+00 0.000000000000000000e+00 0.000000000000000000e+00 0.000000000000000000e+00 0.000000000000000000e+00 0.000000000000000000e+00 0.000000000000000000e+00 0.000000000000000000e+00 0.000000000000000000e+00 3.663983443402685225e-05 6.546102464199066162e-02 1.988575905561447144e-01 7.192197442054748535e-02 6.410711258649826050e-02 4.970258772373199463e-01 1.019956022500991821e-01 5.941696581430733204e-04 0.000000000000000000e+00 0.000000000000000000e+00 0.000000000000000000e+00 0.000000000000000000e+00 0.000000000000000000e+00 0.000000000000000000e+00 0.000000000000000000e+00 0.000000000000000000e+00 0.000000000000000000e+00 0.000000000000000000e+00 0.000000000000000000e+00 0.000000000000000000e+00 0.000000000000000000e+00 0.000000000000000000e+00
4.941346705891191959e-04 1.205206444865325466e-06 2.410412889730650932e-06 1.767636240401770920e-05 1.940382499014958739e-04 2.123172162100672722e-03 1.003053225576877594e-02 3.012735024094581604e-02 3.538405895233154297e-02 3.069299459457397461e-02 2.929736487567424774e-02 2.526996657252311707e-02 2.445685304701328278e-02 2.182990498840808868e-02 1.606861688196659088e-02 1.341957226395606995e-02 1.529125869274139404e-02 1.935561560094356537e-02 2.044231072068214417e-02 1.880684494972229004e-02 2.130242623388767242e-02 2.390727959573268890e-02 2.641651965677738190e-02 2.456291206181049347e-02 2.169532328844070435e-02 2.080025710165500641e-02 1.479350775480270386e-02 1.288887951523065567e-02 1.055278815329074860e-02 5.903502926230430603e-03 2.482725307345390320e-03 1.387996133416891098e-03 0.000000000000000000e+00 0.000000000000000000e+00 0.000000000000000000e+00 0.000000000000000000e+00 0.000000000000000000e+00 0.000000000000000000e+00 0.000000000000000000e+00 0.000000000000000000e+00 0.000000000000000000e+00 0.000000000000000000e+00 0.000000000000000000e+00 0.000000000000000000e+00 4.820826143259182572e-05 1.008034683763980865e-02 2.312791347503662109e-02 6.678049266338348389e-02 1.005026459693908691e+00 1.875503778457641602e+00 1.937007904052734375e-02 6.267073331400752068e-05 0.000000000000000000e+00 0.000000000000000000e+00 0.000000000000000000e+00 0.000000000000000000e+00 0.000000000000000000e+00 0.000000000000000000e+00 0.000000000000000000e+00 0.000000000000000000e+00 0.000000000000000000e+00 0.000000000000000000e+00 0.000000000000000000e+00 0.000000000000000000e+00 0.000000000000000000e+00 0.000000000000000000e+00 0.000000000000000000e+00 0.000000000000000000e+00 0.000000000000000000e+00 0.000000000000000000e+00 0.000000000000000000e+00 0.000000000000000000e+00 0.000000000000000000e+00 0.000000000000000000e+00 0.000000000000000000e+00 0.000000000000000000e+00 7.600835524499416351e-04 5.106379464268684387e-02 7.173581719398498535e-01 1.930748820304870605e-01 3.442873060703277588e-02 3.314317902550101280e-03 0.000000000000000000e+00 0.000000000000000000e+00 0.000000000000000000e+00 0.000000000000000000e+00 0.000000000000000000e+00 0.000000000000000000e+00 0.000000000000000000e+00 0.000000000000000000e+00 0.000000000000000000e+00 0.000000000000000000e+00 0.000000000000000000e+00 0.000000000000000000e+00 0.000000000000000000e+00 0.000000000000000000e+00
6.500087212771177292e-03 9.841933846473693848e-03 1.226795651018619537e-02 1.393198780715465546e-02 1.949750445783138275e-02 2.240597456693649292e-02 2.406228706240653992e-02 2.289724536240100861e-02 1.963093504309654236e-02 1.932988874614238739e-02 2.159491181373596191e-02 2.454528585076332092e-02 2.781766094267368317e-02 2.955061197280883789e-02 2.828963100910186768e-02 2.451440878212451935e-02 2.223615348339080811e-02 2.136885002255439758e-02 1.978972926735877991e-02 1.909555681049823761e-02 1.783237047493457794e-02 1.508324593305587769e-02 1.334643363952636719e-02 1.267210952937602997e-02 1.322623528540134430e-02 1.067505218088626862e-02 4.967832937836647034e-03 2.180663635954260826e-03 6.219440256245434284e-04 2.012496261158958077e-04 2.426022911095060408e-05 0.000000000000000000e+00 0.000000000000000000e+00 0.000000000000000000e+00 0.000000000000000000e+00 0.000000000000000000e+00 0.000000000000000000e+00 0.000000000000000000e+00 0.000000000000000000e+00 0.000000000000000000e+00 0.000000000000000000e+00 0.000000000000000000e+00 0.000000000000000000e+00 0.000000000000000000e+00 1.204189495183527470e-03 4.356916528195142746e-03 1.299466006457805634e-02 9.579592198133468628e-02 5.303396582603454590e-01 9.712219238281250000e-01 8.532642126083374023e-01 3.195436000823974609e-01 1.427692323923110962e-01 3.990697115659713745e-02 1.426832191646099091e-02 9.001648053526878357e-03 2.623412990942597389e-03 9.560735779814422131e-04 1.045395387336611748e-03 7.079576025716960430e-04 0.000000000000000000e+00 0.000000000000000000e+00 0.000000000000000000e+00 0.000000000000000000e+00 0.000000000000000000e+00 0.000000000000000000e+00 0.000000000000000000e+00 0.000000000000000000e+00 0.000000000000000000e+00 0.000000000000000000e+00 4.631498086382634938e-05 1.279175630770623684e-04 2.414995396975427866e-04 7.300123106688261032e-04 3.871711902320384979e-03 1.079800724983215332e-02 1.063347831368446350e-01 2.054290026426315308e-01 3.845852613449096680e-01 2.462236732244491577e-01 3.333355486392974854e-02 3.994115628302097321e-03 1.569195650517940521e-03 1.362983719445765018e-03 1.090607489459216595e-03 2.536296669859439135e-04 7.719163477304391563e-06 0.000000000000000000e+00 0.000000000000000000e+00 0.000000000000000000e+00 0.000000000000000000e+00 0.000000000000000000e+00 0.000000000000000000e+00 0.000000000000000000e+00 0.000000000000000000e+00 0.000000000000000000e+00
4.001393448561429977e-03 6.628134287893772125e-03 8.382090367376804352e-03 1.086885016411542892e-02 1.168164331465959549e-02 1.312144845724105835e-02 1.454448141157627106e-02 1.845298334956169128e-02 1.962701790034770966e-02 1.874455809593200684e-02 2.078750543296337128e-02 1.690738648176193237e-02 1.377039216458797455e-02 1.185581274330615997e-02 1.400455459952354431e-02 1.632552966475486755e-02 2.062494680285453796e-02 2.830197289586067200e-02 3.865734487771987915e-02 4.972939193248748779e-02 4.224008321762084961e-02 3.354706615209579468e-02 1.850136369466781616e-02 1.343688927590847015e-02 9.584507904946804047e-03 8.488527499139308929e-03 9.223911911249160767e-03 5.024480633437633514e-03 2.303558867424726486e-03 4.850955738220363855e-04 7.740886940155178308e-05 6.966797809582203627e-05 0.000000000000000000e+00 0.000000000000000000e+00 0.000000000000000000e+00 0.000000000000000000e+00 0.000000000000000000e+00 0.000000000000000000e+00 0.000000000000000000e+00 0.000000000000000000e+00 0.000000000000000000e+00 0.000000000000000000e+00 0.000000000000000000e+00 1.548177388031035662e-04 4.876758321188390255e-04 2.686087740585207939e-03 5.461195483803749084e-03 3.309229016304016113e-02 1.045081615447998047e+00 1.154398441314697266e+00 6.326239705085754395e-01 1.257468312978744507e-01 2.670605899766087532e-04 0.000000000000000000e+00 0.000000000000000000e+00 0.000000000000000000e+00 0.000000000000000000e+00 0.000000000000000000e+00 0.000000000000000000e+00 0.000000000000000000e+00 0.000000000000000000e+00 0.000000000000000000e+00 0.000000000000000000e+00 0.000000000000000000e+00 0.000000000000000000e+00 0.000000000000000000e+00 0.000000000000000000e+00 0.000000000000000000e+00 0.000000000000000000e+00 0.000000000000000000e+00 0.000000000000000000e+00 0.000000000000000000e+00 0.000000000000000000e+00 0.000000000000000000e+00 0.000000000000000000e+00 8.864605799317359924e-03 1.544358432292938232e-01 1.414337456226348877e-01 2.836299538612365723e-01 3.887898921966552734e-01 1.803368516266345978e-02 4.354248754680156708e-03 4.244586161803454161e-04 3.354384170961566269e-05 0.000000000000000000e+00 0.000000000000000000e+00 0.000000000000000000e+00 0.000000000000000000e+00 0.000000000000000000e+00 0.000000000000000000e+00 0.000000000000000000e+00 0.000000000000000000e+00 0.000000000000000000e+00 0.000000000000000000e+00 0.000000000000000000e+00 0.000000000000000000e+00
4.975196439772844315e-03 1.789375767111778259e-02 2.391442656517028809e-02 2.068664692342281342e-02 1.819966919720172882e-02 1.692269556224346161e-02 1.537660229951143265e-02 1.222447305917739868e-02 1.051632873713970184e-02 1.149772666394710541e-02 1.127284020185470581e-02 1.125217042863368988e-02 1.149896625429391861e-02 1.572716049849987030e-02 1.691814884543418884e-02 2.429888397455215454e-02 3.626085072755813599e-02 4.228234663605690002e-02 3.277966007590293884e-02 2.585448510944843292e-02 2.043241076171398163e-02 2.132327482104301453e-02 2.853038534522056580e-02 2.979123592376708984e-02 1.437246799468994141e-02 2.837536158040165901e-03 1.308805309236049652e-03 1.015295623801648617e-03 2.687060805328655988e-05 8.267878911283332855e-06 4.133939626171923010e-07 0.000000000000000000e+00 0.000000000000000000e+00 0.000000000000000000e+00 0.000000000000000000e+00 0.000000000000000000e+00 0.000000000000000000e+00 0.000000000000000000e+00 0.000000000000000000e+00 0.000000000000000000e+00 0.000000000000000000e+00 0.000000000000000000e+00 0.000000000000000000e+00 0.000000000000000000e+00 0.000000000000000000e+00 0.000000000000000000e+00 0.000000000000000000e+00 6.721785757690668106e-04 1.142946720123291016e+00 1.699445962905883789e+00 1.454063653945922852e-01 1.148160453885793686e-02 4.712691224995069206e-05 0.000000000000000000e+00 0.000000000000000000e+00 0.000000000000000000e+00 0.000000000000000000e+00 0.000000000000000000e+00 0.000000000000000000e+00 0.000000000000000000e+00 0.000000000000000000e+00 0.000000000000000000e+00 0.000000000000000000e+00 0.000000000000000000e+00 0.000000000000000000e+00 0.000000000000000000e+00 0.000000000000000000e+00 0.000000000000000000e+00 0.000000000000000000e+00 0.000000000000000000e+00 0.000000000000000000e+00 0.000000000000000000e+00 0.000000000000000000e+00 0.000000000000000000e+00 0.000000000000000000e+00 2.728400249907281250e-05 6.432409863919019699e-04 1.399090513586997986e-02 4.669781029224395752e-01 5.153666734695434570e-01 2.993799047544598579e-03 0.000000000000000000e+00 0.000000000000000000e+00 0.000000000000000000e+00 0.000000000000000000e+00 0.000000000000000000e+00 0.000000000000000000e+00 0.000000000000000000e+00 0.000000000000000000e+00 0.000000000000000000e+00 0.000000000000000000e+00 0.000000000000000000e+00 0.000000000000000000e+00 0.000000000000000000e+00 0.000000000000000000e+00 0.000000000000000000e+00
2.693405933678150177e-02 2.119764685630798340e-02 1.587487012147903442e-02 1.558584254235029221e-02 1.378591172397136688e-02 1.206040196120738983e-02 1.398148108273744583e-02 1.604620926082134247e-02 1.611543819308280945e-02 1.451280713081359863e-02 1.330564171075820923e-02 1.234942860901355743e-02 1.107043959200382233e-02 1.041883043944835663e-02 1.004932541400194168e-02 1.133004482835531235e-02 1.479923818260431290e-02 2.018604986369609833e-02 2.843977138400077820e-02 3.196867555379867554e-02 3.114658966660499573e-02 2.364485897123813629e-02 2.169868536293506622e-02 2.113187871873378754e-02 1.913551427423954010e-02 1.622533798217773438e-02 1.307459361851215363e-02 9.263586252927780151e-03 6.762720644474029541e-03 4.884908441454172134e-03 2.583939116448163986e-03 4.352717078290879726e-04 0.000000000000000000e+00 0.000000000000000000e+00 0.000000000000000000e+00 0.000000000000000000e+00 0.000000000000000000e+00 0.000000000000000000e+00 0.000000000000000000e+00 0.000000000000000000e+00 0.000000000000000000e+00 0.000000000000000000e+00 0.000000000000000000e+00 0.000000000000000000e+00 0.000000000000000000e+00 0.000000000000000000e+00 0.000000000000000000e+00 5.254413001239299774e-03 6.098858118057250977e-01 1.570534706115722656e+00 4.641692638397216797e-01 3.140965700149536133e-01 2.825545147061347961e-02 7.803738117218017578e-03 0.000000000000000000e+00 0.000000000000000000e+00 0.000000000000000000e+00 0.000000000000000000e+00 0.000000000000000000e+00 0.000000000000000000e+00 0.000000000000000000e+00 0.000000000000000000e+00 0.000000000000000000e+00 0.000000000000000000e+00 0.000000000000000000e+00 0.000000000000000000e+00 0.000000000000000000e+00 0.000000000000000000e+00 0.000000000000000000e+00 0.000000000000000000e+00 0.000000000000000000e+00 0.000000000000000000e+00 0.000000000000000000e+00 0.000000000000000000e+00 0.000000000000000000e+00 2.050882671028375626e-03 6.262720376253128052e-02 1.777068227529525757e-01 5.167341828346252441e-01 2.053392231464385986e-01 3.554170951247215271e-02 0.000000000000000000e+00 0.000000000000000000e+00 0.000000000000000000e+00 0.000000000000000000e+00 0.000000000000000000e+00 0.000000000000000000e+00 0.000000000000000000e+00 0.000000000000000000e+00 0.000000000000000000e+00 0.000000000000000000e+00 0.000000000000000000e+00 0.000000000000000000e+00 0.000000000000000000e+00 0.000000000000000000e+00 0.000000000000000000e+00
2.014098875224590302e-02 4.684902355074882507e-02 5.124586448073387146e-02 4.986832663416862488e-02 6.185771897435188293e-02 5.307198688387870789e-02 4.836681857705116272e-02 3.960015997290611267e-02 2.014098875224590302e-02 1.288695819675922394e-02 1.107196137309074402e-02 9.837858378887176514e-03 8.618058636784553528e-03 5.586043931543827057e-03 5.010711960494518280e-03 3.012943314388394356e-03 3.515961579978466034e-03 3.761113388463854790e-03 7.365281693637371063e-03 1.162742637097835541e-02 1.061423867940902710e-02 6.812597624957561493e-03 3.840976394712924957e-03 1.944129238836467266e-03 1.076363376341760159e-03 7.680363487452268600e-04 5.602334276773035526e-04 5.634120898321270943e-04 2.499197435099631548e-04 1.076760745490901172e-04 2.582636443548835814e-05 3.973286766267847270e-07 0.000000000000000000e+00 0.000000000000000000e+00 0.000000000000000000e+00 0.000000000000000000e+00 0.000000000000000000e+00 0.000000000000000000e+00 0.000000000000000000e+00 0.000000000000000000e+00 0.000000000000000000e+00 0.000000000000000000e+00 0.000000000000000000e+00 0.000000000000000000e+00 0.000000000000000000e+00 0.000000000000000000e+00 4.601066466420888901e-04 3.825560212135314941e-02 2.324193954467773438e+00 2.247728109359741211e-01 6.682512164115905762e-02 7.652073353528976440e-02 1.128548532724380493e-01 6.188315153121948242e-02 1.096627116203308105e-02 5.893179215490818024e-03 5.392544902861118317e-03 6.043368950486183167e-03 7.190059870481491089e-03 9.469137527048587799e-03 2.958509325981140137e-02 1.469242013990879059e-02 5.001573357731103897e-03 0.000000000000000000e+00 0.000000000000000000e+00 0.000000000000000000e+00 0.000000000000000000e+00 0.000000000000000000e+00 0.000000000000000000e+00 0.000000000000000000e+00 0.000000000000000000e+00 0.000000000000000000e+00 0.000000000000000000e+00 5.618227296508848667e-04 1.728697679936885834e-02 2.752375230193138123e-02 5.362268537282943726e-02 3.902164846658706665e-02 6.645004451274871826e-02 4.620837271213531494e-01 3.334358334541320801e-01 1.350917500531068072e-05 0.000000000000000000e+00 0.000000000000000000e+00 0.000000000000000000e+00 0.000000000000000000e+00 0.000000000000000000e+00 0.000000000000000000e+00 0.000000000000000000e+00 0.000000000000000000e+00 0.000000000000000000e+00 0.000000000000000000e+00 0.000000000000000000e+00 0.000000000000000000e+00 0.000000000000000000e+00 0.000000000000000000e+00
2.288542874157428741e-02 2.000312879681587219e-02 1.958380639553070068e-02 1.934234425425529480e-02 2.141156420111656189e-02 2.415503375232219696e-02 2.278870157897472382e-02 2.258284948766231537e-02 2.154318988323211670e-02 1.990286074578762054e-02 1.919011026620864868e-02 1.839628256857395172e-02 1.719718426465988159e-02 1.681742444634437561e-02 1.620943099260330200e-02 1.705032400786876678e-02 2.086439356207847595e-02 2.193582244217395782e-02 2.127462439239025116e-02 2.280936948955059052e-02 2.263233438134193420e-02 1.839203014969825745e-02 1.465939171612262726e-02 1.071960013359785080e-02 8.583711460232734680e-03 6.680720951408147812e-03 4.927484784275293350e-03 3.185704816132783890e-03 1.844824757426977158e-03 1.048811827786266804e-03 8.088269969448447227e-04 5.726804374717175961e-04 0.000000000000000000e+00 0.000000000000000000e+00 0.000000000000000000e+00 0.000000000000000000e+00 0.000000000000000000e+00 0.000000000000000000e+00 0.000000000000000000e+00 0.000000000000000000e+00 0.000000000000000000e+00 0.000000000000000000e+00 0.000000000000000000e+00 0.000000000000000000e+00 0.000000000000000000e+00 0.000000000000000000e+00 1.136267092078924179e-03 7.709219306707382202e-02 4.015142917633056641e-01 8.804385662078857422e-01 6.920132040977478027e-01 6.298819780349731445e-01 2.628975510597229004e-01 5.467403680086135864e-02 3.518282319419085979e-04 0.000000000000000000e+00 0.000000000000000000e+00 0.000000000000000000e+00 0.000000000000000000e+00 0.000000000000000000e+00 0.000000000000000000e+00 0.000000000000000000e+00 0.000000000000000000e+00 0.000000000000000000e+00 0.000000000000000000e+00 0.000000000000000000e+00 0.000000000000000000e+00 0.000000000000000000e+00 0.000000000000000000e+00 0.000000000000000000e+00 2.952569957415107638e-06 2.819113724399358034e-04 1.787840155884623528e-03 8.918650448322296143e-03 3.440665081143379211e-02 9.500779211521148682e-02 1.559037268161773682e-01 1.909495443105697632e-01 2.229843437671661377e-01 2.584604024887084961e-01 3.129180893301963806e-02 4.369803264125948772e-06 0.000000000000000000e+00 0.000000000000000000e+00 0.000000000000000000e+00 0.000000000000000000e+00 0.000000000000000000e+00 0.000000000000000000e+00 0.000000000000000000e+00 0.000000000000000000e+00 0.000000000000000000e+00 0.000000000000000000e+00 0.000000000000000000e+00 0.000000000000000000e+00 0.000000000000000000e+00 0.000000000000000000e+00
1.355528947897255421e-03 9.898437187075614929e-03 1.499409042298793793e-02 2.011340111494064331e-02 3.477345779538154602e-02 4.961188882589340210e-02 8.154890686273574829e-02 6.771825253963470459e-02 4.224850237369537354e-02 2.670131810009479523e-02 1.778368838131427765e-02 1.028546039015054703e-02 9.782519191503524780e-03 6.334318313747644424e-03 5.815763492137193680e-03 6.715664640069007874e-03 8.260446600615978241e-03 9.841660968959331512e-03 1.060482580214738846e-02 1.090715918689966202e-02 1.205072365701198578e-02 1.413677167147397995e-02 1.350750308483839035e-02 7.870584726333618164e-03 4.485310520976781845e-03 1.238664845004677773e-03 3.113221901003271341e-04 2.356207405682653189e-04 2.185879275202751160e-04 1.637043751543387771e-04 1.386282674502581358e-04 3.472803800832480192e-04 0.000000000000000000e+00 0.000000000000000000e+00 0.000000000000000000e+00 0.000000000000000000e+00 0.000000000000000000e+00 0.000000000000000000e+00 0.000000000000000000e+00 0.000000000000000000e+00 0.000000000000000000e+00 0.000000000000000000e+00 0.000000000000000000e+00 1.138360472396016121e-03 4.411217942833900452e-02 2.286003828048706055e-01 1.142414331436157227e+00 3.592932522296905518e-01 5.417205095291137695e-01 1.675206720829010010e-01 1.022991538047790527e-01 1.090242713689804077e-01 1.215774714946746826e-01 9.483592212200164795e-02 5.889099463820457458e-02 3.346950281411409378e-03 1.025943830609321594e-02 1.299888454377651215e-02 1.183781307190656662e-03 7.835099240764975548e-04 0.000000000000000000e+00 0.000000000000000000e+00 0.000000000000000000e+00 0.000000000000000000e+00 0.000000000000000000e+00 0.000000000000000000e+00 4.239280824549496174e-04 8.931824006140232086e-03 2.326683886349201202e-02 2.917912229895591736e-02 2.620594762265682220e-02 1.974104344844818115e-02 1.520558167248964310e-02 1.473150122910737991e-02 1.398868113756179810e-02 1.533900480717420578e-02 2.073746547102928162e-02 4.005174338817596436e-02 4.419355839490890503e-02 2.395354509353637695e-01 2.498223334550857544e-01 6.600219756364822388e-03 5.118364002555608749e-03 1.406343560665845871e-02 1.815434247255325317e-01 3.132052719593048096e-02 0.000000000000000000e+00 0.000000000000000000e+00 0.000000000000000000e+00 0.000000000000000000e+00 0.000000000000000000e+00 0.000000000000000000e+00 0.000000000000000000e+00 0.000000000000000000e+00 0.000000000000000000e+00 0.000000000000000000e+00
1.340820733457803726e-02 1.504092942923307419e-02 1.062607020139694214e-02 1.292400807142257690e-02 1.883738674223423004e-02 2.303466945886611938e-02 2.294728159904479980e-02 2.254155464470386505e-02 2.150048129260540009e-02 2.131455950438976288e-02 2.086067944765090942e-02 2.008444443345069885e-02 2.069080807268619537e-02 2.158697694540023804e-02 2.314836345613002777e-02 2.191691100597381592e-02 2.070908807218074799e-02 2.163334563374519348e-02 2.151296474039554596e-02 2.336549386382102966e-02 2.298517897725105286e-02 1.779943704605102539e-02 1.347642298787832260e-02 1.199573744088411331e-02 1.146294083446264267e-02 1.013696659356355667e-02 8.311188779771327972e-03 4.522310569882392883e-03 1.238140277564525604e-03 3.326080623082816601e-04 5.171921657165512443e-05 3.120987230431637727e-06 0.000000000000000000e+00 0.000000000000000000e+00 0.000000000000000000e+00 0.000000000000000000e+00 0.000000000000000000e+00 0.000000000000000000e+00 0.000000000000000000e+00 0.000000000000000000e+00 0.000000000000000000e+00 0.000000000000000000e+00 0.000000000000000000e+00 0.000000000000000000e+00 0.000000000000000000e+00 0.000000000000000000e+00 1.872592292784247547e-05 6.656798720359802246e-02 6.872039437294006348e-01 3.902295231819152832e-01 4.478598833084106445e-01 4.821872115135192871e-01 5.254975557327270508e-01 1.775190830230712891e-01 1.192921623587608337e-01 7.359822839498519897e-02 2.369631826877593994e-02 6.131402682512998581e-03 1.979597727768123150e-04 0.000000000000000000e+00 0.000000000000000000e+00 0.000000000000000000e+00 0.000000000000000000e+00 0.000000000000000000e+00 0.000000000000000000e+00 0.000000000000000000e+00 0.000000000000000000e+00 0.000000000000000000e+00 0.000000000000000000e+00 0.000000000000000000e+00 7.133685357985086739e-06 8.032529614865779877e-03 3.349265083670616150e-02 4.682194441556930542e-02 4.136556386947631836e-02 4.539253190159797668e-02 6.943661719560623169e-02 1.408813595771789551e-01 2.319508790969848633e-01 3.234716057777404785e-01 5.914716795086860657e-02 0.000000000000000000e+00 0.000000000000000000e+00 0.000000000000000000e+00 0.000000000000000000e+00 0.000000000000000000e+00 0.000000000000000000e+00 0.000000000000000000e+00 0.000000000000000000e+00 0.000000000000000000e+00 0.000000000000000000e+00 0.000000000000000000e+00 0.000000000000000000e+00 0.000000000000000000e+00 0.000000000000000000e+00 0.000000000000000000e+00
1.033960748463869095e-02 3.062839061021804810e-02 3.648145124316215515e-02 4.973902553319931030e-02 7.333278656005859375e-02 7.148336619138717651e-02 4.869445040822029114e-02 3.370047733187675476e-02 2.207655273377895355e-02 1.690846122801303864e-02 1.553509756922721863e-02 1.391857117414474487e-02 1.150405500084161758e-02 9.322429075837135315e-03 7.880568504333496094e-03 6.301715038716793060e-03 5.894158501178026199e-03 5.846210755407810211e-03 5.606471560895442963e-03 5.380431655794382095e-03 6.575702689588069916e-03 7.318894378840923309e-03 3.068661317229270935e-03 8.527864702045917511e-04 5.993479280732572079e-04 4.863280046265572309e-04 2.739876217674463987e-04 2.465888683218508959e-04 3.424845090194139630e-06 0.000000000000000000e+00 0.000000000000000000e+00 0.000000000000000000e+00 0.000000000000000000e+00 0.000000000000000000e+00 0.000000000000000000e+00 0.000000000000000000e+00 0.000000000000000000e+00 0.000000000000000000e+00 0.000000000000000000e+00 0.000000000000000000e+00 0.000000000000000000e+00 0.000000000000000000e+00 0.000000000000000000e+00 1.931612729094922543e-03 4.356402903795242310e-02 8.497040718793869019e-02 1.242396831512451172e-01 2.074839770793914795e-01 1.892775058746337891e+00 6.228218078613281250e-01 2.221354655921459198e-02 0.000000000000000000e+00 0.000000000000000000e+00 0.000000000000000000e+00 0.000000000000000000e+00 0.000000000000000000e+00 0.000000000000000000e+00 0.000000000000000000e+00 0.000000000000000000e+00 0.000000000000000000e+00 0.000000000000000000e+00 0.000000000000000000e+00 0.000000000000000000e+00 0.000000000000000000e+00 0.000000000000000000e+00 0.000000000000000000e+00 0.000000000000000000e+00 0.000000000000000000e+00 0.000000000000000000e+00 0.000000000000000000e+00 0.000000000000000000e+00 0.000000000000000000e+00 0.000000000000000000e+00 0.000000000000000000e+00 0.000000000000000000e+00 0.000000000000000000e+00 0.000000000000000000e+00 6.722286343574523926e-02 1.789207607507705688e-01 5.474340915679931641e-01 7.979204505681991577e-02 3.503616526722908020e-02 2.699463069438934326e-02 1.999424584209918976e-02 1.796673797070980072e-02 1.638446003198623657e-02 1.025398634374141693e-02 0.000000000000000000e+00 0.000000000000000000e+00 0.000000000000000000e+00 0.000000000000000000e+00 0.000000000000000000e+00 0.000000000000000000e+00 0.000000000000000000e+00 0.000000000000000000e+00 0.000000000000000000e+00
8.333080768352374434e-05 6.808379665017127991e-03 2.009030058979988098e-02 2.130541577935218811e-02 3.442319855093955994e-02 3.392725437879562378e-02 5.087320506572723389e-02 4.901063442230224609e-02 1.641212962567806244e-02 6.998777855187654495e-03 5.380644928663969040e-03 6.618991494178771973e-03 1.027746591717004776e-02 1.246426906436681747e-02 1.550912577658891678e-02 1.685302518308162689e-02 1.815399527549743652e-02 2.040695771574974060e-02 2.078825980424880981e-02 1.914739981293678284e-02 1.952112652361392975e-02 1.915952004492282867e-02 2.010646089911460876e-02 2.362201176583766937e-02 1.843226887285709381e-02 1.082290429621934891e-02 2.734765643253922462e-03 6.817975372541695833e-05 0.000000000000000000e+00 0.000000000000000000e+00 0.000000000000000000e+00 0.000000000000000000e+00 0.000000000000000000e+00 0.000000000000000000e+00 0.000000000000000000e+00 0.000000000000000000e+00 0.000000000000000000e+00 0.000000000000000000e+00 0.000000000000000000e+00 0.000000000000000000e+00 0.000000000000000000e+00 0.000000000000000000e+00 0.000000000000000000e+00 0.000000000000000000e+00 0.000000000000000000e+00 0.000000000000000000e+00 0.000000000000000000e+00 4.363504122011363506e-04 8.147723078727722168e-01 1.211508810520172119e-01 8.272536993026733398e-01 1.235017180442810059e+00 1.369655481539666653e-03 0.000000000000000000e+00 0.000000000000000000e+00 0.000000000000000000e+00 0.000000000000000000e+00 0.000000000000000000e+00 0.000000000000000000e+00 0.000000000000000000e+00 0.000000000000000000e+00 0.000000000000000000e+00 0.000000000000000000e+00 0.000000000000000000e+00 0.000000000000000000e+00 0.000000000000000000e+00 0.000000000000000000e+00 0.000000000000000000e+00 0.000000000000000000e+00 0.000000000000000000e+00 0.000000000000000000e+00 0.000000000000000000e+00 0.000000000000000000e+00 0.000000000000000000e+00 0.000000000000000000e+00 2.717089373618364334e-04 4.643061459064483643e-01 1.938789784908294678e-01 6.651818752288818359e-02 2.716604471206665039e-01 3.364544594660401344e-03 0.000000000000000000e+00 0.000000000000000000e+00 0.000000000000000000e+00 0.000000000000000000e+00 0.000000000000000000e+00 0.000000000000000000e+00 0.000000000000000000e+00 0.000000000000000000e+00 0.000000000000000000e+00 0.000000000000000000e+00 0.000000000000000000e+00 0.000000000000000000e+00 0.000000000000000000e+00 0.000000000000000000e+00 0.000000000000000000e+00
4.328197246650233865e-05 4.994073606212623417e-05 1.464928354835137725e-04 7.657579844817519188e-04 3.907585050910711288e-03 1.367488317191600800e-02 2.290060184895992279e-02 2.667834237217903137e-02 2.618670277297496796e-02 8.357860147953033447e-03 4.559034481644630432e-03 5.885238293558359146e-03 7.422303315252065659e-03 3.783288178965449333e-03 2.165208337828516960e-03 1.931041828356683254e-03 2.291725017130374908e-03 2.568063791841268539e-03 2.874366939067840576e-03 5.633315071463584900e-03 9.283428080379962921e-03 1.229873858392238617e-02 1.196025125682353973e-02 1.390683092176914215e-02 1.365601737052202225e-02 1.671461015939712524e-02 2.333231270313262939e-02 2.650743350386619568e-02 3.724802285432815552e-02 5.232457444071769714e-02 4.586224257946014404e-02 9.508050233125686646e-02 0.000000000000000000e+00 0.000000000000000000e+00 0.000000000000000000e+00 0.000000000000000000e+00 0.000000000000000000e+00 0.000000000000000000e+00 0.000000000000000000e+00 0.000000000000000000e+00 0.000000000000000000e+00 0.000000000000000000e+00 0.000000000000000000e+00 0.000000000000000000e+00 0.000000000000000000e+00 0.000000000000000000e+00 0.000000000000000000e+00 1.488234009593725204e-02 2.303872585296630859e+00 2.915939688682556152e-01 1.433964967727661133e-01 2.202652841806411743e-01 2.598915994167327881e-02 0.000000000000000000e+00 0.000000000000000000e+00 0.000000000000000000e+00 0.000000000000000000e+00 0.000000000000000000e+00 0.000000000000000000e+00 0.000000000000000000e+00 0.000000000000000000e+00 0.000000000000000000e+00 0.000000000000000000e+00 0.000000000000000000e+00 0.000000000000000000e+00 0.000000000000000000e+00 0.000000000000000000e+00 0.000000000000000000e+00 0.000000000000000000e+00 0.000000000000000000e+00 0.000000000000000000e+00 0.000000000000000000e+00 0.000000000000000000e+00 0.000000000000000000e+00 0.000000000000000000e+00 7.482232060283422470e-03 6.845432519912719727e-02 7.422081381082534790e-02 9.231933951377868652e-02 4.709034264087677002e-01 2.866198718547821045e-01 0.000000000000000000e+00 0.000000000000000000e+00 0.000000000000000000e+00 0.000000000000000000e+00 0.000000000000000000e+00 0.000000000000000000e+00 0.000000000000000000e+00 0.000000000000000000e+00 0.000000000000000000e+00 0.000000000000000000e+00 0.000000000000000000e+00 0.000000000000000000e+00 0.000000000000000000e+00 0.000000000000000000e+00 0.000000000000000000e+00
4.012543708086013794e-02 3.345687687397003174e-02 2.332644909620285034e-02 2.104737423360347748e-02 1.999548822641372681e-02 2.110484614968299866e-02 2.103791758418083191e-02 1.949653774499893188e-02 1.746318303048610687e-02 1.575233414769172668e-02 1.550681609660387039e-02 1.649083383381366730e-02 1.745285466313362122e-02 1.843224465847015381e-02 1.861418783664703369e-02 1.918482780456542969e-02 1.954717002809047699e-02 1.879230700433254242e-02 1.807090826332569122e-02 1.793436892330646515e-02 1.770306751132011414e-02 1.568788662552833557e-02 1.301072444766759872e-02 1.036481466144323349e-02 8.373976685106754303e-03 6.767076440155506134e-03 5.253728944808244705e-03 3.743868554010987282e-03 2.559667220339179039e-03 1.964213326573371887e-03 1.595432870090007782e-03 1.425763039151206613e-04 0.000000000000000000e+00 0.000000000000000000e+00 0.000000000000000000e+00 0.000000000000000000e+00 0.000000000000000000e+00 0.000000000000000000e+00 0.000000000000000000e+00 0.000000000000000000e+00 0.000000000000000000e+00 0.000000000000000000e+00 0.000000000000000000e+00 0.000000000000000000e+00 0.000000000000000000e+00 0.000000000000000000e+00 0.000000000000000000e+00 5.244205892086029053e-02 1.304096698760986328e+00 8.171855211257934570e-01 6.019815206527709961e-01 1.311936676502227783e-01 8.555462956428527832e-02 7.536961231380701065e-03 8.852339306031353772e-06 0.000000000000000000e+00 0.000000000000000000e+00 0.000000000000000000e+00 0.000000000000000000e+00 0.000000000000000000e+00 0.000000000000000000e+00 0.000000000000000000e+00 0.000000000000000000e+00 0.000000000000000000e+00 0.000000000000000000e+00 0.000000000000000000e+00 0.000000000000000000e+00 0.000000000000000000e+00 0.000000000000000000e+00 0.000000000000000000e+00 0.000000000000000000e+00 0.000000000000000000e+00 2.776415203697979450e-04 7.426307071000337601e-03 2.299958281219005585e-02 5.011563748121261597e-02 1.205955445766448975e-01 1.148448735475540161e-01 2.691122889518737793e-01 1.762041896581649780e-01 2.384239286184310913e-01 0.000000000000000000e+00 0.000000000000000000e+00 0.000000000000000000e+00 0.000000000000000000e+00 0.000000000000000000e+00 0.000000000000000000e+00 0.000000000000000000e+00 0.000000000000000000e+00 0.000000000000000000e+00 0.000000000000000000e+00 0.000000000000000000e+00 0.000000000000000000e+00 0.000000000000000000e+00 0.000000000000000000e+00 0.000000000000000000e+00
4.055927973240613937e-03 2.637583063915371895e-03 2.991771558299660683e-03 3.786010202020406723e-03 5.249507259577512741e-03 7.028935942798852921e-03 9.155989624559879303e-03 1.180723123252391815e-02 1.577842421829700470e-02 2.050274796783924103e-02 2.604968845844268799e-02 3.218599408864974976e-02 3.678958117961883545e-02 4.691948741674423218e-02 5.310956388711929321e-02 4.150826856493949890e-02 3.397351130843162537e-02 2.708792127668857574e-02 2.071233093738555908e-02 2.112347260117530823e-02 2.422066591680049896e-02 1.624015532433986664e-02 8.785357698798179626e-03 6.129806861281394958e-03 5.441055633127689362e-03 5.025139078497886658e-03 4.948426969349384308e-03 4.177460912615060806e-03 2.224584342911839485e-03 3.429169883020222187e-04 1.047580826707417145e-05 0.000000000000000000e+00 0.000000000000000000e+00 0.000000000000000000e+00 0.000000000000000000e+00 0.000000000000000000e+00 0.000000000000000000e+00 0.000000000000000000e+00 0.000000000000000000e+00 0.000000000000000000e+00 0.000000000000000000e+00 0.000000000000000000e+00 0.000000000000000000e+00 9.945388228516094387e-06 5.959276459179818630e-04 6.840437650680541992e-03 6.539530307054519653e-02 2.040252387523651123e-01 9.054646492004394531e-01 9.907822608947753906e-01 3.099969625473022461e-01 4.385685324668884277e-01 6.009481102228164673e-02 1.540580391883850098e-02 2.808577613905072212e-03 1.153665016317972913e-05 0.000000000000000000e+00 0.000000000000000000e+00 0.000000000000000000e+00 0.000000000000000000e+00 0.000000000000000000e+00 0.000000000000000000e+00 0.000000000000000000e+00 0.000000000000000000e+00 0.000000000000000000e+00 0.000000000000000000e+00 0.000000000000000000e+00 0.000000000000000000e+00 0.000000000000000000e+00 5.304206638356845360e-07 3.341650153743103147e-05 2.482368727214634418e-04 2.676900709047913551e-03 2.391401678323745728e-02 6.406673043966293335e-02 6.595635414123535156e-02 5.551489070057868958e-02 1.648733168840408325e-01 3.679040372371673584e-01 1.580604612827301025e-01 5.552921071648597717e-02 3.410790488123893738e-02 5.329401697963476181e-03 1.548828440718352795e-03 2.357719931751489639e-04 0.000000000000000000e+00 0.000000000000000000e+00 0.000000000000000000e+00 0.000000000000000000e+00 0.000000000000000000e+00 0.000000000000000000e+00 0.000000000000000000e+00 0.000000000000000000e+00 0.000000000000000000e+00 0.000000000000000000e+00 0.000000000000000000e+00
1.500318013131618500e-02 4.453996196389198303e-03 1.114036887884140015e-02 9.884569793939590454e-03 1.784825697541236877e-02 3.575450927019119263e-02 5.046396702527999878e-02 3.903736174106597900e-02 3.201283514499664307e-02 3.209889307618141174e-02 3.365215659141540527e-02 3.147824108600616455e-02 2.840632759034633636e-02 2.639751508831977844e-02 2.445324696600437164e-02 2.161425165832042694e-02 2.059090323746204376e-02 1.965548470616340637e-02 1.608499139547348022e-02 1.093925349414348602e-02 8.212976157665252686e-03 5.347320809960365295e-03 3.040110692381858826e-03 1.462059444747865200e-03 5.991356447339057922e-04 2.549015916883945465e-04 9.354187204735353589e-05 1.449898991268128157e-05 3.741674845514353365e-06 4.677093556892941706e-07 4.677093556892941706e-07 4.677093556892941706e-07 0.000000000000000000e+00 0.000000000000000000e+00 0.000000000000000000e+00 0.000000000000000000e+00 0.000000000000000000e+00 0.000000000000000000e+00 0.000000000000000000e+00 0.000000000000000000e+00 0.000000000000000000e+00 0.000000000000000000e+00 0.000000000000000000e+00 5.893137858947739005e-05 4.910948337055742741e-04 9.906084742397069931e-04 5.480618216097354889e-03 1.630995981395244598e-02 2.304017543792724609e+00 6.621136665344238281e-01 3.855796065181493759e-03 2.048566937446594238e-03 2.264648675918579102e-03 1.136533683165907860e-03 2.413380134385079145e-04 1.936316839419305325e-04 2.301129861734807491e-04 1.908254198497161269e-04 3.760383115150034428e-04 0.000000000000000000e+00 0.000000000000000000e+00 0.000000000000000000e+00 0.000000000000000000e+00 0.000000000000000000e+00 0.000000000000000000e+00 0.000000000000000000e+00 0.000000000000000000e+00 0.000000000000000000e+00 0.000000000000000000e+00 9.167103416984900832e-05 2.245004870928823948e-04 2.441442920826375484e-04 3.152361023239791393e-04 2.478859678376466036e-04 3.386215539649128914e-04 7.492703734897077084e-04 8.961310959421098232e-04 1.284329919144511223e-03 1.224266663193702698e-01 8.299474120140075684e-01 4.132399335503578186e-02 1.604243065230548382e-03 3.058818983845412731e-04 0.000000000000000000e+00 0.000000000000000000e+00 0.000000000000000000e+00 0.000000000000000000e+00 0.000000000000000000e+00 0.000000000000000000e+00 0.000000000000000000e+00 0.000000000000000000e+00 0.000000000000000000e+00 0.000000000000000000e+00 0.000000000000000000e+00 0.000000000000000000e+00 0.000000000000000000e+00
1.094782724976539612e-02 1.131673250347375870e-02 1.504824031144380569e-02 1.876437477767467499e-02 2.102933079004287720e-02 2.306320331990718842e-02 2.215436287224292755e-02 2.268450893461704254e-02 2.363376691937446594e-02 2.406992949545383453e-02 2.635050006210803986e-02 2.702489495277404785e-02 2.516919933259487152e-02 2.416817657649517059e-02 2.612686343491077423e-02 3.241188079118728638e-02 3.223502635955810547e-02 2.758416719734668732e-02 2.277981303632259369e-02 1.921453140676021576e-02 1.491029933094978333e-02 1.160018239170312881e-02 7.300152909010648727e-03 3.762255189940333366e-03 2.271741861477494240e-03 1.295341411605477333e-03 8.565347525291144848e-04 5.878580268472433090e-04 3.795945085585117340e-04 2.722799254115670919e-04 2.697577001526951790e-04 7.166715222410857677e-04 0.000000000000000000e+00 0.000000000000000000e+00 0.000000000000000000e+00 0.000000000000000000e+00 0.000000000000000000e+00 0.000000000000000000e+00 0.000000000000000000e+00 0.000000000000000000e+00 0.000000000000000000e+00 0.000000000000000000e+00 0.000000000000000000e+00 0.000000000000000000e+00 1.377493841573596001e-03 2.668403461575508118e-02 2.125134766101837158e-01 5.991867780685424805e-01 3.822205066680908203e-01 5.291813611984252930e-01 7.206674814224243164e-01 4.515405297279357910e-01 7.565046846866607666e-02 9.779017418622970581e-04 0.000000000000000000e+00 0.000000000000000000e+00 0.000000000000000000e+00 0.000000000000000000e+00 0.000000000000000000e+00 0.000000000000000000e+00 0.000000000000000000e+00 0.000000000000000000e+00 0.000000000000000000e+00 0.000000000000000000e+00 0.000000000000000000e+00 0.000000000000000000e+00 0.000000000000000000e+00 0.000000000000000000e+00 0.000000000000000000e+00 0.000000000000000000e+00 0.000000000000000000e+00 0.000000000000000000e+00 1.189047816296806559e-05 2.847349038347601891e-03 2.803126163780689240e-02 5.574748292565345764e-02 8.261071890592575073e-02 1.519455313682556152e-01 2.955183684825897217e-01 2.255967110395431519e-01 1.504099816083908081e-01 7.107743527740240097e-03 1.729524083202704787e-04 0.000000000000000000e+00 0.000000000000000000e+00 0.000000000000000000e+00 0.000000000000000000e+00 0.000000000000000000e+00 0.000000000000000000e+00 0.000000000000000000e+00 0.000000000000000000e+00 0.000000000000000000e+00 0.000000000000000000e+00 0.000000000000000000e+00 0.000000000000000000e+00 0.000000000000000000e+00
5.150793003849685192e-04 2.784212483675219119e-06 4.176318725512828678e-06 2.784212483675219119e-06 2.784212483675219119e-06 1.392106241837609559e-06 1.070529688149690628e-03 2.919246628880500793e-02 2.396510913968086243e-02 7.209648191928863525e-02 1.260489523410797119e-01 7.236307114362716675e-02 4.874320700764656067e-02 3.346414491534233093e-02 2.502310834825038910e-02 1.968994922935962677e-02 1.599878072738647461e-02 1.762754470109939575e-02 5.106941796839237213e-03 4.097664728760719299e-03 2.986763836815953255e-03 1.369136502034962177e-03 5.269122193567454815e-04 9.118295565713196993e-05 6.960531209188047796e-06 2.088159362756414339e-06 0.000000000000000000e+00 0.000000000000000000e+00 0.000000000000000000e+00 0.000000000000000000e+00 0.000000000000000000e+00 0.000000000000000000e+00 0.000000000000000000e+00 0.000000000000000000e+00 0.000000000000000000e+00 0.000000000000000000e+00 0.000000000000000000e+00 0.000000000000000000e+00 0.000000000000000000e+00 0.000000000000000000e+00 0.000000000000000000e+00 0.000000000000000000e+00 0.000000000000000000e+00 0.000000000000000000e+00 0.000000000000000000e+00 0.000000000000000000e+00 0.000000000000000000e+00 1.146006822586059570e+00 1.405063867568969727e+00 4.195278882980346680e-01 2.940128371119499207e-02 0.000000000000000000e+00 0.000000000000000000e+00 0.000000000000000000e+00 0.000000000000000000e+00 0.000000000000000000e+00 0.000000000000000000e+00 0.000000000000000000e+00 0.000000000000000000e+00 0.000000000000000000e+00 0.000000000000000000e+00 0.000000000000000000e+00 0.000000000000000000e+00 0.000000000000000000e+00 0.000000000000000000e+00 0.000000000000000000e+00 0.000000000000000000e+00 0.000000000000000000e+00 0.000000000000000000e+00 0.000000000000000000e+00 0.000000000000000000e+00 0.000000000000000000e+00 0.000000000000000000e+00 0.000000000000000000e+00 0.000000000000000000e+00 0.000000000000000000e+00 0.000000000000000000e+00 1.392106241837609559e-06 3.271922767162322998e-01 5.228305459022521973e-01 2.908249013125896454e-02 1.208932846784591675e-01 0.000000000000000000e+00 0.000000000000000000e+00 0.000000000000000000e+00 0.000000000000000000e+00 0.000000000000000000e+00 0.000000000000000000e+00 0.000000000000000000e+00 0.000000000000000000e+00 0.000000000000000000e+00 0.000000000000000000e+00 0.000000000000000000e+00 0.000000000000000000e+00 0.000000000000000000e+00 0.000000000000000000e+00
3.135910956189036369e-03 1.613509957678616047e-03 1.548852073028683662e-03 1.654655905440449715e-03 1.697271480225026608e-03 1.905940356664359570e-03 2.636281307786703110e-03 4.293876234441995621e-03 4.113127943128347397e-03 3.365152981132268906e-03 2.236577682197093964e-03 2.311522141098976135e-03 3.094765124842524529e-03 3.977933898568153381e-03 4.573081154376268387e-03 1.714170724153518677e-02 2.818058431148529053e-02 2.895941771566867828e-02 2.607332170009613037e-02 1.374716404825448990e-02 4.493140429258346558e-02 5.865799635648727417e-02 8.178203552961349487e-02 1.311087012290954590e-01 2.479779720306396484e-02 1.969128847122192383e-03 4.893431905657052994e-04 2.938998250101576559e-06 0.000000000000000000e+00 0.000000000000000000e+00 0.000000000000000000e+00 0.000000000000000000e+00 0.000000000000000000e+00 0.000000000000000000e+00 0.000000000000000000e+00 0.000000000000000000e+00 0.000000000000000000e+00 0.000000000000000000e+00 0.000000000000000000e+00 0.000000000000000000e+00 0.000000000000000000e+00 0.000000000000000000e+00 0.000000000000000000e+00 0.000000000000000000e+00 0.000000000000000000e+00 0.000000000000000000e+00 0.000000000000000000e+00 5.642876494675874710e-04 1.363213181495666504e+00 1.636222600936889648e+00 0.000000000000000000e+00 0.000000000000000000e+00 0.000000000000000000e+00 0.000000000000000000e+00 0.000000000000000000e+00 0.000000000000000000e+00 0.000000000000000000e+00 0.000000000000000000e+00 0.000000000000000000e+00 0.000000000000000000e+00 0.000000000000000000e+00 0.000000000000000000e+00 0.000000000000000000e+00 0.000000000000000000e+00 0.000000000000000000e+00 0.000000000000000000e+00 0.000000000000000000e+00 0.000000000000000000e+00 0.000000000000000000e+00 0.000000000000000000e+00 0.000000000000000000e+00 0.000000000000000000e+00 0.000000000000000000e+00 0.000000000000000000e+00 0.000000000000000000e+00 0.000000000000000000e+00 0.000000000000000000e+00 1.616449007997289300e-04 5.229241847991943359e-01 4.752947688102722168e-01 1.619388000108301640e-03 0.000000000000000000e+00 0.000000000000000000e+00 0.000000000000000000e+00 0.000000000000000000e+00 0.000000000000000000e+00 0.000000000000000000e+00 0.000000000000000000e+00 0.000000000000000000e+00 0.000000000000000000e+00 0.000000000000000000e+00 0.000000000000000000e+00 0.000000000000000000e+00 0.000000000000000000e+00 0.000000000000000000e+00 0.000000000000000000e+00
1.912445761263370514e-02 1.181718893349170685e-02 9.593993425369262695e-03 9.541852399706840515e-03 1.084808073937892914e-02 1.677075959742069244e-02 2.501567266881465912e-02 1.851344667375087738e-02 1.763483695685863495e-02 1.842654496431350708e-02 1.337243709713220596e-02 1.812268607318401337e-02 2.289061620831489563e-02 4.138772934675216675e-02 4.196353256702423096e-02 4.072832316160202026e-02 2.648506686091423035e-02 6.269687786698341370e-03 4.375221673399209976e-03 6.380413193255662918e-03 7.328395266085863113e-03 8.919903077185153961e-03 1.122325845062732697e-02 1.105709560215473175e-02 8.076502941548824310e-03 8.011775091290473938e-03 8.554764091968536377e-03 9.173267520964145660e-03 1.139032002538442612e-02 1.177658513188362122e-02 1.111552957445383072e-02 1.411005668342113495e-02 0.000000000000000000e+00 0.000000000000000000e+00 0.000000000000000000e+00 0.000000000000000000e+00 0.000000000000000000e+00 0.000000000000000000e+00 0.000000000000000000e+00 0.000000000000000000e+00 0.000000000000000000e+00 0.000000000000000000e+00 0.000000000000000000e+00 0.000000000000000000e+00 0.000000000000000000e+00 0.000000000000000000e+00 4.565957002341747284e-03 6.208271980285644531e-01 2.207029342651367188e+00 9.670676290988922119e-02 4.820370674133300781e-02 7.132565602660179138e-03 4.203665070235729218e-03 3.514141542837023735e-03 3.315465291962027550e-03 3.238152712583541870e-03 1.246895524673163891e-03 1.618177338968962431e-05 0.000000000000000000e+00 0.000000000000000000e+00 0.000000000000000000e+00 0.000000000000000000e+00 0.000000000000000000e+00 0.000000000000000000e+00 0.000000000000000000e+00 0.000000000000000000e+00 0.000000000000000000e+00 0.000000000000000000e+00 0.000000000000000000e+00 2.696962155823712237e-06 2.313394215889275074e-04 1.871392014436423779e-03 4.181489814072847366e-03 4.335816018283367157e-03 3.798221703618764877e-03 4.659751430153846741e-03 5.791576579213142395e-03 7.546100299805402756e-03 3.402196764945983887e-01 3.987320661544799805e-01 2.120762169361114502e-01 1.591147668659687042e-02 6.409779889509081841e-04 1.198649897560244426e-06 0.000000000000000000e+00 0.000000000000000000e+00 0.000000000000000000e+00 0.000000000000000000e+00 0.000000000000000000e+00 0.000000000000000000e+00 0.000000000000000000e+00 0.000000000000000000e+00 0.000000000000000000e+00 0.000000000000000000e+00 0.000000000000000000e+00 0.000000000000000000e+00
7.363887969404459000e-03 6.845099385827779770e-03 8.172741159796714783e-03 9.657255373895168304e-03 1.265516318380832672e-02 1.610260643064975739e-02 1.910819672048091888e-02 2.833613194525241852e-02 4.373910650610923767e-02 5.061274021863937378e-02 4.425876215100288391e-02 3.546603769063949585e-02 2.473914995789527893e-02 2.207329683005809784e-02 2.297652699053287506e-02 2.153579518198966980e-02 1.793032325804233551e-02 1.507531013339757919e-02 1.375997159630060196e-02 1.498555298894643784e-02 1.724773086607456207e-02 1.595751754939556122e-02 1.310065574944019318e-02 9.309432469308376312e-03 5.212722811847925186e-03 2.184087643399834633e-03 5.701361806131899357e-04 2.369839639868587255e-04 1.568726438563317060e-04 3.257590869907289743e-04 1.946468255482614040e-04 1.097992935683578253e-04 0.000000000000000000e+00 0.000000000000000000e+00 0.000000000000000000e+00 0.000000000000000000e+00 0.000000000000000000e+00 0.000000000000000000e+00 0.000000000000000000e+00 0.000000000000000000e+00 0.000000000000000000e+00 0.000000000000000000e+00 0.000000000000000000e+00 3.812074282905086875e-06 1.670728204771876335e-03 2.982116490602493286e-02 4.737022519111633301e-02 1.564825326204299927e-01 6.233739852905273438e-01 6.114892959594726562e-01 4.921700358390808105e-01 2.124455273151397705e-01 1.518279910087585449e-01 2.286458015441894531e-01 3.068584799766540527e-01 1.287288963794708252e-01 9.110164828598499298e-03 1.386208850817638449e-06 0.000000000000000000e+00 0.000000000000000000e+00 0.000000000000000000e+00 0.000000000000000000e+00 0.000000000000000000e+00 0.000000000000000000e+00 0.000000000000000000e+00 0.000000000000000000e+00 0.000000000000000000e+00 0.000000000000000000e+00 0.000000000000000000e+00 2.194830813095904887e-06 1.087018827092833817e-04 7.723493617959320545e-04 3.291668603196740150e-03 4.500627517700195312e-02 8.220045268535614014e-02 8.578599989414215088e-02 1.111537367105484009e-01 3.287624120712280273e-01 1.882504075765609741e-01 1.004124656319618225e-01 2.459746785461902618e-02 1.343710068613290787e-02 7.782638538628816605e-03 7.696924731135368347e-03 6.197508773766458035e-04 1.194450014736503363e-04 0.000000000000000000e+00 0.000000000000000000e+00 0.000000000000000000e+00 0.000000000000000000e+00 0.000000000000000000e+00 0.000000000000000000e+00 0.000000000000000000e+00 0.000000000000000000e+00 0.000000000000000000e+00 0.000000000000000000e+00
1.715831086039543152e-02 1.845988444983959198e-02 2.016438916325569153e-02 2.119600959122180939e-02 1.872875913977622986e-02 1.655073463916778564e-02 1.460082177072763443e-02 1.411191280931234360e-02 1.381244882941246033e-02 1.327450945973396301e-02 1.360913924872875214e-02 1.337549649178981781e-02 1.295596733689308167e-02 1.359266880899667740e-02 1.519714109599590302e-02 1.721929758787155151e-02 1.978397183120250702e-02 2.053177170455455780e-02 1.807934045791625977e-02 1.703913509845733643e-02 1.699989847838878632e-02 2.024922333657741547e-02 2.763354778289794922e-02 4.597838968038558960e-02 2.963821403682231903e-02 1.160746067762374878e-02 6.657000631093978882e-03 9.631792083382606506e-03 1.927655655890703201e-03 1.411146658938378096e-04 6.639194180024787784e-05 2.759971539489924908e-05 0.000000000000000000e+00 0.000000000000000000e+00 0.000000000000000000e+00 0.000000000000000000e+00 0.000000000000000000e+00 0.000000000000000000e+00 0.000000000000000000e+00 0.000000000000000000e+00 0.000000000000000000e+00 0.000000000000000000e+00 0.000000000000000000e+00 0.000000000000000000e+00 0.000000000000000000e+00 4.268925637006759644e-03 7.081883400678634644e-02 3.367261886596679688e-01 8.915117383003234863e-01 9.992102384567260742e-01 5.537969470024108887e-01 1.278560012578964233e-01 1.580433361232280731e-02 6.868132004456128925e-06 0.000000000000000000e+00 0.000000000000000000e+00 0.000000000000000000e+00 0.000000000000000000e+00 0.000000000000000000e+00 0.000000000000000000e+00 0.000000000000000000e+00 0.000000000000000000e+00 0.000000000000000000e+00 0.000000000000000000e+00 0.000000000000000000e+00 0.000000000000000000e+00 0.000000000000000000e+00 0.000000000000000000e+00 0.000000000000000000e+00 0.000000000000000000e+00 0.000000000000000000e+00 5.977818545943591744e-06 2.219424059148877859e-04 1.988705713301897049e-03 9.397766552865505219e-03 2.526111528277397156e-02 6.810617446899414062e-02 1.982980966567993164e-01 2.754088938236236572e-01 2.655285894870758057e-01 1.387405842542648315e-01 1.583397015929222107e-02 7.959401700645685196e-04 3.904660115949809551e-04 2.174908513552509248e-05 0.000000000000000000e+00 0.000000000000000000e+00 0.000000000000000000e+00 0.000000000000000000e+00 0.000000000000000000e+00 0.000000000000000000e+00 0.000000000000000000e+00 0.000000000000000000e+00 0.000000000000000000e+00 0.000000000000000000e+00 0.000000000000000000e+00
1.399627799401059747e-04 2.968034474179148674e-03 2.773791924118995667e-02 3.317353129386901855e-02 5.537704005837440491e-02 4.186063632369041443e-02 2.974620833992958069e-02 3.085120953619480133e-02 2.467402815818786621e-02 1.912491582334041595e-02 2.134491316974163055e-02 2.428472042083740234e-02 2.638533711433410645e-02 2.601190656423568726e-02 2.384248375892639160e-02 1.965418644249439240e-02 1.567289233207702637e-02 1.310710329562425613e-02 1.143578253686428070e-02 1.012671925127506256e-02 8.528908714652061462e-03 6.763495970517396927e-03 5.105113144963979721e-03 4.015402868390083313e-03 3.417914733290672302e-03 2.947451546788215637e-03 2.149428473785519600e-03 2.013582270592451096e-03 2.069449750706553459e-03 1.947717391885817051e-03 1.761296414770185947e-03 1.760708284564316273e-03 0.000000000000000000e+00 0.000000000000000000e+00 0.000000000000000000e+00 0.000000000000000000e+00 0.000000000000000000e+00 0.000000000000000000e+00 0.000000000000000000e+00 0.000000000000000000e+00 0.000000000000000000e+00 0.000000000000000000e+00 0.000000000000000000e+00 0.000000000000000000e+00 0.000000000000000000e+00 0.000000000000000000e+00 0.000000000000000000e+00 2.791022649034857750e-03 1.815099835395812988e+00 1.983531415462493896e-01 1.062176451086997986e-01 2.264539003372192383e-01 3.867701292037963867e-01 1.463999003171920776e-01 1.149400323629379272e-01 2.974503207951784134e-03 0.000000000000000000e+00 0.000000000000000000e+00 0.000000000000000000e+00 0.000000000000000000e+00 0.000000000000000000e+00 0.000000000000000000e+00 0.000000000000000000e+00 0.000000000000000000e+00 0.000000000000000000e+00 0.000000000000000000e+00 0.000000000000000000e+00 0.000000000000000000e+00 0.000000000000000000e+00 0.000000000000000000e+00 0.000000000000000000e+00 0.000000000000000000e+00 2.217057626694440842e-03 3.079534135758876801e-02 1.202950775623321533e-01 9.354101121425628662e-02 4.148191213607788086e-02 4.534088447690010071e-02 6.331140547990798950e-02 6.019082069396972656e-01 1.109116827137768269e-03 0.000000000000000000e+00 0.000000000000000000e+00 0.000000000000000000e+00 0.000000000000000000e+00 0.000000000000000000e+00 0.000000000000000000e+00 0.000000000000000000e+00 0.000000000000000000e+00 0.000000000000000000e+00 0.000000000000000000e+00 0.000000000000000000e+00 0.000000000000000000e+00 0.000000000000000000e+00 0.000000000000000000e+00 0.000000000000000000e+00
1.468194089829921722e-02 2.212573401629924774e-02 2.687298133969306946e-02 2.307765744626522064e-02 2.087532356381416321e-02 2.572239376604557037e-02 4.318367689847946167e-02 5.113895237445831299e-02 4.155100509524345398e-02 3.963172435760498047e-02 3.470516204833984375e-02 2.662752941250801086e-02 2.886146306991577148e-02 2.737772651016712189e-02 1.285697147250175476e-02 6.761940661817789078e-03 6.136551965028047562e-03 5.803525447845458984e-03 4.565608222037553787e-03 4.467500839382410049e-03 4.874873440712690353e-03 5.418199580162763596e-03 6.014682818204164505e-03 4.393032286316156387e-03 3.132088575512170792e-03 6.223390810191631317e-03 2.157505834475159645e-03 7.473801379092037678e-04 1.347292891296092421e-05 0.000000000000000000e+00 0.000000000000000000e+00 0.000000000000000000e+00 0.000000000000000000e+00 0.000000000000000000e+00 0.000000000000000000e+00 0.000000000000000000e+00 0.000000000000000000e+00 0.000000000000000000e+00 0.000000000000000000e+00 0.000000000000000000e+00 0.000000000000000000e+00 0.000000000000000000e+00 0.000000000000000000e+00 0.000000000000000000e+00 0.000000000000000000e+00 0.000000000000000000e+00 0.000000000000000000e+00 2.142386734485626221e-01 1.052128911018371582e+00 1.151359319686889648e+00 4.365728795528411865e-01 1.441304534673690796e-01 1.569718820974230766e-03 0.000000000000000000e+00 0.000000000000000000e+00 0.000000000000000000e+00 0.000000000000000000e+00 0.000000000000000000e+00 0.000000000000000000e+00 0.000000000000000000e+00 0.000000000000000000e+00 0.000000000000000000e+00 0.000000000000000000e+00 0.000000000000000000e+00 0.000000000000000000e+00 0.000000000000000000e+00 0.000000000000000000e+00 0.000000000000000000e+00 0.000000000000000000e+00 0.000000000000000000e+00 0.000000000000000000e+00 8.328719559358432889e-05 1.338474219664931297e-03 4.303008783608675003e-03 7.968135178089141846e-03 3.026362881064414978e-02 8.661428093910217285e-02 1.359428316354751587e-01 2.440814673900604248e-01 2.823668718338012695e-01 2.066629827022552490e-01 3.750373434741050005e-04 0.000000000000000000e+00 0.000000000000000000e+00 0.000000000000000000e+00 0.000000000000000000e+00 0.000000000000000000e+00 0.000000000000000000e+00 0.000000000000000000e+00 0.000000000000000000e+00 0.000000000000000000e+00 0.000000000000000000e+00 0.000000000000000000e+00 0.000000000000000000e+00 0.000000000000000000e+00 0.000000000000000000e+00
3.747750270122196525e-06 3.377659886609762907e-04 2.706437744200229645e-02 1.140431016683578491e-01 9.812125563621520996e-02 6.069340929388999939e-02 3.541295975446701050e-02 1.584595628082752228e-02 1.170937716960906982e-02 1.532548759132623672e-02 1.750948838889598846e-02 1.564545184373855591e-02 9.553952142596244812e-03 7.857626304030418396e-03 6.653193384408950806e-03 5.255282856523990631e-03 6.089625414460897446e-03 6.702851038426160812e-03 7.146022748202085495e-03 7.353554479777812958e-03 5.808075889945030212e-03 5.380832124501466751e-03 3.965588286519050598e-03 3.394056344404816628e-03 3.881263779476284981e-03 3.788038389757275581e-03 2.807533368468284607e-03 1.231604372151196003e-03 4.375498392619192600e-04 3.747750306501984596e-04 3.719642118085175753e-04 2.342343796044588089e-04 0.000000000000000000e+00 0.000000000000000000e+00 0.000000000000000000e+00 0.000000000000000000e+00 0.000000000000000000e+00 0.000000000000000000e+00 0.000000000000000000e+00 0.000000000000000000e+00 0.000000000000000000e+00 0.000000000000000000e+00 0.000000000000000000e+00 0.000000000000000000e+00 0.000000000000000000e+00 0.000000000000000000e+00 1.926530897617340088e-02 8.020344972610473633e-01 9.866542816162109375e-01 7.233879566192626953e-01 1.636146008968353271e-01 2.012935280799865723e-01 1.032467782497406006e-01 5.031354958191514015e-04 0.000000000000000000e+00 0.000000000000000000e+00 0.000000000000000000e+00 0.000000000000000000e+00 0.000000000000000000e+00 0.000000000000000000e+00 0.000000000000000000e+00 0.000000000000000000e+00 0.000000000000000000e+00 0.000000000000000000e+00 0.000000000000000000e+00 0.000000000000000000e+00 0.000000000000000000e+00 0.000000000000000000e+00 0.000000000000000000e+00 0.000000000000000000e+00 0.000000000000000000e+00 0.000000000000000000e+00 0.000000000000000000e+00 3.948254976421594620e-03 1.906480453908443451e-02 2.806034311652183533e-02 4.942720383405685425e-02 8.095515519380569458e-02 1.229140236973762512e-01 3.118474781513214111e-01 3.725479245185852051e-01 1.123200729489326477e-02 2.810812702591647394e-06 0.000000000000000000e+00 0.000000000000000000e+00 0.000000000000000000e+00 0.000000000000000000e+00 0.000000000000000000e+00 0.000000000000000000e+00 0.000000000000000000e+00 0.000000000000000000e+00 0.000000000000000000e+00 0.000000000000000000e+00 0.000000000000000000e+00 0.000000000000000000e+00 0.000000000000000000e+00
1.597369462251663208e-02 2.421556413173675537e-02 1.657180674374103546e-02 1.336353085935115814e-02 1.432165130972862244e-02 1.602017320692539215e-02 1.737621985375881195e-02 2.247545495629310608e-02 5.385898053646087646e-02 5.983601883053779602e-02 5.405876040458679199e-02 4.844784736633300781e-02 3.399368748068809509e-02 2.605352364480495453e-02 2.584518492221832275e-02 1.687799580395221710e-02 1.234384719282388687e-02 1.201237831264734268e-02 8.855475112795829773e-03 3.250676905736327171e-03 3.678365144878625870e-03 4.166802682448178530e-04 1.129358424805104733e-04 3.098600791417993605e-05 8.561923095840029418e-06 0.000000000000000000e+00 0.000000000000000000e+00 0.000000000000000000e+00 0.000000000000000000e+00 0.000000000000000000e+00 0.000000000000000000e+00 0.000000000000000000e+00 0.000000000000000000e+00 0.000000000000000000e+00 0.000000000000000000e+00 0.000000000000000000e+00 0.000000000000000000e+00 0.000000000000000000e+00 0.000000000000000000e+00 0.000000000000000000e+00 0.000000000000000000e+00 0.000000000000000000e+00 5.802537780255079269e-03 5.686829239130020142e-02 2.924263477325439453e-02 7.478473335504531860e-02 1.798737794160842896e-01 2.812713980674743652e-01 5.514612048864364624e-02 6.680746376514434814e-02 5.800336226820945740e-02 1.040469333529472351e-01 7.375729680061340332e-01 4.853313565254211426e-01 3.493387103080749512e-01 2.465197741985321045e-01 1.704409867525100708e-01 7.826820760965347290e-02 2.053638361394405365e-02 1.443295623175799847e-04 0.000000000000000000e+00 0.000000000000000000e+00 0.000000000000000000e+00 0.000000000000000000e+00 0.000000000000000000e+00 0.000000000000000000e+00 0.000000000000000000e+00 0.000000000000000000e+00 0.000000000000000000e+00 0.000000000000000000e+00 4.892527431366033852e-05 1.587625220417976379e-02 1.091278269886970520e-01 1.149491146206855774e-01 1.913190186023712158e-01 2.270923703908920288e-01 5.047457665205001831e-02 4.320590943098068237e-02 4.075882956385612488e-02 5.062787607312202454e-02 8.388482779264450073e-02 6.375044584274291992e-02 8.884014561772346497e-03 0.000000000000000000e+00 0.000000000000000000e+00 0.000000000000000000e+00 0.000000000000000000e+00 0.000000000000000000e+00 0.000000000000000000e+00 0.000000000000000000e+00 0.000000000000000000e+00 0.000000000000000000e+00 0.000000000000000000e+00 0.000000000000000000e+00 0.000000000000000000e+00 0.000000000000000000e+00
3.856291621923446655e-02 5.868019908666610718e-02 6.099188700318336487e-02 5.056415870785713196e-02 4.505277797579765320e-02 2.795567177236080170e-02 1.324588898569345474e-02 1.224490813910961151e-02 1.153115183115005493e-02 1.107542030513286591e-02 9.043778292834758759e-03 8.575121872127056122e-03 8.460709825158119202e-03 7.618660107254981995e-03 7.229469250887632370e-03 7.316115777939558029e-03 7.318509276956319809e-03 6.229445338249206543e-03 7.026017643511295319e-03 8.146197535097599030e-03 9.581847116351127625e-03 1.159577816724777222e-02 1.301036402583122253e-02 1.520333159714937210e-02 1.724502816796302795e-02 1.104717701673507690e-02 5.049905274063348770e-03 4.048445262014865875e-03 3.386390395462512970e-03 2.236051717773079872e-03 1.919624628499150276e-04 5.347183905541896820e-04 0.000000000000000000e+00 0.000000000000000000e+00 0.000000000000000000e+00 0.000000000000000000e+00 0.000000000000000000e+00 0.000000000000000000e+00 0.000000000000000000e+00 0.000000000000000000e+00 0.000000000000000000e+00 0.000000000000000000e+00 0.000000000000000000e+00 0.000000000000000000e+00 0.000000000000000000e+00 0.000000000000000000e+00 0.000000000000000000e+00 9.647909551858901978e-03 2.817508459091186523e+00 1.695119589567184448e-01 3.331817220896482468e-03 0.000000000000000000e+00 0.000000000000000000e+00 0.000000000000000000e+00 0.000000000000000000e+00 0.000000000000000000e+00 0.000000000000000000e+00 0.000000000000000000e+00 0.000000000000000000e+00 0.000000000000000000e+00 0.000000000000000000e+00 0.000000000000000000e+00 0.000000000000000000e+00 0.000000000000000000e+00 0.000000000000000000e+00 0.000000000000000000e+00 0.000000000000000000e+00 0.000000000000000000e+00 0.000000000000000000e+00 0.000000000000000000e+00 0.000000000000000000e+00 0.000000000000000000e+00 0.000000000000000000e+00 0.000000000000000000e+00 0.000000000000000000e+00 0.000000000000000000e+00 0.000000000000000000e+00 1.244644408870954067e-05 1.435840968042612076e-02 9.561071395874023438e-01 2.952200919389724731e-02 0.000000000000000000e+00 0.000000000000000000e+00 0.000000000000000000e+00 0.000000000000000000e+00 0.000000000000000000e+00 0.000000000000000000e+00 0.000000000000000000e+00 0.000000000000000000e+00 0.000000000000000000e+00 0.000000000000000000e+00 0.000000000000000000e+00 0.000000000000000000e+00 0.000000000000000000e+00 0.000000000000000000e+00 0.000000000000000000e+00
7.929838262498378754e-03 1.187663711607456207e-02 1.464696228504180908e-02 1.635073684155941010e-02 1.797525584697723389e-02 2.231832779943943024e-02 2.836955338716506958e-02 3.395202383399009705e-02 4.133185744285583496e-02 4.265210404992103577e-02 3.588798642158508301e-02 2.713334187865257263e-02 2.511772699654102325e-02 3.133701905608177185e-02 3.326820209622383118e-02 3.043853677809238434e-02 2.574340067803859711e-02 1.712018251419067383e-02 1.143575832247734070e-02 7.952539250254631042e-03 4.934493452310562134e-03 2.919276710599660873e-03 2.153016394004225731e-03 1.833210117183625698e-03 1.466010580770671368e-03 1.086066477000713348e-03 7.320095901377499104e-04 4.942459054291248322e-04 3.970694087911397219e-04 3.050703671760857105e-04 3.285679558757692575e-04 5.129643250256776810e-04 0.000000000000000000e+00 0.000000000000000000e+00 0.000000000000000000e+00 0.000000000000000000e+00 0.000000000000000000e+00 0.000000000000000000e+00 0.000000000000000000e+00 0.000000000000000000e+00 0.000000000000000000e+00 0.000000000000000000e+00 0.000000000000000000e+00 1.433751094737090170e-05 3.536586300469934940e-04 4.755274567287415266e-04 1.199571765027940273e-03 3.044618368148803711e-01 8.105281591415405273e-01 5.866646766662597656e-01 8.833197355270385742e-01 3.075467944145202637e-01 1.040568798780441284e-01 1.378790708258748055e-03 0.000000000000000000e+00 0.000000000000000000e+00 0.000000000000000000e+00 0.000000000000000000e+00 0.000000000000000000e+00 0.000000000000000000e+00 0.000000000000000000e+00 0.000000000000000000e+00 0.000000000000000000e+00 0.000000000000000000e+00 0.000000000000000000e+00 0.000000000000000000e+00 0.000000000000000000e+00 0.000000000000000000e+00 0.000000000000000000e+00 0.000000000000000000e+00 0.000000000000000000e+00 3.194079035893082619e-04 1.612173509784042835e-03 4.137168638408184052e-03 8.461521007120609283e-03 3.509504348039627075e-02 8.757670223712921143e-02 2.668816149234771729e-01 1.560168117284774780e-01 2.699108123779296875e-01 1.688751727342605591e-01 7.598880911245942116e-04 1.728466595523059368e-04 1.083278621081262827e-04 7.248408655868843198e-05 0.000000000000000000e+00 0.000000000000000000e+00 0.000000000000000000e+00 0.000000000000000000e+00 0.000000000000000000e+00 0.000000000000000000e+00 0.000000000000000000e+00 0.000000000000000000e+00 0.000000000000000000e+00 0.000000000000000000e+00 0.000000000000000000e+00
1.884424826130270958e-03 2.116668596863746643e-02 1.947759091854095459e-02 8.966353721916675568e-03 5.114636849611997604e-03 3.719882573932409286e-03 2.556511200964450836e-03 2.339119091629981995e-03 2.781436778604984283e-03 1.543269609101116657e-03 1.548112602904438972e-03 1.356549095362424850e-03 4.672318696975708008e-03 2.253238297998905182e-02 5.077238753437995911e-02 4.644714295864105225e-02 5.165218189358711243e-02 5.231996253132820129e-02 3.714017197489738464e-02 3.204544633626937866e-02 3.271753340959548950e-02 3.490275517106056213e-02 3.070934489369392395e-02 2.476603351533412933e-02 6.585801020264625549e-03 2.755069872364401817e-04 4.842896487389225513e-06 5.380995844461722299e-07 5.380995844461722299e-07 5.380995844461722299e-07 0.000000000000000000e+00 0.000000000000000000e+00 0.000000000000000000e+00 0.000000000000000000e+00 0.000000000000000000e+00 0.000000000000000000e+00 0.000000000000000000e+00 0.000000000000000000e+00 0.000000000000000000e+00 0.000000000000000000e+00 0.000000000000000000e+00 0.000000000000000000e+00 0.000000000000000000e+00 0.000000000000000000e+00 9.266075212508440018e-04 8.956129662692546844e-03 5.473118275403976440e-02 2.309674024581909180e-01 2.104981094598770142e-01 2.493920564651489258e+00 0.000000000000000000e+00 0.000000000000000000e+00 0.000000000000000000e+00 0.000000000000000000e+00 0.000000000000000000e+00 0.000000000000000000e+00 0.000000000000000000e+00 0.000000000000000000e+00 0.000000000000000000e+00 0.000000000000000000e+00 0.000000000000000000e+00 0.000000000000000000e+00 0.000000000000000000e+00 0.000000000000000000e+00 0.000000000000000000e+00 0.000000000000000000e+00 0.000000000000000000e+00 0.000000000000000000e+00 0.000000000000000000e+00 0.000000000000000000e+00 0.000000000000000000e+00 0.000000000000000000e+00 0.000000000000000000e+00 0.000000000000000000e+00 3.809164166450500488e-01 4.529604017734527588e-01 1.438125036656856537e-02 1.094279345124959946e-02 1.012703496962785721e-02 3.980968520045280457e-02 5.973228439688682556e-02 2.397018484771251678e-02 6.823102943599224091e-03 3.368503530509769917e-04 0.000000000000000000e+00 0.000000000000000000e+00 0.000000000000000000e+00 0.000000000000000000e+00 0.000000000000000000e+00 0.000000000000000000e+00 0.000000000000000000e+00 0.000000000000000000e+00 0.000000000000000000e+00 0.000000000000000000e+00 0.000000000000000000e+00 0.000000000000000000e+00
3.210386239516083151e-06 1.601180119905620813e-04 8.467393927276134491e-04 1.234794850461184978e-03 1.325488206930458546e-03 1.435042708180844784e-03 2.301846863701939583e-03 7.600589655339717865e-03 3.932642936706542969e-02 5.705939978361129761e-02 5.656299367547035217e-02 5.422984436154365540e-02 4.579013958573341370e-02 3.643948957324028015e-02 2.553621493279933929e-02 2.167010679841041565e-02 1.719121634960174561e-02 1.251127663999795914e-02 1.118739321827888489e-02 1.305664051324129105e-02 1.653991080820560455e-02 1.584726944565773010e-02 1.201567333191633224e-02 1.323722489178180695e-02 1.517148315906524658e-02 8.691318333148956299e-03 3.565134014934301376e-03 2.097184769809246063e-03 1.529347733594477177e-03 1.248438959009945393e-03 1.750864437781274319e-03 2.837178763002157211e-03 0.000000000000000000e+00 0.000000000000000000e+00 0.000000000000000000e+00 0.000000000000000000e+00 0.000000000000000000e+00 0.000000000000000000e+00 0.000000000000000000e+00 0.000000000000000000e+00 0.000000000000000000e+00 0.000000000000000000e+00 0.000000000000000000e+00 0.000000000000000000e+00 0.000000000000000000e+00 0.000000000000000000e+00 0.000000000000000000e+00 8.186484919860959053e-04 3.328769207000732422e-01 9.794888496398925781e-01 1.524913430213928223e+00 1.616373211145401001e-01 2.648568479344248772e-04 0.000000000000000000e+00 0.000000000000000000e+00 0.000000000000000000e+00 0.000000000000000000e+00 0.000000000000000000e+00 0.000000000000000000e+00 0.000000000000000000e+00 0.000000000000000000e+00 0.000000000000000000e+00 0.000000000000000000e+00 0.000000000000000000e+00 0.000000000000000000e+00 0.000000000000000000e+00 0.000000000000000000e+00 0.000000000000000000e+00 0.000000000000000000e+00 0.000000000000000000e+00 0.000000000000000000e+00 9.631158718548249453e-06 2.528179029468446970e-04 8.838996291160583496e-03 3.790743649005889893e-02 1.984620690345764160e-01 4.169208109378814697e-01 1.124453842639923096e-01 1.307847201824188232e-01 9.401375055313110352e-02 3.643788513727486134e-04 0.000000000000000000e+00 0.000000000000000000e+00 0.000000000000000000e+00 0.000000000000000000e+00 0.000000000000000000e+00 0.000000000000000000e+00 0.000000000000000000e+00 0.000000000000000000e+00 0.000000000000000000e+00 0.000000000000000000e+00 0.000000000000000000e+00 0.000000000000000000e+00 0.000000000000000000e+00 0.000000000000000000e+00 0.000000000000000000e+00
2.145551989087834954e-04 3.510067937895655632e-03 4.286509938538074493e-03 3.021231386810541153e-03 2.270517870783805847e-03 1.283655758015811443e-03 1.872189459390938282e-03 2.925209933891892433e-03 4.380693659186363220e-03 6.998542696237564087e-03 1.838145405054092407e-02 2.566254884004592896e-02 3.521002456545829773e-02 5.173077434301376343e-02 6.574991345405578613e-02 5.504788085818290710e-02 2.656946890056133270e-02 3.678771853446960449e-02 4.221729561686515808e-02 4.796801880002021790e-02 3.656029701232910156e-02 1.282507181167602539e-02 8.805952034890651703e-03 3.624007338657975197e-03 1.149960793554782867e-03 6.119647296145558357e-04 2.830107114277780056e-04 5.007819709135219455e-05 1.378298975396319292e-06 0.000000000000000000e+00 0.000000000000000000e+00 0.000000000000000000e+00 0.000000000000000000e+00 0.000000000000000000e+00 0.000000000000000000e+00 0.000000000000000000e+00 0.000000000000000000e+00 0.000000000000000000e+00 0.000000000000000000e+00 0.000000000000000000e+00 0.000000000000000000e+00 0.000000000000000000e+00 0.000000000000000000e+00 0.000000000000000000e+00 0.000000000000000000e+00 0.000000000000000000e+00 0.000000000000000000e+00 9.406504631042480469e-01 4.236587584018707275e-01 3.216315805912017822e-01 4.091646075248718262e-01 8.353346586227416992e-01 6.955999135971069336e-02 0.000000000000000000e+00 0.000000000000000000e+00 0.000000000000000000e+00 0.000000000000000000e+00 0.000000000000000000e+00 0.000000000000000000e+00 0.000000000000000000e+00 0.000000000000000000e+00 0.000000000000000000e+00 0.000000000000000000e+00 0.000000000000000000e+00 0.000000000000000000e+00 0.000000000000000000e+00 0.000000000000000000e+00 0.000000000000000000e+00 0.000000000000000000e+00 0.000000000000000000e+00 0.000000000000000000e+00 0.000000000000000000e+00 0.000000000000000000e+00 2.161999791860580444e-02 1.398523151874542236e-01 1.745294034481048584e-01 7.128010690212249756e-02 5.510990694165229797e-02 5.673537775874137878e-02 5.557852610945701599e-02 3.557711243629455566e-01 6.907574832439422607e-02 4.474877205211669207e-04 0.000000000000000000e+00 0.000000000000000000e+00 0.000000000000000000e+00 0.000000000000000000e+00 0.000000000000000000e+00 0.000000000000000000e+00 0.000000000000000000e+00 0.000000000000000000e+00 0.000000000000000000e+00 0.000000000000000000e+00 0.000000000000000000e+00 0.000000000000000000e+00 0.000000000000000000e+00
2.926914021372795105e-05 5.277887103147804737e-04 1.763465628027915955e-02 2.151565067470073700e-02 1.712008565664291382e-02 1.382447592914104462e-02 1.183842308819293976e-02 1.042170263826847076e-02 1.075924187898635864e-02 8.953052572906017303e-03 7.964510470628738403e-03 7.622722536325454712e-03 8.986097760498523712e-03 8.212354034185409546e-03 8.579162880778312683e-03 1.187666133046150208e-02 2.475838735699653625e-02 3.881748765707015991e-02 3.680924698710441589e-02 3.260346129536628723e-02 2.676001936197280884e-02 4.077663272619247437e-02 3.238819167017936707e-02 4.920709133148193359e-02 3.740879520773887634e-02 9.938761591911315918e-03 1.267070532776415348e-03 9.153687278740108013e-04 5.967128090560436249e-04 6.151240086182951927e-04 6.632764707319438457e-04 6.085148779675364494e-04 0.000000000000000000e+00 0.000000000000000000e+00 0.000000000000000000e+00 0.000000000000000000e+00 0.000000000000000000e+00 0.000000000000000000e+00 0.000000000000000000e+00 0.000000000000000000e+00 0.000000000000000000e+00 0.000000000000000000e+00 0.000000000000000000e+00 0.000000000000000000e+00 0.000000000000000000e+00 4.849801957607269287e-02 1.577247828245162964e-01 1.812401860952377319e-01 4.314573407173156738e-01 1.696835875511169434e+00 2.415100634098052979e-01 2.961659431457519531e-02 2.458041161298751831e-02 5.893860384821891785e-02 4.894838482141494751e-02 2.210480906069278717e-02 3.003863431513309479e-02 2.135419845581054688e-02 7.033091038465499878e-03 1.189648974104784429e-04 0.000000000000000000e+00 0.000000000000000000e+00 0.000000000000000000e+00 0.000000000000000000e+00 0.000000000000000000e+00 0.000000000000000000e+00 0.000000000000000000e+00 0.000000000000000000e+00 0.000000000000000000e+00 0.000000000000000000e+00 2.462384523823857307e-03 1.845277659595012665e-02 2.285919897258281708e-02 9.809882380068302155e-03 5.715979728847742081e-03 6.440155208110809326e-03 3.542604669928550720e-02 5.987210273742675781e-01 4.611400142312049866e-02 9.992956370115280151e-02 6.302495300769805908e-02 7.189916819334030151e-02 1.914484985172748566e-02 0.000000000000000000e+00 0.000000000000000000e+00 0.000000000000000000e+00 0.000000000000000000e+00 0.000000000000000000e+00 0.000000000000000000e+00 0.000000000000000000e+00 0.000000000000000000e+00 0.000000000000000000e+00 0.000000000000000000e+00 0.000000000000000000e+00 0.000000000000000000e+00 0.000000000000000000e+00
6.606073839066084474e-06 3.607932740123942494e-05 1.908748783171176910e-02 7.629252970218658447e-02 1.556223332881927490e-01 5.571867525577545166e-02 3.013284318149089813e-02 2.284024655818939209e-02 1.432806532829999924e-02 1.077755540609359741e-02 1.271211821585893631e-02 1.303632464259862900e-02 1.222631800919771194e-02 1.036035642027854919e-02 1.118764001876115799e-02 1.138480566442012787e-02 9.228684939444065094e-03 4.932196345180273056e-03 4.061210900545120239e-03 3.963136114180088043e-03 2.967651467770338058e-03 2.431543311104178429e-03 2.161710523068904877e-03 1.483825733885169029e-03 8.476100629195570946e-04 5.584672908298671246e-04 4.786862700711935759e-04 5.452551413327455521e-04 6.412973161786794662e-04 6.555257714353501797e-04 8.277918677777051926e-04 8.465429767966270447e-03 0.000000000000000000e+00 0.000000000000000000e+00 0.000000000000000000e+00 0.000000000000000000e+00 0.000000000000000000e+00 0.000000000000000000e+00 0.000000000000000000e+00 0.000000000000000000e+00 0.000000000000000000e+00 0.000000000000000000e+00 0.000000000000000000e+00 0.000000000000000000e+00 0.000000000000000000e+00 0.000000000000000000e+00 0.000000000000000000e+00 2.590698748826980591e-02 2.895673751831054688e+00 3.280372917652130127e-02 3.952363133430480957e-02 6.079620681703090668e-03 1.219582918565720320e-05 0.000000000000000000e+00 0.000000000000000000e+00 0.000000000000000000e+00 0.000000000000000000e+00 0.000000000000000000e+00 0.000000000000000000e+00 0.000000000000000000e+00 0.000000000000000000e+00 0.000000000000000000e+00 0.000000000000000000e+00 0.000000000000000000e+00 0.000000000000000000e+00 0.000000000000000000e+00 0.000000000000000000e+00 0.000000000000000000e+00 0.000000000000000000e+00 0.000000000000000000e+00 0.000000000000000000e+00 0.000000000000000000e+00 0.000000000000000000e+00 0.000000000000000000e+00 0.000000000000000000e+00 0.000000000000000000e+00 1.189093236462213099e-04 7.271762471646070480e-03 6.115394830703735352e-02 8.642248511314392090e-01 6.723052263259887695e-02 0.000000000000000000e+00 0.000000000000000000e+00 0.000000000000000000e+00 0.000000000000000000e+00 0.000000000000000000e+00 0.000000000000000000e+00 0.000000000000000000e+00 0.000000000000000000e+00 0.000000000000000000e+00 0.000000000000000000e+00 0.000000000000000000e+00 0.000000000000000000e+00 0.000000000000000000e+00 0.000000000000000000e+00 0.000000000000000000e+00
4.883287847042083740e-02 1.746934093534946442e-02 5.329615995287895203e-02 7.127033174037933350e-02 5.906067416071891785e-02 4.122963920235633850e-02 2.639302238821983337e-02 1.669167540967464447e-02 1.185373216867446899e-02 8.395312353968620300e-03 8.807921782135963440e-03 1.017015427350997925e-02 1.275100000202655792e-02 1.650386489927768707e-02 2.118473872542381287e-02 2.299752645194530487e-02 2.065877057611942291e-02 1.491539366543292999e-02 8.343916386365890503e-03 4.191412124782800674e-03 2.818611683323979378e-03 1.300269621424376965e-03 4.592012264765799046e-04 1.820473407860845327e-04 8.934249490266665816e-05 4.034822268295101821e-05 3.938755253329873085e-05 3.458419087110087276e-05 9.126383702096063644e-06 8.165711733454372734e-06 1.441008066649374086e-06 0.000000000000000000e+00 0.000000000000000000e+00 0.000000000000000000e+00 0.000000000000000000e+00 0.000000000000000000e+00 0.000000000000000000e+00 0.000000000000000000e+00 0.000000000000000000e+00 0.000000000000000000e+00 0.000000000000000000e+00 0.000000000000000000e+00 0.000000000000000000e+00 0.000000000000000000e+00 0.000000000000000000e+00 0.000000000000000000e+00 0.000000000000000000e+00 2.436744421720504761e-02 1.957070350646972656e+00 1.777252852916717529e-01 6.690571308135986328e-01 1.235174462199211121e-01 2.728980779647827148e-02 2.064964547753334045e-02 3.227858105674386024e-04 0.000000000000000000e+00 0.000000000000000000e+00 0.000000000000000000e+00 0.000000000000000000e+00 0.000000000000000000e+00 0.000000000000000000e+00 0.000000000000000000e+00 0.000000000000000000e+00 0.000000000000000000e+00 0.000000000000000000e+00 0.000000000000000000e+00 0.000000000000000000e+00 0.000000000000000000e+00 0.000000000000000000e+00 0.000000000000000000e+00 0.000000000000000000e+00 0.000000000000000000e+00 0.000000000000000000e+00 5.571897781919687986e-05 4.863882437348365784e-03 5.390618741512298584e-02 1.974229067564010620e-01 5.380435660481452942e-02 2.899596281349658966e-02 5.640748739242553711e-01 9.687608480453491211e-02 0.000000000000000000e+00 0.000000000000000000e+00 0.000000000000000000e+00 0.000000000000000000e+00 0.000000000000000000e+00 0.000000000000000000e+00 0.000000000000000000e+00 0.000000000000000000e+00 0.000000000000000000e+00 0.000000000000000000e+00 0.000000000000000000e+00 0.000000000000000000e+00 0.000000000000000000e+00 0.000000000000000000e+00 0.000000000000000000e+00
1.050781272351741791e-02 1.070377137511968613e-02 6.600262597203254700e-03 4.658107645809650421e-03 1.095466129481792450e-02 1.858436688780784607e-02 1.487277448177337646e-02 1.068158727139234543e-02 1.157792564481496811e-02 1.795106567442417145e-02 1.633586175739765167e-02 1.495728548616170883e-02 1.396375987678766251e-02 1.060024555772542953e-02 1.069373544305562973e-02 2.848793007433414459e-02 2.511754818260669708e-02 3.040842898190021515e-02 3.758600354194641113e-02 4.785190522670745850e-02 4.197631776332855225e-02 2.220035530626773834e-02 1.942894235253334045e-02 2.437861077487468719e-02 2.583852782845497131e-02 1.224925462156534195e-02 8.065461879596114159e-04 2.640950151544529945e-05 0.000000000000000000e+00 0.000000000000000000e+00 0.000000000000000000e+00 0.000000000000000000e+00 0.000000000000000000e+00 0.000000000000000000e+00 0.000000000000000000e+00 0.000000000000000000e+00 0.000000000000000000e+00 0.000000000000000000e+00 0.000000000000000000e+00 8.493296336382627487e-04 4.259324632585048676e-03 4.573069512844085693e-03 3.667645901441574097e-02 1.078141480684280396e-01 9.924162179231643677e-02 4.965725541114807129e-02 4.005159437656402588e-02 5.258871614933013916e-02 3.493311405181884766e-01 1.511496067047119141e+00 1.038527190685272217e-01 6.274263560771942139e-02 9.324561059474945068e-02 7.680094242095947266e-02 9.799614548683166504e-02 3.266432881355285645e-02 7.218667864799499512e-02 1.286639273166656494e-01 6.893513351678848267e-02 6.373140960931777954e-03 0.000000000000000000e+00 0.000000000000000000e+00 0.000000000000000000e+00 0.000000000000000000e+00 0.000000000000000000e+00 0.000000000000000000e+00 0.000000000000000000e+00 6.669983733445405960e-03 7.268951274454593658e-03 7.586921565234661102e-03 1.894089393317699432e-03 3.069840371608734131e-03 2.929658815264701843e-02 4.315523803234100342e-02 2.518621273338794708e-02 2.884128876030445099e-02 2.567954361438751221e-02 7.703229039907455444e-02 5.074532628059387207e-01 1.570308953523635864e-01 1.747041381895542145e-02 1.070429943501949310e-02 8.973948657512664795e-03 4.242422524839639664e-03 9.240156039595603943e-03 2.424814738333225250e-02 4.758992232382297516e-03 1.964866969501599669e-04 0.000000000000000000e+00 0.000000000000000000e+00 0.000000000000000000e+00 0.000000000000000000e+00 0.000000000000000000e+00 0.000000000000000000e+00 0.000000000000000000e+00 0.000000000000000000e+00
1.209047786687733606e-05 7.657302921870723367e-05 3.535025462042540312e-04 2.220042049884796143e-03 5.690584890544414520e-03 5.822428967803716660e-03 4.127459134906530380e-03 4.146458115428686142e-03 4.938096739351749420e-03 5.876548122614622116e-03 1.030972320586442947e-02 3.422411531209945679e-02 2.579705044627189636e-02 1.196208875626325607e-02 2.040642499923706055e-02 1.664455793797969818e-02 1.007136795669794083e-02 8.930833078920841217e-03 1.355803199112415314e-02 2.143411524593830109e-02 5.735895410180091858e-02 9.609685093164443970e-02 6.176449730992317200e-02 2.902635931968688965e-02 2.824163064360618591e-02 1.180951856076717377e-02 5.118302535265684128e-03 1.897053560242056847e-03 1.552187139168381691e-03 3.673202299978584051e-04 1.508431159891188145e-04 1.439342668163590133e-05 0.000000000000000000e+00 0.000000000000000000e+00 0.000000000000000000e+00 0.000000000000000000e+00 0.000000000000000000e+00 0.000000000000000000e+00 0.000000000000000000e+00 0.000000000000000000e+00 0.000000000000000000e+00 0.000000000000000000e+00 0.000000000000000000e+00 0.000000000000000000e+00 0.000000000000000000e+00 0.000000000000000000e+00 2.625361084938049316e-04 3.813682124018669128e-03 4.626888036727905273e-01 2.074726104736328125e+00 3.154578506946563721e-01 1.418454945087432861e-01 9.568750392645597458e-04 2.487184247002005577e-04 0.000000000000000000e+00 0.000000000000000000e+00 0.000000000000000000e+00 0.000000000000000000e+00 0.000000000000000000e+00 0.000000000000000000e+00 0.000000000000000000e+00 0.000000000000000000e+00 0.000000000000000000e+00 0.000000000000000000e+00 0.000000000000000000e+00 0.000000000000000000e+00 0.000000000000000000e+00 0.000000000000000000e+00 0.000000000000000000e+00 0.000000000000000000e+00 0.000000000000000000e+00 0.000000000000000000e+00 0.000000000000000000e+00 0.000000000000000000e+00 0.000000000000000000e+00 2.190103754401206970e-03 1.086335256695747375e-01 6.968490779399871826e-02 7.077892422676086426e-01 1.056788414716720581e-01 5.995725747197866440e-03 2.763537850114516914e-05 0.000000000000000000e+00 0.000000000000000000e+00 0.000000000000000000e+00 0.000000000000000000e+00 0.000000000000000000e+00 0.000000000000000000e+00 0.000000000000000000e+00 0.000000000000000000e+00 0.000000000000000000e+00 0.000000000000000000e+00 0.000000000000000000e+00 0.000000000000000000e+00 0.000000000000000000e+00 0.000000000000000000e+00
1.590766129083931446e-03 3.663803217932581902e-04 5.846494459547102451e-04 1.031061750836670399e-03 2.325605601072311401e-03 6.701381877064704895e-03 1.045924890786409378e-02 2.239649184048175812e-02 3.284014761447906494e-02 2.580720558762550354e-02 1.251565571874380112e-02 1.124397851526737213e-02 1.709047332406044006e-02 2.559101581573486328e-02 3.197019174695014954e-02 3.190211206674575806e-02 2.967264875769615173e-02 2.006205171346664429e-02 1.808255724608898163e-02 3.560073301196098328e-02 2.783139236271381378e-02 2.754816226661205292e-02 3.303866833448410034e-02 6.344407796859741211e-02 9.083633311092853546e-03 7.109337020665407181e-04 4.957827040925621986e-04 1.299221003137063235e-05 0.000000000000000000e+00 0.000000000000000000e+00 0.000000000000000000e+00 0.000000000000000000e+00 0.000000000000000000e+00 0.000000000000000000e+00 0.000000000000000000e+00 0.000000000000000000e+00 0.000000000000000000e+00 0.000000000000000000e+00 0.000000000000000000e+00 0.000000000000000000e+00 0.000000000000000000e+00 0.000000000000000000e+00 0.000000000000000000e+00 0.000000000000000000e+00 0.000000000000000000e+00 0.000000000000000000e+00 0.000000000000000000e+00 8.699583122506737709e-04 7.832649946212768555e-01 1.165803432464599609e+00 3.901965916156768799e-01 6.492913961410522461e-01 1.057357992976903915e-02 0.000000000000000000e+00 0.000000000000000000e+00 0.000000000000000000e+00 0.000000000000000000e+00 0.000000000000000000e+00 0.000000000000000000e+00 0.000000000000000000e+00 0.000000000000000000e+00 0.000000000000000000e+00 0.000000000000000000e+00 0.000000000000000000e+00 0.000000000000000000e+00 0.000000000000000000e+00 0.000000000000000000e+00 0.000000000000000000e+00 0.000000000000000000e+00 0.000000000000000000e+00 0.000000000000000000e+00 0.000000000000000000e+00 0.000000000000000000e+00 0.000000000000000000e+00 0.000000000000000000e+00 0.000000000000000000e+00 1.852325350046157837e-01 1.681628525257110596e-01 4.478944838047027588e-01 1.268548965454101562e-01 7.185523211956024170e-02 0.000000000000000000e+00 0.000000000000000000e+00 0.000000000000000000e+00 0.000000000000000000e+00 0.000000000000000000e+00 0.000000000000000000e+00 0.000000000000000000e+00 0.000000000000000000e+00 0.000000000000000000e+00 0.000000000000000000e+00 0.000000000000000000e+00 0.000000000000000000e+00 0.000000000000000000e+00 0.000000000000000000e+00 0.000000000000000000e+00
5.485794390551745892e-04 3.384342708159238100e-04 4.983169492334127426e-04 6.620291387662291527e-04 1.152208307757973671e-03 1.822853810153901577e-03 3.447051160037517548e-03 4.588728304952383041e-03 9.003212675452232361e-03 1.846501231193542480e-02 3.053232282400131226e-02 3.585057705640792847e-02 3.129104897379875183e-02 4.172937572002410889e-02 7.352209091186523438e-02 8.609873056411743164e-02 5.131898447871208191e-02 3.223837539553642273e-02 2.529688365757465363e-02 1.800163835287094116e-02 1.925628632307052612e-02 1.004436518996953964e-02 1.502609811723232269e-03 1.213959418237209320e-03 9.540303726680576801e-04 3.250309091527014971e-04 2.187616046285256743e-04 1.579678973939735442e-05 6.222977845027344301e-06 7.659049515496008098e-06 5.265596882964018732e-06 4.356084536993876100e-05 0.000000000000000000e+00 0.000000000000000000e+00 0.000000000000000000e+00 0.000000000000000000e+00 0.000000000000000000e+00 0.000000000000000000e+00 0.000000000000000000e+00 0.000000000000000000e+00 0.000000000000000000e+00 0.000000000000000000e+00 0.000000000000000000e+00 0.000000000000000000e+00 0.000000000000000000e+00 0.000000000000000000e+00 0.000000000000000000e+00 8.329216507263481617e-05 3.953218460083007812e-02 2.665188312530517578e+00 2.618073821067810059e-01 3.338866680860519409e-02 0.000000000000000000e+00 0.000000000000000000e+00 0.000000000000000000e+00 0.000000000000000000e+00 0.000000000000000000e+00 0.000000000000000000e+00 0.000000000000000000e+00 0.000000000000000000e+00 0.000000000000000000e+00 0.000000000000000000e+00 0.000000000000000000e+00 0.000000000000000000e+00 0.000000000000000000e+00 0.000000000000000000e+00 0.000000000000000000e+00 0.000000000000000000e+00 0.000000000000000000e+00 0.000000000000000000e+00 0.000000000000000000e+00 0.000000000000000000e+00 0.000000000000000000e+00 0.000000000000000000e+00 0.000000000000000000e+00 1.148857427324401215e-05 1.867371983826160431e-02 8.402647823095321655e-02 8.810721635818481445e-01 1.612325757741928101e-02 9.286597924074158072e-05 0.000000000000000000e+00 0.000000000000000000e+00 0.000000000000000000e+00 0.000000000000000000e+00 0.000000000000000000e+00 0.000000000000000000e+00 0.000000000000000000e+00 0.000000000000000000e+00 0.000000000000000000e+00 0.000000000000000000e+00 0.000000000000000000e+00 0.000000000000000000e+00 0.000000000000000000e+00 0.000000000000000000e+00 0.000000000000000000e+00
3.959283232688903809e-03 6.062459200620651245e-03 1.001710910350084305e-02 4.395360127091407776e-02 8.629198372364044189e-02 7.571279257535934448e-02 4.563521593809127808e-02 3.584046661853790283e-02 3.042502142488956451e-02 1.831245608627796173e-02 1.482414826750755310e-02 1.305606029927730560e-02 9.522971697151660919e-03 5.875613074749708176e-03 4.112157039344310760e-03 5.693399347364902496e-03 8.375643752515316010e-03 1.160452887415885925e-02 1.133429724723100662e-02 8.545503951609134674e-03 6.599834654480218887e-03 6.984335836023092270e-03 6.358942016959190369e-03 6.107240449637174606e-03 6.876243278384208679e-03 6.590569391846656799e-03 6.633806508034467697e-03 4.021050408482551575e-03 5.450962926261126995e-04 1.158136583399027586e-04 1.235345735040027648e-05 0.000000000000000000e+00 0.000000000000000000e+00 0.000000000000000000e+00 0.000000000000000000e+00 0.000000000000000000e+00 0.000000000000000000e+00 0.000000000000000000e+00 0.000000000000000000e+00 0.000000000000000000e+00 0.000000000000000000e+00 0.000000000000000000e+00 0.000000000000000000e+00 0.000000000000000000e+00 0.000000000000000000e+00 0.000000000000000000e+00 0.000000000000000000e+00 3.613386361394077539e-04 1.935060977935791016e+00 5.165289044380187988e-01 3.207853138446807861e-01 2.100026011466979980e-01 1.726086810231208801e-02 0.000000000000000000e+00 0.000000000000000000e+00 0.000000000000000000e+00 0.000000000000000000e+00 0.000000000000000000e+00 0.000000000000000000e+00 0.000000000000000000e+00 0.000000000000000000e+00 0.000000000000000000e+00 0.000000000000000000e+00 0.000000000000000000e+00 0.000000000000000000e+00 0.000000000000000000e+00 0.000000000000000000e+00 0.000000000000000000e+00 0.000000000000000000e+00 0.000000000000000000e+00 0.000000000000000000e+00 0.000000000000000000e+00 0.000000000000000000e+00 0.000000000000000000e+00 0.000000000000000000e+00 0.000000000000000000e+00 3.443834930658340454e-02 7.897873967885971069e-02 2.736692130565643311e-01 6.101588606834411621e-01 2.754820976406335831e-03 0.000000000000000000e+00 0.000000000000000000e+00 0.000000000000000000e+00 0.000000000000000000e+00 0.000000000000000000e+00 0.000000000000000000e+00 0.000000000000000000e+00 0.000000000000000000e+00 0.000000000000000000e+00 0.000000000000000000e+00 0.000000000000000000e+00 0.000000000000000000e+00 0.000000000000000000e+00 0.000000000000000000e+00 0.000000000000000000e+00
8.803760465525556356e-06 9.186532224703114480e-06 1.531088673800695688e-05 2.066969864245038480e-05 1.795201533241197467e-04 1.099704531952738762e-03 3.709062468260526657e-03 1.035513635724782944e-02 1.792215928435325623e-02 1.432601455599069595e-02 5.750386510044336319e-03 5.140247754752635956e-03 5.616798996925354004e-03 5.093166604638099670e-03 3.631742438301444054e-03 3.161698346957564354e-03 1.887832419015467167e-03 1.351185841485857964e-03 1.581614720635116100e-03 2.817203290760517120e-03 7.382526993751525879e-03 1.903832331299781799e-02 3.569541871547698975e-02 4.628060385584831238e-02 6.081560999155044556e-02 6.007877364754676819e-02 6.157158687710762024e-02 6.838646531105041504e-02 5.134888738393783569e-02 4.586759023368358612e-03 1.035781577229499817e-03 1.018174007185734808e-04 0.000000000000000000e+00 0.000000000000000000e+00 0.000000000000000000e+00 0.000000000000000000e+00 0.000000000000000000e+00 0.000000000000000000e+00 0.000000000000000000e+00 0.000000000000000000e+00 0.000000000000000000e+00 0.000000000000000000e+00 0.000000000000000000e+00 0.000000000000000000e+00 0.000000000000000000e+00 0.000000000000000000e+00 0.000000000000000000e+00 1.313674147240817547e-03 2.253020107746124268e-01 1.838539838790893555e+00 6.528271436691284180e-01 2.816797494888305664e-01 3.376050735823810101e-04 0.000000000000000000e+00 0.000000000000000000e+00 0.000000000000000000e+00 0.000000000000000000e+00 0.000000000000000000e+00 0.000000000000000000e+00 0.000000000000000000e+00 0.000000000000000000e+00 0.000000000000000000e+00 0.000000000000000000e+00 0.000000000000000000e+00 0.000000000000000000e+00 0.000000000000000000e+00 0.000000000000000000e+00 0.000000000000000000e+00 0.000000000000000000e+00 0.000000000000000000e+00 0.000000000000000000e+00 0.000000000000000000e+00 0.000000000000000000e+00 0.000000000000000000e+00 0.000000000000000000e+00 1.338937086984515190e-03 9.352349489927291870e-02 2.354783862829208374e-01 5.904949903488159180e-01 7.860150188207626343e-02 5.626751226373016834e-04 0.000000000000000000e+00 0.000000000000000000e+00 0.000000000000000000e+00 0.000000000000000000e+00 0.000000000000000000e+00 0.000000000000000000e+00 0.000000000000000000e+00 0.000000000000000000e+00 0.000000000000000000e+00 0.000000000000000000e+00 0.000000000000000000e+00 0.000000000000000000e+00 0.000000000000000000e+00 0.000000000000000000e+00 0.000000000000000000e+00
1.444346830248832703e-02 1.582561433315277100e-02 1.577770709991455078e-02 1.783296093344688416e-02 2.240578085184097290e-02 2.665003202855587006e-02 3.706843033432960510e-02 5.011617764830589294e-02 4.685763269662857056e-02 3.794873878359794617e-02 3.218620270490646362e-02 2.637975104153156281e-02 2.158176340162754059e-02 1.901109889149665833e-02 1.633463799953460693e-02 1.402826607227325439e-02 1.207880862057209015e-02 1.019562408328056335e-02 7.725167553871870041e-03 5.949377082288265228e-03 4.332481417804956436e-03 3.610268235206604004e-03 3.841424360871315002e-03 4.526908509433269501e-03 5.148514639586210251e-03 7.136298343539237976e-03 5.649952217936515808e-03 4.424704704433679581e-03 4.124081693589687347e-03 3.772357013076543808e-03 2.204567193984985352e-03 8.312040590681135654e-04 0.000000000000000000e+00 0.000000000000000000e+00 0.000000000000000000e+00 0.000000000000000000e+00 0.000000000000000000e+00 0.000000000000000000e+00 0.000000000000000000e+00 0.000000000000000000e+00 0.000000000000000000e+00 0.000000000000000000e+00 0.000000000000000000e+00 0.000000000000000000e+00 0.000000000000000000e+00 0.000000000000000000e+00 0.000000000000000000e+00 1.283934805542230606e-03 1.384587287902832031e+00 1.511885881423950195e+00 9.824258089065551758e-02 4.000319633632898331e-03 0.000000000000000000e+00 0.000000000000000000e+00 0.000000000000000000e+00 0.000000000000000000e+00 0.000000000000000000e+00 0.000000000000000000e+00 0.000000000000000000e+00 0.000000000000000000e+00 0.000000000000000000e+00 0.000000000000000000e+00 0.000000000000000000e+00 0.000000000000000000e+00 0.000000000000000000e+00 0.000000000000000000e+00 0.000000000000000000e+00 0.000000000000000000e+00 0.000000000000000000e+00 0.000000000000000000e+00 0.000000000000000000e+00 0.000000000000000000e+00 0.000000000000000000e+00 0.000000000000000000e+00 0.000000000000000000e+00 0.000000000000000000e+00 4.080964718014001846e-03 4.914643988013267517e-02 4.984964728355407715e-01 4.381906688213348389e-01 1.008543558418750763e-02 0.000000000000000000e+00 0.000000000000000000e+00 0.000000000000000000e+00 0.000000000000000000e+00 0.000000000000000000e+00 0.000000000000000000e+00 0.000000000000000000e+00 0.000000000000000000e+00 0.000000000000000000e+00 0.000000000000000000e+00 0.000000000000000000e+00 0.000000000000000000e+00 0.000000000000000000e+00 0.000000000000000000e+00 0.000000000000000000e+00
1.067210570909082890e-03 8.677692152559757233e-03 1.305262465029954910e-02 1.311769802123308182e-02 1.565281674265861511e-02 2.175595238804817200e-02 2.546673640608787537e-02 3.690711036324501038e-02 4.526219144463539124e-02 1.924607530236244202e-02 5.775794386863708496e-03 4.483783151954412460e-03 4.763009026646614075e-03 6.091303657740354538e-03 6.337795406579971313e-03 1.348211150616407394e-02 1.927368156611919403e-02 2.692084014415740967e-02 2.989333495497703552e-02 3.050068952143192291e-02 2.754318341612815857e-02 2.604135870933532715e-02 2.339936234056949615e-02 2.027660794556140900e-02 1.611622050404548645e-02 1.212739292532205582e-02 9.813131764531135559e-03 8.572785183787345886e-03 6.008482538163661957e-03 2.179775619879364967e-03 1.932495215442031622e-04 0.000000000000000000e+00 0.000000000000000000e+00 0.000000000000000000e+00 0.000000000000000000e+00 0.000000000000000000e+00 0.000000000000000000e+00 0.000000000000000000e+00 0.000000000000000000e+00 0.000000000000000000e+00 0.000000000000000000e+00 0.000000000000000000e+00 0.000000000000000000e+00 0.000000000000000000e+00 0.000000000000000000e+00 0.000000000000000000e+00 3.312849003123119473e-05 1.345679163932800293e-01 1.487012505531311035e+00 1.271443009376525879e+00 7.543356716632843018e-02 2.927375212311744690e-02 2.236173022538423538e-03 0.000000000000000000e+00 0.000000000000000000e+00 0.000000000000000000e+00 0.000000000000000000e+00 0.000000000000000000e+00 0.000000000000000000e+00 0.000000000000000000e+00 0.000000000000000000e+00 0.000000000000000000e+00 0.000000000000000000e+00 0.000000000000000000e+00 0.000000000000000000e+00 0.000000000000000000e+00 0.000000000000000000e+00 0.000000000000000000e+00 0.000000000000000000e+00 0.000000000000000000e+00 0.000000000000000000e+00 0.000000000000000000e+00 0.000000000000000000e+00 0.000000000000000000e+00 0.000000000000000000e+00 0.000000000000000000e+00 5.205905472394078970e-05 5.123872775584459305e-03 2.921530306339263916e-01 6.465687155723571777e-01 5.483395978808403015e-02 1.268347841687500477e-03 0.000000000000000000e+00 0.000000000000000000e+00 0.000000000000000000e+00 0.000000000000000000e+00 0.000000000000000000e+00 0.000000000000000000e+00 0.000000000000000000e+00 0.000000000000000000e+00 0.000000000000000000e+00 0.000000000000000000e+00 0.000000000000000000e+00 0.000000000000000000e+00 0.000000000000000000e+00 0.000000000000000000e+00
1.856209382822271436e-05 4.886197857558727264e-04 1.590334577485918999e-03 3.215609584003686905e-03 4.984467756003141403e-03 1.041442621499300003e-02 1.368026249110698700e-02 1.215653307735919952e-02 1.304696779698133469e-02 1.346625201404094696e-02 1.327135041356086731e-02 1.492392271757125854e-02 1.396688260138034821e-02 1.910039409995079041e-02 1.445441134274005890e-02 7.645944599062204361e-03 8.010635152459144592e-03 7.592987734824419022e-03 8.153672330081462860e-03 8.198440074920654297e-03 5.849243141710758209e-03 4.493664484471082687e-03 5.131326615810394287e-03 1.537541858851909637e-02 6.750269234180450439e-02 6.141213700175285339e-02 8.826930075883865356e-02 5.722966045141220093e-02 3.637624206021428108e-03 7.157324580475687981e-04 1.441837870515882969e-03 5.606844206340610981e-04 0.000000000000000000e+00 0.000000000000000000e+00 0.000000000000000000e+00 0.000000000000000000e+00 0.000000000000000000e+00 0.000000000000000000e+00 0.000000000000000000e+00 0.000000000000000000e+00 0.000000000000000000e+00 0.000000000000000000e+00 0.000000000000000000e+00 0.000000000000000000e+00 0.000000000000000000e+00 0.000000000000000000e+00 0.000000000000000000e+00 6.325306370854377747e-03 8.112278580665588379e-01 1.894217848777770996e+00 6.473039090633392334e-02 3.985827416181564331e-02 4.052323102951049805e-02 5.465772002935409546e-02 7.743340730667114258e-02 1.102260779589414597e-02 3.275663402746431530e-06 0.000000000000000000e+00 0.000000000000000000e+00 0.000000000000000000e+00 0.000000000000000000e+00 0.000000000000000000e+00 0.000000000000000000e+00 0.000000000000000000e+00 0.000000000000000000e+00 0.000000000000000000e+00 0.000000000000000000e+00 0.000000000000000000e+00 0.000000000000000000e+00 0.000000000000000000e+00 0.000000000000000000e+00 0.000000000000000000e+00 0.000000000000000000e+00 1.277508708881214261e-04 4.296578466892242432e-03 5.815394688397645950e-03 3.061544336378574371e-02 1.110548153519630432e-01 5.093154311180114746e-01 3.332332372665405273e-01 5.541330669075250626e-03 0.000000000000000000e+00 0.000000000000000000e+00 0.000000000000000000e+00 0.000000000000000000e+00 0.000000000000000000e+00 0.000000000000000000e+00 0.000000000000000000e+00 0.000000000000000000e+00 0.000000000000000000e+00 0.000000000000000000e+00 0.000000000000000000e+00 0.000000000000000000e+00 0.000000000000000000e+00 0.000000000000000000e+00 0.000000000000000000e+00
3.403826802968978882e-02 2.493520639836788177e-02 1.527636032551527023e-02 1.455180160701274872e-02 1.768670789897441864e-02 1.904852874577045441e-02 1.228888891637325287e-02 8.448338136076927185e-03 9.231579490005970001e-03 8.856205269694328308e-03 1.070834137499332428e-02 1.193776354193687439e-02 1.231701765209436417e-02 1.461824402213096619e-02 1.824249327182769775e-02 2.203551679849624634e-02 2.485858090221881866e-02 2.753517962992191315e-02 2.891300618648529053e-02 2.784605138003826141e-02 2.612534537911415100e-02 2.684554085135459900e-02 2.556907385587692261e-02 2.381345070898532867e-02 1.873911172151565552e-02 1.150758657604455948e-02 3.760528983548283577e-03 2.458844683133065701e-04 1.600431460246909410e-05 2.909875320256105624e-06 4.849792389904905576e-07 0.000000000000000000e+00 0.000000000000000000e+00 0.000000000000000000e+00 0.000000000000000000e+00 0.000000000000000000e+00 0.000000000000000000e+00 0.000000000000000000e+00 0.000000000000000000e+00 0.000000000000000000e+00 0.000000000000000000e+00 0.000000000000000000e+00 0.000000000000000000e+00 0.000000000000000000e+00 0.000000000000000000e+00 0.000000000000000000e+00 0.000000000000000000e+00 2.642166800796985626e-03 2.695819139480590820e+00 8.715367317199707031e-02 5.136802792549133301e-02 1.230673640966415405e-01 3.994967788457870483e-02 0.000000000000000000e+00 0.000000000000000000e+00 0.000000000000000000e+00 0.000000000000000000e+00 0.000000000000000000e+00 0.000000000000000000e+00 0.000000000000000000e+00 0.000000000000000000e+00 0.000000000000000000e+00 0.000000000000000000e+00 0.000000000000000000e+00 0.000000000000000000e+00 0.000000000000000000e+00 0.000000000000000000e+00 0.000000000000000000e+00 0.000000000000000000e+00 0.000000000000000000e+00 0.000000000000000000e+00 0.000000000000000000e+00 0.000000000000000000e+00 0.000000000000000000e+00 1.183349304483272135e-04 1.867946051061153412e-02 3.727162256836891174e-02 1.569489762187004089e-02 1.370754987001419067e-01 7.557227611541748047e-01 3.543743118643760681e-02 0.000000000000000000e+00 0.000000000000000000e+00 0.000000000000000000e+00 0.000000000000000000e+00 0.000000000000000000e+00 0.000000000000000000e+00 0.000000000000000000e+00 0.000000000000000000e+00 0.000000000000000000e+00 0.000000000000000000e+00 0.000000000000000000e+00 0.000000000000000000e+00 0.000000000000000000e+00 0.000000000000000000e+00 0.000000000000000000e+00
1.488605979830026627e-03 1.051498390734195709e-02 2.000032179057598114e-02 1.231105253100395203e-02 1.029287651181221008e-02 9.347694925963878632e-03 9.354844689369201660e-03 9.979603812098503113e-03 1.094176806509494781e-02 1.266544032841920853e-02 1.530748140066862106e-02 1.860824413597583771e-02 2.144066244363784790e-02 2.380116097629070282e-02 2.300658263266086578e-02 1.978715322911739349e-02 1.728990674018859863e-02 1.601715013384819031e-02 2.050397172570228577e-02 2.851321734488010406e-02 3.637856245040893555e-02 3.936337307095527649e-02 2.850740775465965271e-02 1.669330149888992310e-02 2.724761143326759338e-02 1.759736984968185425e-02 9.034868329763412476e-03 1.077597029507160187e-02 3.159544896334409714e-03 6.703419057885184884e-05 2.234473186035756953e-06 0.000000000000000000e+00 0.000000000000000000e+00 0.000000000000000000e+00 0.000000000000000000e+00 0.000000000000000000e+00 0.000000000000000000e+00 0.000000000000000000e+00 0.000000000000000000e+00 0.000000000000000000e+00 0.000000000000000000e+00 0.000000000000000000e+00 0.000000000000000000e+00 0.000000000000000000e+00 0.000000000000000000e+00 0.000000000000000000e+00 6.622978253290057182e-04 8.507711440324783325e-02 1.704494476318359375e+00 6.886529922485351562e-01 4.662255048751831055e-01 5.479107052087783813e-02 9.652924200054258108e-05 0.000000000000000000e+00 0.000000000000000000e+00 0.000000000000000000e+00 0.000000000000000000e+00 0.000000000000000000e+00 0.000000000000000000e+00 0.000000000000000000e+00 0.000000000000000000e+00 0.000000000000000000e+00 0.000000000000000000e+00 0.000000000000000000e+00 0.000000000000000000e+00 0.000000000000000000e+00 0.000000000000000000e+00 0.000000000000000000e+00 0.000000000000000000e+00 0.000000000000000000e+00 0.000000000000000000e+00 0.000000000000000000e+00 0.000000000000000000e+00 0.000000000000000000e+00 0.000000000000000000e+00 0.000000000000000000e+00 1.328170765191316605e-03 9.919809550046920776e-02 3.641788959503173828e-01 5.208789110183715820e-01 1.441592629998922348e-02 0.000000000000000000e+00 0.000000000000000000e+00 0.000000000000000000e+00 0.000000000000000000e+00 0.000000000000000000e+00 0.000000000000000000e+00 0.000000000000000000e+00 0.000000000000000000e+00 0.000000000000000000e+00 0.000000000000000000e+00 0.000000000000000000e+00 0.000000000000000000e+00 0.000000000000000000e+00 0.000000000000000000e+00 0.000000000000000000e+00
1.154587254859507084e-03 9.913126006722450256e-03 1.631022058427333832e-02 1.792356185615062714e-02 1.615054532885551453e-02 2.092678472399711609e-02 2.202650904655456543e-02 2.702577412128448486e-02 2.695690840482711792e-02 2.802398428320884705e-02 3.174747154116630554e-02 3.145942091941833496e-02 2.756528370082378387e-02 2.146851085126399994e-02 1.514044404029846191e-02 1.347456313669681549e-02 1.038096100091934204e-02 1.152187213301658630e-02 2.404768392443656921e-02 3.375097364187240601e-02 1.823188364505767822e-02 1.087711937725543976e-02 1.099365949630737305e-02 1.231073215603828430e-02 1.104403752833604813e-02 1.283602602779865265e-02 1.010588183999061584e-02 2.745604142546653748e-03 1.514476840384304523e-03 1.045614946633577347e-03 1.058695954270660877e-03 2.670793910510838032e-04 0.000000000000000000e+00 0.000000000000000000e+00 0.000000000000000000e+00 0.000000000000000000e+00 0.000000000000000000e+00 0.000000000000000000e+00 0.000000000000000000e+00 0.000000000000000000e+00 0.000000000000000000e+00 0.000000000000000000e+00 0.000000000000000000e+00 0.000000000000000000e+00 0.000000000000000000e+00 1.216208474943414330e-04 8.335698395967483521e-02 3.163235187530517578e-01 4.866624176502227783e-01 5.927677154541015625e-01 7.730127573013305664e-01 6.689947247505187988e-01 7.871852815151214600e-02 4.183757118880748749e-05 0.000000000000000000e+00 0.000000000000000000e+00 0.000000000000000000e+00 0.000000000000000000e+00 0.000000000000000000e+00 0.000000000000000000e+00 0.000000000000000000e+00 0.000000000000000000e+00 0.000000000000000000e+00 0.000000000000000000e+00 0.000000000000000000e+00 0.000000000000000000e+00 0.000000000000000000e+00 0.000000000000000000e+00 0.000000000000000000e+00 0.000000000000000000e+00 5.167534618522040546e-05 5.629153456538915634e-04 9.826207533478736877e-03 4.141443967819213867e-02 6.797870248556137085e-02 1.053305715322494507e-01 1.372892856597900391e-01 2.342489957809448242e-01 1.044070124626159668e-01 1.230980232357978821e-01 1.237089410424232483e-01 5.078356713056564331e-02 1.299667404964566231e-03 0.000000000000000000e+00 0.000000000000000000e+00 0.000000000000000000e+00 0.000000000000000000e+00 0.000000000000000000e+00 0.000000000000000000e+00 0.000000000000000000e+00 0.000000000000000000e+00 0.000000000000000000e+00 0.000000000000000000e+00 0.000000000000000000e+00 0.000000000000000000e+00 0.000000000000000000e+00
5.626225378364324570e-03 4.396374803036451340e-03 5.113767925649881363e-03 6.553091574460268021e-03 8.737395517528057098e-03 1.185232773423194885e-02 1.558320131152868271e-02 1.945171132683753967e-02 2.426721341907978058e-02 3.097782842814922333e-02 3.448233008384704590e-02 3.627181053161621094e-02 3.263116255402565002e-02 2.759496308863162994e-02 2.614220418035984039e-02 2.279755473136901855e-02 2.194521017372608185e-02 1.879636198282241821e-02 1.327451411634683609e-02 9.736574254930019379e-03 7.955393753945827484e-03 9.762908332049846649e-03 1.692244596779346466e-02 2.680095843970775604e-02 3.288739174604415894e-02 2.089324593544006348e-02 5.164822563529014587e-03 2.511352533474564552e-03 6.926119094714522362e-04 1.396091684000566602e-04 3.744009518413804471e-05 0.000000000000000000e+00 0.000000000000000000e+00 0.000000000000000000e+00 0.000000000000000000e+00 0.000000000000000000e+00 0.000000000000000000e+00 0.000000000000000000e+00 0.000000000000000000e+00 0.000000000000000000e+00 0.000000000000000000e+00 0.000000000000000000e+00 0.000000000000000000e+00 0.000000000000000000e+00 4.791974090039730072e-03 6.520416587591171265e-02 1.230052262544631958e-01 3.225376605987548828e-01 1.124041676521301270e+00 4.307639002799987793e-01 3.676825165748596191e-01 4.765389561653137207e-01 7.255675643682479858e-02 1.209476403892040253e-02 7.824801141396164894e-04 0.000000000000000000e+00 0.000000000000000000e+00 0.000000000000000000e+00 0.000000000000000000e+00 0.000000000000000000e+00 0.000000000000000000e+00 0.000000000000000000e+00 0.000000000000000000e+00 0.000000000000000000e+00 0.000000000000000000e+00 0.000000000000000000e+00 0.000000000000000000e+00 0.000000000000000000e+00 0.000000000000000000e+00 5.374176453187828884e-06 1.152462282334454358e-04 1.345454948022961617e-03 4.816098138689994812e-03 2.116637304425239563e-02 5.294471606612205505e-02 8.821424096822738647e-02 9.734496474266052246e-02 1.119854152202606201e-01 2.424520254135131836e-01 2.631947994232177734e-01 9.210944175720214844e-02 1.661349087953567505e-02 4.376490600407123566e-03 2.970366971567273140e-03 3.454998368397355080e-04 0.000000000000000000e+00 0.000000000000000000e+00 0.000000000000000000e+00 0.000000000000000000e+00 0.000000000000000000e+00 0.000000000000000000e+00 0.000000000000000000e+00 0.000000000000000000e+00 0.000000000000000000e+00 0.000000000000000000e+00 0.000000000000000000e+00
3.142111381748691201e-06 1.413950121786911041e-05 7.331593224080279469e-05 3.763551358133554459e-04 2.554885810241103172e-03 3.594924695789813995e-03 3.402033820748329163e-03 2.705881604924798012e-03 3.141413209959864616e-03 2.730145584791898727e-03 1.951425801962614059e-03 1.679982291534543037e-03 1.745442859828472137e-03 2.592591103166341782e-03 4.780722316354513168e-03 8.524722419679164886e-03 2.416632883250713348e-02 8.557767421007156372e-02 1.334796845912933350e-01 1.274677813053131104e-01 5.480662733316421509e-02 1.942959427833557129e-02 8.343877270817756653e-03 4.604938905686140060e-03 1.341506955213844776e-03 3.859560238197445869e-04 1.340634189546108246e-04 2.024916284426581115e-05 1.675792736932635307e-05 2.042372398136649281e-05 4.852816346101462841e-05 2.848847652785480022e-04 0.000000000000000000e+00 0.000000000000000000e+00 0.000000000000000000e+00 0.000000000000000000e+00 0.000000000000000000e+00 0.000000000000000000e+00 0.000000000000000000e+00 0.000000000000000000e+00 0.000000000000000000e+00 0.000000000000000000e+00 0.000000000000000000e+00 0.000000000000000000e+00 0.000000000000000000e+00 0.000000000000000000e+00 0.000000000000000000e+00 1.737587619572877884e-03 1.155542880296707153e-01 2.379776477813720703e+00 4.047741293907165527e-01 9.815432131290435791e-02 3.142111381748691201e-06 0.000000000000000000e+00 0.000000000000000000e+00 0.000000000000000000e+00 0.000000000000000000e+00 0.000000000000000000e+00 0.000000000000000000e+00 0.000000000000000000e+00 0.000000000000000000e+00 0.000000000000000000e+00 0.000000000000000000e+00 0.000000000000000000e+00 0.000000000000000000e+00 0.000000000000000000e+00 0.000000000000000000e+00 0.000000000000000000e+00 0.000000000000000000e+00 0.000000000000000000e+00 0.000000000000000000e+00 0.000000000000000000e+00 0.000000000000000000e+00 0.000000000000000000e+00 0.000000000000000000e+00 0.000000000000000000e+00 8.112233132123947144e-03 2.223804891109466553e-01 7.042438983917236328e-01 5.230498313903808594e-02 1.295841671526432037e-02 0.000000000000000000e+00 0.000000000000000000e+00 0.000000000000000000e+00 0.000000000000000000e+00 0.000000000000000000e+00 0.000000000000000000e+00 0.000000000000000000e+00 0.000000000000000000e+00 0.000000000000000000e+00 0.000000000000000000e+00 0.000000000000000000e+00 0.000000000000000000e+00 0.000000000000000000e+00 0.000000000000000000e+00 0.000000000000000000e+00
7.820178754627704620e-03 1.025801245123147964e-02 1.238081231713294983e-02 1.526966877281665802e-02 1.851451210677623749e-02 2.138604223728179932e-02 2.135033905506134033e-02 2.354454621672630310e-02 2.353351935744285583e-02 2.523365058004856110e-02 2.413838356733322144e-02 2.409270405769348145e-02 2.376244403421878815e-02 2.481780573725700378e-02 2.472172118723392487e-02 2.445814199745655060e-02 2.657096646726131439e-02 2.853152342140674591e-02 2.856302820146083832e-02 2.356239780783653259e-02 1.995684020221233368e-02 1.488427817821502686e-02 1.087915338575839996e-02 1.152444630861282349e-02 6.348447874188423157e-03 2.126475330442190170e-03 1.030684215947985649e-03 5.922627751715481281e-04 1.407149102305993438e-04 6.300667791947489604e-06 0.000000000000000000e+00 0.000000000000000000e+00 0.000000000000000000e+00 0.000000000000000000e+00 0.000000000000000000e+00 0.000000000000000000e+00 0.000000000000000000e+00 0.000000000000000000e+00 0.000000000000000000e+00 0.000000000000000000e+00 0.000000000000000000e+00 0.000000000000000000e+00 0.000000000000000000e+00 0.000000000000000000e+00 0.000000000000000000e+00 2.268240350531414151e-04 2.188411056995391846e-01 1.251029074192047119e-01 4.548294544219970703e-01 8.353331089019775391e-01 9.185901880264282227e-01 2.380360811948776245e-01 1.898989975452423096e-01 1.771747879683971405e-02 9.324988350272178650e-04 2.457260561641305685e-04 2.457260561641305685e-04 0.000000000000000000e+00 0.000000000000000000e+00 0.000000000000000000e+00 0.000000000000000000e+00 0.000000000000000000e+00 0.000000000000000000e+00 0.000000000000000000e+00 0.000000000000000000e+00 0.000000000000000000e+00 0.000000000000000000e+00 0.000000000000000000e+00 0.000000000000000000e+00 0.000000000000000000e+00 0.000000000000000000e+00 0.000000000000000000e+00 0.000000000000000000e+00 0.000000000000000000e+00 1.627672463655471802e-04 1.443063002079725266e-02 8.179526776075363159e-02 2.855567634105682373e-01 2.755712568759918213e-01 2.162525653839111328e-01 3.709938377141952515e-02 8.462007343769073486e-02 4.511278122663497925e-03 0.000000000000000000e+00 0.000000000000000000e+00 0.000000000000000000e+00 0.000000000000000000e+00 0.000000000000000000e+00 0.000000000000000000e+00 0.000000000000000000e+00 0.000000000000000000e+00 0.000000000000000000e+00 0.000000000000000000e+00 0.000000000000000000e+00 0.000000000000000000e+00 0.000000000000000000e+00
1.506166253238916397e-02 1.884648203849792480e-02 1.044504344463348389e-02 1.621693931519985199e-02 3.696884214878082275e-02 3.630483895540237427e-02 3.581401333212852478e-02 4.385204613208770752e-02 4.037948697805404663e-02 3.126693516969680786e-02 2.531961910426616669e-02 2.263803221285343170e-02 2.252272889018058777e-02 2.471124753355979919e-02 2.491493523120880127e-02 1.890435814857482910e-02 1.129972375929355621e-02 9.899483993649482727e-03 1.034634094685316086e-02 1.082235947251319885e-02 1.131767034530639648e-02 1.370404474437236786e-02 7.120091468095779419e-03 9.650482679717242718e-04 6.146518717287108302e-05 1.076762418961152434e-05 2.557310654083266854e-05 1.108167925849556923e-04 1.072275845217518508e-04 4.217319292365573347e-05 0.000000000000000000e+00 0.000000000000000000e+00 0.000000000000000000e+00 0.000000000000000000e+00 0.000000000000000000e+00 0.000000000000000000e+00 0.000000000000000000e+00 0.000000000000000000e+00 0.000000000000000000e+00 0.000000000000000000e+00 0.000000000000000000e+00 0.000000000000000000e+00 0.000000000000000000e+00 0.000000000000000000e+00 0.000000000000000000e+00 0.000000000000000000e+00 0.000000000000000000e+00 4.996069669723510742e-01 1.418594121932983398e+00 5.648076534271240234e-01 1.718566715717315674e-01 1.011914461851119995e-01 1.996667385101318359e-01 4.181607067584991455e-02 2.460401970893144608e-03 0.000000000000000000e+00 0.000000000000000000e+00 0.000000000000000000e+00 0.000000000000000000e+00 0.000000000000000000e+00 0.000000000000000000e+00 0.000000000000000000e+00 0.000000000000000000e+00 0.000000000000000000e+00 0.000000000000000000e+00 0.000000000000000000e+00 0.000000000000000000e+00 1.713846868369728327e-04 1.922918134368956089e-03 1.170620135962963104e-02 2.742065116763114929e-02 1.823048479855060577e-02 1.081248931586742401e-02 6.768349092453718185e-03 4.731473512947559357e-03 5.192686803638935089e-03 7.620785851031541824e-03 3.647532686591148376e-02 1.573033183813095093e-01 4.051058292388916016e-01 3.053751885890960693e-01 1.162903383374214172e-03 0.000000000000000000e+00 0.000000000000000000e+00 0.000000000000000000e+00 0.000000000000000000e+00 0.000000000000000000e+00 0.000000000000000000e+00 0.000000000000000000e+00 0.000000000000000000e+00 0.000000000000000000e+00 0.000000000000000000e+00 0.000000000000000000e+00 0.000000000000000000e+00 0.000000000000000000e+00 0.000000000000000000e+00
5.792355630546808243e-03 1.081464439630508423e-02 1.226587314158678055e-02 1.213466469198465347e-02 1.367248408496379852e-02 1.535175833851099014e-02 1.564359106123447418e-02 1.579925604164600372e-02 1.554675400257110596e-02 1.590039022266864777e-02 1.693617925047874451e-02 1.821686886250972748e-02 1.959274336695671082e-02 2.278240583837032318e-02 2.472244575619697571e-02 2.441276609897613525e-02 2.429742179811000824e-02 2.455190755426883698e-02 2.499246411025524139e-02 2.608840540051460266e-02 2.889303490519523621e-02 2.939208969473838806e-02 2.546144463121891022e-02 1.989118568599224091e-02 1.530317496508359909e-02 1.004259474575519562e-02 6.278191693127155304e-03 3.501985687762498856e-03 1.305147306993603706e-03 3.866858314722776413e-04 2.908406349888537079e-05 0.000000000000000000e+00 0.000000000000000000e+00 0.000000000000000000e+00 0.000000000000000000e+00 0.000000000000000000e+00 0.000000000000000000e+00 0.000000000000000000e+00 0.000000000000000000e+00 0.000000000000000000e+00 0.000000000000000000e+00 0.000000000000000000e+00 0.000000000000000000e+00 0.000000000000000000e+00 0.000000000000000000e+00 0.000000000000000000e+00 0.000000000000000000e+00 1.148476749658584595e-01 1.908520698547363281e+00 8.262366056442260742e-01 1.244493871927261353e-01 2.250908315181732178e-02 2.540228422731161118e-03 6.980175385251641273e-04 1.566573482705280185e-04 4.164309211773797870e-05 0.000000000000000000e+00 0.000000000000000000e+00 0.000000000000000000e+00 0.000000000000000000e+00 0.000000000000000000e+00 0.000000000000000000e+00 0.000000000000000000e+00 0.000000000000000000e+00 0.000000000000000000e+00 0.000000000000000000e+00 0.000000000000000000e+00 0.000000000000000000e+00 0.000000000000000000e+00 0.000000000000000000e+00 0.000000000000000000e+00 0.000000000000000000e+00 0.000000000000000000e+00 0.000000000000000000e+00 0.000000000000000000e+00 5.089710975880734622e-05 1.768839894793927670e-03 2.450927160680294037e-02 2.246182113885879517e-01 6.251553297042846680e-01 1.234122738242149353e-01 4.825310606975108385e-04 2.644005689944606274e-06 0.000000000000000000e+00 0.000000000000000000e+00 0.000000000000000000e+00 0.000000000000000000e+00 0.000000000000000000e+00 0.000000000000000000e+00 0.000000000000000000e+00 0.000000000000000000e+00 0.000000000000000000e+00 0.000000000000000000e+00 0.000000000000000000e+00 0.000000000000000000e+00 0.000000000000000000e+00
3.948715675505809486e-05 4.130265733692795038e-05 4.674916272051632404e-05 7.398168236250057817e-05 2.762285526841878891e-03 2.749940007925033569e-02 1.232639253139495850e-01 8.210060745477676392e-02 5.777833610773086548e-02 4.477843642234802246e-02 3.054445050656795502e-02 2.205153554677963257e-02 1.680882088840007782e-02 1.569319516420364380e-02 1.617929525673389435e-02 1.397936139255762100e-02 9.554530493915081024e-03 4.997621756047010422e-03 3.447637194767594337e-03 2.445480553433299065e-03 1.881313393823802471e-03 1.948940800502896309e-03 2.449111547321081161e-03 3.291958011686801910e-03 4.357203375548124313e-03 5.947582889348268509e-03 3.990018274635076523e-03 1.433792291209101677e-03 4.929086426272988319e-04 1.189153481391258538e-04 1.815501491364557296e-06 0.000000000000000000e+00 0.000000000000000000e+00 0.000000000000000000e+00 0.000000000000000000e+00 0.000000000000000000e+00 0.000000000000000000e+00 0.000000000000000000e+00 0.000000000000000000e+00 0.000000000000000000e+00 0.000000000000000000e+00 0.000000000000000000e+00 0.000000000000000000e+00 0.000000000000000000e+00 0.000000000000000000e+00 0.000000000000000000e+00 0.000000000000000000e+00 2.298424951732158661e-03 2.597500562667846680e+00 1.325896978378295898e-01 4.566893726587295532e-02 5.299176648259162903e-02 4.444347694516181946e-02 4.990360140800476074e-02 4.405132681131362915e-02 2.918509393930435181e-02 1.367072574794292450e-03 0.000000000000000000e+00 0.000000000000000000e+00 0.000000000000000000e+00 0.000000000000000000e+00 0.000000000000000000e+00 0.000000000000000000e+00 0.000000000000000000e+00 0.000000000000000000e+00 0.000000000000000000e+00 0.000000000000000000e+00 0.000000000000000000e+00 0.000000000000000000e+00 0.000000000000000000e+00 0.000000000000000000e+00 0.000000000000000000e+00 0.000000000000000000e+00 0.000000000000000000e+00 0.000000000000000000e+00 0.000000000000000000e+00 0.000000000000000000e+00 0.000000000000000000e+00 1.086849942803382874e-01 8.845041394233703613e-01 6.810853723436594009e-03 0.000000000000000000e+00 0.000000000000000000e+00 0.000000000000000000e+00 0.000000000000000000e+00 0.000000000000000000e+00 0.000000000000000000e+00 0.000000000000000000e+00 0.000000000000000000e+00 0.000000000000000000e+00 0.000000000000000000e+00 0.000000000000000000e+00 0.000000000000000000e+00 0.000000000000000000e+00 0.000000000000000000e+00 0.000000000000000000e+00
6.562085822224617004e-03 5.857360363006591797e-02 6.841277331113815308e-02 7.632094621658325195e-02 5.743363127112388611e-02 2.774296328425407410e-02 1.439993735402822495e-02 7.510011084377765656e-03 4.337076563388109207e-03 4.028572235256433487e-03 3.341249655932188034e-03 2.799829235300421715e-03 4.003083333373069763e-03 5.744681693613529205e-03 7.839609868824481964e-03 9.754796512424945831e-03 1.169986650347709656e-02 1.321909576654434204e-02 1.495673879981040955e-02 1.678491197526454926e-02 1.767966151237487793e-02 1.735753379762172699e-02 1.410593558102846146e-02 1.246233750134706497e-02 1.133291423320770264e-02 6.419699173420667648e-03 2.847291296347975731e-03 1.769284601323306561e-03 5.449361633509397507e-04 1.494179741712287068e-05 0.000000000000000000e+00 0.000000000000000000e+00 0.000000000000000000e+00 0.000000000000000000e+00 0.000000000000000000e+00 0.000000000000000000e+00 0.000000000000000000e+00 0.000000000000000000e+00 0.000000000000000000e+00 0.000000000000000000e+00 0.000000000000000000e+00 0.000000000000000000e+00 0.000000000000000000e+00 0.000000000000000000e+00 0.000000000000000000e+00 0.000000000000000000e+00 0.000000000000000000e+00 9.492436051368713379e-02 2.244441509246826172e+00 5.069251060485839844e-01 3.274363279342651367e-02 1.467636041343212128e-02 4.617806524038314819e-02 4.236790537834167480e-02 1.642982475459575653e-02 1.313120359554886818e-03 0.000000000000000000e+00 0.000000000000000000e+00 0.000000000000000000e+00 0.000000000000000000e+00 0.000000000000000000e+00 0.000000000000000000e+00 0.000000000000000000e+00 0.000000000000000000e+00 0.000000000000000000e+00 0.000000000000000000e+00 0.000000000000000000e+00 0.000000000000000000e+00 0.000000000000000000e+00 0.000000000000000000e+00 0.000000000000000000e+00 0.000000000000000000e+00 0.000000000000000000e+00 0.000000000000000000e+00 0.000000000000000000e+00 0.000000000000000000e+00 1.770866662263870239e-02 5.740286782383918762e-02 9.930846095085144043e-02 8.177021741867065430e-01 7.877842523157596588e-03 0.000000000000000000e+00 0.000000000000000000e+00 0.000000000000000000e+00 0.000000000000000000e+00 0.000000000000000000e+00 0.000000000000000000e+00 0.000000000000000000e+00 0.000000000000000000e+00 0.000000000000000000e+00 0.000000000000000000e+00 0.000000000000000000e+00 0.000000000000000000e+00 0.000000000000000000e+00 0.000000000000000000e+00 0.000000000000000000e+00
3.223401494324207306e-03 5.226704291999340057e-03 7.503367029130458832e-03 1.012393366545438766e-02 1.230439916253089905e-02 1.369484700262546539e-02 1.473858486860990524e-02 1.627453044056892395e-02 1.735313981771469116e-02 1.825658977031707764e-02 1.807501725852489471e-02 1.787981763482093811e-02 1.846060715615749359e-02 2.100982889533042908e-02 2.384523488581180573e-02 2.535793371498584747e-02 2.653754875063896179e-02 2.888154983520507812e-02 3.118266165256500244e-02 3.244444727897644043e-02 3.209492936730384827e-02 2.768149226903915405e-02 2.275740727782249451e-02 1.874759420752525330e-02 1.515223179012537003e-02 1.091475319117307663e-02 5.991470534354448318e-03 2.858253661543130875e-03 1.148752635344862938e-03 2.352818555664271116e-04 3.968126839026808739e-05 4.008208634331822395e-06 0.000000000000000000e+00 0.000000000000000000e+00 0.000000000000000000e+00 0.000000000000000000e+00 0.000000000000000000e+00 0.000000000000000000e+00 0.000000000000000000e+00 0.000000000000000000e+00 0.000000000000000000e+00 0.000000000000000000e+00 0.000000000000000000e+00 0.000000000000000000e+00 0.000000000000000000e+00 0.000000000000000000e+00 3.366895543877035379e-05 2.679086755961179733e-03 2.171310782432556152e-01 8.014341592788696289e-01 1.297106027603149414e+00 5.184201002120971680e-01 1.117785274982452393e-01 3.272141516208648682e-02 1.255851984024047852e-02 5.906496662646532059e-03 2.308728289790451527e-04 0.000000000000000000e+00 0.000000000000000000e+00 0.000000000000000000e+00 0.000000000000000000e+00 0.000000000000000000e+00 0.000000000000000000e+00 0.000000000000000000e+00 0.000000000000000000e+00 0.000000000000000000e+00 0.000000000000000000e+00 0.000000000000000000e+00 0.000000000000000000e+00 0.000000000000000000e+00 0.000000000000000000e+00 0.000000000000000000e+00 0.000000000000000000e+00 2.805746225931216031e-05 2.799333073198795319e-03 4.360690712928771973e-02 2.472944557666778564e-01 4.184602200984954834e-01 1.909109801054000854e-01 9.356602281332015991e-02 3.298755967989563942e-03 3.527223816490732133e-05 0.000000000000000000e+00 0.000000000000000000e+00 0.000000000000000000e+00 0.000000000000000000e+00 0.000000000000000000e+00 0.000000000000000000e+00 0.000000000000000000e+00 0.000000000000000000e+00 0.000000000000000000e+00 0.000000000000000000e+00 0.000000000000000000e+00 0.000000000000000000e+00 0.000000000000000000e+00 0.000000000000000000e+00
3.311258296889718622e-06 8.075790829025208950e-04 4.371596965938806534e-03 2.451434964314103127e-03 2.804267918691039085e-03 5.129874683916568756e-03 7.710816804319620132e-03 1.075791008770465851e-02 1.387674733996391296e-02 1.864937506616115570e-02 2.445474639534950256e-02 1.775717362761497498e-02 1.281898468732833862e-02 1.795327477157115936e-02 1.778219267725944519e-02 2.461111173033714294e-02 5.735320225358009338e-02 9.435577690601348877e-02 8.785062283277511597e-02 4.556438699364662170e-02 1.531604118645191193e-02 9.036791510879993439e-03 4.576527047902345657e-03 2.105224411934614182e-03 1.139072817750275135e-03 5.746872629970312119e-04 1.423841022187843919e-04 3.348050086060538888e-05 4.047093625558773056e-06 5.518763828149531037e-06 1.839587980612122919e-06 0.000000000000000000e+00 0.000000000000000000e+00 0.000000000000000000e+00 0.000000000000000000e+00 0.000000000000000000e+00 0.000000000000000000e+00 0.000000000000000000e+00 0.000000000000000000e+00 0.000000000000000000e+00 0.000000000000000000e+00 0.000000000000000000e+00 0.000000000000000000e+00 0.000000000000000000e+00 0.000000000000000000e+00 0.000000000000000000e+00 0.000000000000000000e+00 5.904414877295494080e-02 9.473156332969665527e-01 1.323593854904174805e+00 6.448675394058227539e-01 2.508609183132648468e-02 9.271522867493331432e-05 0.000000000000000000e+00 0.000000000000000000e+00 0.000000000000000000e+00 0.000000000000000000e+00 0.000000000000000000e+00 0.000000000000000000e+00 0.000000000000000000e+00 0.000000000000000000e+00 0.000000000000000000e+00 0.000000000000000000e+00 0.000000000000000000e+00 0.000000000000000000e+00 0.000000000000000000e+00 0.000000000000000000e+00 0.000000000000000000e+00 0.000000000000000000e+00 0.000000000000000000e+00 0.000000000000000000e+00 0.000000000000000000e+00 0.000000000000000000e+00 0.000000000000000000e+00 6.100073806010186672e-04 1.554819755256175995e-02 2.299050837755203247e-01 3.845401108264923096e-01 2.653554081916809082e-01 8.466225117444992065e-02 1.937821879982948303e-02 7.358351581387978513e-07 0.000000000000000000e+00 0.000000000000000000e+00 0.000000000000000000e+00 0.000000000000000000e+00 0.000000000000000000e+00 0.000000000000000000e+00 0.000000000000000000e+00 0.000000000000000000e+00 0.000000000000000000e+00 0.000000000000000000e+00 0.000000000000000000e+00 0.000000000000000000e+00 0.000000000000000000e+00 0.000000000000000000e+00
4.771430511027574539e-03 1.908162259496748447e-03 2.135666087269783020e-03 3.132788464426994324e-03 1.071727182716131210e-02 1.991272903978824615e-02 3.202064335346221924e-02 4.348703846335411072e-02 6.224687770009040833e-02 7.156223058700561523e-02 7.458844035863876343e-02 6.950547546148300171e-02 3.872995451092720032e-02 3.825649991631507874e-02 1.788979023694992065e-02 2.351897070184350014e-03 1.410113414749503136e-03 1.206179847940802574e-03 9.048911160789430141e-04 7.071063155308365822e-04 6.722633843310177326e-04 4.765281628351658583e-04 3.002639859914779663e-04 3.443300374783575535e-04 3.146110684610903263e-04 2.459500101394951344e-04 6.148750253487378359e-05 1.024791781674139202e-04 3.279333759564906359e-05 4.099167199456132948e-06 0.000000000000000000e+00 0.000000000000000000e+00 0.000000000000000000e+00 0.000000000000000000e+00 0.000000000000000000e+00 0.000000000000000000e+00 0.000000000000000000e+00 0.000000000000000000e+00 0.000000000000000000e+00 0.000000000000000000e+00 0.000000000000000000e+00 0.000000000000000000e+00 0.000000000000000000e+00 0.000000000000000000e+00 0.000000000000000000e+00 0.000000000000000000e+00 1.844625148805789649e-05 2.509920112788677216e-02 7.183462381362915039e-01 1.818923473358154297e+00 4.351778030395507812e-01 8.977175457403063774e-04 4.673050134442746639e-04 4.242637660354375839e-04 3.627762780524790287e-04 2.398012729827314615e-04 4.304125468479469419e-05 0.000000000000000000e+00 0.000000000000000000e+00 0.000000000000000000e+00 0.000000000000000000e+00 0.000000000000000000e+00 0.000000000000000000e+00 0.000000000000000000e+00 0.000000000000000000e+00 0.000000000000000000e+00 0.000000000000000000e+00 0.000000000000000000e+00 0.000000000000000000e+00 0.000000000000000000e+00 0.000000000000000000e+00 0.000000000000000000e+00 0.000000000000000000e+00 0.000000000000000000e+00 0.000000000000000000e+00 1.311733503825962543e-04 3.060028189793229103e-03 9.748844057321548462e-02 6.712775230407714844e-01 2.259276360273361206e-01 2.115170238539576530e-03 0.000000000000000000e+00 0.000000000000000000e+00 0.000000000000000000e+00 0.000000000000000000e+00 0.000000000000000000e+00 0.000000000000000000e+00 0.000000000000000000e+00 0.000000000000000000e+00 0.000000000000000000e+00 0.000000000000000000e+00 0.000000000000000000e+00 0.000000000000000000e+00 0.000000000000000000e+00 0.000000000000000000e+00 0.000000000000000000e+00
8.759313262999057770e-03 1.787908188998699188e-02 2.868863567709922791e-02 4.156138747930526733e-02 4.303678125143051147e-02 3.103748895227909088e-02 2.854845859110355377e-02 2.862502634525299072e-02 2.551285363733768463e-02 2.545807883143424988e-02 2.529493160545825958e-02 2.170097455382347107e-02 1.781311631202697754e-02 1.714403554797172546e-02 1.566863991320133209e-02 1.165474019944667816e-02 8.937774226069450378e-03 1.246812101453542709e-02 1.849456690251827240e-02 1.691904477775096893e-02 1.794563792645931244e-02 1.665635965764522552e-02 1.084783673286437988e-02 5.568218417465686798e-03 2.361221471801400185e-03 9.883086895570158958e-04 3.274729824624955654e-04 8.834702748572453856e-05 1.354654432361712679e-05 0.000000000000000000e+00 0.000000000000000000e+00 0.000000000000000000e+00 0.000000000000000000e+00 0.000000000000000000e+00 0.000000000000000000e+00 0.000000000000000000e+00 0.000000000000000000e+00 0.000000000000000000e+00 0.000000000000000000e+00 0.000000000000000000e+00 0.000000000000000000e+00 0.000000000000000000e+00 0.000000000000000000e+00 0.000000000000000000e+00 0.000000000000000000e+00 2.874458953738212585e-02 1.199116557836532593e-01 2.207615412771701813e-02 8.287445306777954102e-01 9.459598660469055176e-01 5.739623904228210449e-01 2.171499133110046387e-01 1.028995513916015625e-01 1.018075793981552124e-01 5.810407549142837524e-02 6.396324606612324715e-04 0.000000000000000000e+00 0.000000000000000000e+00 0.000000000000000000e+00 0.000000000000000000e+00 0.000000000000000000e+00 0.000000000000000000e+00 0.000000000000000000e+00 0.000000000000000000e+00 0.000000000000000000e+00 0.000000000000000000e+00 0.000000000000000000e+00 0.000000000000000000e+00 0.000000000000000000e+00 5.889801741432165727e-06 9.894867253024131060e-05 6.832170183770358562e-04 1.774008269421756268e-03 2.139176009222865105e-03 4.287775605916976929e-03 2.307035401463508606e-02 1.554589569568634033e-01 2.821108996868133545e-01 2.076838314533233643e-01 2.628536224365234375e-01 8.167977444827556610e-03 3.066819719970226288e-02 2.099714428186416626e-02 0.000000000000000000e+00 0.000000000000000000e+00 0.000000000000000000e+00 0.000000000000000000e+00 0.000000000000000000e+00 0.000000000000000000e+00 0.000000000000000000e+00 0.000000000000000000e+00 0.000000000000000000e+00 0.000000000000000000e+00 0.000000000000000000e+00 0.000000000000000000e+00 0.000000000000000000e+00
2.478191845511901192e-06 1.239095922755950596e-06 7.434575763909379020e-06 3.779242615564726293e-05 3.611964639276266098e-04 6.121133919805288315e-04 5.582127487286925316e-04 5.098879919387400150e-04 4.919210914522409439e-04 7.205342990346252918e-04 1.258301897905766964e-03 3.778623184189200401e-03 1.335311774164438248e-02 1.666150428354740143e-02 3.163225948810577393e-02 3.818831965327262878e-02 4.116028919816017151e-02 4.919706657528877258e-02 6.679284572601318359e-02 7.012167572975158691e-02 6.746877729892730713e-02 3.848446160554885864e-02 1.970534212887287140e-02 9.036106988787651062e-03 8.365136571228504181e-03 2.646708860993385315e-03 3.318918403238058090e-03 1.206879504024982452e-03 1.789254602044820786e-03 1.944761141203343868e-03 1.444785855710506439e-03 9.142049588263034821e-03 0.000000000000000000e+00 0.000000000000000000e+00 0.000000000000000000e+00 0.000000000000000000e+00 0.000000000000000000e+00 0.000000000000000000e+00 0.000000000000000000e+00 0.000000000000000000e+00 0.000000000000000000e+00 0.000000000000000000e+00 0.000000000000000000e+00 0.000000000000000000e+00 0.000000000000000000e+00 0.000000000000000000e+00 2.639274462126195431e-04 1.631703525781631470e-01 9.975565671920776367e-01 1.020956873893737793e+00 3.092486262321472168e-01 3.832412362098693848e-01 2.806924283504486084e-02 1.700287498533725739e-02 1.153846178203821182e-02 1.379857212305068970e-02 1.727795414626598358e-02 2.075361832976341248e-02 1.497323438525199890e-02 2.148592378944158554e-03 0.000000000000000000e+00 0.000000000000000000e+00 0.000000000000000000e+00 0.000000000000000000e+00 0.000000000000000000e+00 0.000000000000000000e+00 0.000000000000000000e+00 0.000000000000000000e+00 0.000000000000000000e+00 0.000000000000000000e+00 0.000000000000000000e+00 0.000000000000000000e+00 0.000000000000000000e+00 8.194141089916229248e-03 1.048399042338132858e-02 6.014571990817785263e-03 4.512787610292434692e-02 1.102783009409904480e-01 4.024224281311035156e-01 3.312264680862426758e-01 8.506146073341369629e-02 1.190771232359111309e-03 0.000000000000000000e+00 0.000000000000000000e+00 0.000000000000000000e+00 0.000000000000000000e+00 0.000000000000000000e+00 0.000000000000000000e+00 0.000000000000000000e+00 0.000000000000000000e+00 0.000000000000000000e+00 0.000000000000000000e+00 0.000000000000000000e+00 0.000000000000000000e+00 0.000000000000000000e+00 0.000000000000000000e+00
8.099021390080451965e-03 1.004421245306730270e-02 1.419163215905427933e-02 1.220283284783363342e-02 1.131431013345718384e-02 1.374799944460391998e-02 1.354924589395523071e-02 1.467006839811801910e-02 1.526675000786781311e-02 1.536151487380266190e-02 1.551917567849159241e-02 1.712262630462646484e-02 1.872020773589611053e-02 2.229820191860198975e-02 2.970493771135807037e-02 3.395970165729522705e-02 3.306446969509124756e-02 3.380917012691497803e-02 3.283384814858436584e-02 3.336888924241065979e-02 3.223339095711708069e-02 2.984456904232501984e-02 2.259214036166667938e-02 1.190092787146568298e-02 3.312568878754973412e-03 5.480414838530123234e-04 3.970889665652066469e-04 2.826166455633938313e-04 1.551456443849019706e-05 7.966938028403092176e-06 8.805563084024470299e-06 7.547625500592403114e-06 0.000000000000000000e+00 0.000000000000000000e+00 0.000000000000000000e+00 0.000000000000000000e+00 0.000000000000000000e+00 0.000000000000000000e+00 0.000000000000000000e+00 0.000000000000000000e+00 0.000000000000000000e+00 0.000000000000000000e+00 0.000000000000000000e+00 0.000000000000000000e+00 0.000000000000000000e+00 2.968732733279466629e-04 6.946330890059471130e-03 6.650464236736297607e-02 7.095422148704528809e-01 1.328437447547912598e+00 8.353309035301208496e-01 5.288369581103324890e-02 5.786513065686449409e-05 0.000000000000000000e+00 0.000000000000000000e+00 0.000000000000000000e+00 0.000000000000000000e+00 0.000000000000000000e+00 0.000000000000000000e+00 0.000000000000000000e+00 0.000000000000000000e+00 0.000000000000000000e+00 0.000000000000000000e+00 0.000000000000000000e+00 0.000000000000000000e+00 0.000000000000000000e+00 0.000000000000000000e+00 0.000000000000000000e+00 0.000000000000000000e+00 0.000000000000000000e+00 0.000000000000000000e+00 0.000000000000000000e+00 0.000000000000000000e+00 0.000000000000000000e+00 0.000000000000000000e+00 3.824130399152636528e-04 1.769247278571128845e-02 4.090913534164428711e-01 2.985974848270416260e-01 2.182983011007308960e-01 4.741418361663818359e-02 6.800410803407430649e-03 1.590871717780828476e-03 1.325027551501989365e-04 0.000000000000000000e+00 0.000000000000000000e+00 0.000000000000000000e+00 0.000000000000000000e+00 0.000000000000000000e+00 0.000000000000000000e+00 0.000000000000000000e+00 0.000000000000000000e+00 0.000000000000000000e+00 0.000000000000000000e+00 0.000000000000000000e+00 0.000000000000000000e+00
1.234321296215057373e-02 9.136640466749668121e-03 7.709476165473461151e-03 7.824052125215530396e-03 8.025333285331726074e-03 8.050881326198577881e-03 6.139479111880064011e-03 5.931616760790348053e-03 9.533397853374481201e-03 1.189652271568775177e-02 1.618421077728271484e-02 2.609462477266788483e-02 3.215204179286956787e-02 2.339125610888004303e-02 1.595351099967956543e-02 1.404714025557041168e-02 1.513793226331472397e-02 1.545224152505397797e-02 1.869287714362144470e-02 2.646854333579540253e-02 3.749568387866020203e-02 3.811888396739959717e-02 3.436459228396415710e-02 4.155615344643592834e-02 4.017969965934753418e-02 1.760053634643554688e-02 3.657907946035265923e-04 1.060599752236157656e-04 1.935400905495043844e-05 2.322481122973840684e-05 4.644962245947681367e-06 3.870802061101130676e-07 0.000000000000000000e+00 0.000000000000000000e+00 0.000000000000000000e+00 0.000000000000000000e+00 0.000000000000000000e+00 0.000000000000000000e+00 0.000000000000000000e+00 0.000000000000000000e+00 0.000000000000000000e+00 0.000000000000000000e+00 0.000000000000000000e+00 0.000000000000000000e+00 0.000000000000000000e+00 0.000000000000000000e+00 6.981378421187400818e-03 7.816542685031890869e-02 1.580996513366699219e+00 1.038193225860595703e+00 2.511693537235260010e-01 4.449409618973731995e-02 0.000000000000000000e+00 0.000000000000000000e+00 0.000000000000000000e+00 0.000000000000000000e+00 0.000000000000000000e+00 0.000000000000000000e+00 0.000000000000000000e+00 0.000000000000000000e+00 0.000000000000000000e+00 0.000000000000000000e+00 0.000000000000000000e+00 0.000000000000000000e+00 0.000000000000000000e+00 0.000000000000000000e+00 0.000000000000000000e+00 0.000000000000000000e+00 0.000000000000000000e+00 0.000000000000000000e+00 0.000000000000000000e+00 0.000000000000000000e+00 0.000000000000000000e+00 0.000000000000000000e+00 7.602255209349095821e-04 1.330239791423082352e-02 4.328717663884162903e-02 7.404689490795135498e-02 3.721071481704711914e-01 4.640836119651794434e-01 1.877958327531814575e-02 1.307789143174886703e-02 5.550729692913591862e-04 0.000000000000000000e+00 0.000000000000000000e+00 0.000000000000000000e+00 0.000000000000000000e+00 0.000000000000000000e+00 0.000000000000000000e+00 0.000000000000000000e+00 0.000000000000000000e+00 0.000000000000000000e+00 0.000000000000000000e+00 0.000000000000000000e+00 0.000000000000000000e+00 0.000000000000000000e+00
6.556863337755203247e-02 3.617231547832489014e-02 3.228113800287246704e-02 4.345094040036201477e-02 4.010528698563575745e-02 1.759185642004013062e-02 3.977353218942880630e-03 3.357117064297199249e-03 3.429237520322203636e-03 4.701517056673765182e-03 3.539822297170758247e-03 2.815658459439873695e-03 2.462822711095213890e-03 2.543449867516756058e-03 2.790878526866436005e-03 2.976912539452314377e-03 2.388483146205544472e-03 2.539011649787425995e-03 3.584943944588303566e-03 6.537816487252712250e-03 1.141538191586732864e-02 1.464711967855691910e-02 1.694314181804656982e-02 2.756186760962009430e-02 5.778812617063522339e-02 5.402972549200057983e-02 3.432344272732734680e-02 4.756254784297198057e-04 3.698487489600665867e-07 0.000000000000000000e+00 0.000000000000000000e+00 0.000000000000000000e+00 0.000000000000000000e+00 0.000000000000000000e+00 0.000000000000000000e+00 0.000000000000000000e+00 0.000000000000000000e+00 0.000000000000000000e+00 0.000000000000000000e+00 0.000000000000000000e+00 0.000000000000000000e+00 0.000000000000000000e+00 0.000000000000000000e+00 0.000000000000000000e+00 0.000000000000000000e+00 0.000000000000000000e+00 1.085801981389522552e-02 8.744111657142639160e-02 1.292963147163391113e+00 1.214178681373596191e+00 2.625408172607421875e-01 1.773054897785186768e-02 4.821200296282768250e-02 3.254077211022377014e-02 9.506592527031898499e-03 1.191208884119987488e-02 1.138616353273391724e-02 7.300814613699913025e-04 0.000000000000000000e+00 0.000000000000000000e+00 0.000000000000000000e+00 0.000000000000000000e+00 0.000000000000000000e+00 0.000000000000000000e+00 0.000000000000000000e+00 0.000000000000000000e+00 0.000000000000000000e+00 0.000000000000000000e+00 0.000000000000000000e+00 0.000000000000000000e+00 0.000000000000000000e+00 0.000000000000000000e+00 0.000000000000000000e+00 5.303631187416613102e-04 3.478797385469079018e-03 1.479986775666475296e-02 1.638429984450340271e-02 9.211896359920501709e-02 4.050590991973876953e-01 3.805625140666961670e-01 8.121287077665328979e-02 5.853226408362388611e-03 0.000000000000000000e+00 0.000000000000000000e+00 0.000000000000000000e+00 0.000000000000000000e+00 0.000000000000000000e+00 0.000000000000000000e+00 0.000000000000000000e+00 0.000000000000000000e+00 0.000000000000000000e+00 0.000000000000000000e+00 0.000000000000000000e+00 0.000000000000000000e+00 0.000000000000000000e+00 0.000000000000000000e+00
2.851265482604503632e-02 1.480953302234411240e-02 7.081038784235715866e-03 6.736821494996547699e-03 6.613886915147304535e-03 7.285929750651121140e-03 1.109690498560667038e-02 2.202170155942440033e-02 3.168436884880065918e-02 4.443679377436637878e-02 4.382212087512016296e-02 2.528356947004795074e-02 2.484920062124729156e-02 2.225117944180965424e-02 3.905225545167922974e-02 2.970102243125438690e-02 2.984854392707347870e-02 2.483280934393405914e-02 1.840742118656635284e-02 2.113657258450984955e-02 2.832415513694286346e-02 1.183451339602470398e-02 3.769997274503111839e-04 0.000000000000000000e+00 0.000000000000000000e+00 0.000000000000000000e+00 0.000000000000000000e+00 0.000000000000000000e+00 0.000000000000000000e+00 0.000000000000000000e+00 0.000000000000000000e+00 0.000000000000000000e+00 0.000000000000000000e+00 0.000000000000000000e+00 0.000000000000000000e+00 0.000000000000000000e+00 0.000000000000000000e+00 0.000000000000000000e+00 0.000000000000000000e+00 0.000000000000000000e+00 0.000000000000000000e+00 0.000000000000000000e+00 0.000000000000000000e+00 0.000000000000000000e+00 0.000000000000000000e+00 0.000000000000000000e+00 0.000000000000000000e+00 1.996459439396858215e-02 1.938630938529968262e+00 1.040519237518310547e+00 8.851298480294644833e-04 0.000000000000000000e+00 0.000000000000000000e+00 0.000000000000000000e+00 0.000000000000000000e+00 0.000000000000000000e+00 0.000000000000000000e+00 0.000000000000000000e+00 0.000000000000000000e+00 0.000000000000000000e+00 0.000000000000000000e+00 0.000000000000000000e+00 0.000000000000000000e+00 0.000000000000000000e+00 0.000000000000000000e+00 0.000000000000000000e+00 0.000000000000000000e+00 0.000000000000000000e+00 0.000000000000000000e+00 0.000000000000000000e+00 0.000000000000000000e+00 0.000000000000000000e+00 0.000000000000000000e+00 0.000000000000000000e+00 0.000000000000000000e+00 0.000000000000000000e+00 0.000000000000000000e+00 8.195646660169586539e-05 2.044649869203567505e-01 7.174960374832153320e-01 7.795698940753936768e-02 0.000000000000000000e+00 0.000000000000000000e+00 0.000000000000000000e+00 0.000000000000000000e+00 0.000000000000000000e+00 0.000000000000000000e+00 0.000000000000000000e+00 0.000000000000000000e+00 0.000000000000000000e+00 0.000000000000000000e+00 0.000000000000000000e+00 0.000000000000000000e+00 0.000000000000000000e+00 0.000000000000000000e+00 0.000000000000000000e+00
9.100837633013725281e-05 9.100837633013725281e-05 8.867482392815873027e-05 1.026761092361994088e-04 8.867482392815873027e-05 1.423464273102581501e-04 2.419889206066727638e-03 6.284244824200868607e-03 8.109079673886299133e-03 7.973733358085155487e-03 1.187075860798358917e-02 1.255215518176555634e-02 1.748527586460113525e-02 1.839069277048110962e-02 1.813633553683757782e-02 1.335489563643932343e-02 1.300252974033355713e-02 1.476435828953981400e-02 9.229182265698909760e-03 6.967974361032247543e-03 1.871738955378532410e-02 5.689189955592155457e-02 9.601616859436035156e-02 8.691066503524780273e-02 4.558819532394409180e-02 3.406279906630516052e-02 3.033612447325140238e-04 2.776922192424535751e-04 8.634127880213782191e-05 0.000000000000000000e+00 0.000000000000000000e+00 0.000000000000000000e+00 0.000000000000000000e+00 0.000000000000000000e+00 0.000000000000000000e+00 0.000000000000000000e+00 0.000000000000000000e+00 0.000000000000000000e+00 0.000000000000000000e+00 0.000000000000000000e+00 0.000000000000000000e+00 0.000000000000000000e+00 0.000000000000000000e+00 0.000000000000000000e+00 0.000000000000000000e+00 0.000000000000000000e+00 0.000000000000000000e+00 4.558819532394409180e-02 2.368289947509765625e+00 2.106213867664337158e-01 2.126935720443725586e-01 1.628069877624511719e-01 0.000000000000000000e+00 0.000000000000000000e+00 0.000000000000000000e+00 0.000000000000000000e+00 0.000000000000000000e+00 0.000000000000000000e+00 0.000000000000000000e+00 0.000000000000000000e+00 0.000000000000000000e+00 0.000000000000000000e+00 0.000000000000000000e+00 0.000000000000000000e+00 0.000000000000000000e+00 0.000000000000000000e+00 0.000000000000000000e+00 0.000000000000000000e+00 0.000000000000000000e+00 0.000000000000000000e+00 0.000000000000000000e+00 0.000000000000000000e+00 0.000000000000000000e+00 0.000000000000000000e+00 0.000000000000000000e+00 0.000000000000000000e+00 2.285476960241794586e-02 9.154975414276123047e-02 5.873073637485504150e-02 7.650350332260131836e-01 6.182968989014625549e-02 0.000000000000000000e+00 0.000000000000000000e+00 0.000000000000000000e+00 0.000000000000000000e+00 0.000000000000000000e+00 0.000000000000000000e+00 0.000000000000000000e+00 0.000000000000000000e+00 0.000000000000000000e+00 0.000000000000000000e+00 0.000000000000000000e+00 0.000000000000000000e+00 0.000000000000000000e+00 0.000000000000000000e+00 0.000000000000000000e+00
3.253202885389328003e-04 4.383189138025045395e-03 2.043963596224784851e-02 5.561996623873710632e-02 5.714621767401695251e-02 6.451003253459930420e-02 4.078172147274017334e-02 2.552667260169982910e-02 1.516869943588972092e-02 1.073323562741279602e-02 9.861825034022331238e-03 8.829855360090732574e-03 8.890531957149505615e-03 9.798347949981689453e-03 1.128679327666759491e-02 9.068828076124191284e-03 7.813287898898124695e-03 6.797187030315399170e-03 7.324607111513614655e-03 8.787848055362701416e-03 1.002425234764814377e-02 1.080978102982044220e-02 1.287838909775018692e-02 1.461000740528106689e-02 1.874115504324436188e-02 1.944827102124691010e-02 1.777499541640281677e-02 1.204011775553226471e-02 5.661599570885300636e-04 1.166858965007122606e-05 1.400230758008547127e-06 0.000000000000000000e+00 0.000000000000000000e+00 0.000000000000000000e+00 0.000000000000000000e+00 0.000000000000000000e+00 0.000000000000000000e+00 0.000000000000000000e+00 0.000000000000000000e+00 0.000000000000000000e+00 0.000000000000000000e+00 0.000000000000000000e+00 0.000000000000000000e+00 0.000000000000000000e+00 0.000000000000000000e+00 0.000000000000000000e+00 0.000000000000000000e+00 1.817583441734313965e-01 1.844840288162231445e+00 5.065726637840270996e-01 1.907450258731842041e-01 2.112108170986175537e-01 6.487268954515457153e-02 0.000000000000000000e+00 0.000000000000000000e+00 0.000000000000000000e+00 0.000000000000000000e+00 0.000000000000000000e+00 0.000000000000000000e+00 0.000000000000000000e+00 0.000000000000000000e+00 0.000000000000000000e+00 0.000000000000000000e+00 0.000000000000000000e+00 0.000000000000000000e+00 0.000000000000000000e+00 0.000000000000000000e+00 0.000000000000000000e+00 0.000000000000000000e+00 0.000000000000000000e+00 0.000000000000000000e+00 0.000000000000000000e+00 0.000000000000000000e+00 1.480510691180825233e-03 3.020297735929489136e-02 4.189023748040199280e-02 4.110797494649887085e-02 1.968911103904247284e-02 7.258889824151992798e-02 6.204926371574401855e-01 1.725476384162902832e-01 0.000000000000000000e+00 0.000000000000000000e+00 0.000000000000000000e+00 0.000000000000000000e+00 0.000000000000000000e+00 0.000000000000000000e+00 0.000000000000000000e+00 0.000000000000000000e+00 0.000000000000000000e+00 0.000000000000000000e+00 0.000000000000000000e+00 0.000000000000000000e+00 0.000000000000000000e+00 0.000000000000000000e+00 0.000000000000000000e+00
3.550386056303977966e-02 1.721319183707237244e-02 1.470244769006967545e-02 1.693915016949176788e-02 2.272748574614524841e-02 1.386164035648107529e-02 1.074053347110748291e-02 1.108697708696126938e-02 1.165763568133115768e-02 1.144198421388864517e-02 1.372306328266859055e-02 1.337039098143577576e-02 1.545995287597179413e-02 1.732062734663486481e-02 2.131290547549724579e-02 2.341881580650806427e-02 2.629235200583934784e-02 3.290747851133346558e-02 3.860317170619964600e-02 2.966336533427238464e-02 2.066906541585922241e-02 1.684650592505931854e-02 1.398776192218065262e-02 1.462848763912916183e-02 1.207492500543594360e-02 8.644743822515010834e-03 8.665763773024082184e-03 6.302161142230033875e-03 2.335575554752722383e-04 0.000000000000000000e+00 0.000000000000000000e+00 0.000000000000000000e+00 0.000000000000000000e+00 0.000000000000000000e+00 0.000000000000000000e+00 0.000000000000000000e+00 0.000000000000000000e+00 0.000000000000000000e+00 0.000000000000000000e+00 0.000000000000000000e+00 0.000000000000000000e+00 0.000000000000000000e+00 0.000000000000000000e+00 0.000000000000000000e+00 0.000000000000000000e+00 0.000000000000000000e+00 0.000000000000000000e+00 1.738135330379009247e-02 7.891489267349243164e-01 1.783641576766967773e+00 2.054652571678161621e-01 1.115330681204795837e-01 3.077821433544158936e-02 1.523262262344360352e-02 1.623225025832653046e-02 1.468142680823802948e-02 1.140227913856506348e-02 4.456277936697006226e-03 4.671150963986292481e-05 0.000000000000000000e+00 0.000000000000000000e+00 0.000000000000000000e+00 0.000000000000000000e+00 0.000000000000000000e+00 0.000000000000000000e+00 0.000000000000000000e+00 0.000000000000000000e+00 0.000000000000000000e+00 0.000000000000000000e+00 0.000000000000000000e+00 0.000000000000000000e+00 0.000000000000000000e+00 0.000000000000000000e+00 0.000000000000000000e+00 6.072496398701332510e-05 7.867774926126003265e-03 6.808046996593475342e-02 5.215744972229003906e-01 1.933311522006988525e-01 1.556988060474395752e-01 5.338658392429351807e-02 0.000000000000000000e+00 0.000000000000000000e+00 0.000000000000000000e+00 0.000000000000000000e+00 0.000000000000000000e+00 0.000000000000000000e+00 0.000000000000000000e+00 0.000000000000000000e+00 0.000000000000000000e+00 0.000000000000000000e+00 0.000000000000000000e+00 0.000000000000000000e+00 0.000000000000000000e+00 0.000000000000000000e+00 0.000000000000000000e+00
1.054807798936963081e-04 1.951394515344873071e-04 2.267836825922131538e-04 8.174760732799768448e-04 2.346947323530912399e-03 3.153875470161437988e-03 5.063077434897422791e-03 8.443736471235752106e-03 1.452470384538173676e-02 2.177650667726993561e-02 2.308974228799343109e-02 2.486709505319595337e-02 2.629635855555534363e-02 2.859056554734706879e-02 2.760959416627883911e-02 2.106451243162155151e-02 1.758364588022232056e-02 1.657103002071380615e-02 1.730412244796752930e-02 1.840112172067165375e-02 2.151807956397533417e-02 2.557381615042686462e-02 4.568900167942047119e-02 5.219716578722000122e-02 3.694991767406463623e-02 1.956141181290149689e-02 9.957386180758476257e-03 4.662250634282827377e-03 2.484072465449571609e-03 2.325851237401366234e-03 1.049533719196915627e-03 0.000000000000000000e+00 0.000000000000000000e+00 0.000000000000000000e+00 0.000000000000000000e+00 0.000000000000000000e+00 0.000000000000000000e+00 0.000000000000000000e+00 0.000000000000000000e+00 0.000000000000000000e+00 0.000000000000000000e+00 0.000000000000000000e+00 0.000000000000000000e+00 0.000000000000000000e+00 0.000000000000000000e+00 0.000000000000000000e+00 0.000000000000000000e+00 7.594616618007421494e-04 7.439876198768615723e-01 2.104373216629028320e+00 1.200582236051559448e-01 6.487067788839340210e-03 5.031433422118425369e-03 4.461837001144886017e-03 4.240327514708042145e-03 5.727606825530529022e-03 4.398548509925603867e-03 4.746635095216333866e-04 0.000000000000000000e+00 0.000000000000000000e+00 0.000000000000000000e+00 0.000000000000000000e+00 0.000000000000000000e+00 0.000000000000000000e+00 0.000000000000000000e+00 0.000000000000000000e+00 0.000000000000000000e+00 0.000000000000000000e+00 0.000000000000000000e+00 0.000000000000000000e+00 0.000000000000000000e+00 0.000000000000000000e+00 0.000000000000000000e+00 0.000000000000000000e+00 1.750980969518423080e-03 3.976625390350818634e-03 6.297202780842781067e-03 1.866060495376586914e-01 6.287287473678588867e-01 1.725876480340957642e-01 5.274038994684815407e-05 0.000000000000000000e+00 0.000000000000000000e+00 0.000000000000000000e+00 0.000000000000000000e+00 0.000000000000000000e+00 0.000000000000000000e+00 0.000000000000000000e+00 0.000000000000000000e+00 0.000000000000000000e+00 0.000000000000000000e+00 0.000000000000000000e+00 0.000000000000000000e+00 0.000000000000000000e+00 0.000000000000000000e+00 0.000000000000000000e+00
8.976934477686882019e-03 7.626859843730926514e-02 7.003100216388702393e-02 4.483382776379585266e-02 3.695684671401977539e-02 3.172867000102996826e-02 2.587425522506237030e-02 2.224082313477993011e-02 1.927951350808143616e-02 1.623015850782394409e-02 1.494171656668186188e-02 1.451264880597591400e-02 1.421130914241075516e-02 1.559523772448301315e-02 1.889012940227985382e-02 1.753596216440200806e-02 1.401661708950996399e-02 1.160094235092401505e-02 9.717262350022792816e-03 8.060515858232975006e-03 5.357143003493547440e-03 2.125496044754981995e-03 5.518353427760303020e-04 2.542162837926298380e-04 1.128472213167697191e-04 6.448412750614807010e-05 2.976190444314852357e-05 1.240079313902242575e-06 0.000000000000000000e+00 0.000000000000000000e+00 0.000000000000000000e+00 0.000000000000000000e+00 0.000000000000000000e+00 0.000000000000000000e+00 0.000000000000000000e+00 0.000000000000000000e+00 0.000000000000000000e+00 0.000000000000000000e+00 0.000000000000000000e+00 0.000000000000000000e+00 0.000000000000000000e+00 0.000000000000000000e+00 0.000000000000000000e+00 0.000000000000000000e+00 0.000000000000000000e+00 0.000000000000000000e+00 0.000000000000000000e+00 3.191964235156774521e-03 2.224955320358276367e+00 7.593154907226562500e-01 6.145833525806665421e-03 3.630952443927526474e-03 2.247023861855268478e-03 4.985118866898119450e-04 1.488095222157426178e-05 0.000000000000000000e+00 0.000000000000000000e+00 0.000000000000000000e+00 0.000000000000000000e+00 0.000000000000000000e+00 0.000000000000000000e+00 0.000000000000000000e+00 0.000000000000000000e+00 0.000000000000000000e+00 0.000000000000000000e+00 0.000000000000000000e+00 0.000000000000000000e+00 0.000000000000000000e+00 0.000000000000000000e+00 0.000000000000000000e+00 0.000000000000000000e+00 0.000000000000000000e+00 0.000000000000000000e+00 0.000000000000000000e+00 0.000000000000000000e+00 0.000000000000000000e+00 0.000000000000000000e+00 2.504960400983691216e-03 1.067782714962959290e-01 6.676735877990722656e-01 2.230431586503982544e-01 0.000000000000000000e+00 0.000000000000000000e+00 0.000000000000000000e+00 0.000000000000000000e+00 0.000000000000000000e+00 0.000000000000000000e+00 0.000000000000000000e+00 0.000000000000000000e+00 0.000000000000000000e+00 0.000000000000000000e+00 0.000000000000000000e+00 0.000000000000000000e+00 0.000000000000000000e+00 0.000000000000000000e+00 0.000000000000000000e+00
1.757855643518269062e-03 1.804125844500958920e-03 3.210656112059950829e-03 7.865923456847667694e-03 1.665356382727622986e-02 3.179331496357917786e-02 3.767740353941917419e-02 3.218435868620872498e-02 2.696197666227817535e-02 2.648166753351688385e-02 3.110458701848983765e-02 3.407774865627288818e-02 2.596327848732471466e-02 1.394368987530469894e-02 3.997657913714647293e-03 1.306619495153427124e-03 1.427003764547407627e-03 3.035402856767177582e-03 5.024199839681386948e-03 8.463339880108833313e-03 1.930979639291763306e-02 3.447125107049942017e-02 4.042249172925949097e-02 3.730519488453865051e-02 2.493387088179588318e-02 2.107625082135200500e-02 7.053124718368053436e-03 6.400019628927111626e-04 5.118377885082736611e-05 2.456821448504342698e-06 0.000000000000000000e+00 0.000000000000000000e+00 0.000000000000000000e+00 0.000000000000000000e+00 0.000000000000000000e+00 0.000000000000000000e+00 0.000000000000000000e+00 0.000000000000000000e+00 0.000000000000000000e+00 0.000000000000000000e+00 0.000000000000000000e+00 0.000000000000000000e+00 0.000000000000000000e+00 0.000000000000000000e+00 0.000000000000000000e+00 0.000000000000000000e+00 0.000000000000000000e+00 2.112866204697638750e-04 2.526295423507690430e+00 3.887821733951568604e-01 5.654620379209518433e-02 2.402034029364585876e-02 3.886691294610500336e-03 2.456821384839713573e-04 1.228410746989538893e-05 0.000000000000000000e+00 0.000000000000000000e+00 0.000000000000000000e+00 0.000000000000000000e+00 0.000000000000000000e+00 0.000000000000000000e+00 0.000000000000000000e+00 0.000000000000000000e+00 0.000000000000000000e+00 0.000000000000000000e+00 0.000000000000000000e+00 0.000000000000000000e+00 0.000000000000000000e+00 0.000000000000000000e+00 0.000000000000000000e+00 0.000000000000000000e+00 0.000000000000000000e+00 0.000000000000000000e+00 0.000000000000000000e+00 0.000000000000000000e+00 0.000000000000000000e+00 0.000000000000000000e+00 5.814477117382921278e-05 2.122431546449661255e-01 7.863588929176330566e-01 1.339786569587886333e-03 0.000000000000000000e+00 0.000000000000000000e+00 0.000000000000000000e+00 0.000000000000000000e+00 0.000000000000000000e+00 0.000000000000000000e+00 0.000000000000000000e+00 0.000000000000000000e+00 0.000000000000000000e+00 0.000000000000000000e+00 0.000000000000000000e+00 0.000000000000000000e+00 0.000000000000000000e+00 0.000000000000000000e+00 0.000000000000000000e+00
4.978583659976720810e-03 5.743446294218301773e-03 8.190758526325225830e-03 1.045022439211606979e-02 1.261148229241371155e-02 1.623387634754180908e-02 2.079461328685283661e-02 2.508454769849777222e-02 2.928869053721427917e-02 3.212292864918708801e-02 3.459235280752182007e-02 3.705545142292976379e-02 3.716690465807914734e-02 3.932266309857368469e-02 3.677637502551078796e-02 2.731344662606716156e-02 2.198577858507633209e-02 2.370872907340526581e-02 2.737162634730339050e-02 2.284240536391735077e-02 1.249423343688249588e-02 4.878482315689325333e-03 2.410416956990957260e-03 1.570995547808706760e-03 1.241955673322081566e-03 1.045773387886583805e-03 6.758178351446986198e-04 4.598280938807874918e-04 4.267762997187674046e-04 3.677678760141134262e-04 3.631559957284480333e-04 4.299099964555352926e-04 0.000000000000000000e+00 0.000000000000000000e+00 0.000000000000000000e+00 0.000000000000000000e+00 0.000000000000000000e+00 0.000000000000000000e+00 0.000000000000000000e+00 0.000000000000000000e+00 0.000000000000000000e+00 0.000000000000000000e+00 0.000000000000000000e+00 0.000000000000000000e+00 5.569732093135826290e-05 2.525288052856922150e-02 2.105035781860351562e-01 5.701319575309753418e-01 4.222066104412078857e-01 4.231882691383361816e-01 3.693917393684387207e-01 8.050838112831115723e-01 1.567201912403106689e-01 1.731299795210361481e-02 1.521920494269579649e-04 0.000000000000000000e+00 0.000000000000000000e+00 0.000000000000000000e+00 0.000000000000000000e+00 0.000000000000000000e+00 0.000000000000000000e+00 0.000000000000000000e+00 0.000000000000000000e+00 0.000000000000000000e+00 0.000000000000000000e+00 0.000000000000000000e+00 0.000000000000000000e+00 0.000000000000000000e+00 0.000000000000000000e+00 5.321400294633349404e-06 2.886563888750970364e-04 8.833524188958108425e-04 6.047948729246854782e-03 9.448441676795482635e-03 1.666650734841823578e-02 9.887800365686416626e-02 2.155329138040542603e-01 8.486403524875640869e-02 1.402457356452941895e-01 2.451169341802597046e-01 1.367487460374832153e-01 3.995934128761291504e-02 5.314068403095006943e-03 0.000000000000000000e+00 0.000000000000000000e+00 0.000000000000000000e+00 0.000000000000000000e+00 0.000000000000000000e+00 0.000000000000000000e+00 0.000000000000000000e+00 0.000000000000000000e+00 0.000000000000000000e+00 0.000000000000000000e+00 0.000000000000000000e+00 0.000000000000000000e+00 0.000000000000000000e+00
2.316190162673592567e-03 1.751542277634143829e-02 3.530935570597648621e-02 4.115652292966842651e-02 4.375319927930831909e-02 8.040612936019897461e-02 9.715752303600311279e-02 7.006761431694030762e-02 2.161882817745208740e-02 1.521029416471719742e-02 1.142451073974370956e-02 8.203650824725627899e-03 6.320437882095575333e-03 5.286981817334890366e-03 4.385472740978002548e-03 3.744303248822689056e-03 3.340955125167965889e-03 3.388361539691686630e-03 3.619862021878361702e-03 3.873090259730815887e-03 3.520308760926127434e-03 2.834103535860776901e-03 2.434705849736928940e-03 2.132886089384555817e-03 2.098516561090946198e-03 2.211896469816565514e-03 1.483025378547608852e-03 1.108121010474860668e-03 1.305251964367926121e-03 1.158687635324895382e-03 9.101999457925558090e-04 7.035877206362783909e-04 0.000000000000000000e+00 0.000000000000000000e+00 0.000000000000000000e+00 0.000000000000000000e+00 0.000000000000000000e+00 0.000000000000000000e+00 0.000000000000000000e+00 0.000000000000000000e+00 0.000000000000000000e+00 0.000000000000000000e+00 0.000000000000000000e+00 0.000000000000000000e+00 0.000000000000000000e+00 0.000000000000000000e+00 0.000000000000000000e+00 4.266562405973672867e-03 2.761878490447998047e+00 1.228106170892715454e-01 6.873905658721923828e-02 3.726130723953247070e-02 5.044024437665939331e-03 0.000000000000000000e+00 0.000000000000000000e+00 0.000000000000000000e+00 0.000000000000000000e+00 0.000000000000000000e+00 0.000000000000000000e+00 0.000000000000000000e+00 0.000000000000000000e+00 0.000000000000000000e+00 0.000000000000000000e+00 0.000000000000000000e+00 0.000000000000000000e+00 0.000000000000000000e+00 0.000000000000000000e+00 0.000000000000000000e+00 0.000000000000000000e+00 0.000000000000000000e+00 0.000000000000000000e+00 0.000000000000000000e+00 0.000000000000000000e+00 0.000000000000000000e+00 0.000000000000000000e+00 0.000000000000000000e+00 8.278710767626762390e-03 1.968860439956188202e-02 4.048730432987213135e-02 7.945105433464050293e-01 1.370348632335662842e-01 0.000000000000000000e+00 0.000000000000000000e+00 0.000000000000000000e+00 0.000000000000000000e+00 0.000000000000000000e+00 0.000000000000000000e+00 0.000000000000000000e+00 0.000000000000000000e+00 0.000000000000000000e+00 0.000000000000000000e+00 0.000000000000000000e+00 0.000000000000000000e+00 0.000000000000000000e+00 0.000000000000000000e+00 0.000000000000000000e+00
3.928572696167975664e-04 2.836779924109578133e-03 9.737217798829078674e-03 1.548515912145376205e-02 1.852413825690746307e-02 2.045337110757827759e-02 2.254889532923698425e-02 2.349961921572685242e-02 2.320935763418674469e-02 2.253265120089054108e-02 2.145966701209545135e-02 2.018662169575691223e-02 2.015327848494052887e-02 1.953257247805595398e-02 2.108818478882312775e-02 2.436655573546886444e-02 2.894191071391105652e-02 3.338602930307388306e-02 3.754330426454544067e-02 3.485998883843421936e-02 2.135279774665832520e-02 1.320923771709203720e-02 1.121502742171287537e-02 9.816729463636875153e-03 7.686152122914791107e-03 5.566689185798168182e-03 3.578463802114129066e-03 2.352441195398569107e-03 2.012164564803242683e-03 1.362389652058482170e-03 1.099487417377531528e-03 1.025960227707400918e-05 0.000000000000000000e+00 0.000000000000000000e+00 0.000000000000000000e+00 0.000000000000000000e+00 0.000000000000000000e+00 0.000000000000000000e+00 0.000000000000000000e+00 0.000000000000000000e+00 0.000000000000000000e+00 0.000000000000000000e+00 0.000000000000000000e+00 0.000000000000000000e+00 0.000000000000000000e+00 0.000000000000000000e+00 0.000000000000000000e+00 1.510726520791649818e-03 2.914812088012695312e+00 8.367731422185897827e-02 0.000000000000000000e+00 0.000000000000000000e+00 0.000000000000000000e+00 0.000000000000000000e+00 0.000000000000000000e+00 0.000000000000000000e+00 0.000000000000000000e+00 0.000000000000000000e+00 0.000000000000000000e+00 0.000000000000000000e+00 0.000000000000000000e+00 0.000000000000000000e+00 0.000000000000000000e+00 0.000000000000000000e+00 0.000000000000000000e+00 0.000000000000000000e+00 0.000000000000000000e+00 0.000000000000000000e+00 0.000000000000000000e+00 0.000000000000000000e+00 0.000000000000000000e+00 0.000000000000000000e+00 0.000000000000000000e+00 0.000000000000000000e+00 0.000000000000000000e+00 0.000000000000000000e+00 0.000000000000000000e+00 0.000000000000000000e+00 2.318507581949234009e-01 7.663974165916442871e-01 1.751827076077461243e-03 0.000000000000000000e+00 0.000000000000000000e+00 0.000000000000000000e+00 0.000000000000000000e+00 0.000000000000000000e+00 0.000000000000000000e+00 0.000000000000000000e+00 0.000000000000000000e+00 0.000000000000000000e+00 0.000000000000000000e+00 0.000000000000000000e+00 0.000000000000000000e+00 0.000000000000000000e+00 0.000000000000000000e+00 0.000000000000000000e+00
4.497716575860977173e-02 3.271936252713203430e-02 2.958031557500362396e-02 3.030261397361755371e-02 3.495121374726295471e-02 3.082370199263095856e-02 2.554258331656455994e-02 2.148414589464664459e-02 1.904663443565368652e-02 1.831303723156452179e-02 1.744852773845195770e-02 1.516246702522039413e-02 1.463642530143260956e-02 1.641698367893695831e-02 1.926760375499725342e-02 1.965694315731525421e-02 1.672539487481117249e-02 1.706642284989356995e-02 1.662086695432662964e-02 1.431153900921344757e-02 1.258263271301984787e-02 1.071897428482770920e-02 9.244432672858238220e-03 6.298635620623826981e-03 2.968339715152978897e-03 1.095274579711258411e-03 5.244271014817059040e-04 2.763511438388377428e-04 1.768313377397134900e-04 1.488901034463196993e-04 1.738813734846189618e-04 7.373816915787756443e-04 0.000000000000000000e+00 0.000000000000000000e+00 0.000000000000000000e+00 0.000000000000000000e+00 0.000000000000000000e+00 0.000000000000000000e+00 0.000000000000000000e+00 0.000000000000000000e+00 0.000000000000000000e+00 0.000000000000000000e+00 0.000000000000000000e+00 1.665120013058185577e-03 8.962126448750495911e-03 9.555571712553501129e-03 4.113774746656417847e-02 2.863832712173461914e-01 1.627246141433715820e+00 6.686478853225708008e-01 2.131467163562774658e-01 1.068659126758575439e-01 2.257830649614334106e-02 1.364356465637683868e-02 1.676474639680236578e-04 0.000000000000000000e+00 0.000000000000000000e+00 0.000000000000000000e+00 0.000000000000000000e+00 0.000000000000000000e+00 0.000000000000000000e+00 0.000000000000000000e+00 0.000000000000000000e+00 0.000000000000000000e+00 0.000000000000000000e+00 0.000000000000000000e+00 0.000000000000000000e+00 0.000000000000000000e+00 0.000000000000000000e+00 0.000000000000000000e+00 0.000000000000000000e+00 0.000000000000000000e+00 0.000000000000000000e+00 0.000000000000000000e+00 1.400401815772056580e-04 3.871098160743713379e-02 3.808692097663879395e-02 9.639473259449005127e-02 1.863451749086380005e-01 4.476203024387359619e-01 1.515746861696243286e-01 2.935901284217834473e-02 5.463570822030305862e-03 3.752587130293250084e-03 1.795698073692619801e-03 7.563060498796403408e-04 0.000000000000000000e+00 0.000000000000000000e+00 0.000000000000000000e+00 0.000000000000000000e+00 0.000000000000000000e+00 0.000000000000000000e+00 0.000000000000000000e+00 0.000000000000000000e+00 0.000000000000000000e+00 0.000000000000000000e+00
1.158480081357993186e-04 1.485982938902452588e-04 9.458476561121642590e-04 3.977350518107414246e-02 1.968286931514739990e-01 6.490421295166015625e-02 3.214562311768531799e-02 1.759618893265724182e-02 1.742901466786861420e-02 1.701597124338150024e-02 1.769394986331462860e-02 1.335771474987268448e-02 1.073329336941242218e-02 8.037016727030277252e-03 6.652217358350753784e-03 6.654661614447832108e-03 7.367346901446580887e-03 7.827806286513805389e-03 6.918129976838827133e-03 5.219514947384595871e-03 2.937260316684842110e-03 2.363885985687375069e-03 1.698126434348523617e-03 1.084180898033082485e-03 8.485744474455714226e-04 4.423731879796832800e-04 3.519433084875345230e-04 3.666076227091252804e-04 4.629032337106764317e-04 5.005415878258645535e-04 8.182682213373482227e-04 1.076017785817384720e-02 0.000000000000000000e+00 0.000000000000000000e+00 0.000000000000000000e+00 0.000000000000000000e+00 0.000000000000000000e+00 0.000000000000000000e+00 0.000000000000000000e+00 0.000000000000000000e+00 0.000000000000000000e+00 0.000000000000000000e+00 0.000000000000000000e+00 0.000000000000000000e+00 0.000000000000000000e+00 0.000000000000000000e+00 0.000000000000000000e+00 1.342370454221963882e-02 2.742940664291381836e+00 2.084120213985443115e-01 3.314132988452911377e-02 2.082331106066703796e-03 0.000000000000000000e+00 0.000000000000000000e+00 0.000000000000000000e+00 0.000000000000000000e+00 0.000000000000000000e+00 0.000000000000000000e+00 0.000000000000000000e+00 0.000000000000000000e+00 0.000000000000000000e+00 0.000000000000000000e+00 0.000000000000000000e+00 0.000000000000000000e+00 0.000000000000000000e+00 0.000000000000000000e+00 0.000000000000000000e+00 0.000000000000000000e+00 0.000000000000000000e+00 0.000000000000000000e+00 0.000000000000000000e+00 0.000000000000000000e+00 0.000000000000000000e+00 0.000000000000000000e+00 0.000000000000000000e+00 0.000000000000000000e+00 1.001083175651729107e-03 9.719501249492168427e-03 9.560344368219375610e-02 8.588707447052001953e-01 3.480523824691772461e-02 0.000000000000000000e+00 0.000000000000000000e+00 0.000000000000000000e+00 0.000000000000000000e+00 0.000000000000000000e+00 0.000000000000000000e+00 0.000000000000000000e+00 0.000000000000000000e+00 0.000000000000000000e+00 0.000000000000000000e+00 0.000000000000000000e+00 0.000000000000000000e+00 0.000000000000000000e+00 0.000000000000000000e+00 0.000000000000000000e+00
1.927161589264869690e-02 2.993107773363590240e-02 2.427422814071178436e-02 2.218671701848506927e-02 2.138836681842803955e-02 2.148444019258022308e-02 1.638836599886417389e-02 1.246240641921758652e-02 9.393797256052494049e-03 1.017230562865734100e-02 1.351712644100189209e-02 2.037698403000831604e-02 1.937969960272312164e-02 2.263262309134006500e-02 2.049081027507781982e-02 2.038847096264362335e-02 2.079730667173862457e-02 2.302631549537181854e-02 2.649853751063346863e-02 2.711779437959194183e-02 2.580461651086807251e-02 2.215068973600864410e-02 1.764202117919921875e-02 1.099415216594934464e-02 7.969925180077552795e-03 5.297096911817789078e-03 4.739975091069936752e-03 2.752715023234486580e-03 9.497702703811228275e-04 4.960317746736109257e-04 2.401837991783395410e-05 0.000000000000000000e+00 0.000000000000000000e+00 0.000000000000000000e+00 0.000000000000000000e+00 0.000000000000000000e+00 0.000000000000000000e+00 0.000000000000000000e+00 0.000000000000000000e+00 0.000000000000000000e+00 0.000000000000000000e+00 0.000000000000000000e+00 1.566415994602721184e-05 1.441102795070037246e-04 2.739034965634346008e-02 1.342857182025909424e-01 2.468546330928802490e-01 3.187155425548553467e-01 5.580764412879943848e-01 1.598580837249755859e+00 1.081954836845397949e-01 6.356515921652317047e-03 1.384711824357509613e-03 0.000000000000000000e+00 0.000000000000000000e+00 0.000000000000000000e+00 0.000000000000000000e+00 0.000000000000000000e+00 0.000000000000000000e+00 0.000000000000000000e+00 0.000000000000000000e+00 0.000000000000000000e+00 0.000000000000000000e+00 0.000000000000000000e+00 0.000000000000000000e+00 0.000000000000000000e+00 0.000000000000000000e+00 0.000000000000000000e+00 0.000000000000000000e+00 0.000000000000000000e+00 0.000000000000000000e+00 0.000000000000000000e+00 0.000000000000000000e+00 0.000000000000000000e+00 0.000000000000000000e+00 2.088554765578010119e-06 1.245822873897850513e-03 1.077725589275360107e-01 5.677297115325927734e-01 2.972347438335418701e-01 1.836466230452060699e-02 3.717627376317977905e-03 1.752297393977642059e-03 9.314953931607306004e-04 5.106516182422637939e-04 4.375522257760167122e-04 1.952798629645258188e-04 1.054720123647712171e-04 0.000000000000000000e+00 0.000000000000000000e+00 0.000000000000000000e+00 0.000000000000000000e+00 0.000000000000000000e+00 0.000000000000000000e+00 0.000000000000000000e+00 0.000000000000000000e+00
2.091306487272959203e-05 1.087479322450235486e-04 5.855658091604709625e-04 7.185728754848241806e-03 2.575304545462131500e-02 4.644094407558441162e-02 5.170058086514472961e-02 4.820670560002326965e-02 4.778216779232025146e-02 4.963925108313560486e-02 5.205122381448745728e-02 5.136388167738914490e-02 4.811050370335578918e-02 3.501822799444198608e-02 1.869488507509231567e-02 8.553443476557731628e-03 4.118479322642087936e-03 2.006259979680180550e-03 1.009403960779309273e-03 6.838571862317621708e-04 3.624931268859654665e-04 1.366320211673155427e-04 5.088845500722527504e-05 5.646527279168367386e-05 5.855657946085557342e-05 5.925368168391287327e-05 8.783487282926216722e-05 1.003827055683359504e-04 5.228265945333987474e-05 1.394204332427761983e-06 0.000000000000000000e+00 0.000000000000000000e+00 0.000000000000000000e+00 0.000000000000000000e+00 0.000000000000000000e+00 0.000000000000000000e+00 0.000000000000000000e+00 0.000000000000000000e+00 0.000000000000000000e+00 0.000000000000000000e+00 0.000000000000000000e+00 0.000000000000000000e+00 0.000000000000000000e+00 0.000000000000000000e+00 0.000000000000000000e+00 6.566702388226985931e-03 2.346738576889038086e-01 1.198887467384338379e+00 9.892464876174926758e-01 5.538072586059570312e-01 1.531672850251197815e-02 1.501558115705847740e-03 0.000000000000000000e+00 0.000000000000000000e+00 0.000000000000000000e+00 0.000000000000000000e+00 0.000000000000000000e+00 0.000000000000000000e+00 0.000000000000000000e+00 0.000000000000000000e+00 0.000000000000000000e+00 0.000000000000000000e+00 0.000000000000000000e+00 0.000000000000000000e+00 0.000000000000000000e+00 0.000000000000000000e+00 0.000000000000000000e+00 0.000000000000000000e+00 0.000000000000000000e+00 0.000000000000000000e+00 0.000000000000000000e+00 0.000000000000000000e+00 0.000000000000000000e+00 0.000000000000000000e+00 0.000000000000000000e+00 0.000000000000000000e+00 0.000000000000000000e+00 1.014980720356106758e-03 1.640825122594833374e-01 2.854968011379241943e-01 2.907348275184631348e-01 1.489595770835876465e-01 6.698454171419143677e-02 3.042711503803730011e-02 8.752814494073390961e-03 3.266620682552456856e-03 2.802350500132888556e-04 0.000000000000000000e+00 0.000000000000000000e+00 0.000000000000000000e+00 0.000000000000000000e+00 0.000000000000000000e+00 0.000000000000000000e+00 0.000000000000000000e+00 0.000000000000000000e+00 0.000000000000000000e+00
1.618358306586742401e-02 1.264274399727582932e-02 5.799741018563508987e-03 4.415986593812704086e-03 5.156640894711017609e-03 7.636696565896272659e-03 1.267305202782154083e-02 2.339643985033035278e-02 2.220921590924263000e-02 1.391236949712038040e-02 1.252672076225280762e-02 1.055053714662790298e-02 1.057989802211523056e-02 1.626835204660892487e-02 2.084203436970710754e-02 2.496393769979476929e-02 2.396376989781856537e-02 2.960818260908126831e-02 4.673558101058006287e-02 3.368225693702697754e-02 6.297930330038070679e-02 7.603783905506134033e-02 4.598308820277452469e-03 1.285726903006434441e-03 7.932200678624212742e-04 3.992146521341055632e-04 7.955879118526354432e-05 2.131039036612492055e-05 1.941613300004974008e-05 2.841385321517009288e-05 9.944848898157943040e-06 0.000000000000000000e+00 0.000000000000000000e+00 0.000000000000000000e+00 0.000000000000000000e+00 0.000000000000000000e+00 0.000000000000000000e+00 0.000000000000000000e+00 0.000000000000000000e+00 0.000000000000000000e+00 0.000000000000000000e+00 0.000000000000000000e+00 0.000000000000000000e+00 0.000000000000000000e+00 0.000000000000000000e+00 0.000000000000000000e+00 3.693801045301370323e-05 3.120693564414978027e-02 8.702368140220642090e-01 1.767921447753906250e+00 7.671456038951873779e-02 9.483408182859420776e-02 1.181931048631668091e-01 4.080797731876373291e-02 4.830354737350717187e-05 0.000000000000000000e+00 0.000000000000000000e+00 0.000000000000000000e+00 0.000000000000000000e+00 0.000000000000000000e+00 0.000000000000000000e+00 0.000000000000000000e+00 0.000000000000000000e+00 0.000000000000000000e+00 0.000000000000000000e+00 0.000000000000000000e+00 0.000000000000000000e+00 0.000000000000000000e+00 0.000000000000000000e+00 0.000000000000000000e+00 0.000000000000000000e+00 0.000000000000000000e+00 0.000000000000000000e+00 0.000000000000000000e+00 2.485265024006366730e-03 1.709282770752906799e-02 3.996692597866058350e-02 4.124649614095687866e-02 6.339168548583984375e-01 2.347571551799774170e-01 3.050795383751392365e-02 2.651959584909491241e-05 0.000000000000000000e+00 0.000000000000000000e+00 0.000000000000000000e+00 0.000000000000000000e+00 0.000000000000000000e+00 0.000000000000000000e+00 0.000000000000000000e+00 0.000000000000000000e+00 0.000000000000000000e+00 0.000000000000000000e+00 0.000000000000000000e+00 0.000000000000000000e+00 0.000000000000000000e+00 0.000000000000000000e+00
3.021695278584957123e-02 5.817437171936035156e-02 8.373513072729110718e-02 7.495853304862976074e-02 6.527528911828994751e-02 5.601898208260536194e-02 4.231523349881172180e-02 2.500754036009311676e-02 1.401994191110134125e-02 9.355267509818077087e-03 4.444612190127372742e-03 3.892805194482207298e-03 3.396603511646389961e-03 3.148738062009215355e-03 3.054492641240358353e-03 3.000772790983319283e-03 2.676568692550063133e-03 2.534729428589344025e-03 3.157220082357525826e-03 1.792547060176730156e-03 1.400486333295702934e-03 1.317550428211688995e-03 1.940041081979870796e-03 2.253878163173794746e-03 1.686520990915596485e-03 4.047839029226452112e-04 1.639869587961584330e-04 1.899044291349127889e-04 1.192203999380581081e-04 1.074397296179085970e-04 1.771813113009557128e-04 6.267317803576588631e-05 0.000000000000000000e+00 0.000000000000000000e+00 0.000000000000000000e+00 0.000000000000000000e+00 0.000000000000000000e+00 0.000000000000000000e+00 0.000000000000000000e+00 0.000000000000000000e+00 0.000000000000000000e+00 0.000000000000000000e+00 0.000000000000000000e+00 0.000000000000000000e+00 1.979152875719591975e-05 1.077224616892635822e-03 8.538631722331047058e-03 4.290831685066223145e-01 1.111695885658264160e+00 6.557329893112182617e-01 4.752822518348693848e-01 2.485222220420837402e-01 7.003656774759292603e-02 1.130944474425632507e-05 0.000000000000000000e+00 0.000000000000000000e+00 0.000000000000000000e+00 0.000000000000000000e+00 0.000000000000000000e+00 0.000000000000000000e+00 0.000000000000000000e+00 0.000000000000000000e+00 0.000000000000000000e+00 0.000000000000000000e+00 0.000000000000000000e+00 0.000000000000000000e+00 0.000000000000000000e+00 0.000000000000000000e+00 0.000000000000000000e+00 0.000000000000000000e+00 0.000000000000000000e+00 0.000000000000000000e+00 0.000000000000000000e+00 0.000000000000000000e+00 4.825363284908235073e-04 5.664146970957517624e-03 6.566452234983444214e-02 8.524306118488311768e-02 2.537773549556732178e-01 4.393314123153686523e-01 1.331423223018646240e-01 1.590861938893795013e-02 7.860064506530761719e-04 0.000000000000000000e+00 0.000000000000000000e+00 0.000000000000000000e+00 0.000000000000000000e+00 0.000000000000000000e+00 0.000000000000000000e+00 0.000000000000000000e+00 0.000000000000000000e+00 0.000000000000000000e+00 0.000000000000000000e+00 0.000000000000000000e+00 0.000000000000000000e+00 0.000000000000000000e+00
4.277337342500686646e-03 5.644062999635934830e-03 8.242094889283180237e-03 7.369282189756631851e-03 4.967888817191123962e-03 4.298670683056116104e-03 3.003828926011919975e-03 2.315132645890116692e-03 2.534031402319669724e-03 5.137627944350242615e-03 9.989574551582336426e-03 1.877938024699687958e-02 2.560605295002460480e-02 3.609186038374900818e-02 3.814867138862609863e-02 4.428896680474281311e-02 4.353488236665725708e-02 3.776328265666961670e-02 3.544304892420768738e-02 2.806077897548675537e-02 3.184281289577484131e-02 3.065278194844722748e-02 2.195294760167598724e-02 2.078007720410823822e-02 1.374841853976249695e-02 9.879661723971366882e-03 5.386671517044305801e-03 1.864349615061655641e-04 2.504350231902208179e-05 4.034786252304911613e-05 8.347833500010892749e-06 0.000000000000000000e+00 0.000000000000000000e+00 0.000000000000000000e+00 0.000000000000000000e+00 0.000000000000000000e+00 0.000000000000000000e+00 0.000000000000000000e+00 0.000000000000000000e+00 0.000000000000000000e+00 0.000000000000000000e+00 0.000000000000000000e+00 0.000000000000000000e+00 0.000000000000000000e+00 6.539136520586907864e-04 9.154791478067636490e-04 9.405226446688175201e-04 9.853227064013481140e-03 3.545631170272827148e-01 2.633068323135375977e+00 5.565222636505495757e-06 0.000000000000000000e+00 0.000000000000000000e+00 0.000000000000000000e+00 0.000000000000000000e+00 0.000000000000000000e+00 0.000000000000000000e+00 0.000000000000000000e+00 0.000000000000000000e+00 0.000000000000000000e+00 0.000000000000000000e+00 0.000000000000000000e+00 0.000000000000000000e+00 0.000000000000000000e+00 0.000000000000000000e+00 0.000000000000000000e+00 0.000000000000000000e+00 0.000000000000000000e+00 0.000000000000000000e+00 0.000000000000000000e+00 0.000000000000000000e+00 0.000000000000000000e+00 0.000000000000000000e+00 0.000000000000000000e+00 0.000000000000000000e+00 0.000000000000000000e+00 0.000000000000000000e+00 1.855074151535518467e-05 8.679233789443969727e-01 1.204833611845970154e-01 9.697400033473968506e-03 1.275363494642078876e-03 3.552467096596956253e-04 2.235364372609183192e-04 2.318842780368868262e-05 0.000000000000000000e+00 0.000000000000000000e+00 0.000000000000000000e+00 0.000000000000000000e+00 0.000000000000000000e+00 0.000000000000000000e+00 0.000000000000000000e+00 0.000000000000000000e+00 0.000000000000000000e+00 0.000000000000000000e+00 0.000000000000000000e+00
1.058417279273271561e-02 8.282979950308799744e-03 9.184785187244415283e-03 1.350178476423025131e-02 1.773529499769210815e-02 2.127450518310070038e-02 2.219788357615470886e-02 2.378369122743606567e-02 2.556365542113780975e-02 2.601346187293529510e-02 2.572667226195335388e-02 2.381306327879428864e-02 2.272569388151168823e-02 2.303259260952472687e-02 2.215626090764999390e-02 2.061427012085914612e-02 1.986268535256385803e-02 1.951270177960395813e-02 1.602498628199100494e-02 1.563734002411365509e-02 1.696055196225643158e-02 1.705086790025234222e-02 1.860827580094337463e-02 2.149608731269836426e-02 1.828876137733459473e-02 1.033248659223318100e-02 4.750107880681753159e-03 1.858639763668179512e-03 1.091087819077074528e-03 9.826737223193049431e-04 9.826128371059894562e-04 3.693634353112429380e-04 0.000000000000000000e+00 0.000000000000000000e+00 0.000000000000000000e+00 0.000000000000000000e+00 0.000000000000000000e+00 0.000000000000000000e+00 0.000000000000000000e+00 0.000000000000000000e+00 0.000000000000000000e+00 0.000000000000000000e+00 0.000000000000000000e+00 0.000000000000000000e+00 7.971083687152713537e-05 3.042540745809674263e-03 3.041187673807144165e-02 2.713239789009094238e-01 1.032778263092041016e+00 6.515772342681884766e-01 5.909169316291809082e-01 3.222862780094146729e-01 8.691516518592834473e-02 1.066808868199586868e-02 0.000000000000000000e+00 0.000000000000000000e+00 0.000000000000000000e+00 0.000000000000000000e+00 0.000000000000000000e+00 0.000000000000000000e+00 0.000000000000000000e+00 0.000000000000000000e+00 0.000000000000000000e+00 0.000000000000000000e+00 0.000000000000000000e+00 0.000000000000000000e+00 0.000000000000000000e+00 0.000000000000000000e+00 3.656460307865927462e-07 5.550506757572293282e-04 2.962829777970910072e-03 5.937604233622550964e-03 6.672430783510208130e-03 1.313632167875766754e-02 2.377186715602874756e-02 4.438796639442443848e-02 9.069996327161788940e-02 1.462261229753494263e-01 2.345776557922363281e-01 2.998474240303039551e-01 1.260441690683364868e-01 5.002159625291824341e-03 1.652720093261450529e-04 1.279761181649519131e-05 0.000000000000000000e+00 0.000000000000000000e+00 0.000000000000000000e+00 0.000000000000000000e+00 0.000000000000000000e+00 0.000000000000000000e+00 0.000000000000000000e+00 0.000000000000000000e+00 0.000000000000000000e+00 0.000000000000000000e+00 0.000000000000000000e+00 0.000000000000000000e+00
1.041298918426036835e-02 1.812468655407428741e-02 2.861025184392929077e-02 3.198993206024169922e-02 7.355296052992343903e-03 5.659833550453186035e-03 6.277573294937610626e-03 7.927719503641128540e-03 9.627270512282848358e-03 9.191479533910751343e-03 1.028862409293651581e-02 1.163688488304615021e-02 1.403595134615898132e-02 1.838977448642253876e-02 2.356134355068206787e-02 2.542989701032638550e-02 2.812062576413154602e-02 3.294192627072334290e-02 3.339134901762008667e-02 3.076774254441261292e-02 2.588749490678310394e-02 2.347139269113540649e-02 2.340018004179000854e-02 1.833116821944713593e-02 1.953598298132419586e-02 1.490310393273830414e-02 8.030960336327552795e-03 2.325809560716152191e-03 3.373207582626491785e-04 3.236916381865739822e-05 3.066552380914799869e-06 0.000000000000000000e+00 0.000000000000000000e+00 0.000000000000000000e+00 0.000000000000000000e+00 0.000000000000000000e+00 0.000000000000000000e+00 0.000000000000000000e+00 0.000000000000000000e+00 0.000000000000000000e+00 0.000000000000000000e+00 0.000000000000000000e+00 0.000000000000000000e+00 0.000000000000000000e+00 0.000000000000000000e+00 0.000000000000000000e+00 0.000000000000000000e+00 1.451501448173075914e-04 1.538957476615905762e+00 1.398443937301635742e+00 5.876127630472183228e-02 3.692129161208868027e-03 0.000000000000000000e+00 0.000000000000000000e+00 0.000000000000000000e+00 0.000000000000000000e+00 0.000000000000000000e+00 0.000000000000000000e+00 0.000000000000000000e+00 0.000000000000000000e+00 0.000000000000000000e+00 0.000000000000000000e+00 0.000000000000000000e+00 0.000000000000000000e+00 0.000000000000000000e+00 0.000000000000000000e+00 0.000000000000000000e+00 0.000000000000000000e+00 0.000000000000000000e+00 0.000000000000000000e+00 0.000000000000000000e+00 0.000000000000000000e+00 0.000000000000000000e+00 0.000000000000000000e+00 0.000000000000000000e+00 6.187621038407087326e-04 9.753680787980556488e-03 3.857586532831192017e-02 7.153115272521972656e-01 2.324248999357223511e-01 3.315283916890621185e-03 0.000000000000000000e+00 0.000000000000000000e+00 0.000000000000000000e+00 0.000000000000000000e+00 0.000000000000000000e+00 0.000000000000000000e+00 0.000000000000000000e+00 0.000000000000000000e+00 0.000000000000000000e+00 0.000000000000000000e+00 0.000000000000000000e+00 0.000000000000000000e+00 0.000000000000000000e+00 0.000000000000000000e+00 0.000000000000000000e+00
2.639891207218170166e-02 4.812458530068397522e-02 4.276051744818687439e-02 4.117066413164138794e-02 4.334147274494171143e-02 3.913229703903198242e-02 2.880050055682659149e-02 1.981072314083576202e-02 1.619956083595752716e-02 1.615139842033386230e-02 1.652264781296253204e-02 1.810447499155998230e-02 1.915250532329082489e-02 1.930853165686130524e-02 1.915300823748111725e-02 1.989049091935157776e-02 2.077095583081245422e-02 1.629287376999855042e-02 7.006096653640270233e-03 3.115994622930884361e-03 2.214960055425763130e-03 3.005121136084198952e-03 2.804445335641503334e-03 2.611294854432344437e-03 2.098066266626119614e-03 1.854746835306286812e-03 1.576308975927531719e-03 1.231648144312202930e-03 8.418352808803319931e-04 5.062049021944403648e-04 4.715883187600411475e-05 0.000000000000000000e+00 0.000000000000000000e+00 0.000000000000000000e+00 0.000000000000000000e+00 0.000000000000000000e+00 0.000000000000000000e+00 0.000000000000000000e+00 0.000000000000000000e+00 0.000000000000000000e+00 0.000000000000000000e+00 0.000000000000000000e+00 2.504434902220964432e-03 2.490889281034469604e-02 1.927000284194946289e-01 5.470595359802246094e-01 6.625344157218933105e-01 8.228332996368408203e-01 4.083613753318786621e-01 9.748934209346771240e-02 9.185436367988586426e-02 3.095325082540512085e-02 3.320182487368583679e-02 3.228975087404251099e-02 2.600458264350891113e-02 1.806082949042320251e-02 9.244134649634361267e-03 0.000000000000000000e+00 0.000000000000000000e+00 0.000000000000000000e+00 0.000000000000000000e+00 0.000000000000000000e+00 0.000000000000000000e+00 0.000000000000000000e+00 0.000000000000000000e+00 0.000000000000000000e+00 0.000000000000000000e+00 0.000000000000000000e+00 0.000000000000000000e+00 0.000000000000000000e+00 0.000000000000000000e+00 0.000000000000000000e+00 0.000000000000000000e+00 2.191380597651004791e-03 1.091676764190196991e-02 9.761878289282321930e-03 3.304931148886680603e-02 2.785080112516880035e-02 5.150847882032394409e-02 7.623275369405746460e-02 3.084368109703063965e-01 1.793169379234313965e-01 1.728240698575973511e-01 8.791811019182205200e-02 3.249444067478179932e-02 7.498254068195819855e-03 0.000000000000000000e+00 0.000000000000000000e+00 0.000000000000000000e+00 0.000000000000000000e+00 0.000000000000000000e+00 0.000000000000000000e+00 0.000000000000000000e+00 0.000000000000000000e+00 0.000000000000000000e+00 0.000000000000000000e+00
1.165172550827264786e-02 4.791734740138053894e-03 4.479703959077596664e-03 4.792286548763513565e-03 5.608282517641782761e-03 7.039653137326240540e-03 9.167474694550037384e-03 1.104145217686891556e-02 1.233604270964860916e-02 1.371143292635679245e-02 1.387951243668794632e-02 1.635852456092834473e-02 2.042512781918048859e-02 2.024822309613227844e-02 2.005835808813571930e-02 2.128014527261257172e-02 2.230393141508102417e-02 2.526760473847389221e-02 3.024493157863616943e-02 3.117275051772594452e-02 2.483933791518211365e-02 2.166856452822685242e-02 1.833743043243885040e-02 1.548144593834877014e-02 1.391674112528562546e-02 1.832846924662590027e-02 1.614521816372871399e-02 1.664228923618793488e-02 1.771585084497928619e-02 1.333045959472656250e-02 6.414074916392564774e-03 1.132121868431568146e-02 0.000000000000000000e+00 0.000000000000000000e+00 0.000000000000000000e+00 0.000000000000000000e+00 0.000000000000000000e+00 0.000000000000000000e+00 0.000000000000000000e+00 0.000000000000000000e+00 0.000000000000000000e+00 0.000000000000000000e+00 0.000000000000000000e+00 0.000000000000000000e+00 7.048615952953696251e-04 1.352225616574287415e-02 7.110414654016494751e-02 2.103970348834991455e-01 7.601294517517089844e-01 8.591088056564331055e-01 6.754137277603149414e-01 3.501548767089843750e-01 4.506646469235420227e-02 6.424829363822937012e-03 7.973539642989635468e-03 0.000000000000000000e+00 0.000000000000000000e+00 0.000000000000000000e+00 0.000000000000000000e+00 0.000000000000000000e+00 0.000000000000000000e+00 0.000000000000000000e+00 0.000000000000000000e+00 0.000000000000000000e+00 0.000000000000000000e+00 0.000000000000000000e+00 0.000000000000000000e+00 0.000000000000000000e+00 0.000000000000000000e+00 0.000000000000000000e+00 0.000000000000000000e+00 0.000000000000000000e+00 5.184427573112770915e-05 5.702319089323282242e-03 2.878129482269287109e-02 8.034594357013702393e-02 1.302251070737838745e-01 2.007495909929275513e-01 2.401156723499298096e-01 2.033346295356750488e-01 8.945040404796600342e-02 1.943167671561241150e-02 1.804070547223091125e-03 7.445720711984904483e-06 0.000000000000000000e+00 0.000000000000000000e+00 0.000000000000000000e+00 0.000000000000000000e+00 0.000000000000000000e+00 0.000000000000000000e+00 0.000000000000000000e+00 0.000000000000000000e+00 0.000000000000000000e+00 0.000000000000000000e+00 0.000000000000000000e+00 0.000000000000000000e+00
8.670491166412830353e-03 2.028204128146171570e-02 1.550876535475254059e-02 1.637230999767780304e-02 1.361897867172956467e-02 4.104967229068279266e-03 4.137506242841482162e-03 8.265000768005847931e-03 1.264279801398515701e-02 1.643488556146621704e-02 1.748365536332130432e-02 1.072798110544681549e-02 5.434075370430946350e-03 5.634317640215158463e-03 2.181389555335044861e-02 3.758798167109489441e-02 5.655343085527420044e-02 7.163918018341064453e-02 5.204046890139579773e-02 5.243094265460968018e-02 3.735019266605377197e-02 4.790796898305416107e-03 1.501817256212234497e-03 2.062495565041899681e-03 1.997416839003562927e-03 8.960842387750744820e-04 1.752120078890584409e-05 0.000000000000000000e+00 0.000000000000000000e+00 0.000000000000000000e+00 0.000000000000000000e+00 0.000000000000000000e+00 0.000000000000000000e+00 0.000000000000000000e+00 0.000000000000000000e+00 0.000000000000000000e+00 0.000000000000000000e+00 0.000000000000000000e+00 0.000000000000000000e+00 0.000000000000000000e+00 0.000000000000000000e+00 0.000000000000000000e+00 0.000000000000000000e+00 0.000000000000000000e+00 0.000000000000000000e+00 0.000000000000000000e+00 0.000000000000000000e+00 5.301414988934993744e-03 1.417655348777770996e+00 1.092241644859313965e+00 4.645571112632751465e-01 1.471780892461538315e-02 5.271377973258495331e-03 2.553089288994669914e-04 0.000000000000000000e+00 0.000000000000000000e+00 0.000000000000000000e+00 0.000000000000000000e+00 0.000000000000000000e+00 0.000000000000000000e+00 0.000000000000000000e+00 0.000000000000000000e+00 0.000000000000000000e+00 0.000000000000000000e+00 0.000000000000000000e+00 0.000000000000000000e+00 0.000000000000000000e+00 0.000000000000000000e+00 0.000000000000000000e+00 0.000000000000000000e+00 0.000000000000000000e+00 0.000000000000000000e+00 0.000000000000000000e+00 0.000000000000000000e+00 0.000000000000000000e+00 0.000000000000000000e+00 0.000000000000000000e+00 6.084862723946571350e-02 6.818400025367736816e-01 2.228946983814239502e-01 3.441664576530456543e-02 0.000000000000000000e+00 0.000000000000000000e+00 0.000000000000000000e+00 0.000000000000000000e+00 0.000000000000000000e+00 0.000000000000000000e+00 0.000000000000000000e+00 0.000000000000000000e+00 0.000000000000000000e+00 0.000000000000000000e+00 0.000000000000000000e+00 0.000000000000000000e+00 0.000000000000000000e+00 0.000000000000000000e+00 0.000000000000000000e+00
4.559569805860519409e-02 9.654231369495391846e-02 6.792017072439193726e-02 5.037786066532135010e-02 3.512599691748619080e-02 2.981785871088504791e-02 1.958659850060939789e-02 1.480724103748798370e-02 8.629492484033107758e-03 6.512969732284545898e-03 5.984891206026077271e-03 5.495383869856595993e-03 5.454708822071552277e-03 5.339695606380701065e-03 5.122994072735309601e-03 4.808811470866203308e-03 4.653123207390308380e-03 5.314448848366737366e-03 5.838319659233093262e-03 6.493333261460065842e-03 7.026321254670619965e-03 7.558607496321201324e-03 8.231854997575283051e-03 9.622532874345779419e-03 9.410038590431213379e-03 8.302686735987663269e-03 9.179310873150825500e-03 6.337644997984170914e-03 2.704211510717868805e-03 1.429950003512203693e-03 6.914814584888517857e-04 8.345465903403237462e-05 0.000000000000000000e+00 0.000000000000000000e+00 0.000000000000000000e+00 0.000000000000000000e+00 0.000000000000000000e+00 0.000000000000000000e+00 0.000000000000000000e+00 0.000000000000000000e+00 0.000000000000000000e+00 0.000000000000000000e+00 0.000000000000000000e+00 0.000000000000000000e+00 0.000000000000000000e+00 0.000000000000000000e+00 0.000000000000000000e+00 1.370900496840476990e-02 1.174930810928344727e+00 7.903842926025390625e-01 3.281998038291931152e-01 2.232741713523864746e-01 1.388657540082931519e-01 1.080310046672821045e-01 8.181221783161163330e-02 7.803361117839813232e-02 4.559990763664245605e-02 1.580028235912322998e-02 1.258131582289934158e-03 1.009871484711766243e-04 0.000000000000000000e+00 0.000000000000000000e+00 0.000000000000000000e+00 0.000000000000000000e+00 0.000000000000000000e+00 0.000000000000000000e+00 0.000000000000000000e+00 0.000000000000000000e+00 0.000000000000000000e+00 0.000000000000000000e+00 0.000000000000000000e+00 1.262339355889707804e-05 6.311696779448539019e-05 1.206235392601229250e-04 1.977664942387491465e-04 2.235743217170238495e-03 3.320092707872390747e-02 1.410972774028778076e-01 2.907013297080993652e-01 4.505920410156250000e-01 8.177714794874191284e-02 1.402599309585639276e-06 0.000000000000000000e+00 0.000000000000000000e+00 0.000000000000000000e+00 0.000000000000000000e+00 0.000000000000000000e+00 0.000000000000000000e+00 0.000000000000000000e+00 0.000000000000000000e+00 0.000000000000000000e+00 0.000000000000000000e+00 0.000000000000000000e+00 0.000000000000000000e+00 0.000000000000000000e+00 0.000000000000000000e+00
3.971745818853378296e-02 7.273211330175399780e-02 6.730596721172332764e-02 5.920348316431045532e-02 4.819559305906295776e-02 3.250939771533012390e-02 2.400180511176586151e-02 2.288282290101051331e-02 1.824505813419818878e-02 1.627912931144237518e-02 9.150425903499126434e-03 4.736181348562240601e-03 3.899283939972519875e-03 4.089535214006900787e-03 4.125575534999370575e-03 4.214983433485031128e-03 5.108367186039686203e-03 5.243171472102403641e-03 5.365847144275903702e-03 5.643426906317472458e-03 5.692635662853717804e-03 5.259805358946323395e-03 6.181259173899888992e-03 5.928284022957086563e-03 7.032365072518587112e-03 7.016770541667938232e-03 6.586019415408372879e-03 3.208973444998264313e-03 4.044138186145573854e-04 3.985226067015901208e-05 0.000000000000000000e+00 0.000000000000000000e+00 0.000000000000000000e+00 0.000000000000000000e+00 0.000000000000000000e+00 0.000000000000000000e+00 0.000000000000000000e+00 0.000000000000000000e+00 0.000000000000000000e+00 0.000000000000000000e+00 0.000000000000000000e+00 0.000000000000000000e+00 0.000000000000000000e+00 6.237745401449501514e-05 4.865441587753593922e-04 4.075327306054532528e-04 2.806985285133123398e-04 6.686031073331832886e-02 2.425938129425048828e+00 1.921932697296142578e-01 2.534250319004058838e-01 5.993225425481796265e-02 4.137704672757536173e-04 0.000000000000000000e+00 0.000000000000000000e+00 0.000000000000000000e+00 0.000000000000000000e+00 0.000000000000000000e+00 0.000000000000000000e+00 0.000000000000000000e+00 0.000000000000000000e+00 0.000000000000000000e+00 0.000000000000000000e+00 0.000000000000000000e+00 0.000000000000000000e+00 0.000000000000000000e+00 0.000000000000000000e+00 0.000000000000000000e+00 0.000000000000000000e+00 0.000000000000000000e+00 0.000000000000000000e+00 0.000000000000000000e+00 0.000000000000000000e+00 0.000000000000000000e+00 0.000000000000000000e+00 0.000000000000000000e+00 4.900788888335227966e-03 9.242883324623107910e-02 7.440382987260818481e-02 7.594171166419982910e-01 6.878015398979187012e-02 6.930828385520726442e-05 0.000000000000000000e+00 0.000000000000000000e+00 0.000000000000000000e+00 0.000000000000000000e+00 0.000000000000000000e+00 0.000000000000000000e+00 0.000000000000000000e+00 0.000000000000000000e+00 0.000000000000000000e+00 0.000000000000000000e+00 0.000000000000000000e+00 0.000000000000000000e+00 0.000000000000000000e+00 0.000000000000000000e+00
4.084962420165538788e-03 3.690433455631136894e-03 3.839100012555718422e-03 4.535085521638393402e-03 6.307530216872692108e-03 9.218337945640087128e-03 1.203613448888063431e-02 1.447764225304126740e-02 1.759414747357368469e-02 2.097350545227527618e-02 1.996600627899169922e-02 1.753836683928966522e-02 1.777217350900173187e-02 1.963425427675247192e-02 1.984120160341262817e-02 1.691971160471439362e-02 1.573787443339824677e-02 1.917782239615917206e-02 2.994535490870475769e-02 5.104822665452957153e-02 6.738057732582092285e-02 5.568718910217285156e-02 2.875271067023277283e-02 1.027149800211191177e-02 3.429079661145806313e-03 1.536452095024287701e-03 1.031359890475869179e-03 1.034670625813305378e-03 1.182337873615324497e-03 1.212570932693779469e-03 2.660759957507252693e-03 1.482919557020068169e-03 0.000000000000000000e+00 0.000000000000000000e+00 0.000000000000000000e+00 0.000000000000000000e+00 0.000000000000000000e+00 0.000000000000000000e+00 0.000000000000000000e+00 0.000000000000000000e+00 0.000000000000000000e+00 0.000000000000000000e+00 0.000000000000000000e+00 0.000000000000000000e+00 0.000000000000000000e+00 0.000000000000000000e+00 7.123261224478483200e-03 5.975428596138954163e-02 2.947645485401153564e-01 1.548347949981689453e+00 5.720039010047912598e-01 3.932481408119201660e-01 1.212652176618576050e-01 3.492669202387332916e-03 0.000000000000000000e+00 0.000000000000000000e+00 0.000000000000000000e+00 0.000000000000000000e+00 0.000000000000000000e+00 0.000000000000000000e+00 0.000000000000000000e+00 0.000000000000000000e+00 0.000000000000000000e+00 0.000000000000000000e+00 0.000000000000000000e+00 0.000000000000000000e+00 0.000000000000000000e+00 0.000000000000000000e+00 0.000000000000000000e+00 0.000000000000000000e+00 0.000000000000000000e+00 0.000000000000000000e+00 6.246501925488701090e-06 6.099084275774657726e-04 1.326307281851768494e-02 9.509812295436859131e-02 1.130640581250190735e-01 1.467963010072708130e-01 5.185298919677734375e-01 6.134477257728576660e-02 4.091871157288551331e-02 8.515231311321258545e-03 1.853711903095245361e-03 0.000000000000000000e+00 0.000000000000000000e+00 0.000000000000000000e+00 0.000000000000000000e+00 0.000000000000000000e+00 0.000000000000000000e+00 0.000000000000000000e+00 0.000000000000000000e+00 0.000000000000000000e+00 0.000000000000000000e+00 0.000000000000000000e+00 0.000000000000000000e+00 0.000000000000000000e+00
6.218382623046636581e-03 1.924850791692733765e-02 1.601308397948741913e-02 1.677332632243633270e-02 1.894992589950561523e-02 2.701637521386146545e-02 2.846363745629787445e-02 3.187783062458038330e-02 3.916977345943450928e-02 4.310600459575653076e-02 4.037550836801528931e-02 3.295757248997688293e-02 2.209453843533992767e-02 1.670343428850173950e-02 1.492716092616319656e-02 1.162993069738149643e-02 1.154244784265756607e-02 1.559849362820386887e-02 2.025693282485008240e-02 2.112034521996974945e-02 1.914200745522975922e-02 1.430099643766880035e-02 7.694648578763008118e-03 3.040964482352137566e-03 1.065478660166263580e-03 4.559545195661485195e-04 1.687839976511895657e-04 5.705374496756121516e-05 1.806701948225963861e-05 6.656270215898985043e-06 5.705374405806651339e-06 4.754478766244574217e-07 0.000000000000000000e+00 0.000000000000000000e+00 0.000000000000000000e+00 0.000000000000000000e+00 0.000000000000000000e+00 0.000000000000000000e+00 0.000000000000000000e+00 0.000000000000000000e+00 0.000000000000000000e+00 0.000000000000000000e+00 0.000000000000000000e+00 0.000000000000000000e+00 5.420106026576831937e-05 3.267182409763336182e-02 1.777937412261962891e-01 1.788777410984039307e-01 1.492200732231140137e+00 8.626726269721984863e-01 1.314546763896942139e-01 5.951846390962600708e-02 5.238674953579902649e-02 8.763454854488372803e-03 3.426077309995889664e-03 1.797192962840199471e-04 0.000000000000000000e+00 0.000000000000000000e+00 0.000000000000000000e+00 0.000000000000000000e+00 0.000000000000000000e+00 0.000000000000000000e+00 0.000000000000000000e+00 0.000000000000000000e+00 0.000000000000000000e+00 0.000000000000000000e+00 0.000000000000000000e+00 0.000000000000000000e+00 0.000000000000000000e+00 6.656270215898985043e-06 1.949336292454972863e-04 3.946217475458979607e-04 3.223536477889865637e-04 3.955726278945803642e-04 2.638735575601458549e-03 1.681183651089668274e-02 8.954489976167678833e-02 1.388469487428665161e-01 1.444068253040313721e-01 2.110170722007751465e-01 2.312397807836532593e-01 1.040555685758590698e-01 2.545452862977981567e-02 3.370830416679382324e-02 9.404359152540564537e-04 2.091970600304193795e-05 0.000000000000000000e+00 0.000000000000000000e+00 0.000000000000000000e+00 0.000000000000000000e+00 0.000000000000000000e+00 0.000000000000000000e+00 0.000000000000000000e+00 0.000000000000000000e+00 0.000000000000000000e+00 0.000000000000000000e+00
6.283663096837699413e-04 3.430859185755252838e-03 5.486282519996166229e-03 8.579112589359283447e-03 1.261676382273435593e-02 1.334103569388389587e-02 1.298379153013229370e-02 1.127399597316980362e-02 1.157027296721935272e-02 1.265091635286808014e-02 1.458160951733589172e-02 1.480172108858823776e-02 1.381296571344137192e-02 1.427677273750305176e-02 1.488932967185974121e-02 1.547192595899105072e-02 1.773313619196414948e-02 2.068464085459709167e-02 2.304132096469402313e-02 2.632797136902809143e-02 3.110727667808532715e-02 3.659460693597793579e-02 4.111362248659133911e-02 4.252469539642333984e-02 3.663539886474609375e-02 2.391111105680465698e-02 1.090740505605936050e-02 4.118795506656169891e-03 1.670752069912850857e-03 9.118037414737045765e-04 9.734699269756674767e-04 1.348271151073276997e-03 0.000000000000000000e+00 0.000000000000000000e+00 0.000000000000000000e+00 0.000000000000000000e+00 0.000000000000000000e+00 0.000000000000000000e+00 0.000000000000000000e+00 0.000000000000000000e+00 0.000000000000000000e+00 0.000000000000000000e+00 1.556503702886402607e-04 5.434660706669092178e-04 6.079273880459368229e-04 6.952383555471897125e-03 1.024169027805328369e-01 3.031115531921386719e-01 1.437409162521362305e+00 6.603653430938720703e-01 3.769595324993133545e-01 1.019551903009414673e-01 9.071743115782737732e-03 4.512288433033972979e-04 0.000000000000000000e+00 0.000000000000000000e+00 0.000000000000000000e+00 0.000000000000000000e+00 0.000000000000000000e+00 0.000000000000000000e+00 0.000000000000000000e+00 0.000000000000000000e+00 0.000000000000000000e+00 0.000000000000000000e+00 0.000000000000000000e+00 0.000000000000000000e+00 0.000000000000000000e+00 0.000000000000000000e+00 1.921609509736299515e-06 6.428657070500776172e-05 1.591442123753950000e-04 2.917352539952844381e-04 5.518512916751205921e-04 2.739516319707036018e-03 1.860642060637474060e-02 4.161280393600463867e-02 5.566378682851791382e-02 8.442241698503494263e-02 2.623954415321350098e-01 3.957944214344024658e-01 9.969974309206008911e-02 3.056389838457107544e-02 5.796098150312900543e-03 1.508114044554531574e-03 1.030681451084092259e-04 2.428215702821034938e-05 1.048150693350180518e-06 0.000000000000000000e+00 0.000000000000000000e+00 0.000000000000000000e+00 0.000000000000000000e+00 0.000000000000000000e+00 0.000000000000000000e+00 0.000000000000000000e+00 0.000000000000000000e+00 0.000000000000000000e+00
2.082413528114557266e-03 7.461837027221918106e-03 9.897999465465545654e-03 1.735170371830463409e-02 2.995713241398334503e-02 4.121494293212890625e-02 2.162224985659122467e-02 1.666337437927722931e-02 2.361811324954032898e-02 2.609145268797874451e-02 2.299368008971214294e-02 2.150433324277400970e-02 2.659158036112785339e-02 3.041253238916397095e-02 3.433107212185859680e-02 3.484688326716423035e-02 3.260995820164680481e-02 3.279177099466323853e-02 1.171727944165468216e-02 8.305839262902736664e-03 1.016694121062755585e-02 7.519923616200685501e-03 6.936151068657636642e-03 9.269500151276588440e-03 6.111898459494113922e-03 3.828504355624318123e-03 1.168707502074539661e-03 6.558005698025226593e-04 9.700504015199840069e-04 8.986035827547311783e-04 3.734984493348747492e-04 3.427124102017842233e-05 0.000000000000000000e+00 0.000000000000000000e+00 0.000000000000000000e+00 0.000000000000000000e+00 0.000000000000000000e+00 0.000000000000000000e+00 0.000000000000000000e+00 0.000000000000000000e+00 0.000000000000000000e+00 0.000000000000000000e+00 0.000000000000000000e+00 0.000000000000000000e+00 2.404795668553560972e-04 3.206394147127866745e-03 1.940216869115829468e-02 8.809916675090789795e-02 7.417749166488647461e-01 8.072794675827026367e-01 3.042380213737487793e-01 7.014371156692504883e-01 3.337333798408508301e-01 5.541485734283924103e-04 3.485211345832794905e-05 0.000000000000000000e+00 0.000000000000000000e+00 0.000000000000000000e+00 0.000000000000000000e+00 0.000000000000000000e+00 0.000000000000000000e+00 0.000000000000000000e+00 0.000000000000000000e+00 0.000000000000000000e+00 0.000000000000000000e+00 0.000000000000000000e+00 0.000000000000000000e+00 0.000000000000000000e+00 0.000000000000000000e+00 0.000000000000000000e+00 0.000000000000000000e+00 0.000000000000000000e+00 0.000000000000000000e+00 0.000000000000000000e+00 3.951067570596933365e-03 1.484118998050689697e-01 1.924254745244979858e-01 1.383117586374282837e-01 1.689212173223495483e-01 3.091382086277008057e-01 3.882757574319839478e-02 1.277910723729291931e-05 0.000000000000000000e+00 0.000000000000000000e+00 0.000000000000000000e+00 0.000000000000000000e+00 0.000000000000000000e+00 0.000000000000000000e+00 0.000000000000000000e+00 0.000000000000000000e+00 0.000000000000000000e+00 0.000000000000000000e+00 0.000000000000000000e+00 0.000000000000000000e+00 0.000000000000000000e+00 0.000000000000000000e+00
2.485451288521289825e-03 6.259875954128801823e-04 7.757710991427302361e-04 8.062052074819803238e-04 8.658799342811107635e-04 1.348051475360989571e-03 2.136951079592108727e-03 3.240932943299412727e-03 2.476500114426016808e-03 3.493953729048371315e-03 6.689534056931734085e-03 1.266058441251516342e-02 1.946409791707992554e-02 2.672292850911617279e-02 4.603127390146255493e-02 6.072199344635009766e-02 3.739574924111366272e-02 2.956881374120712280e-02 3.255613148212432861e-02 6.044271588325500488e-02 4.107350111007690430e-02 4.260952770709991455e-02 4.919343814253807068e-02 1.037802733480930328e-02 2.380423946306109428e-03 1.472771633416414261e-03 1.964491093531250954e-03 3.831115900538861752e-04 3.520807513268664479e-05 0.000000000000000000e+00 0.000000000000000000e+00 0.000000000000000000e+00 0.000000000000000000e+00 0.000000000000000000e+00 0.000000000000000000e+00 0.000000000000000000e+00 0.000000000000000000e+00 0.000000000000000000e+00 0.000000000000000000e+00 0.000000000000000000e+00 0.000000000000000000e+00 0.000000000000000000e+00 0.000000000000000000e+00 0.000000000000000000e+00 0.000000000000000000e+00 0.000000000000000000e+00 0.000000000000000000e+00 3.505291882902383804e-03 2.553671598434448242e-01 1.960417747497558594e+00 5.949329137802124023e-01 1.776850074529647827e-01 4.361026920378208160e-03 3.115019295364618301e-03 6.158429314382374287e-04 0.000000000000000000e+00 0.000000000000000000e+00 0.000000000000000000e+00 0.000000000000000000e+00 0.000000000000000000e+00 0.000000000000000000e+00 0.000000000000000000e+00 0.000000000000000000e+00 0.000000000000000000e+00 0.000000000000000000e+00 0.000000000000000000e+00 0.000000000000000000e+00 0.000000000000000000e+00 0.000000000000000000e+00 0.000000000000000000e+00 0.000000000000000000e+00 0.000000000000000000e+00 0.000000000000000000e+00 0.000000000000000000e+00 0.000000000000000000e+00 3.819180710706859827e-05 3.616048023104667664e-02 1.733251661062240601e-01 4.218500256538391113e-01 3.617898225784301758e-01 6.836333777755498886e-03 0.000000000000000000e+00 0.000000000000000000e+00 0.000000000000000000e+00 0.000000000000000000e+00 0.000000000000000000e+00 0.000000000000000000e+00 0.000000000000000000e+00 0.000000000000000000e+00 0.000000000000000000e+00 0.000000000000000000e+00 0.000000000000000000e+00 0.000000000000000000e+00 0.000000000000000000e+00 0.000000000000000000e+00 0.000000000000000000e+00
2.374467207118868828e-03 1.704449066892266273e-03 2.367423148825764656e-03 4.340125247836112976e-03 1.187343522906303406e-02 2.587744779884815216e-02 3.307852521538734436e-02 2.908555977046489716e-02 2.746899798512458801e-02 2.778933756053447723e-02 2.771340496838092804e-02 2.839938551187515259e-02 3.018118999898433685e-02 3.047302924096584320e-02 2.637181803584098816e-02 2.147696353495121002e-02 1.891114562749862671e-02 1.985607296228408813e-02 2.183174714446067810e-02 1.837005093693733215e-02 1.408608444035053253e-02 1.218944415450096130e-02 1.088178437203168869e-02 9.404745884239673615e-03 8.785716257989406586e-03 8.599082939326763153e-03 7.648145779967308044e-03 6.282906513661146164e-03 5.257974844425916672e-03 4.302061628550291061e-03 2.549338852986693382e-03 4.681338032241910696e-04 0.000000000000000000e+00 0.000000000000000000e+00 0.000000000000000000e+00 0.000000000000000000e+00 0.000000000000000000e+00 0.000000000000000000e+00 0.000000000000000000e+00 0.000000000000000000e+00 1.834019494708627462e-04 1.966239651665091515e-03 7.282182108610868454e-03 1.150236558169126511e-02 2.302450686693191528e-02 9.243613481521606445e-02 4.466737210750579834e-01 6.060534715652465820e-01 2.422057390213012695e-01 4.645261466503143311e-01 1.006184220314025879e+00 9.506735205650329590e-02 2.859984757378697395e-03 3.450903386692516506e-05 0.000000000000000000e+00 0.000000000000000000e+00 0.000000000000000000e+00 0.000000000000000000e+00 0.000000000000000000e+00 0.000000000000000000e+00 0.000000000000000000e+00 0.000000000000000000e+00 0.000000000000000000e+00 0.000000000000000000e+00 0.000000000000000000e+00 0.000000000000000000e+00 0.000000000000000000e+00 0.000000000000000000e+00 0.000000000000000000e+00 0.000000000000000000e+00 0.000000000000000000e+00 0.000000000000000000e+00 4.523656389210373163e-05 2.464746357873082161e-04 3.280038712546229362e-03 6.540535390377044678e-02 2.105164974927902222e-01 1.409588158130645752e-01 1.090793162584304810e-01 8.806305378675460815e-02 3.065629005432128906e-01 5.515435710549354553e-02 9.024048224091529846e-03 4.254434257745742798e-03 3.098704619333148003e-03 2.618292346596717834e-03 1.407891162671148777e-03 2.486718585714697838e-04 3.593075598473660648e-05 0.000000000000000000e+00 0.000000000000000000e+00 0.000000000000000000e+00 0.000000000000000000e+00 0.000000000000000000e+00 0.000000000000000000e+00 0.000000000000000000e+00
1.384833361953496933e-02 2.434110455214977264e-02 3.313556313514709473e-02 5.434991419315338135e-02 8.692872524261474609e-02 7.717145234346389771e-02 6.255457550287246704e-02 5.230062827467918396e-02 4.054714366793632507e-02 2.098804339766502380e-02 1.252052746713161469e-02 7.825642824172973633e-03 4.806036129593849182e-03 3.713049693033099174e-03 2.494392450898885727e-03 6.709124427288770676e-04 1.992710022022947669e-04 7.410077523672953248e-05 6.659056089119985700e-05 6.659056089119985700e-05 5.106945536681450903e-05 7.410077523672953248e-05 1.477008772781118751e-04 1.692301593720912933e-04 1.016382302623242140e-04 9.012256487039849162e-05 1.231675123563036323e-04 1.557117648189887404e-04 2.413282054476439953e-04 2.062805433524772525e-04 3.705038761836476624e-05 0.000000000000000000e+00 0.000000000000000000e+00 0.000000000000000000e+00 0.000000000000000000e+00 0.000000000000000000e+00 0.000000000000000000e+00 0.000000000000000000e+00 0.000000000000000000e+00 0.000000000000000000e+00 0.000000000000000000e+00 0.000000000000000000e+00 0.000000000000000000e+00 0.000000000000000000e+00 0.000000000000000000e+00 0.000000000000000000e+00 0.000000000000000000e+00 9.183489717543125153e-03 2.989092111587524414e+00 1.724345027469098568e-03 0.000000000000000000e+00 0.000000000000000000e+00 0.000000000000000000e+00 0.000000000000000000e+00 0.000000000000000000e+00 0.000000000000000000e+00 0.000000000000000000e+00 0.000000000000000000e+00 0.000000000000000000e+00 0.000000000000000000e+00 0.000000000000000000e+00 0.000000000000000000e+00 0.000000000000000000e+00 0.000000000000000000e+00 0.000000000000000000e+00 0.000000000000000000e+00 0.000000000000000000e+00 0.000000000000000000e+00 0.000000000000000000e+00 0.000000000000000000e+00 0.000000000000000000e+00 0.000000000000000000e+00 0.000000000000000000e+00 0.000000000000000000e+00 0.000000000000000000e+00 0.000000000000000000e+00 0.000000000000000000e+00 4.506128243519924581e-05 4.297845065593719482e-03 9.651626348495483398e-01 3.049447201192378998e-02 0.000000000000000000e+00 0.000000000000000000e+00 0.000000000000000000e+00 0.000000000000000000e+00 0.000000000000000000e+00 0.000000000000000000e+00 0.000000000000000000e+00 0.000000000000000000e+00 0.000000000000000000e+00 0.000000000000000000e+00 0.000000000000000000e+00 0.000000000000000000e+00 0.000000000000000000e+00 0.000000000000000000e+00 0.000000000000000000e+00
8.536946959793567657e-03 1.226188521832227707e-02 1.544489059597253799e-02 1.847896538674831390e-02 1.873014308512210846e-02 2.192088775336742401e-02 2.245558425784111023e-02 2.435155771672725677e-02 2.905836515128612518e-02 3.281966969370841980e-02 3.686159849166870117e-02 3.968684002757072449e-02 3.933348134160041809e-02 3.717079013586044312e-02 3.151829168200492859e-02 2.459562383592128754e-02 1.902033016085624695e-02 1.631960645318031311e-02 1.297615468502044678e-02 1.022087968885898590e-02 7.500651758164167404e-03 5.538045428693294525e-03 4.599905572831630707e-03 4.029282368719577789e-03 2.309170551598072052e-03 1.154711120761930943e-03 7.656127563677728176e-04 5.448887823149561882e-04 4.737260460387915373e-04 5.849060253240168095e-04 6.048516952432692051e-04 1.317548594670370221e-04 0.000000000000000000e+00 0.000000000000000000e+00 0.000000000000000000e+00 0.000000000000000000e+00 0.000000000000000000e+00 0.000000000000000000e+00 0.000000000000000000e+00 0.000000000000000000e+00 0.000000000000000000e+00 0.000000000000000000e+00 0.000000000000000000e+00 0.000000000000000000e+00 2.982416481245309114e-05 2.172331884503364563e-02 1.838757991790771484e-01 1.399919837713241577e-01 4.158447682857513428e-01 8.284579515457153320e-01 7.160457372665405273e-01 4.921394884586334229e-01 1.393917351961135864e-01 4.051933810114860535e-02 1.926603354513645172e-02 2.713999245315790176e-03 0.000000000000000000e+00 0.000000000000000000e+00 0.000000000000000000e+00 0.000000000000000000e+00 0.000000000000000000e+00 0.000000000000000000e+00 0.000000000000000000e+00 0.000000000000000000e+00 0.000000000000000000e+00 0.000000000000000000e+00 0.000000000000000000e+00 0.000000000000000000e+00 0.000000000000000000e+00 0.000000000000000000e+00 1.015531743178144097e-04 2.572177036199718714e-04 3.471306292340159416e-03 2.421986497938632965e-02 7.922933995723724365e-02 1.121628955006599426e-01 1.274147480726242065e-01 2.450846731662750244e-01 1.859818547964096069e-01 1.489367187023162842e-01 7.133160531520843506e-02 1.808200147934257984e-03 0.000000000000000000e+00 0.000000000000000000e+00 0.000000000000000000e+00 0.000000000000000000e+00 0.000000000000000000e+00 0.000000000000000000e+00 0.000000000000000000e+00 0.000000000000000000e+00 0.000000000000000000e+00 0.000000000000000000e+00 0.000000000000000000e+00 0.000000000000000000e+00 0.000000000000000000e+00 0.000000000000000000e+00
1.794361509382724762e-02 2.018328383564949036e-02 4.592777416110038757e-02 8.740304410457611084e-02 1.387869864702224731e-01 7.332333177328109741e-02 5.287799984216690063e-02 2.247490547597408295e-02 1.965519413352012634e-02 7.406379561871290207e-03 4.730537533760070801e-03 2.583355410024523735e-03 1.794932410120964050e-03 1.226308755576610565e-03 8.780553471297025681e-04 7.279067649506032467e-04 4.196168156340718269e-04 3.174244193360209465e-04 2.329301642021164298e-04 1.918248308356851339e-04 1.786939683370292187e-04 1.661340065766125917e-04 2.055266086244955659e-04 1.221741549670696259e-04 6.394161027856171131e-05 8.563608571421355009e-05 9.191606659442186356e-05 5.709072752324573230e-07 0.000000000000000000e+00 0.000000000000000000e+00 0.000000000000000000e+00 0.000000000000000000e+00 0.000000000000000000e+00 0.000000000000000000e+00 0.000000000000000000e+00 0.000000000000000000e+00 0.000000000000000000e+00 0.000000000000000000e+00 0.000000000000000000e+00 0.000000000000000000e+00 0.000000000000000000e+00 0.000000000000000000e+00 0.000000000000000000e+00 0.000000000000000000e+00 0.000000000000000000e+00 0.000000000000000000e+00 0.000000000000000000e+00 1.534598646685481071e-03 2.917241334915161133e+00 8.122411370277404785e-02 0.000000000000000000e+00 0.000000000000000000e+00 0.000000000000000000e+00 0.000000000000000000e+00 0.000000000000000000e+00 0.000000000000000000e+00 0.000000000000000000e+00 0.000000000000000000e+00 0.000000000000000000e+00 0.000000000000000000e+00 0.000000000000000000e+00 0.000000000000000000e+00 0.000000000000000000e+00 0.000000000000000000e+00 0.000000000000000000e+00 0.000000000000000000e+00 0.000000000000000000e+00 0.000000000000000000e+00 0.000000000000000000e+00 0.000000000000000000e+00 0.000000000000000000e+00 0.000000000000000000e+00 0.000000000000000000e+00 0.000000000000000000e+00 0.000000000000000000e+00 0.000000000000000000e+00 0.000000000000000000e+00 3.425443355808965862e-05 1.456498540937900543e-02 9.351974725723266602e-01 5.020330101251602173e-02 0.000000000000000000e+00 0.000000000000000000e+00 0.000000000000000000e+00 0.000000000000000000e+00 0.000000000000000000e+00 0.000000000000000000e+00 0.000000000000000000e+00 0.000000000000000000e+00 0.000000000000000000e+00 0.000000000000000000e+00 0.000000000000000000e+00 0.000000000000000000e+00 0.000000000000000000e+00 0.000000000000000000e+00 0.000000000000000000e+00
1.704839058220386505e-02 1.502482593059539795e-02 1.867509260773658752e-02 2.222393639385700226e-02 2.327783033251762390e-02 2.551834844052791595e-02 3.227341175079345703e-02 3.281976282596588135e-02 3.345783054828643799e-02 3.583019599318504333e-02 3.969344496726989746e-02 3.981956094503402710e-02 3.463872149586677551e-02 2.948257699608802795e-02 2.357195131480693817e-02 1.852384209632873535e-02 1.446745265275239944e-02 1.194913126528263092e-02 1.039562933146953583e-02 8.958540856838226318e-03 6.285883020609617233e-03 2.905484754592180252e-03 8.259178721345961094e-04 4.484562086872756481e-04 3.329247119836509228e-04 5.992644582875072956e-04 9.229290299117565155e-04 2.866239265131298453e-05 0.000000000000000000e+00 0.000000000000000000e+00 0.000000000000000000e+00 0.000000000000000000e+00 0.000000000000000000e+00 0.000000000000000000e+00 0.000000000000000000e+00 0.000000000000000000e+00 0.000000000000000000e+00 0.000000000000000000e+00 0.000000000000000000e+00 0.000000000000000000e+00 0.000000000000000000e+00 0.000000000000000000e+00 0.000000000000000000e+00 0.000000000000000000e+00 0.000000000000000000e+00 0.000000000000000000e+00 1.481889747083187103e-02 4.120823144912719727e-01 1.279354214668273926e+00 8.050463199615478516e-01 4.169531464576721191e-01 7.004117965698242188e-02 1.703868852928280830e-03 0.000000000000000000e+00 0.000000000000000000e+00 0.000000000000000000e+00 0.000000000000000000e+00 0.000000000000000000e+00 0.000000000000000000e+00 0.000000000000000000e+00 0.000000000000000000e+00 0.000000000000000000e+00 0.000000000000000000e+00 0.000000000000000000e+00 0.000000000000000000e+00 0.000000000000000000e+00 0.000000000000000000e+00 0.000000000000000000e+00 0.000000000000000000e+00 0.000000000000000000e+00 0.000000000000000000e+00 0.000000000000000000e+00 0.000000000000000000e+00 0.000000000000000000e+00 0.000000000000000000e+00 1.146495706052519381e-04 8.792740292847156525e-03 9.033063054084777832e-02 2.653978765010833740e-01 4.695746600627899170e-01 1.621374189853668213e-01 3.652029670774936676e-03 0.000000000000000000e+00 0.000000000000000000e+00 0.000000000000000000e+00 0.000000000000000000e+00 0.000000000000000000e+00 0.000000000000000000e+00 0.000000000000000000e+00 0.000000000000000000e+00 0.000000000000000000e+00 0.000000000000000000e+00 0.000000000000000000e+00 0.000000000000000000e+00 0.000000000000000000e+00 0.000000000000000000e+00
2.898005023598670959e-02 3.084686957299709320e-02 2.179269865155220032e-02 2.586934156715869904e-02 3.681398928165435791e-02 4.224885627627372742e-02 4.029332846403121948e-02 4.178757220506668091e-02 4.597855359315872192e-02 4.158847033977508545e-02 2.981785126030445099e-02 2.364374697208404541e-02 1.750118285417556763e-02 1.931083388626575470e-02 1.249014306813478470e-02 6.174105219542980194e-03 4.597066901624202728e-03 3.292067442089319229e-03 3.418230451643466949e-03 2.665194682776927948e-03 1.342453877441585064e-03 6.603847723454236984e-04 4.238290421199053526e-04 4.514272150117903948e-04 6.406718166545033455e-04 2.038321923464536667e-03 7.214950397610664368e-03 5.253508687019348145e-03 2.546916948631405830e-03 2.996372932102531195e-04 1.774168049450963736e-05 0.000000000000000000e+00 0.000000000000000000e+00 0.000000000000000000e+00 0.000000000000000000e+00 0.000000000000000000e+00 0.000000000000000000e+00 0.000000000000000000e+00 0.000000000000000000e+00 0.000000000000000000e+00 0.000000000000000000e+00 0.000000000000000000e+00 0.000000000000000000e+00 0.000000000000000000e+00 0.000000000000000000e+00 0.000000000000000000e+00 0.000000000000000000e+00 1.933843269944190979e-02 1.223986744880676270e+00 9.874665141105651855e-01 5.806615352630615234e-01 9.380617737770080566e-02 2.306418493390083313e-02 1.797823607921600342e-02 1.829758659005165100e-02 1.503311842679977417e-02 1.868790388107299805e-02 1.679545850493013859e-03 0.000000000000000000e+00 0.000000000000000000e+00 0.000000000000000000e+00 0.000000000000000000e+00 0.000000000000000000e+00 0.000000000000000000e+00 0.000000000000000000e+00 0.000000000000000000e+00 0.000000000000000000e+00 0.000000000000000000e+00 0.000000000000000000e+00 0.000000000000000000e+00 0.000000000000000000e+00 0.000000000000000000e+00 0.000000000000000000e+00 0.000000000000000000e+00 5.913893619435839355e-05 2.404983388260006905e-04 2.206276543438434601e-02 1.074278503656387329e-01 4.077905714511871338e-01 4.304447174072265625e-01 3.197445347905158997e-02 0.000000000000000000e+00 0.000000000000000000e+00 0.000000000000000000e+00 0.000000000000000000e+00 0.000000000000000000e+00 0.000000000000000000e+00 0.000000000000000000e+00 0.000000000000000000e+00 0.000000000000000000e+00 0.000000000000000000e+00 0.000000000000000000e+00 0.000000000000000000e+00 0.000000000000000000e+00 0.000000000000000000e+00 0.000000000000000000e+00
3.280830569565296173e-03 1.345617789775133133e-02 1.614317111670970917e-02 1.286175195127725601e-02 1.509570889174938202e-02 1.416489295661449432e-02 2.271720394492149353e-02 3.002057224512100220e-02 2.423243038356304169e-02 1.329947076737880707e-02 1.049347408115863800e-02 1.638589054346084595e-02 2.299703843891620636e-02 1.999014988541603088e-02 3.474770113825798035e-02 4.686833545565605164e-02 2.369338274002075195e-02 2.646462060511112213e-02 4.280396923422813416e-02 4.809724912047386169e-02 2.759220451116561890e-02 7.937265560030937195e-03 1.852794433943927288e-03 1.276042195968329906e-03 9.408307378180325031e-04 7.422960479743778706e-04 9.414198575541377068e-04 8.542295545339584351e-04 4.889727642876096070e-05 0.000000000000000000e+00 0.000000000000000000e+00 0.000000000000000000e+00 0.000000000000000000e+00 0.000000000000000000e+00 0.000000000000000000e+00 0.000000000000000000e+00 0.000000000000000000e+00 0.000000000000000000e+00 0.000000000000000000e+00 0.000000000000000000e+00 0.000000000000000000e+00 0.000000000000000000e+00 0.000000000000000000e+00 0.000000000000000000e+00 4.383081395644694567e-04 9.833655320107936859e-03 2.632853388786315918e-01 5.180130600929260254e-01 1.442387104034423828e-01 8.053275346755981445e-01 9.305175542831420898e-01 1.490848511457443237e-01 7.421192526817321777e-02 6.834425777196884155e-02 1.904166117310523987e-02 1.239280868321657181e-02 5.270301830023527145e-03 0.000000000000000000e+00 0.000000000000000000e+00 0.000000000000000000e+00 0.000000000000000000e+00 0.000000000000000000e+00 0.000000000000000000e+00 0.000000000000000000e+00 0.000000000000000000e+00 0.000000000000000000e+00 0.000000000000000000e+00 0.000000000000000000e+00 0.000000000000000000e+00 0.000000000000000000e+00 0.000000000000000000e+00 0.000000000000000000e+00 6.135135423392057419e-03 1.484827697277069092e-02 8.584712632000446320e-03 3.637250512838363647e-03 7.708096411079168320e-03 1.085519567131996155e-01 4.751318991184234619e-01 9.283412992954254150e-02 2.340447604656219482e-01 4.668217152357101440e-02 1.841601100750267506e-03 0.000000000000000000e+00 0.000000000000000000e+00 0.000000000000000000e+00 0.000000000000000000e+00 0.000000000000000000e+00 0.000000000000000000e+00 0.000000000000000000e+00 0.000000000000000000e+00 0.000000000000000000e+00 0.000000000000000000e+00 0.000000000000000000e+00 0.000000000000000000e+00 0.000000000000000000e+00
3.142816945910453796e-02 2.483999356627464294e-02 2.071115560829639435e-02 2.217699401080608368e-02 2.544242888689041138e-02 2.755629271268844604e-02 2.745582722127437592e-02 2.570224553346633911e-02 2.410704456269741058e-02 2.238084189593791962e-02 2.062550000846385956e-02 1.840983517467975616e-02 1.663731411099433899e-02 1.666165702044963837e-02 1.767287775874137878e-02 1.843690872192382812e-02 2.039536833763122559e-02 2.293999306857585907e-02 2.282471582293510437e-02 1.896352320909500122e-02 1.544252131134271622e-02 1.266685314476490021e-02 1.001720875501632690e-02 7.164020556956529617e-03 4.510369151830673218e-03 2.575099235400557518e-03 1.242749392986297607e-03 5.431261961348354816e-04 2.303141518495976925e-04 1.181923144031316042e-04 8.049461030168458819e-05 4.036871541757136583e-05 0.000000000000000000e+00 0.000000000000000000e+00 0.000000000000000000e+00 0.000000000000000000e+00 0.000000000000000000e+00 0.000000000000000000e+00 0.000000000000000000e+00 0.000000000000000000e+00 0.000000000000000000e+00 0.000000000000000000e+00 0.000000000000000000e+00 0.000000000000000000e+00 0.000000000000000000e+00 1.208912581205368042e-02 4.401744157075881958e-02 2.087873816490173340e-01 1.208263158798217773e+00 8.357515335083007812e-01 5.445369482040405273e-01 1.096128970384597778e-01 2.605512365698814392e-02 1.003195997327566147e-02 8.544812444597482681e-04 0.000000000000000000e+00 0.000000000000000000e+00 0.000000000000000000e+00 0.000000000000000000e+00 0.000000000000000000e+00 0.000000000000000000e+00 0.000000000000000000e+00 0.000000000000000000e+00 0.000000000000000000e+00 0.000000000000000000e+00 0.000000000000000000e+00 0.000000000000000000e+00 0.000000000000000000e+00 0.000000000000000000e+00 0.000000000000000000e+00 9.239275823347270489e-05 4.629350733011960983e-04 7.856420124880969524e-04 2.488898346200585365e-03 9.443973191082477570e-03 1.815803162753582001e-02 6.738819926977157593e-02 1.536355614662170410e-01 2.222937047481536865e-01 2.864225506782531738e-01 2.079807221889495850e-01 1.504921447485685349e-02 1.122905965894460678e-02 4.562332760542631149e-03 6.798941740271402523e-06 0.000000000000000000e+00 0.000000000000000000e+00 0.000000000000000000e+00 0.000000000000000000e+00 0.000000000000000000e+00 0.000000000000000000e+00 0.000000000000000000e+00 0.000000000000000000e+00 0.000000000000000000e+00 0.000000000000000000e+00 0.000000000000000000e+00
4.386349767446517944e-02 1.950117573142051697e-02 4.563419613987207413e-03 6.758074276149272919e-03 1.415687333792448044e-02 1.292504556477069855e-02 1.497344858944416046e-02 1.771829091012477875e-02 1.816401071846485138e-02 1.956733688712120056e-02 2.039087750017642975e-02 1.675546355545520782e-02 1.191956084221601486e-02 8.950117975473403931e-03 7.292591501027345657e-03 5.231130868196487427e-03 1.775659434497356415e-02 1.125637665390968323e-01 8.573692291975021362e-02 3.382171317934989929e-02 2.037955913692712784e-03 1.621833420358598232e-03 1.264037564396858215e-03 7.495429599657654762e-04 4.718377313110977411e-04 2.881518157664686441e-04 1.802037149900570512e-04 1.671454665483906865e-04 2.158962306566536427e-04 2.158962306566536427e-04 1.340645976597443223e-04 4.352746691438369453e-05 0.000000000000000000e+00 0.000000000000000000e+00 0.000000000000000000e+00 0.000000000000000000e+00 0.000000000000000000e+00 0.000000000000000000e+00 0.000000000000000000e+00 0.000000000000000000e+00 0.000000000000000000e+00 0.000000000000000000e+00 0.000000000000000000e+00 0.000000000000000000e+00 0.000000000000000000e+00 0.000000000000000000e+00 4.439801559783518314e-04 9.922120571136474609e-01 1.155769109725952148e+00 6.007103323936462402e-01 1.962287724018096924e-01 5.421259254217147827e-02 4.230869526509195566e-04 0.000000000000000000e+00 0.000000000000000000e+00 0.000000000000000000e+00 0.000000000000000000e+00 0.000000000000000000e+00 0.000000000000000000e+00 0.000000000000000000e+00 0.000000000000000000e+00 0.000000000000000000e+00 0.000000000000000000e+00 0.000000000000000000e+00 0.000000000000000000e+00 0.000000000000000000e+00 0.000000000000000000e+00 0.000000000000000000e+00 0.000000000000000000e+00 0.000000000000000000e+00 0.000000000000000000e+00 0.000000000000000000e+00 0.000000000000000000e+00 0.000000000000000000e+00 0.000000000000000000e+00 8.183163299690932035e-05 1.049708388745784760e-02 4.166623204946517944e-02 1.421937793493270874e-01 3.642221689224243164e-01 2.284060269594192505e-01 2.129328846931457520e-01 0.000000000000000000e+00 0.000000000000000000e+00 0.000000000000000000e+00 0.000000000000000000e+00 0.000000000000000000e+00 0.000000000000000000e+00 0.000000000000000000e+00 0.000000000000000000e+00 0.000000000000000000e+00 0.000000000000000000e+00 0.000000000000000000e+00 0.000000000000000000e+00 0.000000000000000000e+00 0.000000000000000000e+00
4.271079786121845245e-03 8.431836031377315521e-03 1.163908559828996658e-02 2.729708515107631683e-02 5.371946468949317932e-02 8.516942709684371948e-02 8.140268176794052124e-02 8.397163450717926025e-02 5.444444343447685242e-02 2.939322218298912048e-02 1.553191523998975754e-02 1.032308861613273621e-02 7.391646970063447952e-03 8.077226579189300537e-03 4.034672863781452179e-03 2.490149810910224915e-03 2.505910117179155350e-03 2.474389271810650826e-03 1.473601208999752998e-03 1.386918826028704643e-03 8.983451407402753830e-04 5.831363378092646599e-04 5.279748002067208290e-04 2.994483802467584610e-04 4.412923590280115604e-04 4.334121476858854294e-04 1.812450791476294398e-04 2.600472944322973490e-04 1.103230897570028901e-04 1.812450791476294398e-04 4.806934739463031292e-04 1.733648532535880804e-04 0.000000000000000000e+00 0.000000000000000000e+00 0.000000000000000000e+00 0.000000000000000000e+00 0.000000000000000000e+00 0.000000000000000000e+00 0.000000000000000000e+00 0.000000000000000000e+00 0.000000000000000000e+00 0.000000000000000000e+00 0.000000000000000000e+00 0.000000000000000000e+00 0.000000000000000000e+00 0.000000000000000000e+00 0.000000000000000000e+00 0.000000000000000000e+00 8.574941158294677734e-01 1.736453890800476074e+00 3.932860493659973145e-01 1.276595704257488251e-02 0.000000000000000000e+00 0.000000000000000000e+00 0.000000000000000000e+00 0.000000000000000000e+00 0.000000000000000000e+00 0.000000000000000000e+00 0.000000000000000000e+00 0.000000000000000000e+00 0.000000000000000000e+00 0.000000000000000000e+00 0.000000000000000000e+00 0.000000000000000000e+00 0.000000000000000000e+00 0.000000000000000000e+00 0.000000000000000000e+00 0.000000000000000000e+00 0.000000000000000000e+00 0.000000000000000000e+00 0.000000000000000000e+00 0.000000000000000000e+00 0.000000000000000000e+00 0.000000000000000000e+00 0.000000000000000000e+00 1.371158403344452381e-03 1.725768297910690308e-02 1.739637553691864014e-01 5.667769908905029297e-01 2.404412925243377686e-01 1.891252904897555709e-04 0.000000000000000000e+00 0.000000000000000000e+00 0.000000000000000000e+00 0.000000000000000000e+00 0.000000000000000000e+00 0.000000000000000000e+00 0.000000000000000000e+00 0.000000000000000000e+00 0.000000000000000000e+00 0.000000000000000000e+00 0.000000000000000000e+00 0.000000000000000000e+00 0.000000000000000000e+00 0.000000000000000000e+00 0.000000000000000000e+00
8.493208326399326324e-03 1.597238332033157349e-02 1.956004835665225983e-02 2.459302544593811035e-02 2.043168060481548309e-02 2.474041469395160675e-02 3.098379448056221008e-02 4.031961038708686829e-02 4.067606478929519653e-02 3.739451617002487183e-02 4.202841222286224365e-02 4.399298876523971558e-02 4.010419547557830811e-02 3.182957693934440613e-02 1.492887269705533981e-02 8.203419856727123260e-03 6.256076972931623459e-03 7.364438846707344055e-03 1.357788685709238052e-02 1.133758015930652618e-02 1.215343270450830460e-02 4.510542843490839005e-03 3.981758200097829103e-04 1.165503272204659879e-04 3.310573447379283607e-05 0.000000000000000000e+00 0.000000000000000000e+00 0.000000000000000000e+00 0.000000000000000000e+00 0.000000000000000000e+00 0.000000000000000000e+00 0.000000000000000000e+00 0.000000000000000000e+00 0.000000000000000000e+00 0.000000000000000000e+00 0.000000000000000000e+00 0.000000000000000000e+00 0.000000000000000000e+00 0.000000000000000000e+00 0.000000000000000000e+00 0.000000000000000000e+00 0.000000000000000000e+00 0.000000000000000000e+00 0.000000000000000000e+00 0.000000000000000000e+00 0.000000000000000000e+00 1.520505547523498535e-02 3.797318637371063232e-01 2.071697235107421875e+00 1.455554962158203125e-01 8.149180561304092407e-02 6.981591135263442993e-02 9.699073433876037598e-02 9.227792918682098389e-02 4.723417758941650391e-02 0.000000000000000000e+00 0.000000000000000000e+00 0.000000000000000000e+00 0.000000000000000000e+00 0.000000000000000000e+00 0.000000000000000000e+00 0.000000000000000000e+00 0.000000000000000000e+00 0.000000000000000000e+00 0.000000000000000000e+00 0.000000000000000000e+00 0.000000000000000000e+00 0.000000000000000000e+00 0.000000000000000000e+00 0.000000000000000000e+00 0.000000000000000000e+00 0.000000000000000000e+00 1.814012830436695367e-05 7.528153219027444720e-05 2.512407954782247543e-04 1.227633189409971237e-02 4.072186723351478577e-02 5.255286023020744324e-02 4.790626466274261475e-02 4.137074053287506104e-01 3.984560966491699219e-01 3.403450921177864075e-02 0.000000000000000000e+00 0.000000000000000000e+00 0.000000000000000000e+00 0.000000000000000000e+00 0.000000000000000000e+00 0.000000000000000000e+00 0.000000000000000000e+00 0.000000000000000000e+00 0.000000000000000000e+00 0.000000000000000000e+00 0.000000000000000000e+00 0.000000000000000000e+00 0.000000000000000000e+00 0.000000000000000000e+00
2.750307321548461914e-02 1.229660399258136749e-02 1.006816513836383820e-02 1.070090755820274353e-02 1.151052489876747131e-02 1.218552514910697937e-02 1.249998155981302261e-02 1.334814913570880890e-02 1.517835911363363266e-02 1.709691435098648071e-02 1.823600009083747864e-02 1.902875117957592010e-02 2.122308872640132904e-02 2.386223711073398590e-02 2.592028863728046417e-02 2.705906517803668976e-02 2.629442326724529266e-02 2.565191872417926788e-02 2.511085756123065948e-02 2.602092735469341278e-02 2.443387918174266815e-02 2.118466235697269440e-02 1.972074061632156372e-02 2.170305140316486359e-02 2.056044340133666992e-02 6.941207684576511383e-03 1.811553025618195534e-03 9.877267293632030487e-04 6.404037121683359146e-04 3.910626692231744528e-04 3.661656228359788656e-04 4.633443895727396011e-04 0.000000000000000000e+00 0.000000000000000000e+00 0.000000000000000000e+00 0.000000000000000000e+00 0.000000000000000000e+00 0.000000000000000000e+00 0.000000000000000000e+00 0.000000000000000000e+00 0.000000000000000000e+00 0.000000000000000000e+00 0.000000000000000000e+00 9.217217564582824707e-03 1.019153818488121033e-01 2.093048840761184692e-01 2.074896991252899170e-01 4.092847108840942383e-01 1.278668880462646484e+00 6.480104923248291016e-01 1.251189261674880981e-01 1.060539670288562775e-02 3.843904996756464243e-04 0.000000000000000000e+00 0.000000000000000000e+00 0.000000000000000000e+00 0.000000000000000000e+00 0.000000000000000000e+00 0.000000000000000000e+00 0.000000000000000000e+00 0.000000000000000000e+00 0.000000000000000000e+00 0.000000000000000000e+00 0.000000000000000000e+00 0.000000000000000000e+00 0.000000000000000000e+00 0.000000000000000000e+00 0.000000000000000000e+00 0.000000000000000000e+00 0.000000000000000000e+00 0.000000000000000000e+00 0.000000000000000000e+00 0.000000000000000000e+00 0.000000000000000000e+00 3.990939876530319452e-05 2.360461745411157608e-03 1.584328897297382355e-02 8.317662030458450317e-02 2.291766852140426636e-01 3.722953796386718750e-01 1.997026652097702026e-01 4.955313727259635925e-02 4.370462149381637573e-02 4.147241357713937759e-03 0.000000000000000000e+00 0.000000000000000000e+00 0.000000000000000000e+00 0.000000000000000000e+00 0.000000000000000000e+00 0.000000000000000000e+00 0.000000000000000000e+00 0.000000000000000000e+00 0.000000000000000000e+00 0.000000000000000000e+00 0.000000000000000000e+00 0.000000000000000000e+00
2.411116875009611249e-04 1.216972013935446739e-03 5.027677863836288452e-03 1.565371267497539520e-02 2.853392623364925385e-02 2.304970659315586090e-02 1.507304701954126358e-02 1.643126085400581360e-02 2.179421298205852509e-02 3.084660135209560394e-02 4.203617945313453674e-02 2.579466998577117920e-02 1.540261413902044296e-02 1.773954182863235474e-02 2.295697107911109924e-02 2.546082250773906708e-02 1.791217178106307983e-02 1.547252200543880463e-02 2.153598144650459290e-02 1.978970505297183990e-02 1.788221113383769989e-02 3.248587623238563538e-02 2.430091798305511475e-02 2.049306593835353851e-02 1.214831974357366562e-02 6.230382714420557022e-03 2.997488947585225105e-03 1.024367986246943474e-03 3.595274756662547588e-04 1.084289251593872905e-04 0.000000000000000000e+00 0.000000000000000000e+00 0.000000000000000000e+00 0.000000000000000000e+00 0.000000000000000000e+00 0.000000000000000000e+00 0.000000000000000000e+00 0.000000000000000000e+00 0.000000000000000000e+00 0.000000000000000000e+00 0.000000000000000000e+00 0.000000000000000000e+00 0.000000000000000000e+00 1.591251492500305176e-01 1.436483561992645264e-01 6.473206728696823120e-02 4.306882619857788086e-01 5.017120242118835449e-01 2.647149562835693359e-01 3.346002399921417236e-01 4.047508835792541504e-01 5.734120607376098633e-01 3.045711480081081390e-02 4.111453518271446228e-02 2.087827399373054504e-02 6.967985071241855621e-03 9.082349017262458801e-03 7.806882262229919434e-03 5.872282199561595917e-03 4.365690692793577909e-04 0.000000000000000000e+00 0.000000000000000000e+00 0.000000000000000000e+00 0.000000000000000000e+00 0.000000000000000000e+00 0.000000000000000000e+00 0.000000000000000000e+00 0.000000000000000000e+00 0.000000000000000000e+00 0.000000000000000000e+00 2.197112335124984384e-04 1.036352198570966721e-02 5.826627835631370544e-03 4.531187471002340317e-03 5.561262369155883789e-03 2.838269621133804321e-02 2.057267576456069946e-01 1.907550096511840820e-01 1.220339015126228333e-01 8.732237666845321655e-02 1.056868135929107666e-01 4.711522161960601807e-02 3.858928382396697998e-02 5.249672010540962219e-02 9.187353402376174927e-02 3.515379736199975014e-03 0.000000000000000000e+00 0.000000000000000000e+00 0.000000000000000000e+00 0.000000000000000000e+00 0.000000000000000000e+00 0.000000000000000000e+00 0.000000000000000000e+00 0.000000000000000000e+00 0.000000000000000000e+00 0.000000000000000000e+00
6.955046046641655266e-06 1.347540182905504480e-05 9.128498277277685702e-06 8.259116839326452464e-06 9.563188541505951434e-06 9.563188541505951434e-06 9.128498277277685702e-06 1.869168590928893536e-05 3.912213287549093366e-05 1.264948950847610831e-04 5.485792644321918488e-04 2.561195753514766693e-03 1.070207729935646057e-02 2.636092901229858398e-02 4.148989170789718628e-02 5.242974683642387390e-02 8.210866898298263550e-02 9.295418858528137207e-02 6.287579238414764404e-02 4.564553126692771912e-02 2.879736758768558502e-02 2.623660676181316376e-02 1.882339827716350555e-02 5.280618555843830109e-03 8.837255300022661686e-04 5.985686439089477062e-04 5.046755541115999222e-04 3.755724756047129631e-04 3.338422102387994528e-04 2.286471426486968994e-04 9.997878805734217167e-06 0.000000000000000000e+00 0.000000000000000000e+00 0.000000000000000000e+00 0.000000000000000000e+00 0.000000000000000000e+00 0.000000000000000000e+00 0.000000000000000000e+00 0.000000000000000000e+00 0.000000000000000000e+00 0.000000000000000000e+00 0.000000000000000000e+00 0.000000000000000000e+00 0.000000000000000000e+00 0.000000000000000000e+00 0.000000000000000000e+00 1.070172935724258423e-01 4.309824705123901367e-01 9.325673431158065796e-02 3.428142145276069641e-02 1.187200248241424561e-01 1.013125061988830566e+00 1.188632249832153320e+00 4.738994874060153961e-03 4.084351006895303726e-03 4.705088678747415543e-03 4.564248956739902496e-04 0.000000000000000000e+00 0.000000000000000000e+00 0.000000000000000000e+00 0.000000000000000000e+00 0.000000000000000000e+00 0.000000000000000000e+00 0.000000000000000000e+00 0.000000000000000000e+00 0.000000000000000000e+00 0.000000000000000000e+00 0.000000000000000000e+00 0.000000000000000000e+00 0.000000000000000000e+00 0.000000000000000000e+00 0.000000000000000000e+00 1.643998920917510986e-02 1.727277040481567383e-01 1.072650700807571411e-01 4.559032618999481201e-01 1.808398962020874023e-02 1.212699245661497116e-02 1.560712326318025589e-02 1.157484874129295349e-01 8.584352582693099976e-02 2.538591797929257154e-04 0.000000000000000000e+00 0.000000000000000000e+00 0.000000000000000000e+00 0.000000000000000000e+00 0.000000000000000000e+00 0.000000000000000000e+00 0.000000000000000000e+00 0.000000000000000000e+00 0.000000000000000000e+00 0.000000000000000000e+00 0.000000000000000000e+00 0.000000000000000000e+00 0.000000000000000000e+00 0.000000000000000000e+00
6.835215026512742043e-05 2.509372774511575699e-03 3.817445365712046623e-03 2.880171872675418854e-03 4.990153945982456207e-03 1.025148201733827591e-02 1.421680022031068802e-02 9.108259342610836029e-03 5.929213948547840118e-03 8.413569070398807526e-03 2.157292142510414124e-02 2.094747684895992279e-02 2.189725823700428009e-02 2.390940301120281219e-02 2.842422015964984894e-02 3.545734286308288574e-02 4.522544518113136292e-02 4.729432612657546997e-02 3.786083683371543884e-02 2.427975647151470184e-02 3.065839596092700958e-02 3.674218431115150452e-02 2.852026931941509247e-02 1.736591383814811707e-02 6.676173303276300430e-03 5.557967815548181534e-03 4.352200310677289963e-03 9.926698403432965279e-04 7.952080341055989265e-05 8.934921424952335656e-07 0.000000000000000000e+00 0.000000000000000000e+00 0.000000000000000000e+00 0.000000000000000000e+00 0.000000000000000000e+00 0.000000000000000000e+00 0.000000000000000000e+00 0.000000000000000000e+00 0.000000000000000000e+00 0.000000000000000000e+00 0.000000000000000000e+00 0.000000000000000000e+00 0.000000000000000000e+00 0.000000000000000000e+00 0.000000000000000000e+00 0.000000000000000000e+00 0.000000000000000000e+00 0.000000000000000000e+00 1.265184953808784485e-03 5.687167122960090637e-02 3.883394002914428711e-01 6.092749834060668945e-01 7.716207504272460938e-01 4.478942155838012695e-01 5.357468128204345703e-01 1.889280378818511963e-01 5.897047958569601178e-05 0.000000000000000000e+00 0.000000000000000000e+00 0.000000000000000000e+00 0.000000000000000000e+00 0.000000000000000000e+00 0.000000000000000000e+00 0.000000000000000000e+00 0.000000000000000000e+00 0.000000000000000000e+00 0.000000000000000000e+00 0.000000000000000000e+00 0.000000000000000000e+00 0.000000000000000000e+00 0.000000000000000000e+00 0.000000000000000000e+00 6.611841672565788031e-05 3.588979318737983704e-02 1.679792106151580811e-01 4.935221672058105469e-01 1.996472477912902832e-01 7.139717042446136475e-02 2.441467344760894775e-02 7.083605974912643433e-03 0.000000000000000000e+00 0.000000000000000000e+00 0.000000000000000000e+00 0.000000000000000000e+00 0.000000000000000000e+00 0.000000000000000000e+00 0.000000000000000000e+00 0.000000000000000000e+00 0.000000000000000000e+00 0.000000000000000000e+00 0.000000000000000000e+00 0.000000000000000000e+00 0.000000000000000000e+00 0.000000000000000000e+00 0.000000000000000000e+00 0.000000000000000000e+00
3.929343947675079107e-04 7.221341133117675781e-03 1.696467213332653046e-02 1.263590529561042786e-02 1.772170141339302063e-02 2.612833492457866669e-02 2.132732607424259186e-02 4.131795093417167664e-02 3.280245140194892883e-02 2.037563174962997437e-02 1.397981215268373489e-02 9.567411616444587708e-03 5.351838655769824982e-03 4.989906214177608490e-03 5.488103721290826797e-03 5.739004816859960556e-03 6.842105183750391006e-03 1.134390756487846375e-02 2.461283281445503235e-02 5.462869629263877869e-02 8.410093933343887329e-02 4.296034574508666992e-02 2.066546492278575897e-02 8.379235863685607910e-03 9.610670385882258415e-04 5.551549838855862617e-04 2.883922134060412645e-04 3.085796779487282038e-04 3.294881025794893503e-04 2.653208503033965826e-04 4.376351716928184032e-04 1.316510490141808987e-03 0.000000000000000000e+00 0.000000000000000000e+00 0.000000000000000000e+00 0.000000000000000000e+00 0.000000000000000000e+00 0.000000000000000000e+00 0.000000000000000000e+00 0.000000000000000000e+00 0.000000000000000000e+00 0.000000000000000000e+00 0.000000000000000000e+00 0.000000000000000000e+00 0.000000000000000000e+00 0.000000000000000000e+00 0.000000000000000000e+00 8.651766984257847071e-05 8.146892786026000977e-01 1.956415176391601562e+00 2.061283439397811890e-01 1.160634495317935944e-02 5.255948286503553391e-03 4.135544411838054657e-03 1.682768575847148895e-03 0.000000000000000000e+00 0.000000000000000000e+00 0.000000000000000000e+00 0.000000000000000000e+00 0.000000000000000000e+00 0.000000000000000000e+00 0.000000000000000000e+00 0.000000000000000000e+00 0.000000000000000000e+00 0.000000000000000000e+00 0.000000000000000000e+00 0.000000000000000000e+00 0.000000000000000000e+00 0.000000000000000000e+00 0.000000000000000000e+00 0.000000000000000000e+00 0.000000000000000000e+00 0.000000000000000000e+00 0.000000000000000000e+00 0.000000000000000000e+00 4.325883310229983181e-06 3.899062750861048698e-03 5.277087092399597168e-01 1.747628003358840942e-01 2.932689189910888672e-01 3.561643825378268957e-04 0.000000000000000000e+00 0.000000000000000000e+00 0.000000000000000000e+00 0.000000000000000000e+00 0.000000000000000000e+00 0.000000000000000000e+00 0.000000000000000000e+00 0.000000000000000000e+00 0.000000000000000000e+00 0.000000000000000000e+00 0.000000000000000000e+00 0.000000000000000000e+00 0.000000000000000000e+00 0.000000000000000000e+00 0.000000000000000000e+00
7.554201874881982803e-03 6.332261953502893448e-03 7.319734897464513779e-03 9.647208265960216522e-03 9.715002030134201050e-03 1.075042691081762314e-02 1.577377319335937500e-02 2.147605083882808685e-02 2.522818371653556824e-02 2.738997526466846466e-02 2.724314481019973755e-02 3.087093494832515717e-02 3.452749550342559814e-02 3.877171128988265991e-02 3.959747031331062317e-02 3.706827014684677124e-02 2.840357460081577301e-02 2.117577381432056427e-02 1.775963418185710907e-02 1.463417895138263702e-02 1.188340783119201660e-02 1.054770685732364655e-02 1.012209523469209671e-02 9.801976382732391357e-03 8.984483778476715088e-03 5.701284389942884445e-03 4.060015548020601273e-03 2.889334224164485931e-03 1.756022102199494839e-03 1.244427636265754700e-03 8.465944556519389153e-04 9.236477781087160110e-04 0.000000000000000000e+00 0.000000000000000000e+00 0.000000000000000000e+00 0.000000000000000000e+00 0.000000000000000000e+00 0.000000000000000000e+00 0.000000000000000000e+00 0.000000000000000000e+00 0.000000000000000000e+00 0.000000000000000000e+00 8.135243115248158574e-05 2.144926460459828377e-03 3.523949533700942993e-02 9.398984909057617188e-02 2.463847696781158447e-01 5.018730759620666504e-01 1.160504341125488281e+00 3.665343821048736572e-01 1.383368372917175293e-01 1.774693429470062256e-01 2.318107783794403076e-01 4.444025456905364990e-02 1.190523384138941765e-03 0.000000000000000000e+00 0.000000000000000000e+00 0.000000000000000000e+00 0.000000000000000000e+00 0.000000000000000000e+00 0.000000000000000000e+00 0.000000000000000000e+00 0.000000000000000000e+00 0.000000000000000000e+00 0.000000000000000000e+00 0.000000000000000000e+00 0.000000000000000000e+00 0.000000000000000000e+00 0.000000000000000000e+00 0.000000000000000000e+00 0.000000000000000000e+00 0.000000000000000000e+00 2.447187143843621016e-04 6.887177936732769012e-03 2.166157402098178864e-02 7.238448411226272583e-02 1.145376116037368774e-01 1.246828585863113403e-01 2.364611029624938965e-01 3.324735164642333984e-01 7.821011543273925781e-02 1.185695175081491470e-02 5.998915294185280800e-04 0.000000000000000000e+00 0.000000000000000000e+00 0.000000000000000000e+00 0.000000000000000000e+00 0.000000000000000000e+00 0.000000000000000000e+00 0.000000000000000000e+00 0.000000000000000000e+00 0.000000000000000000e+00 0.000000000000000000e+00 0.000000000000000000e+00 0.000000000000000000e+00 0.000000000000000000e+00
4.274356178939342499e-03 4.131685942411422729e-03 5.173845216631889343e-02 1.496746987104415894e-01 1.119516268372535706e-01 6.414680182933807373e-02 4.286629706621170044e-02 3.731543570756912231e-02 2.185916528105735779e-02 7.267336361110210419e-03 1.705843489617109299e-03 4.621284897439181805e-04 2.321719366591423750e-04 1.160859683295711875e-04 7.487988477805629373e-05 7.620910764671862125e-05 7.222142448881641030e-05 7.665218436159193516e-05 1.027936814352869987e-04 1.798889425117522478e-04 2.268550306325778365e-04 2.552118967287242413e-04 2.042581327259540558e-04 1.630520564503967762e-04 1.657105021877214313e-04 1.918519992614164948e-04 3.008487692568451166e-04 1.639382098801434040e-04 3.544609853634028696e-06 0.000000000000000000e+00 0.000000000000000000e+00 0.000000000000000000e+00 0.000000000000000000e+00 0.000000000000000000e+00 0.000000000000000000e+00 0.000000000000000000e+00 0.000000000000000000e+00 0.000000000000000000e+00 0.000000000000000000e+00 0.000000000000000000e+00 0.000000000000000000e+00 0.000000000000000000e+00 0.000000000000000000e+00 0.000000000000000000e+00 0.000000000000000000e+00 0.000000000000000000e+00 0.000000000000000000e+00 2.179935108870267868e-04 2.967473745346069336e+00 3.230823203921318054e-02 0.000000000000000000e+00 0.000000000000000000e+00 0.000000000000000000e+00 0.000000000000000000e+00 0.000000000000000000e+00 0.000000000000000000e+00 0.000000000000000000e+00 0.000000000000000000e+00 0.000000000000000000e+00 0.000000000000000000e+00 0.000000000000000000e+00 0.000000000000000000e+00 0.000000000000000000e+00 0.000000000000000000e+00 0.000000000000000000e+00 0.000000000000000000e+00 0.000000000000000000e+00 0.000000000000000000e+00 0.000000000000000000e+00 0.000000000000000000e+00 0.000000000000000000e+00 0.000000000000000000e+00 0.000000000000000000e+00 0.000000000000000000e+00 0.000000000000000000e+00 0.000000000000000000e+00 0.000000000000000000e+00 4.430762146512279287e-06 1.573363691568374634e-02 9.815653562545776367e-01 2.696561859920620918e-03 0.000000000000000000e+00 0.000000000000000000e+00 0.000000000000000000e+00 0.000000000000000000e+00 0.000000000000000000e+00 0.000000000000000000e+00 0.000000000000000000e+00 0.000000000000000000e+00 0.000000000000000000e+00 0.000000000000000000e+00 0.000000000000000000e+00 0.000000000000000000e+00 0.000000000000000000e+00 0.000000000000000000e+00 0.000000000000000000e+00
7.100983111740788445e-06 2.282458808622322977e-05 1.668223761953413486e-03 5.590502638369798660e-03 3.107238002121448517e-02 3.946016356348991394e-02 4.437607154250144958e-02 4.231729358434677124e-02 2.871992625296115875e-02 2.328818105161190033e-02 2.157532237470149994e-02 2.809808216989040375e-02 3.460866957902908325e-02 3.082080185413360596e-02 2.772730961441993713e-02 3.929379582405090332e-02 4.178522899746894836e-02 2.411240339279174805e-02 1.047750096768140793e-02 8.671822026371955872e-03 6.747962906956672668e-03 3.246163716539740562e-03 1.669745426625013351e-03 8.292933925986289978e-04 3.804097941610962152e-04 3.839602868538349867e-04 4.504052049014717340e-04 5.741651984862983227e-04 4.037416074424982071e-04 1.957842468982562423e-04 3.971478436142206192e-04 1.027613645419478416e-03 0.000000000000000000e+00 0.000000000000000000e+00 0.000000000000000000e+00 0.000000000000000000e+00 0.000000000000000000e+00 0.000000000000000000e+00 0.000000000000000000e+00 0.000000000000000000e+00 0.000000000000000000e+00 0.000000000000000000e+00 0.000000000000000000e+00 0.000000000000000000e+00 0.000000000000000000e+00 0.000000000000000000e+00 0.000000000000000000e+00 2.442535199224948883e-02 2.224070549011230469e+00 1.293788999319076538e-01 1.426415145397186279e-01 2.039331346750259399e-01 2.288362830877304077e-01 4.670215025544166565e-02 1.217311364598572254e-05 0.000000000000000000e+00 0.000000000000000000e+00 0.000000000000000000e+00 0.000000000000000000e+00 0.000000000000000000e+00 0.000000000000000000e+00 0.000000000000000000e+00 0.000000000000000000e+00 0.000000000000000000e+00 0.000000000000000000e+00 0.000000000000000000e+00 0.000000000000000000e+00 0.000000000000000000e+00 0.000000000000000000e+00 0.000000000000000000e+00 0.000000000000000000e+00 0.000000000000000000e+00 0.000000000000000000e+00 0.000000000000000000e+00 4.777947324328124523e-04 2.583946287631988525e-02 6.682734936475753784e-02 7.751534879207611084e-02 1.295503377914428711e-01 6.852114200592041016e-01 1.457831822335720062e-02 0.000000000000000000e+00 0.000000000000000000e+00 0.000000000000000000e+00 0.000000000000000000e+00 0.000000000000000000e+00 0.000000000000000000e+00 0.000000000000000000e+00 0.000000000000000000e+00 0.000000000000000000e+00 0.000000000000000000e+00 0.000000000000000000e+00 0.000000000000000000e+00 0.000000000000000000e+00 0.000000000000000000e+00 0.000000000000000000e+00
8.531593717634677887e-03 8.985764347016811371e-03 2.979498915374279022e-02 4.009375348687171936e-02 3.426257520914077759e-02 3.067758679389953613e-02 3.860054537653923035e-02 6.008450314402580261e-02 6.390885263681411743e-02 5.551178380846977234e-02 3.322689235210418701e-02 9.242664091289043427e-03 3.250558394938707352e-03 3.205177374184131622e-03 2.963184611871838570e-03 2.772679552435874939e-03 4.135610535740852356e-03 9.505311958491802216e-03 1.562553830444812775e-02 1.358644105494022369e-02 8.447057567536830902e-03 5.290015600621700287e-03 3.697604639455676079e-03 2.938338555395603180e-03 2.484407508745789528e-03 1.964021241292357445e-03 1.409988268278539181e-03 1.050770864821970463e-03 9.080417803488671780e-04 9.345041471533477306e-04 1.314735738560557365e-03 1.594506320543587208e-03 0.000000000000000000e+00 0.000000000000000000e+00 0.000000000000000000e+00 0.000000000000000000e+00 0.000000000000000000e+00 0.000000000000000000e+00 0.000000000000000000e+00 0.000000000000000000e+00 0.000000000000000000e+00 0.000000000000000000e+00 0.000000000000000000e+00 0.000000000000000000e+00 0.000000000000000000e+00 7.543565880041569471e-05 2.183959484100341797e-01 5.953328609466552734e-01 6.356449127197265625e-01 5.425368249416351318e-02 8.030664175748825073e-03 4.551033303141593933e-02 9.221434593200683594e-02 2.387373447418212891e-01 6.185932159423828125e-01 4.932112693786621094e-01 0.000000000000000000e+00 0.000000000000000000e+00 0.000000000000000000e+00 0.000000000000000000e+00 0.000000000000000000e+00 0.000000000000000000e+00 0.000000000000000000e+00 0.000000000000000000e+00 0.000000000000000000e+00 0.000000000000000000e+00 0.000000000000000000e+00 0.000000000000000000e+00 0.000000000000000000e+00 0.000000000000000000e+00 0.000000000000000000e+00 0.000000000000000000e+00 0.000000000000000000e+00 0.000000000000000000e+00 0.000000000000000000e+00 2.063701748847961426e-01 2.357001602649688721e-01 5.111029371619224548e-02 1.276873052120208740e-01 6.902458518743515015e-02 5.481981113553047180e-02 8.645153790712356567e-02 1.412218958139419556e-01 2.758622169494628906e-02 2.011617652897257358e-05 7.902783181634731591e-06 0.000000000000000000e+00 0.000000000000000000e+00 0.000000000000000000e+00 0.000000000000000000e+00 0.000000000000000000e+00 0.000000000000000000e+00 0.000000000000000000e+00 0.000000000000000000e+00 0.000000000000000000e+00 0.000000000000000000e+00
4.960211925208568573e-03 6.678598001599311829e-03 1.290691643953323364e-02 1.388212665915489197e-02 1.592764258384704590e-02 2.777994424104690552e-02 4.224168136715888977e-02 4.155413806438446045e-02 2.652942948043346405e-02 2.403886429965496063e-02 1.176195964217185974e-02 2.354769222438335419e-02 2.617329545319080353e-02 2.032155729830265045e-02 8.230091072618961334e-03 4.335430450737476349e-03 4.564136732369661331e-03 5.542200058698654175e-03 6.469386629760265350e-03 1.726659573614597321e-02 3.150438144803047180e-02 1.052856352180242538e-02 1.777963899075984955e-02 3.647220134735107422e-02 5.350723862648010254e-02 5.366747733205556870e-03 1.288552011828869581e-04 4.754804194817552343e-07 0.000000000000000000e+00 0.000000000000000000e+00 0.000000000000000000e+00 0.000000000000000000e+00 0.000000000000000000e+00 0.000000000000000000e+00 0.000000000000000000e+00 0.000000000000000000e+00 0.000000000000000000e+00 0.000000000000000000e+00 0.000000000000000000e+00 0.000000000000000000e+00 0.000000000000000000e+00 0.000000000000000000e+00 0.000000000000000000e+00 0.000000000000000000e+00 0.000000000000000000e+00 0.000000000000000000e+00 0.000000000000000000e+00 3.099428713321685791e-01 1.314374327659606934e+00 1.199525833129882812e+00 1.693813502788543701e-01 6.775596179068088531e-03 0.000000000000000000e+00 0.000000000000000000e+00 0.000000000000000000e+00 0.000000000000000000e+00 0.000000000000000000e+00 0.000000000000000000e+00 0.000000000000000000e+00 0.000000000000000000e+00 0.000000000000000000e+00 0.000000000000000000e+00 0.000000000000000000e+00 0.000000000000000000e+00 0.000000000000000000e+00 0.000000000000000000e+00 0.000000000000000000e+00 0.000000000000000000e+00 0.000000000000000000e+00 0.000000000000000000e+00 0.000000000000000000e+00 0.000000000000000000e+00 0.000000000000000000e+00 0.000000000000000000e+00 0.000000000000000000e+00 0.000000000000000000e+00 0.000000000000000000e+00 1.350364414975047112e-03 2.338764518499374390e-01 5.212910771369934082e-01 1.812693029642105103e-01 6.221280992031097412e-02 0.000000000000000000e+00 0.000000000000000000e+00 0.000000000000000000e+00 0.000000000000000000e+00 0.000000000000000000e+00 0.000000000000000000e+00 0.000000000000000000e+00 0.000000000000000000e+00 0.000000000000000000e+00 0.000000000000000000e+00 0.000000000000000000e+00 0.000000000000000000e+00 0.000000000000000000e+00 0.000000000000000000e+00
5.026309281674912199e-06 2.010523712669964880e-05 7.647170423297211528e-05 2.150542277377098799e-04 9.639742784202098846e-04 2.093816874548792839e-03 1.736230798996984959e-03 1.247960724867880344e-03 4.218868445605039597e-03 4.204435646533966064e-02 6.987467408180236816e-02 8.937926590442657471e-02 7.235551625490188599e-02 2.888512238860130310e-02 8.312797173857688904e-03 8.103487081825733185e-03 6.444805301725864410e-03 5.028463434427976608e-03 5.957253277301788330e-03 5.458212923258543015e-03 5.203307140618562698e-03 6.889274809509515762e-03 1.487177144736051559e-02 3.949961066246032715e-02 4.396979510784149170e-02 2.600971423089504242e-02 1.053119450807571411e-02 5.467906012199819088e-04 5.241722465143539011e-05 3.949242909584427252e-06 7.180441343734855764e-07 0.000000000000000000e+00 0.000000000000000000e+00 0.000000000000000000e+00 0.000000000000000000e+00 0.000000000000000000e+00 0.000000000000000000e+00 0.000000000000000000e+00 0.000000000000000000e+00 0.000000000000000000e+00 0.000000000000000000e+00 0.000000000000000000e+00 0.000000000000000000e+00 0.000000000000000000e+00 0.000000000000000000e+00 0.000000000000000000e+00 0.000000000000000000e+00 1.077066190191544592e-05 2.700110197067260742e+00 9.815089404582977295e-02 1.646963506937026978e-01 3.700799494981765747e-02 2.369545836700126529e-05 0.000000000000000000e+00 0.000000000000000000e+00 0.000000000000000000e+00 0.000000000000000000e+00 0.000000000000000000e+00 0.000000000000000000e+00 0.000000000000000000e+00 0.000000000000000000e+00 0.000000000000000000e+00 0.000000000000000000e+00 0.000000000000000000e+00 0.000000000000000000e+00 0.000000000000000000e+00 0.000000000000000000e+00 0.000000000000000000e+00 0.000000000000000000e+00 0.000000000000000000e+00 0.000000000000000000e+00 0.000000000000000000e+00 0.000000000000000000e+00 0.000000000000000000e+00 0.000000000000000000e+00 3.159394327667541802e-05 6.868810392916202545e-03 5.126763507723808289e-02 3.119614720344543457e-02 9.105640053749084473e-01 7.180441753007471561e-05 0.000000000000000000e+00 0.000000000000000000e+00 0.000000000000000000e+00 0.000000000000000000e+00 0.000000000000000000e+00 0.000000000000000000e+00 0.000000000000000000e+00 0.000000000000000000e+00 0.000000000000000000e+00 0.000000000000000000e+00 0.000000000000000000e+00 0.000000000000000000e+00 0.000000000000000000e+00 0.000000000000000000e+00 0.000000000000000000e+00
2.455945126712322235e-02 4.851131141185760498e-02 4.412697255611419678e-02 3.870128467679023743e-02 3.464088588953018188e-02 3.759683296084403992e-02 3.702703863382339478e-02 3.341072052717208862e-02 2.886678092181682587e-02 2.425457350909709930e-02 1.768164336681365967e-02 1.332227792590856552e-02 9.812025353312492371e-03 7.324967533349990845e-03 5.834381561726331711e-03 5.855361931025981903e-03 7.319223135709762573e-03 1.117581408470869064e-02 1.270195003598928452e-02 1.445578597486019135e-02 1.197372470051050186e-02 8.259081281721591949e-03 7.022005040198564529e-03 4.978526849299669266e-03 2.907491754740476608e-03 2.089184708893299103e-03 1.763826701790094376e-03 1.086968812160193920e-03 7.306401967070996761e-04 5.941863055340945721e-04 6.810206105001270771e-04 7.340536103583872318e-04 0.000000000000000000e+00 0.000000000000000000e+00 0.000000000000000000e+00 0.000000000000000000e+00 0.000000000000000000e+00 0.000000000000000000e+00 0.000000000000000000e+00 0.000000000000000000e+00 0.000000000000000000e+00 0.000000000000000000e+00 0.000000000000000000e+00 0.000000000000000000e+00 0.000000000000000000e+00 0.000000000000000000e+00 3.051605075597763062e-03 1.181948706507682800e-01 8.950424194335937500e-01 1.172457695007324219e+00 5.630258917808532715e-01 2.291356176137924194e-01 1.908239722251892090e-02 9.490996490058023483e-06 0.000000000000000000e+00 0.000000000000000000e+00 0.000000000000000000e+00 0.000000000000000000e+00 0.000000000000000000e+00 0.000000000000000000e+00 0.000000000000000000e+00 0.000000000000000000e+00 0.000000000000000000e+00 0.000000000000000000e+00 0.000000000000000000e+00 0.000000000000000000e+00 0.000000000000000000e+00 0.000000000000000000e+00 0.000000000000000000e+00 0.000000000000000000e+00 0.000000000000000000e+00 0.000000000000000000e+00 4.279273707652464509e-05 2.631670096889138222e-03 1.134290639311075211e-02 4.323431849479675293e-02 1.210113689303398132e-01 2.074630260467529297e-01 2.541064321994781494e-01 3.218696415424346924e-01 3.538743034005165100e-02 2.910405630245804787e-03 0.000000000000000000e+00 0.000000000000000000e+00 0.000000000000000000e+00 0.000000000000000000e+00 0.000000000000000000e+00 0.000000000000000000e+00 0.000000000000000000e+00 0.000000000000000000e+00 0.000000000000000000e+00 0.000000000000000000e+00 0.000000000000000000e+00 0.000000000000000000e+00 0.000000000000000000e+00 0.000000000000000000e+00
8.452511392533779144e-03 9.935430251061916351e-03 1.386504899710416794e-02 1.719705015420913696e-02 2.091413363814353943e-02 2.945589646697044373e-02 3.211037069559097290e-02 2.707684785127639771e-02 2.627615630626678467e-02 2.914167754352092743e-02 3.372186794877052307e-02 3.918480128049850464e-02 2.080685645341873169e-02 1.373569574207067490e-02 1.408680621534585953e-02 1.397857535630464554e-02 1.344551425427198410e-02 1.067852601408958435e-02 9.930075146257877350e-03 9.339597076177597046e-03 9.244992397725582123e-03 9.041561745107173920e-03 9.107428602874279022e-03 1.031777728348970413e-02 1.533874589949846268e-02 2.285722643136978149e-02 1.864022202789783478e-02 8.689857088029384613e-03 2.164491452276706696e-03 7.948011043481528759e-04 3.938900772482156754e-04 7.556501077488064766e-05 0.000000000000000000e+00 0.000000000000000000e+00 0.000000000000000000e+00 0.000000000000000000e+00 0.000000000000000000e+00 0.000000000000000000e+00 0.000000000000000000e+00 0.000000000000000000e+00 0.000000000000000000e+00 0.000000000000000000e+00 0.000000000000000000e+00 0.000000000000000000e+00 0.000000000000000000e+00 4.608870949596166611e-03 8.085158467292785645e-02 1.086342930793762207e+00 1.114984393119812012e+00 5.418407917022705078e-01 1.132900416851043701e-01 4.181184619665145874e-02 1.041047833859920502e-02 5.681299138814210892e-03 1.699320273473858833e-04 7.854001523810438812e-06 0.000000000000000000e+00 0.000000000000000000e+00 0.000000000000000000e+00 0.000000000000000000e+00 0.000000000000000000e+00 0.000000000000000000e+00 0.000000000000000000e+00 0.000000000000000000e+00 0.000000000000000000e+00 0.000000000000000000e+00 0.000000000000000000e+00 0.000000000000000000e+00 0.000000000000000000e+00 0.000000000000000000e+00 1.190000148199032992e-06 6.652101001236587763e-05 3.177300386596471071e-04 8.578711422160267830e-04 1.801541307941079140e-03 1.123705320060253143e-02 2.170691266655921936e-02 3.376447036862373352e-02 1.607636660337448120e-01 3.268354535102844238e-01 4.096085429191589355e-01 2.591058798134326935e-02 7.122864946722984314e-03 5.593000878434395418e-06 0.000000000000000000e+00 0.000000000000000000e+00 0.000000000000000000e+00 0.000000000000000000e+00 0.000000000000000000e+00 0.000000000000000000e+00 0.000000000000000000e+00 0.000000000000000000e+00 0.000000000000000000e+00 0.000000000000000000e+00 0.000000000000000000e+00 0.000000000000000000e+00
6.177759729325771332e-03 2.090938203036785126e-02 3.094627708196640015e-02 3.815863281488418579e-02 3.436131402850151062e-02 3.728833422064781189e-02 1.445670612156391144e-02 1.014371588826179504e-02 7.821294479072093964e-03 7.460161577910184860e-03 7.565356325358152390e-03 7.330565713346004486e-03 7.775203790515661240e-03 8.995790034532546997e-03 7.422746624797582626e-03 6.467859260737895966e-03 7.166266441345214844e-03 8.596699684858322144e-03 1.188485417515039444e-02 1.838362030684947968e-02 3.025925718247890472e-02 4.028476402163505554e-02 4.127869382500648499e-02 3.820255398750305176e-02 2.468067407608032227e-02 1.590449176728725433e-02 7.336530368775129318e-03 1.991111552342772484e-03 3.779424878302961588e-04 4.283709495211951435e-05 4.012588760815560818e-05 2.884725981857627630e-04 0.000000000000000000e+00 0.000000000000000000e+00 0.000000000000000000e+00 0.000000000000000000e+00 0.000000000000000000e+00 0.000000000000000000e+00 0.000000000000000000e+00 0.000000000000000000e+00 0.000000000000000000e+00 0.000000000000000000e+00 0.000000000000000000e+00 0.000000000000000000e+00 0.000000000000000000e+00 1.626725133974105120e-05 3.973438963294029236e-02 8.773905038833618164e-02 1.044643878936767578e+00 6.444239020347595215e-01 3.634299039840698242e-01 3.702198863029479980e-01 3.792937397956848145e-01 5.899481475353240967e-02 1.047936361283063889e-02 6.702108075842261314e-04 3.481191815808415413e-04 6.506900717795360833e-06 0.000000000000000000e+00 0.000000000000000000e+00 0.000000000000000000e+00 0.000000000000000000e+00 0.000000000000000000e+00 0.000000000000000000e+00 0.000000000000000000e+00 0.000000000000000000e+00 0.000000000000000000e+00 0.000000000000000000e+00 0.000000000000000000e+00 0.000000000000000000e+00 0.000000000000000000e+00 0.000000000000000000e+00 0.000000000000000000e+00 0.000000000000000000e+00 0.000000000000000000e+00 1.618049223907291889e-03 9.441512636840343475e-03 2.709158957004547119e-01 3.023409545421600342e-01 1.795622557401657104e-01 2.211966663599014282e-01 1.380872726440429688e-02 1.115933409892022610e-03 0.000000000000000000e+00 0.000000000000000000e+00 0.000000000000000000e+00 0.000000000000000000e+00 0.000000000000000000e+00 0.000000000000000000e+00 0.000000000000000000e+00 0.000000000000000000e+00 0.000000000000000000e+00 0.000000000000000000e+00 0.000000000000000000e+00 0.000000000000000000e+00 0.000000000000000000e+00
4.097346216440200806e-03 1.705920882523059845e-02 4.621583595871925354e-02 3.733481466770172119e-02 3.119360841810703278e-02 2.486053295433521271e-02 1.174531225115060806e-02 1.419010385870933533e-02 2.181881479918956757e-02 2.544852159917354584e-02 2.884715981781482697e-02 2.622493915259838104e-02 2.528415992856025696e-02 3.071634098887443542e-02 3.510046005249023438e-02 3.198515623807907104e-02 2.171428315341472626e-02 1.387169584631919861e-02 1.148742344230413437e-02 9.621679782867431641e-03 8.427823893725872040e-03 6.767704151570796967e-03 4.749290179461240768e-03 3.499042708426713943e-03 3.175133606418967247e-03 1.918696798384189606e-03 1.003361539915204048e-03 5.522270803339779377e-04 3.046532801818102598e-04 2.585770562291145325e-04 3.046532801818102598e-04 2.214409905718639493e-04 0.000000000000000000e+00 0.000000000000000000e+00 0.000000000000000000e+00 0.000000000000000000e+00 0.000000000000000000e+00 0.000000000000000000e+00 0.000000000000000000e+00 0.000000000000000000e+00 0.000000000000000000e+00 0.000000000000000000e+00 0.000000000000000000e+00 0.000000000000000000e+00 0.000000000000000000e+00 6.280121393501758575e-03 1.972915381193161011e-01 4.591420590877532959e-01 9.950443506240844727e-01 2.782935500144958496e-01 1.035947680473327637e+00 2.715471759438514709e-02 8.458770462311804295e-04 0.000000000000000000e+00 0.000000000000000000e+00 0.000000000000000000e+00 0.000000000000000000e+00 0.000000000000000000e+00 0.000000000000000000e+00 0.000000000000000000e+00 0.000000000000000000e+00 0.000000000000000000e+00 0.000000000000000000e+00 0.000000000000000000e+00 0.000000000000000000e+00 0.000000000000000000e+00 0.000000000000000000e+00 0.000000000000000000e+00 0.000000000000000000e+00 0.000000000000000000e+00 0.000000000000000000e+00 0.000000000000000000e+00 0.000000000000000000e+00 0.000000000000000000e+00 0.000000000000000000e+00 3.603574004955589771e-04 2.237241715192794800e-02 3.837242126464843750e-01 1.153900101780891418e-01 1.661426424980163574e-01 3.120103478431701660e-01 0.000000000000000000e+00 0.000000000000000000e+00 0.000000000000000000e+00 0.000000000000000000e+00 0.000000000000000000e+00 0.000000000000000000e+00 0.000000000000000000e+00 0.000000000000000000e+00 0.000000000000000000e+00 0.000000000000000000e+00 0.000000000000000000e+00 0.000000000000000000e+00 0.000000000000000000e+00 0.000000000000000000e+00 0.000000000000000000e+00
2.846915158443152905e-04 6.073419004678726196e-03 1.136123389005661011e-02 9.239861741662025452e-03 8.360961452126502991e-03 6.631590891629457474e-03 5.312239751219749451e-03 5.096819251775741577e-03 4.447754472494125366e-03 3.420702880248427391e-03 5.537670571357011795e-03 2.114044874906539917e-02 4.275818541646003723e-02 4.587537795305252075e-02 4.308331757783889771e-02 5.724942311644554138e-02 7.665088772773742676e-02 8.639847487211227417e-02 3.231989592313766479e-02 6.180328782647848129e-03 3.837529569864273071e-03 2.474133623763918877e-03 2.337193349376320839e-03 3.400282002985477448e-03 4.714027047157287598e-03 3.745034802705049515e-03 1.542779849842190742e-03 3.871964872814714909e-04 1.313344837399199605e-04 7.207380349427694455e-06 0.000000000000000000e+00 0.000000000000000000e+00 0.000000000000000000e+00 0.000000000000000000e+00 0.000000000000000000e+00 0.000000000000000000e+00 0.000000000000000000e+00 0.000000000000000000e+00 0.000000000000000000e+00 0.000000000000000000e+00 0.000000000000000000e+00 0.000000000000000000e+00 0.000000000000000000e+00 0.000000000000000000e+00 0.000000000000000000e+00 0.000000000000000000e+00 0.000000000000000000e+00 1.366999815218150616e-03 2.310265541076660156e+00 5.364573001861572266e-01 6.614693254232406616e-02 2.572554163634777069e-02 5.043724924325942993e-02 9.600231423974037170e-03 0.000000000000000000e+00 0.000000000000000000e+00 0.000000000000000000e+00 0.000000000000000000e+00 0.000000000000000000e+00 0.000000000000000000e+00 0.000000000000000000e+00 0.000000000000000000e+00 0.000000000000000000e+00 0.000000000000000000e+00 0.000000000000000000e+00 0.000000000000000000e+00 0.000000000000000000e+00 0.000000000000000000e+00 0.000000000000000000e+00 0.000000000000000000e+00 0.000000000000000000e+00 0.000000000000000000e+00 0.000000000000000000e+00 1.448683440685272217e-03 1.156784500926733017e-02 1.175764016807079315e-02 7.659843657165765762e-03 1.554151438176631927e-02 3.962473571300506592e-01 5.540962219238281250e-01 1.680921297520399094e-03 0.000000000000000000e+00 0.000000000000000000e+00 0.000000000000000000e+00 0.000000000000000000e+00 0.000000000000000000e+00 0.000000000000000000e+00 0.000000000000000000e+00 0.000000000000000000e+00 0.000000000000000000e+00 0.000000000000000000e+00 0.000000000000000000e+00 0.000000000000000000e+00 0.000000000000000000e+00 0.000000000000000000e+00 0.000000000000000000e+00
8.234235574491322041e-04 1.772609911859035492e-02 4.709357023239135742e-02 7.820274680852890015e-02 4.083378985524177551e-02 2.866530977189540863e-02 1.787083409726619720e-02 1.440111082047224045e-02 1.251271273940801620e-02 1.411848701536655426e-02 1.796080358326435089e-02 1.748259179294109344e-02 1.501525565981864929e-02 1.683519780635833740e-02 3.254869952797889709e-02 5.347852408885955811e-02 2.596326917409896851e-02 1.586117222905158997e-02 1.028008107095956802e-02 7.784384302794933319e-03 7.394187152385711670e-03 5.296510644257068634e-03 1.644891221076250076e-03 3.618369737523607910e-05 1.369112851534737274e-05 1.075731506716692820e-05 7.823501618986483663e-06 7.823501618986483663e-06 8.801439435046631843e-06 7.823501618986483663e-06 2.151463013433385640e-05 9.192614379571750760e-05 0.000000000000000000e+00 0.000000000000000000e+00 0.000000000000000000e+00 0.000000000000000000e+00 0.000000000000000000e+00 0.000000000000000000e+00 0.000000000000000000e+00 0.000000000000000000e+00 0.000000000000000000e+00 0.000000000000000000e+00 0.000000000000000000e+00 0.000000000000000000e+00 0.000000000000000000e+00 0.000000000000000000e+00 0.000000000000000000e+00 4.989770650863647461e-01 1.159877181053161621e+00 1.010534286499023438e+00 3.302652239799499512e-01 3.461899468675255775e-04 0.000000000000000000e+00 0.000000000000000000e+00 0.000000000000000000e+00 0.000000000000000000e+00 0.000000000000000000e+00 0.000000000000000000e+00 0.000000000000000000e+00 0.000000000000000000e+00 0.000000000000000000e+00 0.000000000000000000e+00 0.000000000000000000e+00 0.000000000000000000e+00 0.000000000000000000e+00 0.000000000000000000e+00 0.000000000000000000e+00 0.000000000000000000e+00 0.000000000000000000e+00 0.000000000000000000e+00 0.000000000000000000e+00 0.000000000000000000e+00 0.000000000000000000e+00 0.000000000000000000e+00 0.000000000000000000e+00 0.000000000000000000e+00 2.380300499498844147e-02 2.035851180553436279e-01 2.324753552675247192e-01 2.092160880565643311e-01 3.290564715862274170e-01 1.863949350081384182e-03 0.000000000000000000e+00 0.000000000000000000e+00 0.000000000000000000e+00 0.000000000000000000e+00 0.000000000000000000e+00 0.000000000000000000e+00 0.000000000000000000e+00 0.000000000000000000e+00 0.000000000000000000e+00 0.000000000000000000e+00 0.000000000000000000e+00 0.000000000000000000e+00 0.000000000000000000e+00 0.000000000000000000e+00
8.998548611998558044e-03 1.081933453679084778e-02 1.364450529217720032e-02 1.468208618462085724e-02 1.758600212633609772e-02 2.166105620563030243e-02 2.651429735124111176e-02 2.643091976642608643e-02 2.748973295092582703e-02 2.995784766972064972e-02 2.569673955440521240e-02 2.355248108506202698e-02 2.205014973878860474e-02 2.275692485272884369e-02 2.452174015343189240e-02 2.503319643437862396e-02 2.104576490819454193e-02 1.778132095932960510e-02 1.804148778319358826e-02 2.001127041876316071e-02 2.119669318199157715e-02 2.421988360583782196e-02 1.671517454087734222e-02 8.938717655837535858e-03 4.301639739423990250e-03 4.395824857056140900e-03 1.603464828804135323e-03 3.477905120234936476e-04 5.404070179793052375e-06 0.000000000000000000e+00 0.000000000000000000e+00 0.000000000000000000e+00 0.000000000000000000e+00 0.000000000000000000e+00 0.000000000000000000e+00 0.000000000000000000e+00 0.000000000000000000e+00 0.000000000000000000e+00 0.000000000000000000e+00 0.000000000000000000e+00 0.000000000000000000e+00 0.000000000000000000e+00 0.000000000000000000e+00 0.000000000000000000e+00 5.083685740828514099e-03 1.748926937580108643e-01 2.875050306320190430e-01 4.104097485542297363e-01 5.051423311233520508e-01 5.917155742645263672e-01 6.265046596527099609e-01 2.926558852195739746e-01 7.167880982160568237e-02 1.774773746728897095e-02 1.033875718712806702e-02 5.991569720208644867e-03 3.311922773718833923e-04 2.316030077054165304e-06 0.000000000000000000e+00 0.000000000000000000e+00 0.000000000000000000e+00 0.000000000000000000e+00 0.000000000000000000e+00 0.000000000000000000e+00 0.000000000000000000e+00 0.000000000000000000e+00 0.000000000000000000e+00 0.000000000000000000e+00 0.000000000000000000e+00 0.000000000000000000e+00 0.000000000000000000e+00 0.000000000000000000e+00 4.554858969640918076e-05 5.944477015873417258e-05 1.527807791717350483e-03 7.359571289271116257e-03 4.800898581743240356e-02 1.765787601470947266e-01 2.601526975631713867e-01 2.508646547794342041e-01 1.709662526845932007e-01 8.184618502855300903e-02 2.590093528851866722e-03 0.000000000000000000e+00 0.000000000000000000e+00 0.000000000000000000e+00 0.000000000000000000e+00 0.000000000000000000e+00 0.000000000000000000e+00 0.000000000000000000e+00 0.000000000000000000e+00 0.000000000000000000e+00 0.000000000000000000e+00 0.000000000000000000e+00 0.000000000000000000e+00 0.000000000000000000e+00
1.053812820464372635e-02 1.032106578350067139e-02 2.951964735984802246e-02 3.260176628828048706e-02 4.000987112522125244e-02 3.467742353677749634e-02 1.767320930957794189e-02 7.276679854840040207e-03 1.949322642758488655e-03 2.321550855413079262e-03 5.942084826529026031e-03 1.135762408375740051e-02 1.475134491920471191e-02 1.765794679522514343e-02 2.637732960283756256e-02 3.146981820464134216e-02 2.850937470793724060e-02 2.389213442802429199e-02 2.354831062257289886e-02 2.739565819501876831e-02 3.126716986298561096e-02 2.943189069628715515e-02 2.004478685557842255e-02 1.262862607836723328e-02 7.072336040437221527e-03 1.608466845937073231e-03 1.530459994683042169e-04 3.391601012481260113e-06 0.000000000000000000e+00 0.000000000000000000e+00 0.000000000000000000e+00 0.000000000000000000e+00 0.000000000000000000e+00 0.000000000000000000e+00 0.000000000000000000e+00 0.000000000000000000e+00 0.000000000000000000e+00 0.000000000000000000e+00 0.000000000000000000e+00 0.000000000000000000e+00 0.000000000000000000e+00 0.000000000000000000e+00 0.000000000000000000e+00 0.000000000000000000e+00 0.000000000000000000e+00 0.000000000000000000e+00 3.261024598032236099e-03 1.039518833160400391e+00 6.412924081087112427e-02 1.664742708206176758e+00 2.283480167388916016e-01 0.000000000000000000e+00 0.000000000000000000e+00 0.000000000000000000e+00 0.000000000000000000e+00 0.000000000000000000e+00 0.000000000000000000e+00 0.000000000000000000e+00 0.000000000000000000e+00 0.000000000000000000e+00 0.000000000000000000e+00 0.000000000000000000e+00 0.000000000000000000e+00 0.000000000000000000e+00 0.000000000000000000e+00 0.000000000000000000e+00 0.000000000000000000e+00 0.000000000000000000e+00 0.000000000000000000e+00 0.000000000000000000e+00 0.000000000000000000e+00 0.000000000000000000e+00 0.000000000000000000e+00 0.000000000000000000e+00 0.000000000000000000e+00 0.000000000000000000e+00 0.000000000000000000e+00 3.292396664619445801e-03 6.337774395942687988e-01 3.365070223808288574e-01 2.642311528325080872e-02 0.000000000000000000e+00 0.000000000000000000e+00 0.000000000000000000e+00 0.000000000000000000e+00 0.000000000000000000e+00 0.000000000000000000e+00 0.000000000000000000e+00 0.000000000000000000e+00 0.000000000000000000e+00 0.000000000000000000e+00 0.000000000000000000e+00 0.000000000000000000e+00 0.000000000000000000e+00 0.000000000000000000e+00 0.000000000000000000e+00
1.113649271428585052e-02 4.297817591577768326e-03 2.061541657894849777e-03 1.564190723001956940e-03 2.065950073301792145e-03 3.309527877718210220e-03 1.639013737440109253e-02 6.103269383311271667e-02 7.785205543041229248e-02 4.574305936694145203e-02 1.754674874246120453e-02 5.640785209834575653e-03 3.935524728149175644e-03 4.482971504330635071e-03 6.022715475410223007e-03 5.132212769240140915e-03 7.159288506954908371e-03 9.665279649198055267e-03 1.545755472034215927e-02 2.505270019173622131e-02 3.973397240042686462e-02 5.078349635004997253e-02 2.842995896935462952e-02 9.585928171873092651e-03 6.634284742176532745e-03 1.091046072542667389e-02 1.896746642887592316e-02 9.348274208605289459e-03 5.570651046582497656e-05 1.202298790303757414e-06 0.000000000000000000e+00 0.000000000000000000e+00 0.000000000000000000e+00 0.000000000000000000e+00 0.000000000000000000e+00 0.000000000000000000e+00 0.000000000000000000e+00 0.000000000000000000e+00 0.000000000000000000e+00 0.000000000000000000e+00 1.082068920368328691e-04 1.682977937161922455e-02 1.031019389629364014e-01 7.208382487297058105e-01 4.089354872703552246e-01 6.113448739051818848e-02 5.319932103157043457e-02 6.387813389301300049e-02 2.547454833984375000e-01 2.336451262235641479e-01 4.267439246177673340e-02 6.475341320037841797e-02 6.084112823009490967e-02 2.946690022945404053e-01 6.021112203598022461e-01 8.685406297445297241e-03 3.226969856768846512e-03 4.234496504068374634e-03 2.382956212386488914e-03 4.809195161215029657e-06 0.000000000000000000e+00 0.000000000000000000e+00 0.000000000000000000e+00 0.000000000000000000e+00 0.000000000000000000e+00 0.000000000000000000e+00 1.190275768749415874e-03 7.403675466775894165e-02 1.333661973476409912e-01 6.466363370418548584e-02 3.780027478933334351e-02 1.482594758272171021e-02 1.453178469091653824e-02 8.531512692570686340e-03 5.199541337788105011e-03 5.448016803711652756e-03 6.778560578823089600e-03 1.003117952495813370e-02 1.985075511038303375e-02 1.084866300225257874e-01 6.463878601789474487e-02 2.310329377651214600e-01 1.896818727254867554e-01 6.010692566633224487e-03 3.045022021979093552e-03 5.057670059613883495e-04 2.653072588145732880e-04 7.774865662213414907e-05 8.015325079213653225e-07 0.000000000000000000e+00 0.000000000000000000e+00 0.000000000000000000e+00 0.000000000000000000e+00 0.000000000000000000e+00 0.000000000000000000e+00 0.000000000000000000e+00
1.478223875164985657e-02 2.453303150832653046e-02 2.461341954767704010e-02 1.314134430140256882e-02 7.199602667242288589e-03 5.156759638339281082e-03 3.929635509848594666e-03 4.267744719982147217e-03 1.038918085396289825e-02 1.705442927777767181e-02 1.119307707995176315e-02 1.200406718999147415e-02 1.217666827142238617e-02 7.724499795585870743e-03 3.707381663843989372e-03 3.749940777197480202e-03 5.981936119496822357e-03 1.205135509371757507e-02 1.225469335913658142e-01 6.384593248367309570e-02 4.448385164141654968e-02 7.313330471515655518e-02 1.463564578443765640e-03 7.495153113268315792e-04 1.205844819196499884e-04 0.000000000000000000e+00 0.000000000000000000e+00 0.000000000000000000e+00 0.000000000000000000e+00 0.000000000000000000e+00 0.000000000000000000e+00 0.000000000000000000e+00 0.000000000000000000e+00 0.000000000000000000e+00 0.000000000000000000e+00 0.000000000000000000e+00 0.000000000000000000e+00 0.000000000000000000e+00 0.000000000000000000e+00 0.000000000000000000e+00 0.000000000000000000e+00 0.000000000000000000e+00 0.000000000000000000e+00 0.000000000000000000e+00 0.000000000000000000e+00 0.000000000000000000e+00 0.000000000000000000e+00 1.391686778515577316e-02 2.523989200592041016e+00 1.054192036390304565e-01 2.317491769790649414e-01 1.218896210193634033e-01 3.035891335457563400e-03 0.000000000000000000e+00 0.000000000000000000e+00 0.000000000000000000e+00 0.000000000000000000e+00 0.000000000000000000e+00 0.000000000000000000e+00 0.000000000000000000e+00 0.000000000000000000e+00 0.000000000000000000e+00 0.000000000000000000e+00 0.000000000000000000e+00 0.000000000000000000e+00 0.000000000000000000e+00 0.000000000000000000e+00 0.000000000000000000e+00 0.000000000000000000e+00 0.000000000000000000e+00 0.000000000000000000e+00 0.000000000000000000e+00 0.000000000000000000e+00 0.000000000000000000e+00 0.000000000000000000e+00 0.000000000000000000e+00 1.261171791702508926e-02 9.175296872854232788e-02 5.577623471617698669e-02 7.299238443374633789e-01 1.099352166056632996e-01 0.000000000000000000e+00 0.000000000000000000e+00 0.000000000000000000e+00 0.000000000000000000e+00 0.000000000000000000e+00 0.000000000000000000e+00 0.000000000000000000e+00 0.000000000000000000e+00 0.000000000000000000e+00 0.000000000000000000e+00 0.000000000000000000e+00 0.000000000000000000e+00 0.000000000000000000e+00 0.000000000000000000e+00 0.000000000000000000e+00
6.411655340343713760e-05 3.913838416337966919e-03 1.338126137852668762e-02 7.778565865010023117e-03 8.352886885404586792e-03 1.360362302511930466e-02 1.405107509344816208e-02 1.270326320081949234e-02 1.557623036205768585e-02 1.895803771913051605e-02 2.245034463703632355e-02 2.698624879121780396e-02 2.852913923561573029e-02 5.590827390551567078e-02 5.975935980677604675e-02 6.327212601900100708e-02 5.203945189714431763e-02 6.382598727941513062e-02 7.912255823612213135e-03 3.009385662153363228e-03 1.964422175660729408e-03 2.081741811707615852e-03 1.841645804233849049e-03 1.014951383695006371e-03 6.357088568620383739e-04 3.219469508621841669e-04 6.275237683439627290e-05 1.364182026009075344e-06 0.000000000000000000e+00 0.000000000000000000e+00 0.000000000000000000e+00 0.000000000000000000e+00 0.000000000000000000e+00 0.000000000000000000e+00 0.000000000000000000e+00 0.000000000000000000e+00 0.000000000000000000e+00 0.000000000000000000e+00 0.000000000000000000e+00 0.000000000000000000e+00 0.000000000000000000e+00 0.000000000000000000e+00 0.000000000000000000e+00 0.000000000000000000e+00 0.000000000000000000e+00 8.185092156054452062e-06 9.167303214780986309e-04 9.914602339267730713e-02 9.976645708084106445e-01 1.475919485092163086e+00 2.764105498790740967e-01 5.517570674419403076e-02 2.006166055798530579e-02 1.628833264112472534e-02 2.030721306800842285e-02 6.777256261557340622e-03 3.134890459477901459e-03 2.881152555346488953e-03 3.314962377771735191e-03 4.493615590035915375e-03 1.267870888113975525e-02 4.821019247174263000e-03 0.000000000000000000e+00 0.000000000000000000e+00 0.000000000000000000e+00 0.000000000000000000e+00 0.000000000000000000e+00 0.000000000000000000e+00 0.000000000000000000e+00 0.000000000000000000e+00 0.000000000000000000e+00 0.000000000000000000e+00 0.000000000000000000e+00 0.000000000000000000e+00 2.373676688876003027e-04 8.681654930114746094e-03 8.537051267921924591e-03 1.815999113023281097e-02 3.228473290801048279e-02 1.337716877460479736e-01 6.155898571014404297e-01 1.826230436563491821e-01 1.145912901847623289e-04 0.000000000000000000e+00 0.000000000000000000e+00 0.000000000000000000e+00 0.000000000000000000e+00 0.000000000000000000e+00 0.000000000000000000e+00 0.000000000000000000e+00 0.000000000000000000e+00 0.000000000000000000e+00 0.000000000000000000e+00 0.000000000000000000e+00 0.000000000000000000e+00 0.000000000000000000e+00
2.017484605312347412e-02 1.998956128954887390e-02 8.661129511892795563e-03 8.167689666152000427e-03 8.031165227293968201e-03 1.015236973762512207e-02 5.291308742016553879e-03 3.078047651797533035e-03 2.136807190254330635e-03 1.793154864571988583e-03 1.381630310788750648e-03 1.379680004902184010e-03 1.600459916517138481e-03 2.065814333036541939e-03 2.627906156703829765e-03 3.441983601078391075e-03 4.857160151004791260e-03 9.658149443566799164e-03 2.351853065192699432e-02 5.515599250793457031e-02 8.233495056629180908e-02 1.045092940330505371e-01 7.511434704065322876e-02 2.822395414113998413e-02 1.545069925487041473e-02 1.175672980025410652e-03 2.769501770671922714e-05 0.000000000000000000e+00 0.000000000000000000e+00 0.000000000000000000e+00 0.000000000000000000e+00 0.000000000000000000e+00 0.000000000000000000e+00 0.000000000000000000e+00 0.000000000000000000e+00 0.000000000000000000e+00 0.000000000000000000e+00 0.000000000000000000e+00 0.000000000000000000e+00 0.000000000000000000e+00 0.000000000000000000e+00 0.000000000000000000e+00 0.000000000000000000e+00 0.000000000000000000e+00 0.000000000000000000e+00 0.000000000000000000e+00 0.000000000000000000e+00 5.696591921150684357e-03 4.834028482437133789e-01 2.510839700698852539e+00 6.085102359065786004e-05 0.000000000000000000e+00 0.000000000000000000e+00 0.000000000000000000e+00 0.000000000000000000e+00 0.000000000000000000e+00 0.000000000000000000e+00 0.000000000000000000e+00 0.000000000000000000e+00 0.000000000000000000e+00 0.000000000000000000e+00 0.000000000000000000e+00 0.000000000000000000e+00 0.000000000000000000e+00 0.000000000000000000e+00 0.000000000000000000e+00 0.000000000000000000e+00 0.000000000000000000e+00 0.000000000000000000e+00 0.000000000000000000e+00 0.000000000000000000e+00 0.000000000000000000e+00 0.000000000000000000e+00 0.000000000000000000e+00 0.000000000000000000e+00 0.000000000000000000e+00 0.000000000000000000e+00 4.294053837656974792e-02 7.980417013168334961e-01 8.800852298736572266e-02 7.100924849510192871e-02 0.000000000000000000e+00 0.000000000000000000e+00 0.000000000000000000e+00 0.000000000000000000e+00 0.000000000000000000e+00 0.000000000000000000e+00 0.000000000000000000e+00 0.000000000000000000e+00 0.000000000000000000e+00 0.000000000000000000e+00 0.000000000000000000e+00 0.000000000000000000e+00 0.000000000000000000e+00 0.000000000000000000e+00 0.000000000000000000e+00
9.045744314789772034e-03 8.435737341642379761e-03 1.203285437077283859e-02 2.132398262619972229e-02 3.054075688123703003e-02 3.557660058140754700e-02 3.728375211358070374e-02 3.385784104466438293e-02 2.799613401293754578e-02 2.254012599587440491e-02 1.827799715101718903e-02 1.503329910337924957e-02 1.280371192842721939e-02 1.196284685283899307e-02 1.151142828166484833e-02 1.075694151222705841e-02 1.048661489039659500e-02 1.134450547397136688e-02 1.294884644448757172e-02 1.616056449711322784e-02 2.133832871913909912e-02 2.827628515660762787e-02 3.099931776523590088e-02 2.463815174996852875e-02 1.414909586310386658e-02 6.268597207963466644e-03 2.499973867088556290e-03 9.598066098988056183e-04 4.436195886228233576e-04 3.392034850548952818e-04 1.498972269473597407e-04 1.744236942613497376e-05 0.000000000000000000e+00 0.000000000000000000e+00 0.000000000000000000e+00 0.000000000000000000e+00 0.000000000000000000e+00 0.000000000000000000e+00 0.000000000000000000e+00 0.000000000000000000e+00 0.000000000000000000e+00 0.000000000000000000e+00 0.000000000000000000e+00 1.071544943442859221e-06 5.250569665804505348e-05 2.124159131199121475e-03 1.768334954977035522e-02 2.548708915710449219e-01 9.397066831588745117e-01 1.062705755233764648e+00 4.511303901672363281e-01 1.531698405742645264e-01 7.093770056962966919e-02 3.395154327154159546e-02 1.074688136577606201e-02 2.896028803661465645e-03 2.321680767636280507e-05 0.000000000000000000e+00 0.000000000000000000e+00 0.000000000000000000e+00 0.000000000000000000e+00 0.000000000000000000e+00 0.000000000000000000e+00 0.000000000000000000e+00 0.000000000000000000e+00 0.000000000000000000e+00 5.322006472852081060e-05 1.027730642817914486e-03 1.720782020129263401e-03 1.938901026733219624e-03 3.758146194741129875e-03 5.743480753153562546e-03 8.095879107713699341e-03 1.170781906694173813e-02 1.963522657752037048e-02 3.732000291347503662e-02 5.256689712405204773e-02 1.175390705466270447e-01 3.093345463275909424e-01 2.999542355537414551e-01 1.156037449836730957e-01 1.084510609507560730e-02 2.879360225051641464e-03 2.758632763288915157e-04 0.000000000000000000e+00 0.000000000000000000e+00 0.000000000000000000e+00 0.000000000000000000e+00 0.000000000000000000e+00 0.000000000000000000e+00 0.000000000000000000e+00 0.000000000000000000e+00 0.000000000000000000e+00 0.000000000000000000e+00 0.000000000000000000e+00 0.000000000000000000e+00
1.067416835576295853e-02 3.900866955518722534e-03 2.185368444770574570e-03 2.378519624471664429e-03 4.174037836492061615e-03 6.387787871062755585e-03 8.359901607036590576e-03 9.883825667202472687e-03 1.216025091707706451e-02 1.784756965935230255e-02 2.153163403272628784e-02 1.707733049988746643e-02 1.481667160987854004e-02 2.216903306543827057e-02 2.651533111929893494e-02 2.695603109896183014e-02 2.801993861794471741e-02 4.034220054745674133e-02 4.261468350887298584e-02 3.961138054728507996e-02 3.122427873313426971e-02 3.654106333851814270e-02 5.061193555593490601e-02 2.037430368363857269e-02 2.819219836965203285e-03 4.718409036286175251e-04 3.074652631767094135e-04 4.217792593408375978e-05 1.182558662549126893e-06 0.000000000000000000e+00 0.000000000000000000e+00 0.000000000000000000e+00 0.000000000000000000e+00 0.000000000000000000e+00 0.000000000000000000e+00 0.000000000000000000e+00 0.000000000000000000e+00 0.000000000000000000e+00 0.000000000000000000e+00 0.000000000000000000e+00 0.000000000000000000e+00 0.000000000000000000e+00 0.000000000000000000e+00 9.460469300393015146e-06 4.233560175634920597e-04 9.313832037150859833e-03 2.976973168551921844e-02 5.319385230541229248e-02 9.565693140029907227e-01 1.611702203750610352e+00 9.411511570215225220e-02 2.449031621217727661e-01 0.000000000000000000e+00 0.000000000000000000e+00 0.000000000000000000e+00 0.000000000000000000e+00 0.000000000000000000e+00 0.000000000000000000e+00 0.000000000000000000e+00 0.000000000000000000e+00 0.000000000000000000e+00 0.000000000000000000e+00 0.000000000000000000e+00 0.000000000000000000e+00 0.000000000000000000e+00 0.000000000000000000e+00 0.000000000000000000e+00 0.000000000000000000e+00 0.000000000000000000e+00 0.000000000000000000e+00 0.000000000000000000e+00 0.000000000000000000e+00 0.000000000000000000e+00 0.000000000000000000e+00 0.000000000000000000e+00 1.324938703328371048e-02 6.833849102258682251e-02 2.854460105299949646e-02 4.963096380233764648e-01 3.343574404716491699e-01 5.622199177742004395e-02 2.946147928014397621e-03 3.232327071600593626e-05 0.000000000000000000e+00 0.000000000000000000e+00 0.000000000000000000e+00 0.000000000000000000e+00 0.000000000000000000e+00 0.000000000000000000e+00 0.000000000000000000e+00 0.000000000000000000e+00 0.000000000000000000e+00 0.000000000000000000e+00 0.000000000000000000e+00 0.000000000000000000e+00 0.000000000000000000e+00
5.875793471932411194e-02 3.385849669575691223e-02 2.187350392341613770e-02 1.638500764966011047e-02 1.137921214103698730e-02 7.077379152178764343e-03 5.221405532211065292e-03 4.194835200905799866e-03 3.353694686666131020e-03 2.512802369892597198e-03 2.225529169663786888e-03 2.088413108140230179e-03 3.080269554629921913e-03 2.700585685670375824e-02 4.058240726590156555e-02 3.652027621865272522e-02 3.717033565044403076e-02 3.138177469372749329e-02 2.524216473102569580e-02 2.458024397492408752e-02 2.436972595751285553e-02 1.072455663233995438e-02 1.100841443985700607e-02 1.230033673346042633e-02 1.459492091089487076e-02 1.122532878071069717e-02 8.495053276419639587e-03 7.851451635360717773e-03 2.811005339026451111e-03 1.523243729025125504e-03 4.830736143048852682e-04 1.213428258779458702e-04 0.000000000000000000e+00 0.000000000000000000e+00 0.000000000000000000e+00 0.000000000000000000e+00 0.000000000000000000e+00 0.000000000000000000e+00 0.000000000000000000e+00 0.000000000000000000e+00 0.000000000000000000e+00 0.000000000000000000e+00 0.000000000000000000e+00 0.000000000000000000e+00 0.000000000000000000e+00 0.000000000000000000e+00 7.451965302607277408e-07 1.002546399831771851e-01 2.564275741577148438e+00 3.354688286781311035e-01 0.000000000000000000e+00 0.000000000000000000e+00 0.000000000000000000e+00 0.000000000000000000e+00 0.000000000000000000e+00 0.000000000000000000e+00 0.000000000000000000e+00 0.000000000000000000e+00 0.000000000000000000e+00 0.000000000000000000e+00 0.000000000000000000e+00 0.000000000000000000e+00 0.000000000000000000e+00 0.000000000000000000e+00 0.000000000000000000e+00 0.000000000000000000e+00 0.000000000000000000e+00 0.000000000000000000e+00 0.000000000000000000e+00 0.000000000000000000e+00 0.000000000000000000e+00 0.000000000000000000e+00 0.000000000000000000e+00 0.000000000000000000e+00 0.000000000000000000e+00 0.000000000000000000e+00 0.000000000000000000e+00 2.568443887867033482e-04 1.446998864412307739e-01 7.050057649612426758e-01 1.500111520290374756e-01 1.800891368475276977e-05 3.601782964324229397e-06 3.104985353274969384e-06 1.614592292753513902e-06 0.000000000000000000e+00 0.000000000000000000e+00 0.000000000000000000e+00 0.000000000000000000e+00 0.000000000000000000e+00 0.000000000000000000e+00 0.000000000000000000e+00 0.000000000000000000e+00 0.000000000000000000e+00 0.000000000000000000e+00 0.000000000000000000e+00
3.898452996509149671e-05 4.156982176937162876e-04 1.778104924596846104e-03 4.989199340343475342e-03 8.599166758358478546e-03 1.151767186820507050e-02 1.795217208564281464e-02 2.352203428745269775e-02 2.499647065997123718e-02 3.379958868026733398e-02 4.034447669982910156e-02 3.970595076680183411e-02 4.098792374134063721e-02 5.446344241499900818e-02 5.990978702902793884e-02 4.024147614836692810e-02 2.234388142824172974e-02 1.489414274692535400e-02 1.493312697857618332e-02 1.554744131863117218e-02 1.567055098712444305e-02 8.785472251474857330e-03 2.389136236160993576e-03 6.504261400550603867e-04 2.642740728333592415e-04 1.387028605677187443e-04 5.909234096179716289e-05 1.025908713927492499e-04 8.822814561426639557e-05 1.419857580913230777e-04 1.698904816294088960e-04 5.589150823652744293e-04 0.000000000000000000e+00 0.000000000000000000e+00 0.000000000000000000e+00 0.000000000000000000e+00 0.000000000000000000e+00 0.000000000000000000e+00 0.000000000000000000e+00 0.000000000000000000e+00 0.000000000000000000e+00 0.000000000000000000e+00 0.000000000000000000e+00 0.000000000000000000e+00 0.000000000000000000e+00 0.000000000000000000e+00 1.123739313334226608e-02 1.116180494427680969e-01 2.286487102508544922e+00 3.614727854728698730e-01 8.244120329618453979e-02 8.830119669437408447e-02 5.334068834781646729e-02 5.094252061098814011e-03 7.386542620224645361e-06 0.000000000000000000e+00 0.000000000000000000e+00 0.000000000000000000e+00 0.000000000000000000e+00 0.000000000000000000e+00 0.000000000000000000e+00 0.000000000000000000e+00 0.000000000000000000e+00 0.000000000000000000e+00 0.000000000000000000e+00 0.000000000000000000e+00 0.000000000000000000e+00 0.000000000000000000e+00 0.000000000000000000e+00 0.000000000000000000e+00 0.000000000000000000e+00 0.000000000000000000e+00 0.000000000000000000e+00 0.000000000000000000e+00 0.000000000000000000e+00 2.503217197954654694e-03 3.102265857160091400e-02 4.001454263925552368e-02 7.205080240964889526e-02 8.397612571716308594e-01 1.464423164725303650e-02 3.282907755419728346e-06 0.000000000000000000e+00 0.000000000000000000e+00 0.000000000000000000e+00 0.000000000000000000e+00 0.000000000000000000e+00 0.000000000000000000e+00 0.000000000000000000e+00 0.000000000000000000e+00 0.000000000000000000e+00 0.000000000000000000e+00 0.000000000000000000e+00 0.000000000000000000e+00 0.000000000000000000e+00 0.000000000000000000e+00
4.129543900489807129e-03 1.146174781024456024e-02 1.271348353475332260e-02 1.304692681878805161e-02 1.453023776412010193e-02 1.668027043342590332e-02 1.892209239304065704e-02 1.958732679486274719e-02 1.809905841946601868e-02 1.502833794802427292e-02 1.193398889154195786e-02 1.034608390182256699e-02 9.972653351724147797e-03 1.153883058577775955e-02 1.695992983877658844e-02 2.237227372825145721e-02 2.432675100862979889e-02 2.276470512151718140e-02 2.328436821699142456e-02 2.640664204955101013e-02 3.928965702652931213e-02 2.810335345566272736e-02 1.757476851344108582e-02 1.789895817637443542e-02 3.001123666763305664e-02 2.353610284626483917e-02 9.955800138413906097e-03 4.925975110381841660e-03 2.833195729181170464e-03 1.204147352837026119e-03 5.039656534790992737e-04 5.758427141699939966e-05 0.000000000000000000e+00 0.000000000000000000e+00 0.000000000000000000e+00 0.000000000000000000e+00 0.000000000000000000e+00 0.000000000000000000e+00 0.000000000000000000e+00 0.000000000000000000e+00 0.000000000000000000e+00 0.000000000000000000e+00 0.000000000000000000e+00 7.237277168314903975e-05 5.740250926464796066e-04 5.784864188171923161e-04 1.473033707588911057e-02 5.363386869430541992e-01 6.090024709701538086e-01 1.170180916786193848e+00 4.911146759986877441e-01 1.333656609058380127e-01 3.680056333541870117e-02 7.142597809433937073e-03 9.914077963912859559e-05 0.000000000000000000e+00 0.000000000000000000e+00 0.000000000000000000e+00 0.000000000000000000e+00 0.000000000000000000e+00 0.000000000000000000e+00 0.000000000000000000e+00 0.000000000000000000e+00 0.000000000000000000e+00 0.000000000000000000e+00 0.000000000000000000e+00 0.000000000000000000e+00 0.000000000000000000e+00 0.000000000000000000e+00 0.000000000000000000e+00 0.000000000000000000e+00 0.000000000000000000e+00 3.304692654637619853e-06 3.106411022599786520e-04 1.722901477478444576e-03 1.719249784946441650e-02 7.030501961708068848e-02 1.516609340906143188e-01 4.896741509437561035e-01 1.339728981256484985e-01 1.345756798982620239e-01 5.819563521072268486e-04 0.000000000000000000e+00 0.000000000000000000e+00 0.000000000000000000e+00 0.000000000000000000e+00 0.000000000000000000e+00 0.000000000000000000e+00 0.000000000000000000e+00 0.000000000000000000e+00 0.000000000000000000e+00 0.000000000000000000e+00 0.000000000000000000e+00 0.000000000000000000e+00 0.000000000000000000e+00 0.000000000000000000e+00
2.577289938926696777e-02 1.708321645855903625e-02 1.819245703518390656e-02 2.067918889224529266e-02 2.381615154445171356e-02 2.739545516669750214e-02 2.588776871562004089e-02 2.550410851836204529e-02 2.416680939495563507e-02 2.171953395009040833e-02 2.225718088448047638e-02 2.260044589638710022e-02 2.131201140582561493e-02 1.973294280469417572e-02 1.811872236430644989e-02 1.853464543819427490e-02 1.890203915536403656e-02 1.626293174922466278e-02 1.403618510812520981e-02 1.268477272242307663e-02 1.318108383566141129e-02 1.324258465319871902e-02 1.202674303203821182e-02 1.065402291715145111e-02 9.955598041415214539e-03 8.658830076456069946e-03 6.152404472231864929e-03 3.723678877577185631e-03 2.583722351118922234e-03 1.867082086391746998e-03 1.737492741085588932e-03 1.557290903292596340e-03 0.000000000000000000e+00 0.000000000000000000e+00 0.000000000000000000e+00 0.000000000000000000e+00 0.000000000000000000e+00 0.000000000000000000e+00 0.000000000000000000e+00 0.000000000000000000e+00 0.000000000000000000e+00 0.000000000000000000e+00 0.000000000000000000e+00 0.000000000000000000e+00 0.000000000000000000e+00 0.000000000000000000e+00 1.935775253514293581e-05 1.224329471588134766e-01 7.540106773376464844e-01 7.454767227172851562e-01 5.222120285034179688e-01 4.083896875381469727e-01 2.671902179718017578e-01 1.573781222105026245e-01 2.285344153642654419e-02 3.669907164294272661e-05 0.000000000000000000e+00 0.000000000000000000e+00 0.000000000000000000e+00 0.000000000000000000e+00 0.000000000000000000e+00 0.000000000000000000e+00 0.000000000000000000e+00 0.000000000000000000e+00 0.000000000000000000e+00 0.000000000000000000e+00 0.000000000000000000e+00 0.000000000000000000e+00 3.247800632379949093e-04 4.633762000594288111e-04 7.971629966050386429e-04 1.954595325514674187e-03 5.126981530338525772e-03 1.501086167991161346e-02 6.835316866636276245e-02 1.136544719338417053e-01 1.309326142072677612e-01 1.641607284545898438e-01 2.289161831140518188e-01 2.124141007661819458e-01 5.789097398519515991e-02 0.000000000000000000e+00 0.000000000000000000e+00 0.000000000000000000e+00 0.000000000000000000e+00 0.000000000000000000e+00 0.000000000000000000e+00 0.000000000000000000e+00 0.000000000000000000e+00 0.000000000000000000e+00 0.000000000000000000e+00 0.000000000000000000e+00 0.000000000000000000e+00 0.000000000000000000e+00 0.000000000000000000e+00 0.000000000000000000e+00
3.318993002176284790e-02 1.078480202704668045e-02 4.274460952728986740e-03 4.666455555707216263e-03 4.705498926341533661e-03 7.454147562384605408e-03 9.869106113910675049e-03 1.235590409487485886e-02 1.729930751025676727e-02 1.535599119961261749e-02 2.235255204141139984e-02 2.696746960282325745e-02 2.190537564456462860e-02 1.450953260064125061e-02 1.287596113979816437e-02 1.137565728276968002e-02 1.559181325137615204e-02 2.155710943043231964e-02 1.839876733720302582e-02 1.330283470451831818e-02 3.555335476994514465e-02 5.238778516650199890e-02 7.656860351562500000e-02 3.578449040651321411e-02 8.625967311672866344e-04 1.717905433906707913e-05 1.249385695700766519e-05 1.874078589025884867e-05 2.082309492834610865e-06 0.000000000000000000e+00 0.000000000000000000e+00 0.000000000000000000e+00 0.000000000000000000e+00 0.000000000000000000e+00 0.000000000000000000e+00 0.000000000000000000e+00 0.000000000000000000e+00 0.000000000000000000e+00 0.000000000000000000e+00 0.000000000000000000e+00 0.000000000000000000e+00 0.000000000000000000e+00 0.000000000000000000e+00 0.000000000000000000e+00 0.000000000000000000e+00 4.279146087355911732e-04 8.398994803428649902e-03 3.097539581358432770e-02 1.930113554000854492e+00 4.709653258323669434e-01 1.785809546709060669e-01 1.149965822696685791e-01 1.790650933980941772e-01 8.620449155569076538e-02 2.717413881327956915e-04 0.000000000000000000e+00 0.000000000000000000e+00 0.000000000000000000e+00 0.000000000000000000e+00 0.000000000000000000e+00 0.000000000000000000e+00 0.000000000000000000e+00 0.000000000000000000e+00 0.000000000000000000e+00 0.000000000000000000e+00 0.000000000000000000e+00 0.000000000000000000e+00 0.000000000000000000e+00 0.000000000000000000e+00 0.000000000000000000e+00 0.000000000000000000e+00 0.000000000000000000e+00 1.405558869009837508e-04 8.592650294303894043e-03 4.951627925038337708e-02 5.625879764556884766e-02 4.188357293605804443e-02 3.277763351798057556e-02 1.824727803468704224e-01 6.134046316146850586e-01 1.493224129080772400e-02 2.082309583784081042e-05 0.000000000000000000e+00 0.000000000000000000e+00 0.000000000000000000e+00 0.000000000000000000e+00 0.000000000000000000e+00 0.000000000000000000e+00 0.000000000000000000e+00 0.000000000000000000e+00 0.000000000000000000e+00 0.000000000000000000e+00 0.000000000000000000e+00 0.000000000000000000e+00 0.000000000000000000e+00 0.000000000000000000e+00
2.709261840209364891e-03 1.704495633020997047e-03 2.185237593948841095e-03 2.710292348638176918e-03 3.097771434113383293e-03 4.550302866846323013e-03 7.379621267318725586e-03 1.160066947340965271e-02 1.286667492240667343e-02 1.216952223330736160e-02 9.923998266458511353e-03 9.530851617455482483e-03 1.017544791102409363e-02 1.139301806688308716e-02 1.238541770726442337e-02 1.332938298583030701e-02 1.590622216463088989e-02 2.333788573741912842e-02 3.025685995817184448e-02 2.984722331166267395e-02 3.354837000370025635e-02 3.230658173561096191e-02 3.823315724730491638e-02 5.447533354163169861e-02 4.733891412615776062e-02 3.106376342475414276e-02 2.165451459586620331e-02 1.245858520269393921e-02 1.613293774425983429e-03 2.169264480471611023e-04 2.833956023096106946e-05 2.061058921754010953e-06 0.000000000000000000e+00 0.000000000000000000e+00 0.000000000000000000e+00 0.000000000000000000e+00 0.000000000000000000e+00 0.000000000000000000e+00 0.000000000000000000e+00 0.000000000000000000e+00 0.000000000000000000e+00 0.000000000000000000e+00 0.000000000000000000e+00 0.000000000000000000e+00 1.545794111734721810e-05 1.112971804104745388e-04 3.623341210186481476e-03 2.933608368039131165e-02 1.327197313308715820e+00 1.133611202239990234e+00 4.569151103496551514e-01 3.304289653897285461e-02 8.279273286461830139e-03 5.162952467799186707e-03 2.374339848756790161e-03 3.307999577373266220e-04 0.000000000000000000e+00 0.000000000000000000e+00 0.000000000000000000e+00 0.000000000000000000e+00 0.000000000000000000e+00 0.000000000000000000e+00 0.000000000000000000e+00 0.000000000000000000e+00 0.000000000000000000e+00 0.000000000000000000e+00 0.000000000000000000e+00 0.000000000000000000e+00 0.000000000000000000e+00 0.000000000000000000e+00 0.000000000000000000e+00 0.000000000000000000e+00 0.000000000000000000e+00 0.000000000000000000e+00 4.122117752558551729e-05 1.597320660948753357e-04 1.153162447735667229e-03 4.418601095676422119e-02 4.095313549041748047e-01 5.125678181648254395e-01 2.952879108488559723e-02 2.407316816970705986e-03 3.606853133533149958e-04 6.389282498275861144e-05 0.000000000000000000e+00 0.000000000000000000e+00 0.000000000000000000e+00 0.000000000000000000e+00 0.000000000000000000e+00 0.000000000000000000e+00 0.000000000000000000e+00 0.000000000000000000e+00 0.000000000000000000e+00 0.000000000000000000e+00 0.000000000000000000e+00 0.000000000000000000e+00
7.334562018513679504e-03 6.849366240203380585e-03 3.818749915808439255e-03 1.966325566172599792e-02 2.568522654473781586e-02 1.771379262208938599e-02 2.159288153052330017e-02 3.434477746486663818e-02 3.747788816690444946e-02 3.359549492597579956e-02 2.204046957194805145e-02 1.634416729211807251e-02 1.699674315750598907e-02 1.875155046582221985e-02 2.001909352838993073e-02 1.577135361731052399e-02 1.138351205736398697e-02 8.791390806436538696e-03 1.089624874293804169e-02 1.414053328335285187e-02 2.103246748447418213e-02 2.211155369877815247e-02 2.372005768120288849e-02 3.615827113389968872e-02 2.283025532960891724e-02 6.500140298157930374e-03 3.755517303943634033e-03 6.736539071425795555e-04 6.199269137141527608e-06 8.265692486020270735e-07 0.000000000000000000e+00 0.000000000000000000e+00 0.000000000000000000e+00 0.000000000000000000e+00 0.000000000000000000e+00 0.000000000000000000e+00 0.000000000000000000e+00 0.000000000000000000e+00 0.000000000000000000e+00 0.000000000000000000e+00 0.000000000000000000e+00 0.000000000000000000e+00 0.000000000000000000e+00 0.000000000000000000e+00 0.000000000000000000e+00 0.000000000000000000e+00 4.041923675686120987e-04 2.844943702220916748e-01 2.077719688415527344e+00 6.214593648910522461e-01 1.337306387722492218e-02 2.549139549955725670e-03 0.000000000000000000e+00 0.000000000000000000e+00 0.000000000000000000e+00 0.000000000000000000e+00 0.000000000000000000e+00 0.000000000000000000e+00 0.000000000000000000e+00 0.000000000000000000e+00 0.000000000000000000e+00 0.000000000000000000e+00 0.000000000000000000e+00 0.000000000000000000e+00 0.000000000000000000e+00 0.000000000000000000e+00 0.000000000000000000e+00 0.000000000000000000e+00 0.000000000000000000e+00 0.000000000000000000e+00 0.000000000000000000e+00 0.000000000000000000e+00 0.000000000000000000e+00 0.000000000000000000e+00 0.000000000000000000e+00 0.000000000000000000e+00 1.653138497204054147e-06 1.008497085422277451e-02 1.022854670882225037e-01 6.370401978492736816e-01 2.505877017974853516e-01 0.000000000000000000e+00 0.000000000000000000e+00 0.000000000000000000e+00 0.000000000000000000e+00 0.000000000000000000e+00 0.000000000000000000e+00 0.000000000000000000e+00 0.000000000000000000e+00 0.000000000000000000e+00 0.000000000000000000e+00 0.000000000000000000e+00 0.000000000000000000e+00 0.000000000000000000e+00 0.000000000000000000e+00 0.000000000000000000e+00
1.790808513760566711e-02 1.267406437546014786e-02 7.615317590534687042e-03 6.192583125084638596e-03 4.630838520824909210e-03 3.982931841164827347e-03 4.496663808822631836e-03 1.242505572736263275e-02 8.242675103247165680e-03 8.700802922248840332e-03 5.235228687524795532e-03 2.844260772690176964e-03 3.805241314694285393e-03 1.941785216331481934e-02 2.708272822201251984e-02 3.127478063106536865e-02 2.465187199413776398e-02 3.295377641916275024e-02 3.758824244141578674e-02 4.109370335936546326e-02 4.287423938512802124e-02 3.658857941627502441e-02 3.535078838467597961e-02 3.003819659352302551e-02 2.120684646070003510e-02 9.502223692834377289e-03 2.250749384984374046e-03 1.976356143131852150e-03 1.720094820484519005e-03 1.720094820484519005e-03 1.245044055394828320e-03 2.710086060687899590e-03 0.000000000000000000e+00 0.000000000000000000e+00 0.000000000000000000e+00 0.000000000000000000e+00 0.000000000000000000e+00 0.000000000000000000e+00 0.000000000000000000e+00 0.000000000000000000e+00 0.000000000000000000e+00 0.000000000000000000e+00 0.000000000000000000e+00 0.000000000000000000e+00 0.000000000000000000e+00 0.000000000000000000e+00 0.000000000000000000e+00 2.016245946288108826e-02 1.252988100051879883e+00 1.726820468902587891e+00 2.901073276007082313e-05 0.000000000000000000e+00 0.000000000000000000e+00 0.000000000000000000e+00 0.000000000000000000e+00 0.000000000000000000e+00 0.000000000000000000e+00 0.000000000000000000e+00 0.000000000000000000e+00 0.000000000000000000e+00 0.000000000000000000e+00 0.000000000000000000e+00 0.000000000000000000e+00 0.000000000000000000e+00 0.000000000000000000e+00 0.000000000000000000e+00 0.000000000000000000e+00 0.000000000000000000e+00 0.000000000000000000e+00 0.000000000000000000e+00 0.000000000000000000e+00 0.000000000000000000e+00 0.000000000000000000e+00 0.000000000000000000e+00 0.000000000000000000e+00 0.000000000000000000e+00 0.000000000000000000e+00 0.000000000000000000e+00 2.635480165481567383e-01 6.465767621994018555e-01 8.987525105476379395e-02 0.000000000000000000e+00 0.000000000000000000e+00 0.000000000000000000e+00 0.000000000000000000e+00 0.000000000000000000e+00 0.000000000000000000e+00 0.000000000000000000e+00 0.000000000000000000e+00 0.000000000000000000e+00 0.000000000000000000e+00 0.000000000000000000e+00 0.000000000000000000e+00 0.000000000000000000e+00 0.000000000000000000e+00 0.000000000000000000e+00
1.421669381670653820e-03 7.662734016776084900e-03 1.682656444609165192e-02 2.266968972980976105e-02 3.064451739192008972e-02 3.276017308235168457e-02 3.900203853845596313e-02 4.210692644119262695e-02 4.495989158749580383e-02 4.354464262723922729e-02 4.048548638820648193e-02 3.858243674039840698e-02 3.726988285779953003e-02 2.851361781358718872e-02 2.004938945174217224e-02 1.567767560482025146e-02 1.204808615148067474e-02 7.285654544830322266e-03 4.219277296215295792e-03 3.468327689915895462e-03 2.231186488643288612e-03 9.274547337554395199e-04 6.322096451185643673e-04 4.356470017228275537e-04 3.770793555304408073e-04 3.297438670415431261e-04 2.912336203735321760e-04 3.361622220836579800e-04 3.016634727828204632e-04 3.377668326720595360e-04 3.810908237937837839e-04 4.220079630613327026e-03 0.000000000000000000e+00 0.000000000000000000e+00 0.000000000000000000e+00 0.000000000000000000e+00 0.000000000000000000e+00 0.000000000000000000e+00 0.000000000000000000e+00 0.000000000000000000e+00 0.000000000000000000e+00 0.000000000000000000e+00 0.000000000000000000e+00 0.000000000000000000e+00 0.000000000000000000e+00 0.000000000000000000e+00 9.449448436498641968e-03 5.003201365470886230e-01 1.354886293411254883e+00 4.629122614860534668e-01 2.780871987342834473e-01 2.006334960460662842e-01 1.076120287179946899e-01 7.029561698436737061e-02 1.544260326772928238e-02 3.610334242694079876e-04 0.000000000000000000e+00 0.000000000000000000e+00 0.000000000000000000e+00 0.000000000000000000e+00 0.000000000000000000e+00 0.000000000000000000e+00 0.000000000000000000e+00 0.000000000000000000e+00 0.000000000000000000e+00 0.000000000000000000e+00 0.000000000000000000e+00 0.000000000000000000e+00 0.000000000000000000e+00 0.000000000000000000e+00 0.000000000000000000e+00 0.000000000000000000e+00 0.000000000000000000e+00 0.000000000000000000e+00 1.432901481166481972e-03 7.347431499511003494e-03 3.674197196960449219e-02 9.519087523221969604e-02 1.720765531063079834e-01 4.286317229270935059e-01 2.513691186904907227e-01 7.209436502307653427e-03 0.000000000000000000e+00 0.000000000000000000e+00 0.000000000000000000e+00 0.000000000000000000e+00 0.000000000000000000e+00 0.000000000000000000e+00 0.000000000000000000e+00 0.000000000000000000e+00 0.000000000000000000e+00 0.000000000000000000e+00 0.000000000000000000e+00 0.000000000000000000e+00 0.000000000000000000e+00 0.000000000000000000e+00
2.611358650028705597e-02 4.348332807421684265e-02 6.642356514930725098e-02 4.233323782682418823e-02 2.323253639042377472e-02 1.962376758456230164e-02 2.177522890269756317e-02 2.687906846404075623e-02 3.634643927216529846e-02 3.797204047441482544e-02 3.163233399391174316e-02 2.617279253900051117e-02 2.145868726074695587e-02 1.710215024650096893e-02 1.546769030392169952e-02 1.319128833711147308e-02 1.005756482481956482e-02 7.401219103485345840e-03 5.129013210535049438e-03 2.724409569054841995e-03 1.544484752230346203e-03 9.221221553161740303e-04 5.715478910133242607e-04 4.536020569503307343e-04 3.030229709111154079e-04 2.237707958556711674e-04 2.009275340242311358e-04 1.738885621307417750e-04 2.186427154811099172e-04 1.948670687852427363e-04 2.097851247526705265e-04 4.633920325431972742e-04 0.000000000000000000e+00 0.000000000000000000e+00 0.000000000000000000e+00 0.000000000000000000e+00 0.000000000000000000e+00 0.000000000000000000e+00 0.000000000000000000e+00 0.000000000000000000e+00 0.000000000000000000e+00 0.000000000000000000e+00 0.000000000000000000e+00 0.000000000000000000e+00 0.000000000000000000e+00 0.000000000000000000e+00 1.163608161732554436e-03 9.645724296569824219e-01 1.688655495643615723e+00 1.250906735658645630e-01 1.947700977325439453e-01 1.753523945808410645e-02 7.325696758925914764e-03 8.866917341947555542e-04 0.000000000000000000e+00 0.000000000000000000e+00 0.000000000000000000e+00 0.000000000000000000e+00 0.000000000000000000e+00 0.000000000000000000e+00 0.000000000000000000e+00 0.000000000000000000e+00 0.000000000000000000e+00 0.000000000000000000e+00 0.000000000000000000e+00 0.000000000000000000e+00 0.000000000000000000e+00 0.000000000000000000e+00 0.000000000000000000e+00 0.000000000000000000e+00 0.000000000000000000e+00 0.000000000000000000e+00 0.000000000000000000e+00 0.000000000000000000e+00 0.000000000000000000e+00 2.055614441633224487e-02 4.903750494122505188e-02 1.035965606570243835e-02 1.348340213298797607e-01 4.651691317558288574e-01 1.011527925729751587e-01 2.188907265663146973e-01 0.000000000000000000e+00 0.000000000000000000e+00 0.000000000000000000e+00 0.000000000000000000e+00 0.000000000000000000e+00 0.000000000000000000e+00 0.000000000000000000e+00 0.000000000000000000e+00 0.000000000000000000e+00 0.000000000000000000e+00 0.000000000000000000e+00 0.000000000000000000e+00 0.000000000000000000e+00 0.000000000000000000e+00
4.426094889640808105e-02 1.023852359503507614e-02 3.067154437303543091e-03 2.552537946030497551e-03 4.631550051271915436e-03 1.364712603390216827e-02 2.272531576454639435e-02 1.207490358501672745e-02 6.601964589208364487e-03 5.029742140322923660e-03 3.563182428479194641e-03 5.002348218113183975e-03 2.197980694472789764e-02 2.677865698933601379e-02 2.924901247024536133e-02 2.592454850673675537e-02 3.338062018156051636e-02 1.489942427724599838e-02 1.060051657259464264e-02 2.663483656942844391e-02 6.510487943887710571e-02 7.541090995073318481e-02 2.461061254143714905e-02 4.839940462261438370e-03 4.595350939780473709e-03 2.293272875249385834e-03 2.289359399583190680e-04 6.750674947397783399e-05 5.870152108400361612e-06 0.000000000000000000e+00 0.000000000000000000e+00 0.000000000000000000e+00 0.000000000000000000e+00 0.000000000000000000e+00 0.000000000000000000e+00 0.000000000000000000e+00 0.000000000000000000e+00 0.000000000000000000e+00 0.000000000000000000e+00 0.000000000000000000e+00 0.000000000000000000e+00 0.000000000000000000e+00 0.000000000000000000e+00 0.000000000000000000e+00 0.000000000000000000e+00 3.169882111251354218e-03 9.706531763076782227e-01 9.183617830276489258e-01 7.045591473579406738e-01 1.989042460918426514e-01 1.332113593816757202e-01 6.569287180900573730e-02 5.447501316666603088e-03 0.000000000000000000e+00 0.000000000000000000e+00 0.000000000000000000e+00 0.000000000000000000e+00 0.000000000000000000e+00 0.000000000000000000e+00 0.000000000000000000e+00 0.000000000000000000e+00 0.000000000000000000e+00 0.000000000000000000e+00 0.000000000000000000e+00 0.000000000000000000e+00 0.000000000000000000e+00 0.000000000000000000e+00 0.000000000000000000e+00 0.000000000000000000e+00 0.000000000000000000e+00 0.000000000000000000e+00 0.000000000000000000e+00 0.000000000000000000e+00 0.000000000000000000e+00 0.000000000000000000e+00 7.102884119376540184e-04 3.170077875256538391e-02 5.355144292116165161e-02 4.279536753892898560e-02 1.266602724790573120e-01 2.751359939575195312e-01 4.167416691780090332e-01 5.270418524742126465e-02 0.000000000000000000e+00 0.000000000000000000e+00 0.000000000000000000e+00 0.000000000000000000e+00 0.000000000000000000e+00 0.000000000000000000e+00 0.000000000000000000e+00 0.000000000000000000e+00 0.000000000000000000e+00 0.000000000000000000e+00 0.000000000000000000e+00 0.000000000000000000e+00 0.000000000000000000e+00
2.851646968338172883e-05 8.709189482033252716e-03 3.386978805065155029e-02 1.789019629359245300e-02 4.007730633020401001e-02 6.744922697544097900e-02 3.508757054805755615e-02 1.337746437638998032e-02 1.738208532333374023e-02 2.212100289762020111e-02 2.660262584686279297e-02 2.418066933751106262e-02 1.579747535288333893e-02 1.080774236470460892e-02 1.265353523194789886e-02 1.927454024553298950e-02 3.282504901289939880e-02 3.432799503207206726e-02 2.532068081200122833e-02 1.485383976250886917e-02 8.565958589315414429e-03 6.185481324791908264e-03 4.215900786221027374e-03 2.955343108624219894e-03 2.748598810285329819e-03 1.305276528000831604e-03 6.422686856240034103e-04 5.567192565649747849e-04 1.691545185167342424e-04 1.879494629974942654e-05 0.000000000000000000e+00 0.000000000000000000e+00 0.000000000000000000e+00 0.000000000000000000e+00 0.000000000000000000e+00 0.000000000000000000e+00 0.000000000000000000e+00 0.000000000000000000e+00 0.000000000000000000e+00 0.000000000000000000e+00 0.000000000000000000e+00 0.000000000000000000e+00 0.000000000000000000e+00 0.000000000000000000e+00 0.000000000000000000e+00 0.000000000000000000e+00 0.000000000000000000e+00 6.081357002258300781e-01 6.481534242630004883e-01 3.749980628490447998e-01 7.677359580993652344e-01 4.543684422969818115e-01 1.416464895009994507e-01 1.749874209053814411e-03 9.721523383632302284e-04 8.554940577596426010e-04 1.318238559179008007e-03 6.610636046389117837e-05 0.000000000000000000e+00 0.000000000000000000e+00 0.000000000000000000e+00 0.000000000000000000e+00 0.000000000000000000e+00 0.000000000000000000e+00 0.000000000000000000e+00 0.000000000000000000e+00 0.000000000000000000e+00 0.000000000000000000e+00 0.000000000000000000e+00 0.000000000000000000e+00 0.000000000000000000e+00 0.000000000000000000e+00 0.000000000000000000e+00 8.036459621507674456e-05 2.816649386659264565e-03 7.833085209131240845e-02 1.874530166387557983e-01 2.352219820022583008e-01 7.720834016799926758e-02 1.769861727952957153e-01 2.418922483921051025e-01 1.036962567013688385e-05 0.000000000000000000e+00 0.000000000000000000e+00 0.000000000000000000e+00 0.000000000000000000e+00 0.000000000000000000e+00 0.000000000000000000e+00 0.000000000000000000e+00 0.000000000000000000e+00 0.000000000000000000e+00 0.000000000000000000e+00 0.000000000000000000e+00 0.000000000000000000e+00 0.000000000000000000e+00 0.000000000000000000e+00
1.811362616717815399e-02 2.616015821695327759e-02 3.343369439244270325e-02 5.561750009655952454e-02 4.126412793993949890e-02 2.823217213153839111e-02 2.776789106428623199e-02 1.791447587311267853e-02 7.274747826159000397e-03 3.481806488707661629e-03 3.054449800401926041e-03 5.202129017561674118e-03 6.043524947017431259e-03 1.032798737287521362e-02 2.583025768399238586e-02 2.136964723467826843e-02 2.500278502702713013e-02 2.835081517696380615e-02 3.427811712026596069e-02 2.781450003385543823e-02 3.192947432398796082e-02 1.883516833186149597e-02 2.072619041427969933e-03 2.215474960394203663e-04 9.564071660861372948e-05 6.961191684240475297e-05 6.597999163204804063e-05 6.597999163204804063e-05 6.053210017853416502e-05 2.118623524438589811e-05 2.723944635363295674e-05 6.053210199752356857e-07 0.000000000000000000e+00 0.000000000000000000e+00 0.000000000000000000e+00 0.000000000000000000e+00 0.000000000000000000e+00 0.000000000000000000e+00 0.000000000000000000e+00 0.000000000000000000e+00 0.000000000000000000e+00 0.000000000000000000e+00 0.000000000000000000e+00 0.000000000000000000e+00 0.000000000000000000e+00 0.000000000000000000e+00 1.409187330864369869e-03 1.074686925858259201e-02 1.126746892929077148e+00 4.447584152221679688e-01 1.331554889678955078e+00 8.478368073701858521e-02 0.000000000000000000e+00 0.000000000000000000e+00 0.000000000000000000e+00 0.000000000000000000e+00 0.000000000000000000e+00 0.000000000000000000e+00 0.000000000000000000e+00 0.000000000000000000e+00 0.000000000000000000e+00 0.000000000000000000e+00 0.000000000000000000e+00 0.000000000000000000e+00 0.000000000000000000e+00 0.000000000000000000e+00 0.000000000000000000e+00 0.000000000000000000e+00 0.000000000000000000e+00 0.000000000000000000e+00 0.000000000000000000e+00 0.000000000000000000e+00 0.000000000000000000e+00 0.000000000000000000e+00 0.000000000000000000e+00 2.421284079900942743e-06 1.817682087421417236e-01 2.854342758655548096e-01 5.296437814831733704e-02 3.768898248672485352e-01 1.014191135764122009e-01 1.187639776617288589e-03 3.341372066643089056e-04 0.000000000000000000e+00 0.000000000000000000e+00 0.000000000000000000e+00 0.000000000000000000e+00 0.000000000000000000e+00 0.000000000000000000e+00 0.000000000000000000e+00 0.000000000000000000e+00 0.000000000000000000e+00 0.000000000000000000e+00 0.000000000000000000e+00 0.000000000000000000e+00 0.000000000000000000e+00
4.034299869090318680e-03 3.157832892611622810e-03 4.746660590171813965e-03 8.113125339150428772e-03 1.483840961009263992e-02 2.409339509904384613e-02 3.332443907856941223e-02 3.884387016296386719e-02 3.935636207461357117e-02 3.759972378611564636e-02 3.217328712344169617e-02 2.731951698660850525e-02 2.456953749060630798e-02 2.570163272321224213e-02 2.402575127780437469e-02 1.994727924466133118e-02 1.761415228247642517e-02 1.636877097189426422e-02 1.537407655268907547e-02 1.431721076369285583e-02 1.306871231645345688e-02 1.225941721349954605e-02 1.184797566384077072e-02 1.147759053856134415e-02 1.027826499193906784e-02 7.579516619443893433e-03 4.133057314902544022e-03 2.049265196546912193e-03 9.934583213180303574e-04 5.161983426660299301e-04 2.642752078827470541e-04 1.294025059905834496e-05 0.000000000000000000e+00 0.000000000000000000e+00 0.000000000000000000e+00 0.000000000000000000e+00 0.000000000000000000e+00 0.000000000000000000e+00 0.000000000000000000e+00 0.000000000000000000e+00 0.000000000000000000e+00 0.000000000000000000e+00 0.000000000000000000e+00 0.000000000000000000e+00 0.000000000000000000e+00 0.000000000000000000e+00 3.234121715649962425e-03 6.236169338226318359e-01 1.658952713012695312e+00 3.722881972789764404e-01 2.345740497112274170e-01 9.484650939702987671e-02 1.214595511555671692e-02 3.416226245462894440e-04 0.000000000000000000e+00 0.000000000000000000e+00 0.000000000000000000e+00 0.000000000000000000e+00 0.000000000000000000e+00 0.000000000000000000e+00 0.000000000000000000e+00 0.000000000000000000e+00 0.000000000000000000e+00 0.000000000000000000e+00 0.000000000000000000e+00 0.000000000000000000e+00 0.000000000000000000e+00 0.000000000000000000e+00 0.000000000000000000e+00 0.000000000000000000e+00 0.000000000000000000e+00 1.458719179936451837e-05 3.300940443295985460e-04 1.190855982713401318e-03 5.902754142880439758e-03 1.669186539947986603e-02 4.108635708689689636e-02 9.430113434791564941e-02 1.234076470136642456e-01 3.159062266349792480e-01 4.009011983871459961e-01 2.672749978955835104e-04 0.000000000000000000e+00 0.000000000000000000e+00 0.000000000000000000e+00 0.000000000000000000e+00 0.000000000000000000e+00 0.000000000000000000e+00 0.000000000000000000e+00 0.000000000000000000e+00 0.000000000000000000e+00 0.000000000000000000e+00 0.000000000000000000e+00 0.000000000000000000e+00 0.000000000000000000e+00 0.000000000000000000e+00
