4.122865200042724609e-02 5.421540141105651855e-02 4.136305302381515503e-02 4.167826846241950989e-02 4.204956814646720886e-02 4.022208228707313538e-02 3.866920247673988342e-02 3.938376158475875854e-02 3.493784740567207336e-02 2.848653309047222137e-02 2.047266997396945953e-02 1.721897348761558533e-02 1.800798252224922180e-02 1.807760074734687805e-02 2.250224351882934570e-02 2.546006254851818085e-02 2.398550324141979218e-02 2.346916683018207550e-02 2.639507688581943512e-02 4.543089866638183594e-02 9.469178318977355957e-02 6.748449057340621948e-02 5.136877670884132385e-02 5.549753829836845398e-02 5.657856166362762451e-02 2.256799489259719849e-02 8.337780833244323730e-03 1.672777580097317696e-04 5.124694507685489953e-05 0.000000000000000000e+00 0.000000000000000000e+00 0.000000000000000000e+00 0.000000000000000000e+00 0.000000000000000000e+00 0.000000000000000000e+00 0.000000000000000000e+00 0.000000000000000000e+00 0.000000000000000000e+00 0.000000000000000000e+00 0.000000000000000000e+00 0.000000000000000000e+00 0.000000000000000000e+00 0.000000000000000000e+00 3.654970787465572357e-04 4.629629664123058319e-03 1.070771086961030960e-02 2.215511724352836609e-02 5.268379300832748413e-02 5.670967698097229004e-01 1.139229238033294678e-01 5.161244049668312073e-02 4.642973095178604126e-02 4.055373743176460266e-02 3.111463040113449097e-02 2.392942272126674652e-02 1.177809480577707291e-02 1.141356490552425385e-02 6.950246170163154602e-03 4.099755547940731049e-03 5.569479544647037983e-04 0.000000000000000000e+00 0.000000000000000000e+00 0.000000000000000000e+00 0.000000000000000000e+00 0.000000000000000000e+00 0.000000000000000000e+00 0.000000000000000000e+00 0.000000000000000000e+00 0.000000000000000000e+00 0.000000000000000000e+00 2.020870015257969499e-04 3.275936702266335487e-03 4.108457826077938080e-03 1.379799842834472656e-02 2.037984691560268402e-02 2.883365750312805176e-02 6.147312745451927185e-02 6.119755282998085022e-02 1.336771696805953979e-01 5.682377219200134277e-01 7.630863785743713379e-02 1.102389488369226456e-02 7.233554497361183167e-03 7.280933670699596405e-03 2.815681276842951775e-03 1.537408388685435057e-04 0.000000000000000000e+00 0.000000000000000000e+00 0.000000000000000000e+00 0.000000000000000000e+00 0.000000000000000000e+00 0.000000000000000000e+00 0.000000000000000000e+00 0.000000000000000000e+00 0.000000000000000000e+00 0.000000000000000000e+00
0.000000000000000000e+00 0.000000000000000000e+00 0.000000000000000000e+00 0.000000000000000000e+00 0.000000000000000000e+00 0.000000000000000000e+00 0.000000000000000000e+00 0.000000000000000000e+00 0.000000000000000000e+00 0.000000000000000000e+00 0.000000000000000000e+00 0.000000000000000000e+00 0.000000000000000000e+00 0.000000000000000000e+00 0.000000000000000000e+00 1.000000000000000000e+00 0.000000000000000000e+00 0.000000000000000000e+00 0.000000000000000000e+00 0.000000000000000000e+00 0.000000000000000000e+00 0.000000000000000000e+00 0.000000000000000000e+00 0.000000000000000000e+00 0.000000000000000000e+00 0.000000000000000000e+00 0.000000000000000000e+00 0.000000000000000000e+00 0.000000000000000000e+00 0.000000000000000000e+00 0.000000000000000000e+00 0.000000000000000000e+00 0.000000000000000000e+00 0.000000000000000000e+00 0.000000000000000000e+00 0.000000000000000000e+00 0.000000000000000000e+00 0.000000000000000000e+00 0.000000000000000000e+00 0.000000000000000000e+00 0.000000000000000000e+00 0.000000000000000000e+00 0.000000000000000000e+00 0.000000000000000000e+00 0.000000000000000000e+00 0.000000000000000000e+00 0.000000000000000000e+00 0.000000000000000000e+00 0.000000000000000000e+00 1.000000000000000000e+00 0.000000000000000000e+00 0.000000000000000000e+00 0.000000000000000000e+00 0.000000000000000000e+00 0.000000000000000000e+00 0.000000000000000000e+00 0.000000000000000000e+00 0.000000000000000000e+00 0.000000000000000000e+00 0.000000000000000000e+00 0.000000000000000000e+00 0.000000000000000000e+00 0.000000000000000000e+00 0.000000000000000000e+00 0.000000000000000000e+00 0.000000000000000000e+00 0.000000000000000000e+00 0.000000000000000000e+00 0.000000000000000000e+00 0.000000000000000000e+00 0.000000000000000000e+00 0.000000000000000000e+00 0.000000000000000000e+00 0.000000000000000000e+00 0.000000000000000000e+00 0.000000000000000000e+00 0.000000000000000000e+00 0.000000000000000000e+00 1.000000000000000000e+00 0.000000000000000000e+00 0.000000000000000000e+00 0.000000000000000000e+00 0.000000000000000000e+00 0.000000000000000000e+00 0.000000000000000000e+00 0.000000000000000000e+00 0.000000000000000000e+00 0.000000000000000000e+00 0.000000000000000000e+00 0.000000000000000000e+00 0.000000000000000000e+00 0.000000000000000000e+00 0.000000000000000000e+00 0.000000000000000000e+00 0.000000000000000000e+00 0.000000000000000000e+00
9.525445103645324707e-02 7.487632334232330322e-02 6.939672864973545074e-03 4.815400112420320511e-03 5.204754881560802460e-03 5.227657966315746307e-03 6.000641267746686935e-03 6.183866877108812332e-03 4.626448731869459152e-03 4.254271276295185089e-03 5.754431709647178650e-03 1.184668578207492828e-02 1.695982739329338074e-02 3.748110309243202209e-02 1.039290428161621094e-01 1.553124040365219116e-01 1.415532976388931274e-01 1.074103340506553650e-01 1.141381487250328064e-01 4.902432486414909363e-02 2.253103442490100861e-02 5.324996542185544968e-03 1.374192652292549610e-03 3.034675493836402893e-03 5.891851149499416351e-03 3.257981734350323677e-03 1.643305411562323570e-03 1.488708658143877983e-04 0.000000000000000000e+00 0.000000000000000000e+00 0.000000000000000000e+00 0.000000000000000000e+00 0.000000000000000000e+00 0.000000000000000000e+00 0.000000000000000000e+00 0.000000000000000000e+00 0.000000000000000000e+00 0.000000000000000000e+00 0.000000000000000000e+00 0.000000000000000000e+00 0.000000000000000000e+00 0.000000000000000000e+00 0.000000000000000000e+00 0.000000000000000000e+00 0.000000000000000000e+00 0.000000000000000000e+00 0.000000000000000000e+00 6.733544170856475830e-03 7.592471837997436523e-01 2.103602737188339233e-01 2.365901693701744080e-02 0.000000000000000000e+00 0.000000000000000000e+00 0.000000000000000000e+00 0.000000000000000000e+00 0.000000000000000000e+00 0.000000000000000000e+00 0.000000000000000000e+00 0.000000000000000000e+00 0.000000000000000000e+00 0.000000000000000000e+00 0.000000000000000000e+00 0.000000000000000000e+00 0.000000000000000000e+00 0.000000000000000000e+00 0.000000000000000000e+00 0.000000000000000000e+00 0.000000000000000000e+00 0.000000000000000000e+00 0.000000000000000000e+00 0.000000000000000000e+00 0.000000000000000000e+00 0.000000000000000000e+00 0.000000000000000000e+00 0.000000000000000000e+00 0.000000000000000000e+00 0.000000000000000000e+00 1.547111943364143372e-02 3.378223478794097900e-01 5.599949359893798828e-01 8.671155571937561035e-02 0.000000000000000000e+00 0.000000000000000000e+00 0.000000000000000000e+00 0.000000000000000000e+00 0.000000000000000000e+00 0.000000000000000000e+00 0.000000000000000000e+00 0.000000000000000000e+00 0.000000000000000000e+00 0.000000000000000000e+00 0.000000000000000000e+00 0.000000000000000000e+00 0.000000000000000000e+00 0.000000000000000000e+00 0.000000000000000000e+00
1.211900147609412670e-03 4.519872367382049561e-03 8.839703164994716644e-03 1.222652755677700043e-02 1.744060963392257690e-02 2.378214150667190552e-02 4.233720526099205017e-02 8.581955730915069580e-02 8.440425246953964233e-02 5.940214917063713074e-02 5.119438096880912781e-02 5.011285841464996338e-02 4.378409311175346375e-02 4.329731687903404236e-02 4.638844728469848633e-02 4.545454680919647217e-02 4.717002436518669128e-02 4.437122866511344910e-02 4.456970095634460449e-02 4.306322708725929260e-02 4.023508727550506592e-02 3.438794612884521484e-02 2.504175528883934021e-02 1.977279037237167358e-02 1.667919568717479706e-02 1.481094397604465485e-02 1.082130521535873413e-02 8.920347318053245544e-03 8.549160324037075043e-03 7.126241922378540039e-03 7.728831842541694641e-03 6.536644417792558670e-03 0.000000000000000000e+00 0.000000000000000000e+00 0.000000000000000000e+00 0.000000000000000000e+00 0.000000000000000000e+00 0.000000000000000000e+00 0.000000000000000000e+00 0.000000000000000000e+00 0.000000000000000000e+00 0.000000000000000000e+00 0.000000000000000000e+00 5.676441942341625690e-04 6.798065733164548874e-03 4.216314852237701416e-02 7.339724153280258179e-02 1.213681101799011230e-01 4.234645962715148926e-01 1.716500967741012573e-01 7.708088308572769165e-02 3.545580804347991943e-02 2.179673127830028534e-02 1.320343930274248123e-02 8.083889260888099670e-03 4.005766939371824265e-03 9.645919199101626873e-04 0.000000000000000000e+00 0.000000000000000000e+00 0.000000000000000000e+00 0.000000000000000000e+00 0.000000000000000000e+00 0.000000000000000000e+00 0.000000000000000000e+00 0.000000000000000000e+00 0.000000000000000000e+00 0.000000000000000000e+00 0.000000000000000000e+00 0.000000000000000000e+00 2.240111143692047335e-06 8.198807336157187819e-05 2.439481177134439349e-04 7.275881362147629261e-04 4.163919016718864441e-03 1.490906067192554474e-02 3.468476235866546631e-02 7.498167455196380615e-02 1.154477149248123169e-01 3.148333132266998291e-01 2.563034594058990479e-01 9.570225328207015991e-02 2.719270996749401093e-02 2.041592635214328766e-02 2.195017784833908081e-02 1.245300285518169403e-02 5.100733134895563126e-03 5.873571499250829220e-04 2.181868330808356404e-04 0.000000000000000000e+00 0.000000000000000000e+00 0.000000000000000000e+00 0.000000000000000000e+00 0.000000000000000000e+00 0.000000000000000000e+00 0.000000000000000000e+00 0.000000000000000000e+00
2.609685725474264473e-05 3.317047958262264729e-04 1.261783111840486526e-02 1.708657480776309967e-02 1.867024227976799011e-02 2.094066888093948364e-02 3.419100493192672729e-02 3.002031520009040833e-02 3.571286424994468689e-02 4.230231791734695435e-02 5.027353763580322266e-02 7.759900391101837158e-02 1.089832261204719543e-01 1.032274961471557617e-01 8.111727237701416016e-02 5.583216622471809387e-02 4.689330607652664185e-02 4.698670655488967896e-02 5.066773667931556702e-02 3.827310353517532349e-02 2.833157218992710114e-02 2.485931664705276489e-02 2.519445680081844330e-02 2.347755804657936096e-02 1.309581566601991653e-02 7.351072970777750015e-03 3.797779558226466179e-03 1.639981521293520927e-03 4.251040809322148561e-04 7.279650162672623992e-05 1.373518784930638503e-06 0.000000000000000000e+00 0.000000000000000000e+00 0.000000000000000000e+00 0.000000000000000000e+00 0.000000000000000000e+00 0.000000000000000000e+00 0.000000000000000000e+00 0.000000000000000000e+00 0.000000000000000000e+00 0.000000000000000000e+00 0.000000000000000000e+00 0.000000000000000000e+00 0.000000000000000000e+00 0.000000000000000000e+00 0.000000000000000000e+00 5.961071699857711792e-03 7.485540211200714111e-02 2.466001957654953003e-01 2.547169923782348633e-01 1.522895842790603638e-01 1.790972352027893066e-01 7.906386256217956543e-02 6.642336957156658173e-03 7.732911035418510437e-04 0.000000000000000000e+00 0.000000000000000000e+00 0.000000000000000000e+00 0.000000000000000000e+00 0.000000000000000000e+00 0.000000000000000000e+00 0.000000000000000000e+00 0.000000000000000000e+00 0.000000000000000000e+00 0.000000000000000000e+00 0.000000000000000000e+00 0.000000000000000000e+00 0.000000000000000000e+00 0.000000000000000000e+00 0.000000000000000000e+00 0.000000000000000000e+00 0.000000000000000000e+00 1.249902124982327223e-04 3.411134006455540657e-03 4.665225371718406677e-02 8.675350993871688843e-02 2.006106674671173096e-01 1.017056331038475037e-01 2.049036026000976562e-01 2.174438238143920898e-01 1.223743483424186707e-01 1.585658825933933258e-02 1.634487416595220566e-04 0.000000000000000000e+00 0.000000000000000000e+00 0.000000000000000000e+00 0.000000000000000000e+00 0.000000000000000000e+00 0.000000000000000000e+00 0.000000000000000000e+00 0.000000000000000000e+00 0.000000000000000000e+00 0.000000000000000000e+00 0.000000000000000000e+00 0.000000000000000000e+00 0.000000000000000000e+00
3.000284195877611637e-04 1.567207276821136475e-03 5.810844246298074722e-03 8.852602913975715637e-03 7.193622644990682602e-03 4.165100399404764175e-03 3.432678058743476868e-03 4.024792928248643875e-03 5.591117776930332184e-03 9.621205739676952362e-03 1.344303786754608154e-02 2.072755061089992523e-02 2.049723453819751740e-02 2.413905039429664612e-02 2.996930852532386780e-02 3.720881789922714233e-02 4.300554469227790833e-02 6.118020415306091309e-02 8.385882526636123657e-02 1.082546636462211609e-01 1.273647099733352661e-01 1.083332002162933350e-01 8.945258706808090210e-02 6.249150633811950684e-02 5.021416768431663513e-02 3.030286915600299835e-02 2.094639465212821960e-02 1.295681577175855637e-02 4.670736379921436310e-03 2.638485166244208813e-04 2.559065978857688606e-05 1.341303432127460837e-04 0.000000000000000000e+00 0.000000000000000000e+00 0.000000000000000000e+00 0.000000000000000000e+00 0.000000000000000000e+00 0.000000000000000000e+00 0.000000000000000000e+00 0.000000000000000000e+00 0.000000000000000000e+00 0.000000000000000000e+00 0.000000000000000000e+00 0.000000000000000000e+00 0.000000000000000000e+00 0.000000000000000000e+00 0.000000000000000000e+00 0.000000000000000000e+00 3.180327713489532471e-01 6.162795424461364746e-01 6.226472184062004089e-02 3.422971349209547043e-03 0.000000000000000000e+00 0.000000000000000000e+00 0.000000000000000000e+00 0.000000000000000000e+00 0.000000000000000000e+00 0.000000000000000000e+00 0.000000000000000000e+00 0.000000000000000000e+00 0.000000000000000000e+00 0.000000000000000000e+00 0.000000000000000000e+00 0.000000000000000000e+00 0.000000000000000000e+00 0.000000000000000000e+00 0.000000000000000000e+00 0.000000000000000000e+00 0.000000000000000000e+00 0.000000000000000000e+00 0.000000000000000000e+00 0.000000000000000000e+00 0.000000000000000000e+00 0.000000000000000000e+00 0.000000000000000000e+00 0.000000000000000000e+00 1.358952256850898266e-03 6.596565991640090942e-02 2.994759976863861084e-01 6.331579089164733887e-01 4.147451545577496290e-05 0.000000000000000000e+00 0.000000000000000000e+00 0.000000000000000000e+00 0.000000000000000000e+00 0.000000000000000000e+00 0.000000000000000000e+00 0.000000000000000000e+00 0.000000000000000000e+00 0.000000000000000000e+00 0.000000000000000000e+00 0.000000000000000000e+00 0.000000000000000000e+00 0.000000000000000000e+00 0.000000000000000000e+00 0.000000000000000000e+00
3.325205034343525767e-05 2.660164027474820614e-04 7.925071986392140388e-04 1.636739820241928101e-03 3.031478496268391609e-03 6.160866003483533859e-03 9.311498142778873444e-03 1.179524138569831848e-02 2.182535268366336823e-02 3.894554078578948975e-02 8.586233854293823242e-02 1.357394903898239136e-01 1.180614084005355835e-01 1.265693157911300659e-01 1.893279403448104858e-01 1.295684576034545898e-01 5.178452655673027039e-02 2.758350037038326263e-02 1.636093296110630035e-02 9.284711442887783051e-03 4.049360752105712891e-03 2.563179004937410355e-03 2.997302915900945663e-03 2.100421115756034851e-03 1.623808522708714008e-03 1.604411401785910130e-03 1.048363279551267624e-03 4.433606591192074120e-05 1.662602517171762884e-05 9.236680853064171970e-06 1.847336193350201938e-06 0.000000000000000000e+00 0.000000000000000000e+00 0.000000000000000000e+00 0.000000000000000000e+00 0.000000000000000000e+00 0.000000000000000000e+00 0.000000000000000000e+00 0.000000000000000000e+00 0.000000000000000000e+00 0.000000000000000000e+00 4.803073898074217141e-05 1.070531317964196205e-03 1.052057952620089054e-03 1.278356648981571198e-03 3.916352521628141403e-03 4.067741706967353821e-02 3.825223445892333984e-01 5.184991955757141113e-01 4.556547105312347412e-02 4.489950370043516159e-03 7.241557468660175800e-04 1.440922205802053213e-04 1.200768474518554285e-05 0.000000000000000000e+00 0.000000000000000000e+00 0.000000000000000000e+00 0.000000000000000000e+00 0.000000000000000000e+00 0.000000000000000000e+00 0.000000000000000000e+00 0.000000000000000000e+00 0.000000000000000000e+00 0.000000000000000000e+00 0.000000000000000000e+00 0.000000000000000000e+00 0.000000000000000000e+00 0.000000000000000000e+00 0.000000000000000000e+00 0.000000000000000000e+00 0.000000000000000000e+00 0.000000000000000000e+00 0.000000000000000000e+00 0.000000000000000000e+00 0.000000000000000000e+00 1.385502109769731760e-04 1.359639456495642662e-03 7.794834673404693604e-03 7.804440706968307495e-02 4.759190380573272705e-01 3.389464616775512695e-01 6.357052922248840332e-02 2.936802618205547333e-02 4.284895956516265869e-03 5.699031753465533257e-04 3.694672386700403877e-06 0.000000000000000000e+00 0.000000000000000000e+00 0.000000000000000000e+00 0.000000000000000000e+00 0.000000000000000000e+00 0.000000000000000000e+00 0.000000000000000000e+00 0.000000000000000000e+00 0.000000000000000000e+00 0.000000000000000000e+00
3.075151517987251282e-02 3.260414674878120422e-02 2.135589718818664551e-02 1.942227594554424286e-02 1.924004964530467987e-02 2.033846825361251831e-02 1.854573376476764679e-02 1.913712546229362488e-02 2.179712057113647461e-02 2.494474127888679504e-02 2.588202618062496185e-02 2.555216290056705475e-02 2.856142632663249969e-02 3.337523341178894043e-02 5.477331578731536865e-02 6.403057277202606201e-02 6.006462126970291138e-02 1.389938741922378540e-01 9.764624387025833130e-02 8.040393143892288208e-02 6.347799301147460938e-02 4.201579466462135315e-02 2.601278945803642273e-02 1.612279936671257019e-02 1.101287361234426498e-02 3.336595371365547180e-03 5.669259699061512947e-04 3.205831308150663972e-05 1.687279564066557214e-06 0.000000000000000000e+00 0.000000000000000000e+00 0.000000000000000000e+00 0.000000000000000000e+00 0.000000000000000000e+00 0.000000000000000000e+00 0.000000000000000000e+00 0.000000000000000000e+00 0.000000000000000000e+00 0.000000000000000000e+00 8.183305908460170031e-05 8.630435331724584103e-04 4.367523360997438431e-03 1.068385411053895950e-02 1.590767130255699158e-02 2.234886214137077332e-02 2.688005194067955017e-02 3.258221223950386047e-02 4.589822143316268921e-02 2.386454492807388306e-01 3.395160734653472900e-01 5.447972565889358521e-02 3.666796162724494934e-02 4.477027803659439087e-02 4.910152405500411987e-02 1.517539285123348236e-02 1.239813026040792465e-02 8.320819586515426636e-03 6.301145534962415695e-03 5.932474974542856216e-03 6.827577017247676849e-03 7.880439050495624542e-03 8.507263846695423126e-03 4.457792732864618301e-03 1.404660288244485855e-03 0.000000000000000000e+00 0.000000000000000000e+00 0.000000000000000000e+00 2.598410646896809340e-04 1.170128351077437401e-03 3.667302196845412254e-03 1.807920052669942379e-03 1.579293748363852501e-03 1.879629446193575859e-03 3.113030921667814255e-03 6.113014183938503265e-03 1.006209198385477066e-02 2.788820117712020874e-02 1.035787165164947510e-01 1.679813414812088013e-01 4.026144444942474365e-01 1.404879540205001831e-01 9.161674976348876953e-02 2.685474231839179993e-02 9.049723856151103973e-03 2.758702030405402184e-04 0.000000000000000000e+00 0.000000000000000000e+00 0.000000000000000000e+00 0.000000000000000000e+00 0.000000000000000000e+00 0.000000000000000000e+00 0.000000000000000000e+00 0.000000000000000000e+00 0.000000000000000000e+00 0.000000000000000000e+00 0.000000000000000000e+00
3.539159661158919334e-05 2.004829933866858482e-03 1.515940111130475998e-02 3.178096190094947815e-02 6.873603165149688721e-02 1.238851621747016907e-01 1.350834816694259644e-01 1.030367389321327209e-01 8.140067756175994873e-02 7.705375552177429199e-02 7.382687181234359741e-02 5.780558288097381592e-02 4.923040792346000671e-02 3.093780763447284698e-02 1.970548555254936218e-02 1.867357827723026276e-02 2.292265184223651886e-02 2.675535343587398529e-02 2.955753542482852936e-02 2.082136273384094238e-02 4.221315495669841766e-03 7.196291699074208736e-04 3.365671436768025160e-04 3.580797056201845407e-04 3.518341109156608582e-04 4.163717385381460190e-04 5.142191075719892979e-04 5.142191075719892979e-04 8.098430116660892963e-04 7.668179459869861603e-04 1.648138160817325115e-03 9.298968943767249584e-04 0.000000000000000000e+00 0.000000000000000000e+00 0.000000000000000000e+00 0.000000000000000000e+00 0.000000000000000000e+00 0.000000000000000000e+00 0.000000000000000000e+00 0.000000000000000000e+00 0.000000000000000000e+00 0.000000000000000000e+00 0.000000000000000000e+00 0.000000000000000000e+00 0.000000000000000000e+00 0.000000000000000000e+00 0.000000000000000000e+00 8.357969112694263458e-03 8.922554850578308105e-01 9.595772624015808105e-02 1.901430892758071423e-03 7.959639769978821278e-04 3.143606591038405895e-04 2.616202400531619787e-04 1.554454502183943987e-04 0.000000000000000000e+00 0.000000000000000000e+00 0.000000000000000000e+00 0.000000000000000000e+00 0.000000000000000000e+00 0.000000000000000000e+00 0.000000000000000000e+00 0.000000000000000000e+00 0.000000000000000000e+00 0.000000000000000000e+00 0.000000000000000000e+00 0.000000000000000000e+00 0.000000000000000000e+00 0.000000000000000000e+00 0.000000000000000000e+00 6.245576059882296249e-06 3.400369314476847649e-05 5.204646731726825237e-05 4.580089080263860524e-05 1.380966277793049812e-04 2.081858692690730095e-04 7.695937529206275940e-04 1.651607919484376907e-03 1.469320356845855713e-01 8.407961130142211914e-01 9.366282261908054352e-03 0.000000000000000000e+00 0.000000000000000000e+00 0.000000000000000000e+00 0.000000000000000000e+00 0.000000000000000000e+00 0.000000000000000000e+00 0.000000000000000000e+00 0.000000000000000000e+00 0.000000000000000000e+00 0.000000000000000000e+00 0.000000000000000000e+00 0.000000000000000000e+00 0.000000000000000000e+00 0.000000000000000000e+00 0.000000000000000000e+00
1.566855013370513916e-01 1.419128328561782837e-01 8.640839159488677979e-02 5.546677485108375549e-02 4.326069355010986328e-02 3.836158290505409241e-02 3.577347472310066223e-02 3.510895743966102600e-02 3.497982397675514221e-02 3.291901946067810059e-02 3.163572773337364197e-02 3.013182617723941803e-02 3.051654621958732605e-02 3.356470167636871338e-02 3.496906161308288574e-02 3.172988817095756531e-02 2.857411839067935944e-02 2.614743076264858246e-02 2.285176143050193787e-02 1.830239407718181610e-02 1.524616591632366180e-02 1.137745473533868790e-02 5.388754419982433319e-03 2.843691036105155945e-03 1.904761884361505508e-03 1.622276031412184238e-03 1.775625511072576046e-03 1.923594274558126926e-03 1.544256112538278103e-03 1.409739023074507713e-03 1.963949529454112053e-03 3.699219785630702972e-03 0.000000000000000000e+00 0.000000000000000000e+00 0.000000000000000000e+00 0.000000000000000000e+00 0.000000000000000000e+00 0.000000000000000000e+00 0.000000000000000000e+00 0.000000000000000000e+00 0.000000000000000000e+00 0.000000000000000000e+00 0.000000000000000000e+00 0.000000000000000000e+00 0.000000000000000000e+00 0.000000000000000000e+00 5.916061345487833023e-03 1.120016127824783325e-01 7.214043736457824707e-01 1.296637058258056641e-01 1.695453375577926636e-02 9.281679056584835052e-03 4.471347667276859283e-03 3.066989593207836151e-04 0.000000000000000000e+00 0.000000000000000000e+00 0.000000000000000000e+00 0.000000000000000000e+00 0.000000000000000000e+00 0.000000000000000000e+00 0.000000000000000000e+00 0.000000000000000000e+00 0.000000000000000000e+00 0.000000000000000000e+00 0.000000000000000000e+00 0.000000000000000000e+00 0.000000000000000000e+00 0.000000000000000000e+00 0.000000000000000000e+00 0.000000000000000000e+00 0.000000000000000000e+00 0.000000000000000000e+00 0.000000000000000000e+00 0.000000000000000000e+00 0.000000000000000000e+00 0.000000000000000000e+00 0.000000000000000000e+00 1.334947533905506134e-02 1.768684387207031250e-01 6.308797597885131836e-01 1.777966171503067017e-01 1.103040063753724098e-03 2.690341716515831649e-06 0.000000000000000000e+00 0.000000000000000000e+00 0.000000000000000000e+00 0.000000000000000000e+00 0.000000000000000000e+00 0.000000000000000000e+00 0.000000000000000000e+00 0.000000000000000000e+00 0.000000000000000000e+00 0.000000000000000000e+00 0.000000000000000000e+00 0.000000000000000000e+00 0.000000000000000000e+00
3.771935775876045227e-02 6.798395514488220215e-02 4.721528291702270508e-02 4.927456378936767578e-02 6.131687387824058533e-02 5.852746590971946716e-02 6.801166385412216187e-02 5.606741458177566528e-02 2.568237669765949249e-02 1.889378763735294342e-02 1.878826506435871124e-02 1.891190744936466217e-02 1.957808248698711395e-02 2.181216701865196228e-02 2.276932634413242340e-02 2.371476218104362488e-02 2.521338872611522675e-02 2.644767798483371735e-02 2.847071737051010132e-02 3.028058260679244995e-02 3.177707642316818237e-02 2.955791540443897247e-02 2.871800214052200317e-02 2.988087758421897888e-02 3.707982972264289856e-02 5.069857835769653320e-02 4.394942522048950195e-02 1.763178594410419464e-02 3.484361339360475540e-03 5.041611730121076107e-04 3.837167605524882674e-05 0.000000000000000000e+00 0.000000000000000000e+00 0.000000000000000000e+00 0.000000000000000000e+00 0.000000000000000000e+00 0.000000000000000000e+00 0.000000000000000000e+00 0.000000000000000000e+00 0.000000000000000000e+00 0.000000000000000000e+00 0.000000000000000000e+00 0.000000000000000000e+00 0.000000000000000000e+00 0.000000000000000000e+00 0.000000000000000000e+00 0.000000000000000000e+00 1.333852708339691162e-01 5.581682920455932617e-01 2.843202650547027588e-01 2.410594001412391663e-02 2.025171852437779307e-05 0.000000000000000000e+00 0.000000000000000000e+00 0.000000000000000000e+00 0.000000000000000000e+00 0.000000000000000000e+00 0.000000000000000000e+00 0.000000000000000000e+00 0.000000000000000000e+00 0.000000000000000000e+00 0.000000000000000000e+00 0.000000000000000000e+00 0.000000000000000000e+00 0.000000000000000000e+00 0.000000000000000000e+00 0.000000000000000000e+00 0.000000000000000000e+00 0.000000000000000000e+00 0.000000000000000000e+00 0.000000000000000000e+00 0.000000000000000000e+00 0.000000000000000000e+00 0.000000000000000000e+00 0.000000000000000000e+00 0.000000000000000000e+00 0.000000000000000000e+00 1.663305610418319702e-02 2.694800198078155518e-01 3.933864235877990723e-01 3.008584678173065186e-01 1.964203454554080963e-02 0.000000000000000000e+00 0.000000000000000000e+00 0.000000000000000000e+00 0.000000000000000000e+00 0.000000000000000000e+00 0.000000000000000000e+00 0.000000000000000000e+00 0.000000000000000000e+00 0.000000000000000000e+00 0.000000000000000000e+00 0.000000000000000000e+00 0.000000000000000000e+00 0.000000000000000000e+00 0.000000000000000000e+00
2.289850823581218719e-02 2.274701558053493500e-02 3.034328296780586243e-02 2.362835779786109924e-02 6.225373130291700363e-03 1.610447838902473450e-02 5.064477771520614624e-02 7.981193810701370239e-02 7.604552060365676880e-02 7.734029740095138550e-02 7.410671561956405640e-02 7.761940360069274902e-02 8.222164213657379150e-02 8.686418086290359497e-02 7.974328100681304932e-02 6.677760928869247437e-02 5.334402993321418762e-02 4.005597159266471863e-02 2.222835831344127655e-02 7.411194033920764923e-03 1.831343281082808971e-03 6.059701554477214813e-04 3.074626729357987642e-04 2.007462753681465983e-04 1.656716485740616918e-04 2.044776047114282846e-04 3.082089533563703299e-04 1.111940291593782604e-04 2.910447801696136594e-05 2.910447801696136594e-05 4.104477557120844722e-05 3.731343213075888343e-06 0.000000000000000000e+00 0.000000000000000000e+00 0.000000000000000000e+00 0.000000000000000000e+00 0.000000000000000000e+00 0.000000000000000000e+00 0.000000000000000000e+00 0.000000000000000000e+00 0.000000000000000000e+00 0.000000000000000000e+00 0.000000000000000000e+00 0.000000000000000000e+00 0.000000000000000000e+00 0.000000000000000000e+00 0.000000000000000000e+00 1.555223832838237286e-03 9.759417772293090820e-01 2.139253728091716766e-02 1.110447803512215614e-03 0.000000000000000000e+00 0.000000000000000000e+00 0.000000000000000000e+00 0.000000000000000000e+00 0.000000000000000000e+00 0.000000000000000000e+00 0.000000000000000000e+00 0.000000000000000000e+00 0.000000000000000000e+00 0.000000000000000000e+00 0.000000000000000000e+00 0.000000000000000000e+00 0.000000000000000000e+00 0.000000000000000000e+00 0.000000000000000000e+00 0.000000000000000000e+00 0.000000000000000000e+00 0.000000000000000000e+00 0.000000000000000000e+00 0.000000000000000000e+00 0.000000000000000000e+00 0.000000000000000000e+00 0.000000000000000000e+00 0.000000000000000000e+00 0.000000000000000000e+00 5.298507749103009701e-04 3.939552232623100281e-03 1.140149217098951340e-02 9.769372940063476562e-01 7.191791199147701263e-03 0.000000000000000000e+00 0.000000000000000000e+00 0.000000000000000000e+00 0.000000000000000000e+00 0.000000000000000000e+00 0.000000000000000000e+00 0.000000000000000000e+00 0.000000000000000000e+00 0.000000000000000000e+00 0.000000000000000000e+00 0.000000000000000000e+00 0.000000000000000000e+00 0.000000000000000000e+00 0.000000000000000000e+00 0.000000000000000000e+00
1.759314909577369690e-02 2.230623178184032440e-02 2.243701741099357605e-02 2.614581212401390076e-02 2.543842047452926636e-02 2.630141936242580414e-02 3.034529462456703186e-02 3.575240448117256165e-02 4.002730175852775574e-02 4.604538530111312866e-02 5.139807611703872681e-02 5.588299781084060669e-02 5.605006217956542969e-02 5.825338140130043030e-02 6.135979667305946350e-02 5.675745382905006409e-02 4.880621656775474548e-02 4.298383742570877075e-02 3.717959672212600708e-02 3.194718807935714722e-02 2.766369841992855072e-02 2.472911961376667023e-02 2.364368923008441925e-02 2.471289038658142090e-02 2.619068138301372528e-02 2.624700404703617096e-02 2.347662486135959625e-02 1.621655188500881195e-02 9.044305421411991119e-03 4.190890584141016006e-03 8.429513545706868172e-04 3.054863555007614195e-05 0.000000000000000000e+00 0.000000000000000000e+00 0.000000000000000000e+00 0.000000000000000000e+00 0.000000000000000000e+00 0.000000000000000000e+00 0.000000000000000000e+00 0.000000000000000000e+00 0.000000000000000000e+00 0.000000000000000000e+00 0.000000000000000000e+00 0.000000000000000000e+00 0.000000000000000000e+00 0.000000000000000000e+00 0.000000000000000000e+00 4.429552063811570406e-04 1.536605805158615112e-01 4.305553138256072998e-01 3.326851427555084229e-01 6.897881627082824707e-02 1.337839290499687195e-02 2.978491829708218575e-04 9.546448609398794360e-07 0.000000000000000000e+00 0.000000000000000000e+00 0.000000000000000000e+00 0.000000000000000000e+00 0.000000000000000000e+00 0.000000000000000000e+00 0.000000000000000000e+00 0.000000000000000000e+00 0.000000000000000000e+00 0.000000000000000000e+00 0.000000000000000000e+00 0.000000000000000000e+00 0.000000000000000000e+00 0.000000000000000000e+00 0.000000000000000000e+00 0.000000000000000000e+00 0.000000000000000000e+00 0.000000000000000000e+00 6.682513685518642887e-06 2.644366177264600992e-04 3.576576709747314453e-02 9.694799780845642090e-02 3.344521820545196533e-01 3.844049274921417236e-01 1.440033912658691406e-01 4.154614172875881195e-03 0.000000000000000000e+00 0.000000000000000000e+00 0.000000000000000000e+00 0.000000000000000000e+00 0.000000000000000000e+00 0.000000000000000000e+00 0.000000000000000000e+00 0.000000000000000000e+00 0.000000000000000000e+00 0.000000000000000000e+00 0.000000000000000000e+00 0.000000000000000000e+00 0.000000000000000000e+00 0.000000000000000000e+00 0.000000000000000000e+00
1.409612782299518585e-02 7.246422581374645233e-03 6.947829388082027435e-03 7.657911628484725952e-03 5.332261323928833008e-02 7.200209051370620728e-02 2.286822348833084106e-02 1.220327988266944885e-02 1.136869564652442932e-02 1.796939782798290253e-02 2.498053386807441711e-02 3.836552426218986511e-02 6.151440367102622986e-02 6.509540975093841553e-02 5.032507702708244324e-02 3.705403581261634827e-02 3.026447072625160217e-02 4.438275471329689026e-02 8.678509294986724854e-02 1.570177823305130005e-01 1.021082997322082520e-01 3.298240900039672852e-02 2.570644207298755646e-02 1.271711289882659912e-02 3.711839672178030014e-03 9.749118471518158913e-04 2.817115455400198698e-04 4.958967110724188387e-05 0.000000000000000000e+00 0.000000000000000000e+00 0.000000000000000000e+00 0.000000000000000000e+00 0.000000000000000000e+00 0.000000000000000000e+00 0.000000000000000000e+00 0.000000000000000000e+00 0.000000000000000000e+00 0.000000000000000000e+00 0.000000000000000000e+00 0.000000000000000000e+00 0.000000000000000000e+00 0.000000000000000000e+00 0.000000000000000000e+00 0.000000000000000000e+00 0.000000000000000000e+00 0.000000000000000000e+00 0.000000000000000000e+00 2.648299559950828552e-04 3.774364888668060303e-01 2.298133075237274170e-01 1.242780461907386780e-01 2.611972391605377197e-01 7.010080385953187943e-03 0.000000000000000000e+00 0.000000000000000000e+00 0.000000000000000000e+00 0.000000000000000000e+00 0.000000000000000000e+00 0.000000000000000000e+00 0.000000000000000000e+00 0.000000000000000000e+00 0.000000000000000000e+00 0.000000000000000000e+00 0.000000000000000000e+00 0.000000000000000000e+00 0.000000000000000000e+00 0.000000000000000000e+00 0.000000000000000000e+00 0.000000000000000000e+00 0.000000000000000000e+00 0.000000000000000000e+00 0.000000000000000000e+00 0.000000000000000000e+00 0.000000000000000000e+00 0.000000000000000000e+00 5.187923554331064224e-03 3.087431788444519043e-01 9.407582879066467285e-02 1.997988969087600708e-01 3.395309746265411377e-01 5.266317725181579590e-02 0.000000000000000000e+00 0.000000000000000000e+00 0.000000000000000000e+00 0.000000000000000000e+00 0.000000000000000000e+00 0.000000000000000000e+00 0.000000000000000000e+00 0.000000000000000000e+00 0.000000000000000000e+00 0.000000000000000000e+00 0.000000000000000000e+00 0.000000000000000000e+00 0.000000000000000000e+00 0.000000000000000000e+00 0.000000000000000000e+00
4.436448798514902592e-04 5.219351151026785374e-04 8.155236719176173210e-04 2.286728238686919212e-03 4.137967247515916824e-03 1.349202357232570648e-02 2.735266275703907013e-02 5.179880186915397644e-02 9.348510950803756714e-02 1.052514836192131042e-01 1.067895591259002686e-01 1.034573316574096680e-01 7.721541076898574829e-02 4.930003732442855835e-02 2.814209088683128357e-02 1.931975595653057098e-02 2.091491967439651489e-02 2.333213202655315399e-02 2.770170755684375763e-02 2.905384637415409088e-02 3.113995492458343506e-02 2.811762504279613495e-02 2.461250312626361847e-02 2.327830716967582703e-02 2.163095027208328247e-02 1.774090155959129333e-02 2.305485308170318604e-02 1.656980998814105988e-02 1.548353210091590881e-02 1.183651015162467957e-02 1.722385990433394909e-03 0.000000000000000000e+00 0.000000000000000000e+00 0.000000000000000000e+00 0.000000000000000000e+00 0.000000000000000000e+00 0.000000000000000000e+00 0.000000000000000000e+00 0.000000000000000000e+00 0.000000000000000000e+00 0.000000000000000000e+00 1.631047325645340607e-06 2.983185462653636932e-03 3.526324173435568810e-03 1.784365740604698658e-03 1.629416248761117458e-03 1.435321639291942120e-03 1.402700669132173061e-03 4.750262200832366943e-02 7.159449458122253418e-01 2.102501541376113892e-01 8.416204364039003849e-04 7.519128266721963882e-04 7.062435033731162548e-04 9.019691497087478638e-04 1.471204683184623718e-03 4.149384330958127975e-03 4.716988652944564819e-03 0.000000000000000000e+00 0.000000000000000000e+00 0.000000000000000000e+00 0.000000000000000000e+00 0.000000000000000000e+00 0.000000000000000000e+00 0.000000000000000000e+00 0.000000000000000000e+00 0.000000000000000000e+00 0.000000000000000000e+00 0.000000000000000000e+00 0.000000000000000000e+00 0.000000000000000000e+00 0.000000000000000000e+00 0.000000000000000000e+00 0.000000000000000000e+00 0.000000000000000000e+00 9.786283953872043639e-06 1.009618281386792660e-03 3.850283026695251465e-01 5.340244770050048828e-01 6.852845102548599243e-02 2.567268442362546921e-03 5.705403629690408707e-03 3.126717638224363327e-03 0.000000000000000000e+00 0.000000000000000000e+00 0.000000000000000000e+00 0.000000000000000000e+00 0.000000000000000000e+00 0.000000000000000000e+00 0.000000000000000000e+00 0.000000000000000000e+00 0.000000000000000000e+00 0.000000000000000000e+00 0.000000000000000000e+00 0.000000000000000000e+00 0.000000000000000000e+00
1.032242700457572937e-01 2.181235887110233307e-02 3.698084130883216858e-02 8.070550113916397095e-02 1.324618756771087646e-01 7.433418929576873779e-02 5.492952838540077209e-02 5.184268206357955933e-02 2.863794937729835510e-02 5.776879191398620605e-02 6.878741085529327393e-02 2.132627740502357483e-02 1.860739849507808685e-02 2.710928954184055328e-02 2.950562722980976105e-02 2.435633912682533264e-02 1.338996738195419312e-02 6.362221669405698776e-03 4.676835145801305771e-03 5.031174980103969574e-03 3.173161065205931664e-03 5.503628402948379517e-03 3.938172012567520142e-02 2.564877085387706757e-02 2.561697177588939667e-02 3.726476803421974182e-02 1.542287995107471943e-03 1.817128759284969419e-05 0.000000000000000000e+00 0.000000000000000000e+00 0.000000000000000000e+00 0.000000000000000000e+00 0.000000000000000000e+00 0.000000000000000000e+00 0.000000000000000000e+00 0.000000000000000000e+00 0.000000000000000000e+00 0.000000000000000000e+00 0.000000000000000000e+00 0.000000000000000000e+00 0.000000000000000000e+00 0.000000000000000000e+00 0.000000000000000000e+00 0.000000000000000000e+00 0.000000000000000000e+00 0.000000000000000000e+00 0.000000000000000000e+00 2.755221445113420486e-03 5.174841880798339844e-01 1.769315451383590698e-01 1.033764556050300598e-01 7.973106205463409424e-02 9.815447777509689331e-02 7.995366118848323822e-03 2.337281825020909309e-03 3.516144119203090668e-03 3.209503600373864174e-03 4.388365894556045532e-03 1.203847787110134959e-04 0.000000000000000000e+00 0.000000000000000000e+00 0.000000000000000000e+00 0.000000000000000000e+00 0.000000000000000000e+00 0.000000000000000000e+00 0.000000000000000000e+00 0.000000000000000000e+00 0.000000000000000000e+00 0.000000000000000000e+00 0.000000000000000000e+00 0.000000000000000000e+00 0.000000000000000000e+00 0.000000000000000000e+00 0.000000000000000000e+00 1.344675198197364807e-03 2.726601622998714447e-02 8.697459101676940918e-02 7.972879707813262939e-02 4.039658904075622559e-01 2.856639921665191650e-01 1.150560453534126282e-01 0.000000000000000000e+00 0.000000000000000000e+00 0.000000000000000000e+00 0.000000000000000000e+00 0.000000000000000000e+00 0.000000000000000000e+00 0.000000000000000000e+00 0.000000000000000000e+00 0.000000000000000000e+00 0.000000000000000000e+00 0.000000000000000000e+00 0.000000000000000000e+00 0.000000000000000000e+00 0.000000000000000000e+00 0.000000000000000000e+00
2.597257308661937714e-02 3.210279718041419983e-02 3.621706739068031311e-02 3.504904359579086304e-02 2.913168817758560181e-02 2.310000546276569366e-02 1.921650022268295288e-02 1.610435359179973602e-02 1.522011216729879379e-02 1.697701774537563324e-02 1.673493906855583191e-02 1.720278151333332062e-02 1.719975471496582031e-02 1.979367062449455261e-02 2.748082391917705536e-02 4.353583976626396179e-02 5.162202566862106323e-02 6.946302205324172974e-02 9.314125031232833862e-02 1.026764884591102600e-01 5.651002377271652222e-02 3.677779436111450195e-02 3.669069707393646240e-02 4.393658414483070374e-02 5.908157303929328918e-02 4.147581011056900024e-02 1.456571277230978012e-02 2.835598774254322052e-03 1.827423839131370187e-04 1.710331844151369296e-06 0.000000000000000000e+00 0.000000000000000000e+00 0.000000000000000000e+00 0.000000000000000000e+00 0.000000000000000000e+00 0.000000000000000000e+00 0.000000000000000000e+00 0.000000000000000000e+00 0.000000000000000000e+00 0.000000000000000000e+00 0.000000000000000000e+00 0.000000000000000000e+00 0.000000000000000000e+00 0.000000000000000000e+00 2.631279869547142880e-07 9.146328666247427464e-04 3.542886814102530479e-03 2.501623518764972687e-02 1.452729552984237671e-01 2.500556409358978271e-01 4.937333464622497559e-01 5.454327166080474854e-02 2.121600881218910217e-02 2.701798221096396446e-03 1.589556108228862286e-03 1.177103025838732719e-03 2.356311015319079161e-04 6.578199531759310048e-07 0.000000000000000000e+00 0.000000000000000000e+00 0.000000000000000000e+00 0.000000000000000000e+00 0.000000000000000000e+00 0.000000000000000000e+00 0.000000000000000000e+00 0.000000000000000000e+00 0.000000000000000000e+00 0.000000000000000000e+00 2.236587761217379011e-06 4.446863022167235613e-05 2.854938502423465252e-04 9.600224439054727554e-04 2.349996007978916168e-03 4.623553249984979630e-03 6.810146849602460861e-03 1.386039797216653824e-02 1.261211931705474854e-01 4.984699189662933350e-01 1.590817868709564209e-01 1.602649390697479248e-01 1.827621087431907654e-02 4.429496359080076218e-03 2.619307488203048706e-03 1.529562985524535179e-03 2.712849527597427368e-04 0.000000000000000000e+00 0.000000000000000000e+00 0.000000000000000000e+00 0.000000000000000000e+00 0.000000000000000000e+00 0.000000000000000000e+00 0.000000000000000000e+00 0.000000000000000000e+00 0.000000000000000000e+00 0.000000000000000000e+00 0.000000000000000000e+00
2.648996189236640930e-03 1.131587196141481400e-02 5.537327378988265991e-02 1.057245954871177673e-01 1.066342517733573914e-01 9.140056371688842773e-02 6.305050104856491089e-02 3.616060316562652588e-02 4.121863096952438354e-02 3.130175545811653137e-02 1.578419096767902374e-02 1.512703858315944672e-02 1.714711450040340424e-02 3.995294868946075439e-02 5.357904732227325439e-02 6.124529615044593811e-02 7.024309784173965454e-02 6.549561023712158203e-02 4.094259813427925110e-02 9.190714918076992035e-03 5.782622378319501877e-03 7.040464319288730621e-03 8.324968628585338593e-03 1.044542063027620316e-02 1.176286116242408752e-02 1.188833080232143402e-02 7.914052344858646393e-03 2.611355157569050789e-03 6.932246033102273941e-04 0.000000000000000000e+00 0.000000000000000000e+00 0.000000000000000000e+00 0.000000000000000000e+00 0.000000000000000000e+00 0.000000000000000000e+00 0.000000000000000000e+00 0.000000000000000000e+00 0.000000000000000000e+00 0.000000000000000000e+00 0.000000000000000000e+00 0.000000000000000000e+00 0.000000000000000000e+00 0.000000000000000000e+00 0.000000000000000000e+00 3.136762825306504965e-05 1.488393987528979778e-03 2.589397830888628960e-03 1.205301098525524139e-02 9.459410309791564941e-01 3.789680078625679016e-02 0.000000000000000000e+00 0.000000000000000000e+00 0.000000000000000000e+00 0.000000000000000000e+00 0.000000000000000000e+00 0.000000000000000000e+00 0.000000000000000000e+00 0.000000000000000000e+00 0.000000000000000000e+00 0.000000000000000000e+00 0.000000000000000000e+00 0.000000000000000000e+00 0.000000000000000000e+00 0.000000000000000000e+00 0.000000000000000000e+00 0.000000000000000000e+00 0.000000000000000000e+00 0.000000000000000000e+00 0.000000000000000000e+00 0.000000000000000000e+00 0.000000000000000000e+00 0.000000000000000000e+00 0.000000000000000000e+00 0.000000000000000000e+00 0.000000000000000000e+00 0.000000000000000000e+00 0.000000000000000000e+00 1.380175672238692641e-04 9.275407530367374420e-03 9.135664701461791992e-01 7.090966403484344482e-02 5.398368928581476212e-03 7.120451773516833782e-04 0.000000000000000000e+00 0.000000000000000000e+00 0.000000000000000000e+00 0.000000000000000000e+00 0.000000000000000000e+00 0.000000000000000000e+00 0.000000000000000000e+00 0.000000000000000000e+00 0.000000000000000000e+00 0.000000000000000000e+00 0.000000000000000000e+00 0.000000000000000000e+00 0.000000000000000000e+00
9.324873099103569984e-04 7.401805836707353592e-03 1.105863880366086960e-02 9.674430824816226959e-03 8.870148099958896637e-03 9.714494459331035614e-03 1.098852697759866714e-02 1.401835959404706955e-02 2.312087826430797577e-02 4.355847463011741638e-02 2.915049530565738678e-02 2.804573252797126770e-02 2.578913420438766479e-02 2.099047973752021790e-02 1.791257038712501526e-02 1.552776712924242020e-02 1.339736860245466232e-02 1.557083521038293839e-02 2.402031235396862030e-02 4.726739227771759033e-02 7.462202012538909912e-02 1.133287623524665833e-01 1.144315153360366821e-01 1.261562258005142212e-01 1.166560649871826172e-01 5.414736643433570862e-02 9.846705943346023560e-03 6.045642774552106857e-03 3.771014744415879250e-03 3.673859871923923492e-03 3.104952338617295027e-04 0.000000000000000000e+00 0.000000000000000000e+00 0.000000000000000000e+00 0.000000000000000000e+00 0.000000000000000000e+00 0.000000000000000000e+00 0.000000000000000000e+00 0.000000000000000000e+00 0.000000000000000000e+00 0.000000000000000000e+00 0.000000000000000000e+00 0.000000000000000000e+00 0.000000000000000000e+00 0.000000000000000000e+00 0.000000000000000000e+00 0.000000000000000000e+00 4.417045274749398232e-04 4.221833944320678711e-01 5.773749351501464844e-01 0.000000000000000000e+00 0.000000000000000000e+00 0.000000000000000000e+00 0.000000000000000000e+00 0.000000000000000000e+00 0.000000000000000000e+00 0.000000000000000000e+00 0.000000000000000000e+00 0.000000000000000000e+00 0.000000000000000000e+00 0.000000000000000000e+00 0.000000000000000000e+00 0.000000000000000000e+00 0.000000000000000000e+00 0.000000000000000000e+00 0.000000000000000000e+00 0.000000000000000000e+00 0.000000000000000000e+00 0.000000000000000000e+00 0.000000000000000000e+00 0.000000000000000000e+00 0.000000000000000000e+00 0.000000000000000000e+00 0.000000000000000000e+00 0.000000000000000000e+00 0.000000000000000000e+00 0.000000000000000000e+00 0.000000000000000000e+00 3.858293890953063965e-01 6.140344142913818359e-01 1.362172624794766307e-04 0.000000000000000000e+00 0.000000000000000000e+00 0.000000000000000000e+00 0.000000000000000000e+00 0.000000000000000000e+00 0.000000000000000000e+00 0.000000000000000000e+00 0.000000000000000000e+00 0.000000000000000000e+00 0.000000000000000000e+00 0.000000000000000000e+00 0.000000000000000000e+00 0.000000000000000000e+00 0.000000000000000000e+00 0.000000000000000000e+00
1.542520658404100686e-05 3.547797678038477898e-05 3.362695279065519571e-04 1.306515070609748363e-03 2.527420176193118095e-03 6.119951140135526657e-03 1.349011529237031937e-02 2.235343866050243378e-02 2.755713276565074921e-02 6.345467269420623779e-02 1.125901341438293457e-01 1.277045160531997681e-01 1.831342279911041260e-01 1.914777308702468872e-01 5.765325576066970825e-02 1.780840195715427399e-02 1.998258568346500397e-02 1.679882220923900604e-02 1.607538014650344849e-02 1.591650024056434631e-02 3.357836231589317322e-02 3.207517787814140320e-02 1.890590600669384003e-02 5.869291257113218307e-03 3.004059195518493652e-03 5.943332333117723465e-03 3.017941722646355629e-03 7.604627171531319618e-04 4.681550490204244852e-04 3.856301918858662248e-05 7.712603746767854318e-07 0.000000000000000000e+00 0.000000000000000000e+00 0.000000000000000000e+00 0.000000000000000000e+00 0.000000000000000000e+00 0.000000000000000000e+00 0.000000000000000000e+00 0.000000000000000000e+00 0.000000000000000000e+00 0.000000000000000000e+00 0.000000000000000000e+00 0.000000000000000000e+00 0.000000000000000000e+00 1.465394743718206882e-04 1.358729414641857147e-02 6.630525458604097366e-03 1.616561785340309143e-03 2.669949084520339966e-02 1.088071018457412720e-01 1.099454760551452637e-01 8.355989307165145874e-02 8.979398757219314575e-02 4.487964138388633728e-02 7.354816049337387085e-02 2.014462649822235107e-01 1.993114203214645386e-01 4.002686962485313416e-02 7.712603746767854318e-07 0.000000000000000000e+00 0.000000000000000000e+00 0.000000000000000000e+00 0.000000000000000000e+00 0.000000000000000000e+00 0.000000000000000000e+00 0.000000000000000000e+00 0.000000000000000000e+00 0.000000000000000000e+00 0.000000000000000000e+00 0.000000000000000000e+00 0.000000000000000000e+00 0.000000000000000000e+00 2.206575823947787285e-03 1.395225375890731812e-01 3.293196856975555420e-01 1.769333034753799438e-01 9.728369861841201782e-02 7.523953169584274292e-02 8.104635030031204224e-02 5.533407628536224365e-02 1.595583371818065643e-02 1.569592021405696869e-02 1.146247144788503647e-02 0.000000000000000000e+00 0.000000000000000000e+00 0.000000000000000000e+00 0.000000000000000000e+00 0.000000000000000000e+00 0.000000000000000000e+00 0.000000000000000000e+00 0.000000000000000000e+00 0.000000000000000000e+00 0.000000000000000000e+00 0.000000000000000000e+00 0.000000000000000000e+00 0.000000000000000000e+00
7.493811193853616714e-03 1.376041583716869354e-02 1.862848736345767975e-02 1.748354732990264893e-02 1.798393949866294861e-02 1.793940924108028412e-02 8.893098682165145874e-03 7.659853901714086533e-03 1.060937717556953430e-02 1.378834061324596405e-02 1.597255840897560120e-02 1.875377446413040161e-02 2.211991325020790100e-02 3.388177603483200073e-02 5.616471543908119202e-02 6.501629948616027832e-02 6.335436552762985229e-02 3.921099379658699036e-02 3.850682452321052551e-02 4.013630747795104980e-02 3.501917049288749695e-02 7.635853439569473267e-02 1.379845440387725830e-01 1.187537759542465210e-01 7.326485216617584229e-02 1.905491575598716736e-02 6.533027626574039459e-03 3.529163077473640442e-03 1.589481951668858528e-03 3.758603997994214296e-04 1.275510148843750358e-04 5.132230580784380436e-05 0.000000000000000000e+00 0.000000000000000000e+00 0.000000000000000000e+00 0.000000000000000000e+00 0.000000000000000000e+00 0.000000000000000000e+00 0.000000000000000000e+00 0.000000000000000000e+00 0.000000000000000000e+00 0.000000000000000000e+00 0.000000000000000000e+00 0.000000000000000000e+00 0.000000000000000000e+00 0.000000000000000000e+00 0.000000000000000000e+00 1.283812336623668671e-03 3.095957636833190918e-01 3.126358389854431152e-01 2.054348737001419067e-01 1.710496991872787476e-01 0.000000000000000000e+00 0.000000000000000000e+00 0.000000000000000000e+00 0.000000000000000000e+00 0.000000000000000000e+00 0.000000000000000000e+00 0.000000000000000000e+00 0.000000000000000000e+00 0.000000000000000000e+00 0.000000000000000000e+00 0.000000000000000000e+00 0.000000000000000000e+00 0.000000000000000000e+00 0.000000000000000000e+00 0.000000000000000000e+00 0.000000000000000000e+00 0.000000000000000000e+00 0.000000000000000000e+00 0.000000000000000000e+00 0.000000000000000000e+00 0.000000000000000000e+00 0.000000000000000000e+00 0.000000000000000000e+00 6.286982097662985325e-04 2.990090250968933105e-01 8.018053323030471802e-02 4.670842885971069336e-01 1.506883203983306885e-01 2.409129403531551361e-03 0.000000000000000000e+00 0.000000000000000000e+00 0.000000000000000000e+00 0.000000000000000000e+00 0.000000000000000000e+00 0.000000000000000000e+00 0.000000000000000000e+00 0.000000000000000000e+00 0.000000000000000000e+00 0.000000000000000000e+00 0.000000000000000000e+00 0.000000000000000000e+00 0.000000000000000000e+00 0.000000000000000000e+00 0.000000000000000000e+00
1.380637101829051971e-02 1.573023200035095215e-02 2.020564489066600800e-02 2.032524906098842621e-02 2.843977138400077820e-02 3.918280079960823059e-02 5.164200440049171448e-02 5.689901486039161682e-02 5.785121023654937744e-02 5.854936316609382629e-02 5.745345726609230042e-02 5.709001049399375916e-02 5.537290498614311218e-02 5.352414399385452271e-02 5.055258795619010925e-02 4.736315086483955383e-02 4.440921172499656677e-02 4.055870696902275085e-02 3.694555535912513733e-02 3.449692204594612122e-02 3.124072775244712830e-02 2.916759438812732697e-02 2.688213996589183807e-02 2.549881301820278168e-02 2.224076539278030396e-02 1.349206361919641495e-02 6.274106446653604507e-03 3.169040195643901825e-03 1.314715947955846786e-03 2.874202618841081858e-04 3.430499782552942634e-05 0.000000000000000000e+00 0.000000000000000000e+00 0.000000000000000000e+00 0.000000000000000000e+00 0.000000000000000000e+00 0.000000000000000000e+00 0.000000000000000000e+00 0.000000000000000000e+00 0.000000000000000000e+00 0.000000000000000000e+00 0.000000000000000000e+00 0.000000000000000000e+00 0.000000000000000000e+00 0.000000000000000000e+00 4.635810910258442163e-06 8.934134617447853088e-03 7.702214270830154419e-02 8.413115739822387695e-01 7.234367728233337402e-02 3.838451229967176914e-04 0.000000000000000000e+00 0.000000000000000000e+00 0.000000000000000000e+00 0.000000000000000000e+00 0.000000000000000000e+00 0.000000000000000000e+00 0.000000000000000000e+00 0.000000000000000000e+00 0.000000000000000000e+00 0.000000000000000000e+00 0.000000000000000000e+00 0.000000000000000000e+00 0.000000000000000000e+00 0.000000000000000000e+00 0.000000000000000000e+00 0.000000000000000000e+00 0.000000000000000000e+00 0.000000000000000000e+00 0.000000000000000000e+00 0.000000000000000000e+00 0.000000000000000000e+00 0.000000000000000000e+00 0.000000000000000000e+00 0.000000000000000000e+00 9.271621479456371162e-07 9.920635056914761662e-05 3.062416566535830498e-03 7.878096401691436768e-02 7.975782752037048340e-01 1.196085512638092041e-01 8.678237791173160076e-04 1.854324295891274232e-06 0.000000000000000000e+00 0.000000000000000000e+00 0.000000000000000000e+00 0.000000000000000000e+00 0.000000000000000000e+00 0.000000000000000000e+00 0.000000000000000000e+00 0.000000000000000000e+00 0.000000000000000000e+00 0.000000000000000000e+00 0.000000000000000000e+00 0.000000000000000000e+00 0.000000000000000000e+00
2.718975767493247986e-03 3.513249754905700684e-02 6.377991288900375366e-03 7.957614958286285400e-03 1.192006096243858337e-02 1.956829614937305450e-02 3.301740810275077820e-02 5.456395074725151062e-02 9.277835488319396973e-02 9.903140366077423096e-02 8.622187376022338867e-02 9.781768172979354858e-02 8.674544095993041992e-02 1.151132211089134216e-01 1.035947576165199280e-01 7.120503485202789307e-02 4.533609375357627869e-02 1.614131592214107513e-02 5.446875933557748795e-03 2.680303296074271202e-03 1.270243548788130283e-03 8.686443325132131577e-04 7.496519247069954872e-04 8.448458393104374409e-04 8.686443325132131577e-04 5.652137915603816509e-04 2.915313234552741051e-04 1.695641258265823126e-04 1.844381768023595214e-04 3.242542152293026447e-04 4.729946667794138193e-04 2.082366518152412027e-05 0.000000000000000000e+00 0.000000000000000000e+00 0.000000000000000000e+00 0.000000000000000000e+00 0.000000000000000000e+00 0.000000000000000000e+00 0.000000000000000000e+00 0.000000000000000000e+00 0.000000000000000000e+00 0.000000000000000000e+00 0.000000000000000000e+00 0.000000000000000000e+00 0.000000000000000000e+00 0.000000000000000000e+00 0.000000000000000000e+00 1.835457398556172848e-03 5.269577354192733765e-02 5.463504791259765625e-01 3.983031809329986572e-01 7.139542140066623688e-04 1.011435160762630403e-04 0.000000000000000000e+00 0.000000000000000000e+00 0.000000000000000000e+00 0.000000000000000000e+00 0.000000000000000000e+00 0.000000000000000000e+00 0.000000000000000000e+00 0.000000000000000000e+00 0.000000000000000000e+00 0.000000000000000000e+00 0.000000000000000000e+00 0.000000000000000000e+00 0.000000000000000000e+00 0.000000000000000000e+00 0.000000000000000000e+00 0.000000000000000000e+00 0.000000000000000000e+00 0.000000000000000000e+00 0.000000000000000000e+00 0.000000000000000000e+00 0.000000000000000000e+00 0.000000000000000000e+00 1.088780234567821026e-03 6.772451102733612061e-02 6.440432667732238770e-01 2.329959869384765625e-01 4.782898351550102234e-02 6.318495143204927444e-03 0.000000000000000000e+00 0.000000000000000000e+00 0.000000000000000000e+00 0.000000000000000000e+00 0.000000000000000000e+00 0.000000000000000000e+00 0.000000000000000000e+00 0.000000000000000000e+00 0.000000000000000000e+00 0.000000000000000000e+00 0.000000000000000000e+00 0.000000000000000000e+00 0.000000000000000000e+00 0.000000000000000000e+00 0.000000000000000000e+00
7.971767336130142212e-03 7.103938609361648560e-03 1.067792717367410660e-02 1.745544560253620148e-02 2.756125107407569885e-02 3.749838843941688538e-02 4.254392907023429871e-02 4.274204000830650330e-02 4.043921083211898804e-02 3.785336390137672424e-02 3.657827153801918030e-02 4.111248254776000977e-02 4.893665015697479248e-02 6.704214215278625488e-02 7.563311606645584106e-02 6.444589048624038696e-02 5.404869467020034790e-02 4.387232661247253418e-02 3.643853962421417236e-02 3.394191339612007141e-02 3.276365622878074646e-02 3.150874376296997070e-02 3.126507252454757690e-02 3.119780682027339935e-02 3.222554549574851990e-02 2.733598090708255768e-02 1.670044288039207458e-02 1.027320232242345810e-02 8.270519785583019257e-03 3.313944442197680473e-03 1.083834446035325527e-03 1.639712136238813400e-04 0.000000000000000000e+00 0.000000000000000000e+00 0.000000000000000000e+00 0.000000000000000000e+00 0.000000000000000000e+00 0.000000000000000000e+00 0.000000000000000000e+00 0.000000000000000000e+00 0.000000000000000000e+00 0.000000000000000000e+00 0.000000000000000000e+00 0.000000000000000000e+00 0.000000000000000000e+00 1.156174694187939167e-04 7.751573808491230011e-03 1.162699311971664429e-01 3.919084668159484863e-01 3.314100503921508789e-01 1.324171572923660278e-01 1.677138730883598328e-02 2.805912867188453674e-03 4.496517067309468985e-04 9.264627442462369800e-05 7.614762125740526244e-06 0.000000000000000000e+00 0.000000000000000000e+00 0.000000000000000000e+00 0.000000000000000000e+00 0.000000000000000000e+00 0.000000000000000000e+00 0.000000000000000000e+00 0.000000000000000000e+00 0.000000000000000000e+00 0.000000000000000000e+00 0.000000000000000000e+00 0.000000000000000000e+00 0.000000000000000000e+00 0.000000000000000000e+00 0.000000000000000000e+00 0.000000000000000000e+00 1.649865112085535657e-06 1.890999192255549133e-05 2.451953478157520294e-04 2.173887565732002258e-03 3.192006796598434448e-02 1.474124044179916382e-01 2.619747221469879150e-01 3.769784569740295410e-01 1.709852963685989380e-01 8.017456158995628357e-03 2.628361980896443129e-04 9.137714187090750784e-06 0.000000000000000000e+00 0.000000000000000000e+00 0.000000000000000000e+00 0.000000000000000000e+00 0.000000000000000000e+00 0.000000000000000000e+00 0.000000000000000000e+00 0.000000000000000000e+00 0.000000000000000000e+00 0.000000000000000000e+00 0.000000000000000000e+00 0.000000000000000000e+00
2.501766175555530936e-05 7.969912257976830006e-04 1.378949638456106186e-02 1.056460104882717133e-02 1.447093021124601364e-02 1.521073840558528900e-02 9.027801454067230225e-03 4.237515386193990707e-03 6.734516005963087082e-03 8.116444572806358337e-03 6.042360793799161911e-03 8.008033968508243561e-03 9.549599140882492065e-03 1.145689748227596283e-02 1.508922409266233444e-02 2.233481407165527344e-02 2.844031527638435364e-02 5.777650326490402222e-02 1.430867314338684082e-01 1.925597488880157471e-01 1.296713054180145264e-01 7.917017489671707153e-02 3.418246284127235413e-02 2.641984075307846069e-02 5.162692070007324219e-02 3.654365614056587219e-02 3.923603147268295288e-02 2.342606149613857269e-02 2.405269537121057510e-03 0.000000000000000000e+00 0.000000000000000000e+00 0.000000000000000000e+00 0.000000000000000000e+00 0.000000000000000000e+00 0.000000000000000000e+00 0.000000000000000000e+00 0.000000000000000000e+00 0.000000000000000000e+00 0.000000000000000000e+00 0.000000000000000000e+00 0.000000000000000000e+00 0.000000000000000000e+00 0.000000000000000000e+00 0.000000000000000000e+00 0.000000000000000000e+00 0.000000000000000000e+00 0.000000000000000000e+00 3.733588010072708130e-02 2.531608641147613525e-01 9.046147763729095459e-02 2.984738051891326904e-01 2.931760251522064209e-01 2.707983180880546570e-02 3.121251065749675035e-04 0.000000000000000000e+00 0.000000000000000000e+00 0.000000000000000000e+00 0.000000000000000000e+00 0.000000000000000000e+00 0.000000000000000000e+00 0.000000000000000000e+00 0.000000000000000000e+00 0.000000000000000000e+00 0.000000000000000000e+00 0.000000000000000000e+00 0.000000000000000000e+00 0.000000000000000000e+00 0.000000000000000000e+00 0.000000000000000000e+00 0.000000000000000000e+00 0.000000000000000000e+00 0.000000000000000000e+00 0.000000000000000000e+00 0.000000000000000000e+00 8.529830956831574440e-04 2.759864926338195801e-01 2.856743037700653076e-01 1.045571491122245789e-01 5.760733410716056824e-02 2.228942513465881348e-01 5.242748931050300598e-02 0.000000000000000000e+00 0.000000000000000000e+00 0.000000000000000000e+00 0.000000000000000000e+00 0.000000000000000000e+00 0.000000000000000000e+00 0.000000000000000000e+00 0.000000000000000000e+00 0.000000000000000000e+00 0.000000000000000000e+00 0.000000000000000000e+00 0.000000000000000000e+00 0.000000000000000000e+00 0.000000000000000000e+00 0.000000000000000000e+00
5.008539301343262196e-04 2.686547581106424332e-03 6.345244124531745911e-03 1.097937487065792084e-02 1.663163490593433380e-02 2.124770171940326691e-02 2.830399386584758759e-02 3.771183639764785767e-02 4.771085083484649658e-02 5.220047384500503540e-02 5.145165696740150452e-02 5.279985442757606506e-02 5.576392635703086853e-02 6.528507918119430542e-02 8.219587802886962891e-02 8.140435814857482910e-02 8.213511854410171509e-02 8.397267758846282959e-02 5.958190932869911194e-02 4.990147054195404053e-02 4.096163809299468994e-02 2.890501916408538818e-02 1.631141640245914459e-02 1.012053340673446655e-02 7.406069431453943253e-03 4.143129102885723114e-03 1.812926959246397018e-03 8.966106106527149677e-04 4.696531686931848526e-04 8.210720261558890343e-05 2.955859235953539610e-05 5.090646300232037902e-05 0.000000000000000000e+00 0.000000000000000000e+00 0.000000000000000000e+00 0.000000000000000000e+00 0.000000000000000000e+00 0.000000000000000000e+00 0.000000000000000000e+00 0.000000000000000000e+00 0.000000000000000000e+00 0.000000000000000000e+00 0.000000000000000000e+00 0.000000000000000000e+00 0.000000000000000000e+00 1.165922221844084561e-04 1.036192872561514378e-03 5.102141294628381729e-03 3.537178039550781250e-02 3.618135675787925720e-02 3.955136537551879883e-01 4.849661588668823242e-01 3.898121416568756104e-02 2.730885520577430725e-03 0.000000000000000000e+00 0.000000000000000000e+00 0.000000000000000000e+00 0.000000000000000000e+00 0.000000000000000000e+00 0.000000000000000000e+00 0.000000000000000000e+00 0.000000000000000000e+00 0.000000000000000000e+00 0.000000000000000000e+00 0.000000000000000000e+00 0.000000000000000000e+00 0.000000000000000000e+00 0.000000000000000000e+00 0.000000000000000000e+00 0.000000000000000000e+00 0.000000000000000000e+00 0.000000000000000000e+00 0.000000000000000000e+00 0.000000000000000000e+00 7.389648089883849025e-05 9.467616677284240723e-02 3.728964030742645264e-01 3.854982256889343262e-01 9.937598556280136108e-02 4.255780205130577087e-02 3.083946416154503822e-03 1.274303765967488289e-03 5.008539301343262196e-04 6.240147195057943463e-05 0.000000000000000000e+00 0.000000000000000000e+00 0.000000000000000000e+00 0.000000000000000000e+00 0.000000000000000000e+00 0.000000000000000000e+00 0.000000000000000000e+00 0.000000000000000000e+00 0.000000000000000000e+00 0.000000000000000000e+00 0.000000000000000000e+00 0.000000000000000000e+00
1.127547547221183777e-01 8.425841480493545532e-02 6.314069777727127075e-02 6.032737344503402710e-02 5.497579276561737061e-02 5.160301923751831055e-02 4.423793032765388489e-02 4.132812097668647766e-02 3.593422099947929382e-02 2.947135828435420990e-02 2.531484887003898621e-02 1.947914622724056244e-02 1.862092874944210052e-02 2.195900119841098785e-02 2.456158213317394257e-02 2.447440661489963531e-02 2.655816264450550079e-02 2.987676858901977539e-02 3.053947538137435913e-02 3.087632916867733002e-02 3.258175775408744812e-02 3.105237334966659546e-02 2.794281952083110809e-02 2.745615877211093903e-02 2.168308570981025696e-02 1.520499028265476227e-02 7.702789735049009323e-03 3.859435208141803741e-03 1.450673677027225494e-03 5.890717147849500179e-04 1.582707045599818230e-04 2.623738873808179051e-05 0.000000000000000000e+00 0.000000000000000000e+00 0.000000000000000000e+00 0.000000000000000000e+00 0.000000000000000000e+00 0.000000000000000000e+00 0.000000000000000000e+00 0.000000000000000000e+00 0.000000000000000000e+00 0.000000000000000000e+00 0.000000000000000000e+00 0.000000000000000000e+00 1.692734826974628959e-06 4.105135798454284668e-02 1.118457615375518799e-01 2.567015290260314941e-01 4.093345999717712402e-01 1.490672975778579712e-01 1.492907479405403137e-02 3.357539419084787369e-03 2.750694053247570992e-03 2.230178099125623703e-03 2.400297904387116432e-03 1.717279432341456413e-03 1.662265509366989136e-03 1.712201279588043690e-03 1.018179929815232754e-03 2.200555172748863697e-04 0.000000000000000000e+00 0.000000000000000000e+00 0.000000000000000000e+00 0.000000000000000000e+00 0.000000000000000000e+00 0.000000000000000000e+00 0.000000000000000000e+00 0.000000000000000000e+00 0.000000000000000000e+00 0.000000000000000000e+00 0.000000000000000000e+00 0.000000000000000000e+00 8.717583841644227505e-05 6.517028668895363808e-04 2.724456600844860077e-03 3.232276998460292816e-03 3.955921158194541931e-03 7.074784953147172928e-03 1.212395876646041870e-01 3.458561897277832031e-01 3.723694980144500732e-01 1.256203800439834595e-01 1.718802936375141144e-02 0.000000000000000000e+00 0.000000000000000000e+00 0.000000000000000000e+00 0.000000000000000000e+00 0.000000000000000000e+00 0.000000000000000000e+00 0.000000000000000000e+00 0.000000000000000000e+00 0.000000000000000000e+00 0.000000000000000000e+00 0.000000000000000000e+00 0.000000000000000000e+00 0.000000000000000000e+00
2.198550850152969360e-02 3.035030141472816467e-02 3.764307126402854919e-02 4.624029994010925293e-02 5.217250064015388489e-02 4.795253276824951172e-02 5.001442879438400269e-02 5.768390744924545288e-02 7.019552588462829590e-02 7.441148906946182251e-02 5.976082757115364075e-02 4.551593586802482605e-02 3.560021147131919861e-02 3.311151638627052307e-02 3.661212325096130371e-02 3.545193374156951904e-02 3.359743207693099976e-02 3.784244507551193237e-02 4.158751666545867920e-02 2.934440225362777710e-02 2.019212208688259125e-02 1.921628043055534363e-02 1.773648709058761597e-02 1.755213923752307892e-02 1.392729487270116806e-02 8.515076711773872375e-03 6.486245896667242050e-03 2.968604676425457001e-03 1.916618552058935165e-03 1.726259128190577030e-03 2.075919415801763535e-03 1.061303727328777313e-02 0.000000000000000000e+00 0.000000000000000000e+00 0.000000000000000000e+00 0.000000000000000000e+00 0.000000000000000000e+00 0.000000000000000000e+00 0.000000000000000000e+00 0.000000000000000000e+00 0.000000000000000000e+00 0.000000000000000000e+00 0.000000000000000000e+00 0.000000000000000000e+00 0.000000000000000000e+00 0.000000000000000000e+00 0.000000000000000000e+00 7.779688108712434769e-03 2.026485949754714966e-01 2.777634263038635254e-01 3.198428750038146973e-01 1.416243910789489746e-01 2.988141588866710663e-02 8.348762057721614838e-03 5.724808666855096817e-03 4.494485445320606232e-03 1.891571329906582832e-03 0.000000000000000000e+00 0.000000000000000000e+00 0.000000000000000000e+00 0.000000000000000000e+00 0.000000000000000000e+00 0.000000000000000000e+00 0.000000000000000000e+00 0.000000000000000000e+00 0.000000000000000000e+00 0.000000000000000000e+00 0.000000000000000000e+00 0.000000000000000000e+00 0.000000000000000000e+00 0.000000000000000000e+00 5.510403570951893926e-05 5.101631861180067062e-03 2.221393957734107971e-02 1.929643191397190094e-02 5.973377823829650879e-02 1.618405580520629883e-01 1.692325174808502197e-01 2.457409650087356567e-01 2.950220108032226562e-01 2.176308818161487579e-02 0.000000000000000000e+00 0.000000000000000000e+00 0.000000000000000000e+00 0.000000000000000000e+00 0.000000000000000000e+00 0.000000000000000000e+00 0.000000000000000000e+00 0.000000000000000000e+00 0.000000000000000000e+00 0.000000000000000000e+00 0.000000000000000000e+00 0.000000000000000000e+00 0.000000000000000000e+00 0.000000000000000000e+00 0.000000000000000000e+00
5.086867883801460266e-02 1.123647093772888184e-01 1.145726144313812256e-01 8.998155593872070312e-02 5.220656841993331909e-02 3.540666773915290833e-02 3.146095946431159973e-02 3.063327446579933167e-02 2.814130671322345734e-02 3.153225407004356384e-02 2.463450469076633453e-02 1.741592772305011749e-02 1.402943581342697144e-02 1.302574202418327332e-02 1.381221041083335876e-02 1.459867879748344421e-02 1.755628921091556549e-02 1.873487792909145355e-02 2.159445919096469879e-02 3.225633874535560608e-02 3.910953179001808167e-02 4.827979579567909241e-02 5.952540040016174316e-02 4.886017739772796631e-02 2.813573554158210754e-02 6.386434193700551987e-03 2.796084154397249222e-03 1.327861449681222439e-03 5.659007001668214798e-04 1.659826812101528049e-04 1.782364415703341365e-05 2.227955519629176706e-06 0.000000000000000000e+00 0.000000000000000000e+00 0.000000000000000000e+00 0.000000000000000000e+00 0.000000000000000000e+00 0.000000000000000000e+00 0.000000000000000000e+00 0.000000000000000000e+00 0.000000000000000000e+00 0.000000000000000000e+00 0.000000000000000000e+00 0.000000000000000000e+00 0.000000000000000000e+00 6.683866558887530118e-06 7.758854888379573822e-03 2.184900194406509399e-01 5.433671474456787109e-01 9.703525900840759277e-02 7.750054448843002319e-02 3.411334007978439331e-02 9.497773833572864532e-03 7.630747277289628983e-04 6.795264198444783688e-04 7.341113523580133915e-04 6.962360930629074574e-04 5.503050051629543304e-04 4.333373508416116238e-04 4.221975686959922314e-04 4.845803196076303720e-04 7.987220305949449539e-04 3.683924442157149315e-03 2.984346356242895126e-03 0.000000000000000000e+00 0.000000000000000000e+00 0.000000000000000000e+00 0.000000000000000000e+00 0.000000000000000000e+00 0.000000000000000000e+00 0.000000000000000000e+00 0.000000000000000000e+00 0.000000000000000000e+00 0.000000000000000000e+00 7.352253305725753307e-05 1.553441956639289856e-02 6.140468269586563110e-02 9.005953371524810791e-02 7.790268957614898682e-02 1.983325928449630737e-01 5.122704505920410156e-01 3.648499771952629089e-02 7.804527878761291504e-03 1.325633493252098560e-04 0.000000000000000000e+00 0.000000000000000000e+00 0.000000000000000000e+00 0.000000000000000000e+00 0.000000000000000000e+00 0.000000000000000000e+00 0.000000000000000000e+00 0.000000000000000000e+00 0.000000000000000000e+00 0.000000000000000000e+00 0.000000000000000000e+00 0.000000000000000000e+00
2.429738196951802820e-05 5.533426301553845406e-04 3.120399545878171921e-03 8.440646342933177948e-03 1.808912679553031921e-02 2.837956324219703674e-02 3.537193313241004944e-02 4.595602676272392273e-02 6.155483424663543701e-02 7.683657109737396240e-02 7.837785780429840088e-02 6.776188313961029053e-02 6.094618886709213257e-02 6.094717979431152344e-02 5.979134887456893921e-02 5.980003625154495239e-02 5.412060394883155823e-02 4.380048438906669617e-02 3.696005791425704956e-02 3.701469674706459045e-02 3.784564509987831116e-02 3.146972879767417908e-02 2.187193185091018677e-02 1.625769771635532379e-02 1.345844101160764694e-02 1.026635896414518356e-02 8.877559565007686615e-03 8.357970044016838074e-03 4.358137026429176331e-03 3.106326796114444733e-03 2.984290244057774544e-03 3.298836993053555489e-03 0.000000000000000000e+00 0.000000000000000000e+00 0.000000000000000000e+00 0.000000000000000000e+00 0.000000000000000000e+00 0.000000000000000000e+00 0.000000000000000000e+00 0.000000000000000000e+00 0.000000000000000000e+00 0.000000000000000000e+00 0.000000000000000000e+00 0.000000000000000000e+00 1.429257736162981018e-06 2.536382817197591066e-04 1.671483926475048065e-02 6.467424333095550537e-02 1.590124070644378662e-01 2.409539520740509033e-01 3.309333026409149170e-01 1.321409344673156738e-01 5.096018686890602112e-02 4.355058539658784866e-03 0.000000000000000000e+00 0.000000000000000000e+00 0.000000000000000000e+00 0.000000000000000000e+00 0.000000000000000000e+00 0.000000000000000000e+00 0.000000000000000000e+00 0.000000000000000000e+00 0.000000000000000000e+00 0.000000000000000000e+00 0.000000000000000000e+00 0.000000000000000000e+00 0.000000000000000000e+00 0.000000000000000000e+00 0.000000000000000000e+00 4.397716395487805130e-07 3.309281601104885340e-05 2.871708711609244347e-04 1.704444875940680504e-03 1.661919057369232178e-02 4.778250679373741150e-02 1.045173332095146179e-01 2.176580429077148438e-01 2.459054440259933472e-01 1.498830765485763550e-01 1.353465318679809570e-01 6.086879223585128784e-02 1.928079687058925629e-02 1.131312528741545975e-04 0.000000000000000000e+00 0.000000000000000000e+00 0.000000000000000000e+00 0.000000000000000000e+00 0.000000000000000000e+00 0.000000000000000000e+00 0.000000000000000000e+00 0.000000000000000000e+00 0.000000000000000000e+00 0.000000000000000000e+00 0.000000000000000000e+00 0.000000000000000000e+00 0.000000000000000000e+00
2.891089934564661235e-05 6.435006507672369480e-04 9.928561747074127197e-03 4.085016623139381409e-02 1.069899126887321472e-01 2.095051556825637817e-01 1.820901632308959961e-01 1.214845255017280579e-01 8.245947957038879395e-02 6.163057312369346619e-02 5.688918754458427429e-02 5.038983002305030823e-02 4.899278283119201660e-02 2.284986898303031921e-02 2.930259564891457558e-03 1.098614186048507690e-03 4.243373696226626635e-04 2.350176218897104263e-04 1.706675684545189142e-04 6.435006798710674047e-05 4.942830855725333095e-05 4.569787051877938211e-05 4.663048093789257109e-05 1.072501108865253627e-04 7.367615762632340193e-05 2.145002144970931113e-05 0.000000000000000000e+00 0.000000000000000000e+00 0.000000000000000000e+00 0.000000000000000000e+00 0.000000000000000000e+00 0.000000000000000000e+00 0.000000000000000000e+00 0.000000000000000000e+00 0.000000000000000000e+00 0.000000000000000000e+00 0.000000000000000000e+00 0.000000000000000000e+00 0.000000000000000000e+00 0.000000000000000000e+00 0.000000000000000000e+00 0.000000000000000000e+00 0.000000000000000000e+00 0.000000000000000000e+00 0.000000000000000000e+00 0.000000000000000000e+00 0.000000000000000000e+00 0.000000000000000000e+00 1.137783750891685486e-03 3.910432104021310806e-03 1.013839896768331528e-02 2.262417785823345184e-02 5.909014493227005005e-02 1.182707548141479492e-01 2.774010002613067627e-01 2.731548249721527100e-01 1.438419818878173828e-01 6.736145913600921631e-02 2.058176137506961823e-02 2.487269928678870201e-03 0.000000000000000000e+00 0.000000000000000000e+00 0.000000000000000000e+00 0.000000000000000000e+00 0.000000000000000000e+00 0.000000000000000000e+00 0.000000000000000000e+00 0.000000000000000000e+00 0.000000000000000000e+00 0.000000000000000000e+00 0.000000000000000000e+00 0.000000000000000000e+00 0.000000000000000000e+00 0.000000000000000000e+00 0.000000000000000000e+00 2.797828983602812514e-06 5.760170146822929382e-02 5.983595252037048340e-01 3.336588144302368164e-01 1.037714723497629166e-02 0.000000000000000000e+00 0.000000000000000000e+00 0.000000000000000000e+00 0.000000000000000000e+00 0.000000000000000000e+00 0.000000000000000000e+00 0.000000000000000000e+00 0.000000000000000000e+00 0.000000000000000000e+00 0.000000000000000000e+00 0.000000000000000000e+00 0.000000000000000000e+00 0.000000000000000000e+00 0.000000000000000000e+00 0.000000000000000000e+00 0.000000000000000000e+00
2.445905096828937531e-02 4.486060887575149536e-02 6.090275570750236511e-02 7.649360597133636475e-02 8.883722126483917236e-02 8.254816383123397827e-02 7.780739665031433105e-02 7.421258091926574707e-02 6.203377991914749146e-02 5.086191371083259583e-02 4.640169441699981689e-02 4.377511888742446899e-02 3.907382115721702576e-02 3.737538680434226990e-02 3.229046240448951721e-02 2.891965024173259735e-02 2.239684946835041046e-02 2.049933001399040222e-02 1.920640654861927032e-02 1.658425852656364441e-02 1.438532583415508270e-02 1.296819467097520828e-02 1.029368210583925247e-02 5.803990643471479416e-03 2.457086462527513504e-03 1.550446031615138054e-03 1.120651955716311932e-03 5.872671608813107014e-04 3.898249997291713953e-04 4.053825687151402235e-04 4.018410108983516693e-04 9.625464736018329859e-05 0.000000000000000000e+00 0.000000000000000000e+00 0.000000000000000000e+00 0.000000000000000000e+00 0.000000000000000000e+00 0.000000000000000000e+00 0.000000000000000000e+00 0.000000000000000000e+00 0.000000000000000000e+00 0.000000000000000000e+00 0.000000000000000000e+00 0.000000000000000000e+00 0.000000000000000000e+00 0.000000000000000000e+00 5.343966768123209476e-04 2.887133508920669556e-03 3.501085042953491211e-01 2.686006724834442139e-01 1.684112250804901123e-01 1.523864120244979858e-01 5.685614049434661865e-02 2.155294496333226562e-04 0.000000000000000000e+00 0.000000000000000000e+00 0.000000000000000000e+00 0.000000000000000000e+00 0.000000000000000000e+00 0.000000000000000000e+00 0.000000000000000000e+00 0.000000000000000000e+00 0.000000000000000000e+00 0.000000000000000000e+00 0.000000000000000000e+00 0.000000000000000000e+00 0.000000000000000000e+00 0.000000000000000000e+00 0.000000000000000000e+00 0.000000000000000000e+00 0.000000000000000000e+00 3.870423461194150150e-05 7.433489663526415825e-04 6.506105884909629822e-03 5.881373956799507141e-02 9.225293248891830444e-02 8.519117534160614014e-02 1.612534672021865845e-01 1.912100464105606079e-01 3.940479159355163574e-01 9.703505784273147583e-03 2.390555600868538022e-04 0.000000000000000000e+00 0.000000000000000000e+00 0.000000000000000000e+00 0.000000000000000000e+00 0.000000000000000000e+00 0.000000000000000000e+00 0.000000000000000000e+00 0.000000000000000000e+00 0.000000000000000000e+00 0.000000000000000000e+00 0.000000000000000000e+00 0.000000000000000000e+00 0.000000000000000000e+00 0.000000000000000000e+00
2.018734067678451538e-02 1.722137257456779480e-02 2.786458097398281097e-02 4.536838084459304810e-02 7.804954797029495239e-02 9.912150353193283081e-02 1.136038154363632202e-01 1.053665056824684143e-01 8.020365238189697266e-02 5.637347698211669922e-02 3.939336538314819336e-02 3.495494648814201355e-02 3.568447008728981018e-02 2.794787287712097168e-02 2.254537120461463928e-02 1.994799450039863586e-02 1.211470179259777069e-02 1.283465232700109482e-02 1.575466617941856384e-02 1.847937144339084625e-02 2.468990348279476166e-02 3.428190574049949646e-02 2.921448834240436554e-02 1.657801307737827301e-02 4.836689680814743042e-03 1.839129370637238026e-03 9.822731371968984604e-04 7.974985637702047825e-04 5.705992225557565689e-04 3.456146223470568657e-04 3.571031847968697548e-04 2.489191247150301933e-03 0.000000000000000000e+00 0.000000000000000000e+00 0.000000000000000000e+00 0.000000000000000000e+00 0.000000000000000000e+00 0.000000000000000000e+00 0.000000000000000000e+00 0.000000000000000000e+00 0.000000000000000000e+00 0.000000000000000000e+00 0.000000000000000000e+00 0.000000000000000000e+00 0.000000000000000000e+00 0.000000000000000000e+00 1.138326246291399002e-03 9.341934323310852051e-02 6.492902040481567383e-01 1.066043972969055176e-01 1.224682033061981201e-01 6.108092144131660461e-03 1.648323237895965576e-02 4.488203208893537521e-03 0.000000000000000000e+00 0.000000000000000000e+00 0.000000000000000000e+00 0.000000000000000000e+00 0.000000000000000000e+00 0.000000000000000000e+00 0.000000000000000000e+00 0.000000000000000000e+00 0.000000000000000000e+00 0.000000000000000000e+00 0.000000000000000000e+00 0.000000000000000000e+00 0.000000000000000000e+00 0.000000000000000000e+00 0.000000000000000000e+00 0.000000000000000000e+00 0.000000000000000000e+00 0.000000000000000000e+00 0.000000000000000000e+00 0.000000000000000000e+00 1.456559821963310242e-02 6.868252996355295181e-03 2.155831083655357361e-02 1.132017150521278381e-01 1.569885015487670898e-01 6.476406455039978027e-01 3.872798383235931396e-02 4.490118008106946945e-04 0.000000000000000000e+00 0.000000000000000000e+00 0.000000000000000000e+00 0.000000000000000000e+00 0.000000000000000000e+00 0.000000000000000000e+00 0.000000000000000000e+00 0.000000000000000000e+00 0.000000000000000000e+00 0.000000000000000000e+00 0.000000000000000000e+00 0.000000000000000000e+00 0.000000000000000000e+00 0.000000000000000000e+00
4.775559157133102417e-02 1.152574121952056885e-01 9.687773883342742920e-02 8.577153086662292480e-02 9.324897825717926025e-02 1.015994101762771606e-01 7.903864234685897827e-02 6.012762337923049927e-02 5.520365759730339050e-02 4.370461031794548035e-02 2.475245855748653412e-02 1.532339025288820267e-02 1.401223521679639816e-02 1.372683700174093246e-02 1.272794138640165329e-02 1.232838351279497147e-02 1.231831032782793045e-02 1.305195223540067673e-02 1.208411529660224915e-02 1.167280599474906921e-02 1.356902811676263809e-02 1.318541821092367172e-02 9.800925850868225098e-03 6.673292256891727448e-03 7.054383400827646255e-03 1.003176346421241760e-02 5.836402997374534607e-03 6.513805128633975983e-03 6.491140928119421005e-03 2.417494542896747589e-04 1.846697341534309089e-05 0.000000000000000000e+00 0.000000000000000000e+00 0.000000000000000000e+00 0.000000000000000000e+00 0.000000000000000000e+00 0.000000000000000000e+00 0.000000000000000000e+00 0.000000000000000000e+00 0.000000000000000000e+00 7.890434062574058771e-05 5.405786796472966671e-04 1.087872544303536415e-03 1.968411495909094810e-03 4.815682768821716309e-03 8.180868811905384064e-03 6.156217306852340698e-02 1.154664233326911926e-01 6.449565291404724121e-01 6.374295055866241455e-02 4.120736941695213318e-02 2.900741621851921082e-02 1.645071431994438171e-02 5.300860386341810226e-03 2.612237120047211647e-03 2.058228012174367905e-03 6.026948103681206703e-04 3.525512875057756901e-04 7.554670446552336216e-06 0.000000000000000000e+00 0.000000000000000000e+00 0.000000000000000000e+00 0.000000000000000000e+00 0.000000000000000000e+00 0.000000000000000000e+00 0.000000000000000000e+00 0.000000000000000000e+00 0.000000000000000000e+00 0.000000000000000000e+00 0.000000000000000000e+00 0.000000000000000000e+00 0.000000000000000000e+00 0.000000000000000000e+00 4.373315023258328438e-04 7.697369903326034546e-03 2.447881177067756653e-02 2.484395354986190796e-02 1.904616318643093109e-02 4.274852201342582703e-02 5.957235693931579590e-01 2.084367275238037109e-01 6.728357821702957153e-02 9.222573600709438324e-03 8.142256410792469978e-05 0.000000000000000000e+00 0.000000000000000000e+00 0.000000000000000000e+00 0.000000000000000000e+00 0.000000000000000000e+00 0.000000000000000000e+00 0.000000000000000000e+00 0.000000000000000000e+00 0.000000000000000000e+00 0.000000000000000000e+00 0.000000000000000000e+00 0.000000000000000000e+00
2.928140759468078613e-02 4.167871922254562378e-02 4.292817413806915283e-02 6.113162636756896973e-02 9.520033001899719238e-02 8.294121921062469482e-02 6.914420425891876221e-02 5.675572901964187622e-02 4.693526402115821838e-02 3.851209580898284912e-02 3.705132007598876953e-02 3.367578983306884766e-02 3.014276735484600067e-02 2.799740247428417206e-02 2.505415678024291992e-02 2.165773138403892517e-02 1.856342516839504242e-02 1.258533261716365814e-02 1.138489320874214172e-02 1.083368714898824692e-02 7.767503615468740463e-03 6.651432253420352936e-03 7.689563557505607605e-03 1.006633788347244263e-02 1.028248108923435211e-02 1.651126891374588013e-02 2.794919349253177643e-02 2.550894208252429962e-02 2.524378336966037750e-02 2.379184588789939880e-02 3.530128300189971924e-02 9.781092405319213867e-03 0.000000000000000000e+00 0.000000000000000000e+00 0.000000000000000000e+00 0.000000000000000000e+00 0.000000000000000000e+00 0.000000000000000000e+00 0.000000000000000000e+00 0.000000000000000000e+00 0.000000000000000000e+00 0.000000000000000000e+00 0.000000000000000000e+00 0.000000000000000000e+00 0.000000000000000000e+00 0.000000000000000000e+00 9.714401676319539547e-04 1.541849877685308456e-02 7.688671350479125977e-01 1.952498257160186768e-01 1.230169460177421570e-02 6.191022694110870361e-03 3.197958576492965221e-04 2.587292983662337065e-04 1.703435118542984128e-04 1.092769743991084397e-04 8.517175592714920640e-05 5.142445661476813257e-05 5.624549885396845639e-06 0.000000000000000000e+00 0.000000000000000000e+00 0.000000000000000000e+00 0.000000000000000000e+00 0.000000000000000000e+00 0.000000000000000000e+00 0.000000000000000000e+00 0.000000000000000000e+00 0.000000000000000000e+00 0.000000000000000000e+00 0.000000000000000000e+00 0.000000000000000000e+00 0.000000000000000000e+00 0.000000000000000000e+00 0.000000000000000000e+00 2.651573595358058810e-05 2.756833098828792572e-03 1.534136198461055756e-02 2.741084247827529907e-02 1.990672945976257324e-01 7.454152107238769531e-01 9.981969371438026428e-03 0.000000000000000000e+00 0.000000000000000000e+00 0.000000000000000000e+00 0.000000000000000000e+00 0.000000000000000000e+00 0.000000000000000000e+00 0.000000000000000000e+00 0.000000000000000000e+00 0.000000000000000000e+00 0.000000000000000000e+00 0.000000000000000000e+00 0.000000000000000000e+00 0.000000000000000000e+00 0.000000000000000000e+00 0.000000000000000000e+00
1.063518648152239621e-04 1.233681687153875828e-03 3.884501988068223000e-03 5.931775085628032684e-03 4.507989622652530670e-03 2.856876933947205544e-03 3.625269280746579170e-03 6.431628949940204620e-03 9.545079432427883148e-03 1.440536044538021088e-02 2.057908661663532257e-02 2.958708815276622772e-02 4.293292015790939331e-02 5.775703862309455872e-02 7.281380146741867065e-02 8.401930332183837891e-02 8.755151182413101196e-02 8.139772713184356689e-02 7.436521351337432861e-02 6.593815982341766357e-02 5.767860636115074158e-02 4.824785143136978149e-02 3.996304422616958618e-02 3.592965006828308105e-02 3.659301623702049255e-02 3.383584693074226379e-02 3.350083902478218079e-02 3.012283705174922943e-02 1.368615590035915375e-02 9.212730219587683678e-04 5.051713742432184517e-05 0.000000000000000000e+00 0.000000000000000000e+00 0.000000000000000000e+00 0.000000000000000000e+00 0.000000000000000000e+00 0.000000000000000000e+00 0.000000000000000000e+00 0.000000000000000000e+00 0.000000000000000000e+00 0.000000000000000000e+00 0.000000000000000000e+00 0.000000000000000000e+00 0.000000000000000000e+00 0.000000000000000000e+00 0.000000000000000000e+00 0.000000000000000000e+00 0.000000000000000000e+00 5.560527443885803223e-01 3.919757604598999023e-01 4.250884056091308594e-02 9.462657384574413300e-03 0.000000000000000000e+00 0.000000000000000000e+00 0.000000000000000000e+00 0.000000000000000000e+00 0.000000000000000000e+00 0.000000000000000000e+00 0.000000000000000000e+00 0.000000000000000000e+00 0.000000000000000000e+00 0.000000000000000000e+00 0.000000000000000000e+00 0.000000000000000000e+00 0.000000000000000000e+00 0.000000000000000000e+00 0.000000000000000000e+00 0.000000000000000000e+00 0.000000000000000000e+00 0.000000000000000000e+00 0.000000000000000000e+00 0.000000000000000000e+00 0.000000000000000000e+00 0.000000000000000000e+00 0.000000000000000000e+00 0.000000000000000000e+00 5.627342965453863144e-03 3.173406794667243958e-02 5.055568814277648926e-01 4.570817053318023682e-01 0.000000000000000000e+00 0.000000000000000000e+00 0.000000000000000000e+00 0.000000000000000000e+00 0.000000000000000000e+00 0.000000000000000000e+00 0.000000000000000000e+00 0.000000000000000000e+00 0.000000000000000000e+00 0.000000000000000000e+00 0.000000000000000000e+00 0.000000000000000000e+00 0.000000000000000000e+00 0.000000000000000000e+00 0.000000000000000000e+00 0.000000000000000000e+00
6.882903107907623053e-05 1.352288090856745839e-04 9.020651923492550850e-04 3.200954757630825043e-03 6.006750278174877167e-03 7.357418537139892578e-03 8.258674293756484985e-03 1.206856314092874527e-02 1.656998135149478912e-02 1.350749470293521881e-02 1.400144491344690323e-02 1.055027637630701065e-02 7.170365657657384872e-03 8.683794178068637848e-03 7.618968840688467026e-03 6.091773975640535355e-03 5.533854011446237564e-03 5.771111696958541870e-03 6.033471785485744476e-03 9.481401182711124420e-03 1.470107119530439377e-02 3.741384297609329224e-02 1.099758371710777283e-01 2.091358006000518799e-01 2.327409237623214722e-01 1.967028528451919556e-01 5.015692859888076782e-02 1.603311538929119706e-04 0.000000000000000000e+00 0.000000000000000000e+00 0.000000000000000000e+00 0.000000000000000000e+00 0.000000000000000000e+00 0.000000000000000000e+00 0.000000000000000000e+00 0.000000000000000000e+00 0.000000000000000000e+00 0.000000000000000000e+00 0.000000000000000000e+00 0.000000000000000000e+00 0.000000000000000000e+00 0.000000000000000000e+00 0.000000000000000000e+00 0.000000000000000000e+00 0.000000000000000000e+00 0.000000000000000000e+00 0.000000000000000000e+00 9.992355480790138245e-04 8.933951854705810547e-01 1.055667325854301453e-01 3.886815829901024699e-05 0.000000000000000000e+00 0.000000000000000000e+00 0.000000000000000000e+00 0.000000000000000000e+00 0.000000000000000000e+00 0.000000000000000000e+00 0.000000000000000000e+00 0.000000000000000000e+00 0.000000000000000000e+00 0.000000000000000000e+00 0.000000000000000000e+00 0.000000000000000000e+00 0.000000000000000000e+00 0.000000000000000000e+00 0.000000000000000000e+00 0.000000000000000000e+00 0.000000000000000000e+00 0.000000000000000000e+00 0.000000000000000000e+00 0.000000000000000000e+00 0.000000000000000000e+00 0.000000000000000000e+00 0.000000000000000000e+00 0.000000000000000000e+00 0.000000000000000000e+00 0.000000000000000000e+00 0.000000000000000000e+00 1.701696589589118958e-02 9.755398035049438477e-01 7.443252485245466232e-03 0.000000000000000000e+00 0.000000000000000000e+00 0.000000000000000000e+00 0.000000000000000000e+00 0.000000000000000000e+00 0.000000000000000000e+00 0.000000000000000000e+00 0.000000000000000000e+00 0.000000000000000000e+00 0.000000000000000000e+00 0.000000000000000000e+00 0.000000000000000000e+00 0.000000000000000000e+00 0.000000000000000000e+00 0.000000000000000000e+00
9.870285540819168091e-02 1.297164261341094971e-01 1.010207384824752808e-01 9.161525219678878784e-02 6.561291217803955078e-02 4.395860433578491211e-02 2.857115864753723145e-02 2.084771916270256042e-02 1.803173497319221497e-02 1.688836142420768738e-02 1.686288975179195404e-02 1.734306849539279938e-02 1.855342276394367218e-02 2.057697065174579620e-02 2.556932903826236725e-02 2.870040200650691986e-02 3.548989817500114441e-02 3.577857092022895813e-02 3.820399567484855652e-02 4.846040531992912292e-02 5.050753802061080933e-02 3.352578356862068176e-02 1.132997497916221619e-02 1.859398907981812954e-03 3.764079883694648743e-04 3.273523179814219475e-04 7.235712255351245403e-04 3.103715134784579277e-04 3.764079883694648743e-04 1.556574425194412470e-04 2.830135372278164141e-06 0.000000000000000000e+00 0.000000000000000000e+00 0.000000000000000000e+00 0.000000000000000000e+00 0.000000000000000000e+00 0.000000000000000000e+00 0.000000000000000000e+00 0.000000000000000000e+00 0.000000000000000000e+00 0.000000000000000000e+00 0.000000000000000000e+00 0.000000000000000000e+00 0.000000000000000000e+00 0.000000000000000000e+00 0.000000000000000000e+00 1.132054148911265656e-05 4.951510205864906311e-02 4.528273046016693115e-01 1.467217653989791870e-01 1.219307184219360352e-01 1.784136146306991577e-01 5.057546123862266541e-02 4.716891908174147829e-06 0.000000000000000000e+00 0.000000000000000000e+00 0.000000000000000000e+00 0.000000000000000000e+00 0.000000000000000000e+00 0.000000000000000000e+00 0.000000000000000000e+00 0.000000000000000000e+00 0.000000000000000000e+00 0.000000000000000000e+00 0.000000000000000000e+00 0.000000000000000000e+00 0.000000000000000000e+00 0.000000000000000000e+00 0.000000000000000000e+00 0.000000000000000000e+00 0.000000000000000000e+00 0.000000000000000000e+00 0.000000000000000000e+00 0.000000000000000000e+00 6.603649126191157848e-06 7.738910615444183350e-02 1.482311636209487915e-01 1.046942546963691711e-01 1.279428750276565552e-01 3.101535737514495850e-01 2.315824180841445923e-01 0.000000000000000000e+00 0.000000000000000000e+00 0.000000000000000000e+00 0.000000000000000000e+00 0.000000000000000000e+00 0.000000000000000000e+00 0.000000000000000000e+00 0.000000000000000000e+00 0.000000000000000000e+00 0.000000000000000000e+00 0.000000000000000000e+00 0.000000000000000000e+00 0.000000000000000000e+00 0.000000000000000000e+00 0.000000000000000000e+00
2.223639376461505890e-02 2.986231818795204163e-02 3.774696215987205505e-02 4.445922002196311951e-02 4.708170518279075623e-02 3.974073752760887146e-02 4.101805761456489563e-02 3.758594021201133728e-02 2.143128588795661926e-02 1.453900709748268127e-02 1.475973334163427353e-02 1.996761560440063477e-02 2.612715214490890503e-02 3.701241314411163330e-02 6.015523150563240051e-02 4.291594401001930237e-02 2.838688716292381287e-02 1.972517743706703186e-02 1.931086182594299316e-02 9.251520037651062012e-03 1.082374434918165207e-02 1.081949248909950256e-01 1.099236533045768738e-01 8.550441265106201172e-02 4.350484907627105713e-02 1.898972317576408386e-02 7.583405822515487671e-03 1.904219156131148338e-03 2.315819874638691545e-04 1.718772546155378222e-05 8.141554644680581987e-06 0.000000000000000000e+00 0.000000000000000000e+00 0.000000000000000000e+00 0.000000000000000000e+00 0.000000000000000000e+00 0.000000000000000000e+00 0.000000000000000000e+00 0.000000000000000000e+00 0.000000000000000000e+00 0.000000000000000000e+00 0.000000000000000000e+00 0.000000000000000000e+00 0.000000000000000000e+00 0.000000000000000000e+00 0.000000000000000000e+00 0.000000000000000000e+00 1.131223794072866440e-02 5.137438774108886719e-01 2.999267280101776123e-01 1.572306007146835327e-01 1.778658293187618256e-02 0.000000000000000000e+00 0.000000000000000000e+00 0.000000000000000000e+00 0.000000000000000000e+00 0.000000000000000000e+00 0.000000000000000000e+00 0.000000000000000000e+00 0.000000000000000000e+00 0.000000000000000000e+00 0.000000000000000000e+00 0.000000000000000000e+00 0.000000000000000000e+00 0.000000000000000000e+00 0.000000000000000000e+00 0.000000000000000000e+00 0.000000000000000000e+00 0.000000000000000000e+00 0.000000000000000000e+00 0.000000000000000000e+00 0.000000000000000000e+00 0.000000000000000000e+00 0.000000000000000000e+00 0.000000000000000000e+00 0.000000000000000000e+00 1.077037211507558823e-02 1.410976648330688477e-01 4.715299010276794434e-01 3.361602723598480225e-01 4.038663208484649658e-02 5.518164834938943386e-05 0.000000000000000000e+00 0.000000000000000000e+00 0.000000000000000000e+00 0.000000000000000000e+00 0.000000000000000000e+00 0.000000000000000000e+00 0.000000000000000000e+00 0.000000000000000000e+00 0.000000000000000000e+00 0.000000000000000000e+00 0.000000000000000000e+00 0.000000000000000000e+00 0.000000000000000000e+00 0.000000000000000000e+00
8.963334374129772186e-03 3.390465304255485535e-02 4.289379343390464783e-02 4.616933315992355347e-02 4.713781550526618958e-02 5.340846255421638489e-02 5.791856721043586731e-02 5.894234776496887207e-02 5.733742564916610718e-02 5.549038574099540710e-02 7.111117988824844360e-02 7.794677466154098511e-02 7.479025423526763916e-02 7.087209075689315796e-02 5.682619661092758179e-02 4.715045541524887085e-02 3.993436694145202637e-02 2.420890145003795624e-02 1.577022857964038849e-02 1.111187506467103958e-02 1.058866269886493683e-02 9.313283488154411316e-03 8.408655412495136261e-03 6.952113471925258636e-03 4.171083681285381317e-03 2.496514935046434402e-03 1.853229827247560024e-03 1.636124448850750923e-03 1.331860898062586784e-03 5.895682843402028084e-04 4.833196289837360382e-04 2.871479373425245285e-04 0.000000000000000000e+00 0.000000000000000000e+00 0.000000000000000000e+00 0.000000000000000000e+00 0.000000000000000000e+00 0.000000000000000000e+00 0.000000000000000000e+00 0.000000000000000000e+00 0.000000000000000000e+00 0.000000000000000000e+00 0.000000000000000000e+00 0.000000000000000000e+00 0.000000000000000000e+00 4.008221905678510666e-03 4.490093141794204712e-02 1.829590499401092529e-01 1.472015678882598877e-01 1.619160175323486328e-01 1.437831819057464600e-01 1.988323777914047241e-01 1.141667813062667847e-01 2.231880789622664452e-03 0.000000000000000000e+00 0.000000000000000000e+00 0.000000000000000000e+00 0.000000000000000000e+00 0.000000000000000000e+00 0.000000000000000000e+00 0.000000000000000000e+00 0.000000000000000000e+00 0.000000000000000000e+00 0.000000000000000000e+00 0.000000000000000000e+00 0.000000000000000000e+00 0.000000000000000000e+00 0.000000000000000000e+00 0.000000000000000000e+00 0.000000000000000000e+00 0.000000000000000000e+00 1.105934279621578753e-05 1.163469161838293076e-02 2.714370936155319214e-02 6.931548565626144409e-02 1.378628760576248169e-01 1.382968127727508545e-01 1.329218447208404541e-01 1.691775321960449219e-01 1.421133428812026978e-01 1.317878663539886475e-01 3.954386711120605469e-02 1.909053244162350893e-04 0.000000000000000000e+00 0.000000000000000000e+00 0.000000000000000000e+00 0.000000000000000000e+00 0.000000000000000000e+00 0.000000000000000000e+00 0.000000000000000000e+00 0.000000000000000000e+00 0.000000000000000000e+00 0.000000000000000000e+00 0.000000000000000000e+00 0.000000000000000000e+00 0.000000000000000000e+00
2.273912774398922920e-03 1.421320834197103977e-03 1.327786478213965893e-03 2.413963433355093002e-03 5.315910559147596359e-03 1.035146880894899368e-02 1.577909290790557861e-02 1.865320652723312378e-02 1.796185411512851715e-02 1.520309224724769592e-02 1.284843403846025467e-02 1.216485630720853806e-02 1.626268774271011353e-02 3.011329472064971924e-02 4.902716726064682007e-02 6.362491846084594727e-02 7.675245404243469238e-02 8.673831075429916382e-02 8.863820880651473999e-02 8.714153617620468140e-02 8.576121181249618530e-02 8.123959600925445557e-02 6.779810786247253418e-02 5.063166841864585876e-02 3.726328164339065552e-02 2.629593946039676666e-02 1.639170572161674500e-02 1.068021822720766068e-02 7.454536855220794678e-03 2.230656100437045097e-03 1.543442049296572804e-04 8.525919110979884863e-05 0.000000000000000000e+00 0.000000000000000000e+00 0.000000000000000000e+00 0.000000000000000000e+00 0.000000000000000000e+00 0.000000000000000000e+00 0.000000000000000000e+00 0.000000000000000000e+00 0.000000000000000000e+00 0.000000000000000000e+00 0.000000000000000000e+00 0.000000000000000000e+00 4.137578343943459913e-06 4.852251004194840789e-05 1.881469623185694218e-03 6.546212732791900635e-02 4.405773580074310303e-01 3.344692885875701904e-01 7.646282017230987549e-02 8.050448447465896606e-02 5.897929659113287926e-04 0.000000000000000000e+00 0.000000000000000000e+00 0.000000000000000000e+00 0.000000000000000000e+00 0.000000000000000000e+00 0.000000000000000000e+00 0.000000000000000000e+00 0.000000000000000000e+00 0.000000000000000000e+00 0.000000000000000000e+00 0.000000000000000000e+00 0.000000000000000000e+00 0.000000000000000000e+00 0.000000000000000000e+00 0.000000000000000000e+00 0.000000000000000000e+00 0.000000000000000000e+00 0.000000000000000000e+00 0.000000000000000000e+00 0.000000000000000000e+00 0.000000000000000000e+00 0.000000000000000000e+00 1.355495676398277283e-02 6.857108324766159058e-02 1.333760917186737061e-01 3.679102063179016113e-01 3.413642346858978271e-01 6.332588940858840942e-02 1.175322942435741425e-02 1.394238497596234083e-04 3.259910045017022640e-06 1.629955022508511320e-06 0.000000000000000000e+00 0.000000000000000000e+00 0.000000000000000000e+00 0.000000000000000000e+00 0.000000000000000000e+00 0.000000000000000000e+00 0.000000000000000000e+00 0.000000000000000000e+00 0.000000000000000000e+00 0.000000000000000000e+00 0.000000000000000000e+00
2.969675511121749878e-02 2.797907590866088867e-02 6.891920696943998337e-03 5.712871905416250229e-03 6.349049042910337448e-03 1.016894076019525528e-02 5.802643485367298126e-03 7.347140926867723465e-03 1.014844141900539398e-02 1.406446564942598343e-02 1.573054306209087372e-02 2.149784378707408905e-02 2.660281397402286530e-02 4.123489186167716980e-02 6.393086910247802734e-02 8.085389435291290283e-02 9.488867223262786865e-02 7.983954250812530518e-02 6.301972270011901855e-02 6.063900515437126160e-02 6.467872858047485352e-02 6.583727896213531494e-02 6.071252003312110901e-02 5.009260028600692749e-02 3.829221799969673157e-02 3.047925420105457306e-02 1.483141258358955383e-02 2.345373621210455894e-03 1.420795888407155871e-04 8.623736357549205422e-05 6.785891309846192598e-05 3.534318238962441683e-05 0.000000000000000000e+00 0.000000000000000000e+00 0.000000000000000000e+00 0.000000000000000000e+00 0.000000000000000000e+00 0.000000000000000000e+00 0.000000000000000000e+00 0.000000000000000000e+00 0.000000000000000000e+00 0.000000000000000000e+00 0.000000000000000000e+00 0.000000000000000000e+00 0.000000000000000000e+00 0.000000000000000000e+00 0.000000000000000000e+00 9.818335529416799545e-04 5.656280517578125000e-01 4.333901107311248779e-01 0.000000000000000000e+00 0.000000000000000000e+00 0.000000000000000000e+00 0.000000000000000000e+00 0.000000000000000000e+00 0.000000000000000000e+00 0.000000000000000000e+00 0.000000000000000000e+00 0.000000000000000000e+00 0.000000000000000000e+00 0.000000000000000000e+00 0.000000000000000000e+00 0.000000000000000000e+00 0.000000000000000000e+00 0.000000000000000000e+00 0.000000000000000000e+00 0.000000000000000000e+00 0.000000000000000000e+00 0.000000000000000000e+00 0.000000000000000000e+00 0.000000000000000000e+00 0.000000000000000000e+00 0.000000000000000000e+00 0.000000000000000000e+00 0.000000000000000000e+00 0.000000000000000000e+00 0.000000000000000000e+00 0.000000000000000000e+00 3.231936097145080566e-01 6.176341176033020020e-01 5.917226150631904602e-02 0.000000000000000000e+00 0.000000000000000000e+00 0.000000000000000000e+00 0.000000000000000000e+00 0.000000000000000000e+00 0.000000000000000000e+00 0.000000000000000000e+00 0.000000000000000000e+00 0.000000000000000000e+00 0.000000000000000000e+00 0.000000000000000000e+00 0.000000000000000000e+00 0.000000000000000000e+00 0.000000000000000000e+00 0.000000000000000000e+00
9.573090821504592896e-03 2.235948806628584862e-03 2.003907458856701851e-03 4.836666397750377655e-03 6.823866628110408783e-03 8.858404122292995453e-03 1.356234215199947357e-02 2.207732573151588440e-02 3.264448046684265137e-02 3.316889330744743347e-02 3.986838459968566895e-02 4.338984191417694092e-02 4.680827260017395020e-02 5.200413987040519714e-02 5.372959747910499573e-02 5.076039955019950867e-02 5.012553557753562927e-02 5.126624926924705505e-02 6.371293962001800537e-02 7.748319208621978760e-02 9.576060622930526733e-02 8.117450028657913208e-02 3.845293447375297546e-02 2.127910405397415161e-02 1.351407822221517563e-02 1.370063889771699905e-02 2.873319387435913086e-02 3.969946131110191345e-02 2.578441519290208817e-03 9.374463115818798542e-05 3.434209429542534053e-05 4.548006836557760835e-05 0.000000000000000000e+00 0.000000000000000000e+00 0.000000000000000000e+00 0.000000000000000000e+00 0.000000000000000000e+00 0.000000000000000000e+00 0.000000000000000000e+00 0.000000000000000000e+00 0.000000000000000000e+00 0.000000000000000000e+00 0.000000000000000000e+00 0.000000000000000000e+00 0.000000000000000000e+00 0.000000000000000000e+00 4.083924795850180089e-05 4.745705984532833099e-03 3.317817449569702148e-01 1.510068327188491821e-01 2.609804272651672363e-01 1.891469657421112061e-01 5.841497331857681274e-02 3.864877857267856598e-03 1.763512955221813172e-05 0.000000000000000000e+00 0.000000000000000000e+00 0.000000000000000000e+00 0.000000000000000000e+00 0.000000000000000000e+00 0.000000000000000000e+00 0.000000000000000000e+00 0.000000000000000000e+00 0.000000000000000000e+00 0.000000000000000000e+00 0.000000000000000000e+00 0.000000000000000000e+00 0.000000000000000000e+00 0.000000000000000000e+00 0.000000000000000000e+00 0.000000000000000000e+00 0.000000000000000000e+00 0.000000000000000000e+00 0.000000000000000000e+00 5.197722202865406871e-05 3.791552735492587090e-03 9.676395356655120850e-02 3.759633302688598633e-01 4.729166328907012939e-01 3.749506920576095581e-02 1.265366934239864349e-02 3.638405469246208668e-04 0.000000000000000000e+00 0.000000000000000000e+00 0.000000000000000000e+00 0.000000000000000000e+00 0.000000000000000000e+00 0.000000000000000000e+00 0.000000000000000000e+00 0.000000000000000000e+00 0.000000000000000000e+00 0.000000000000000000e+00 0.000000000000000000e+00 0.000000000000000000e+00 0.000000000000000000e+00 0.000000000000000000e+00
5.081567913293838501e-02 6.427896767854690552e-02 4.358838126063346863e-02 2.885022200644016266e-02 2.624830231070518494e-02 3.285858407616615295e-02 4.392978176474571228e-02 3.891309350728988647e-02 5.776396021246910095e-02 5.468226224184036255e-02 2.947177924215793610e-02 3.292436897754669189e-02 4.227040708065032959e-02 3.950402513146400452e-02 4.908258095383644104e-02 3.568734601140022278e-02 2.543506212532520294e-02 3.359696641564369202e-02 6.034206226468086243e-02 6.202979013323783875e-02 6.347933411598205566e-02 3.901517391204833984e-02 2.450272627174854279e-02 1.193094346672296524e-02 5.897985305637121201e-03 2.131214365363121033e-03 6.328991730697453022e-04 1.213623909279704094e-04 1.474496275477577001e-05 0.000000000000000000e+00 0.000000000000000000e+00 0.000000000000000000e+00 0.000000000000000000e+00 0.000000000000000000e+00 0.000000000000000000e+00 0.000000000000000000e+00 0.000000000000000000e+00 0.000000000000000000e+00 0.000000000000000000e+00 0.000000000000000000e+00 0.000000000000000000e+00 3.110053017735481262e-03 6.138554960489273071e-02 3.752933442592620850e-02 1.267613098025321960e-02 8.905503898859024048e-02 9.599878638982772827e-02 7.571084797382354736e-02 1.540735214948654175e-01 9.859843552112579346e-02 1.954558342695236206e-01 1.321148723363876343e-01 5.920669995248317719e-03 6.131636444479227066e-03 1.023640669882297516e-02 1.091013848781585693e-02 2.041610190644860268e-03 3.019314724951982498e-03 4.058267455548048019e-03 1.973556587472558022e-03 0.000000000000000000e+00 0.000000000000000000e+00 0.000000000000000000e+00 0.000000000000000000e+00 0.000000000000000000e+00 0.000000000000000000e+00 0.000000000000000000e+00 4.536911546892952174e-06 9.926763363182544708e-03 8.293475024402141571e-03 4.504018928855657578e-03 4.131992347538471222e-03 4.881490021944046021e-02 5.389057099819183350e-02 2.085504867136478424e-02 1.158840656280517578e-01 1.896746754646301270e-01 7.921561598777770996e-02 7.527983933687210083e-02 1.293371468782424927e-01 5.982938781380653381e-02 2.058510296046733856e-02 1.947356015443801880e-02 2.438703551888465881e-02 6.829527020454406738e-02 6.721094250679016113e-02 4.060536157339811325e-04 0.000000000000000000e+00 0.000000000000000000e+00 0.000000000000000000e+00 0.000000000000000000e+00 0.000000000000000000e+00 0.000000000000000000e+00 0.000000000000000000e+00 0.000000000000000000e+00 0.000000000000000000e+00
3.909570164978504181e-03 1.123735774308443069e-02 1.114439871162176132e-02 1.818534359335899353e-02 2.331134118139743805e-02 2.659410610795021057e-02 2.693672478199005127e-02 2.720231935381889343e-02 2.726606279611587524e-02 2.811596915125846863e-02 2.952362783253192902e-02 2.617446519434452057e-02 2.723419107496738434e-02 2.624086290597915649e-02 2.493413165211677551e-02 2.638694085180759430e-02 2.631788700819015503e-02 2.632850967347621918e-02 2.594074048101902008e-02 2.909336239099502563e-02 3.214505687355995178e-02 3.287278860807418823e-02 3.327649459242820740e-02 6.562075018882751465e-02 1.877841800451278687e-01 1.684355288743972778e-01 5.226925015449523926e-03 1.697157043963670731e-03 6.666454137302935123e-04 1.885730016510933638e-04 7.967873898451216519e-06 0.000000000000000000e+00 0.000000000000000000e+00 0.000000000000000000e+00 0.000000000000000000e+00 0.000000000000000000e+00 0.000000000000000000e+00 0.000000000000000000e+00 0.000000000000000000e+00 0.000000000000000000e+00 0.000000000000000000e+00 0.000000000000000000e+00 0.000000000000000000e+00 0.000000000000000000e+00 1.779491780325770378e-03 9.240076877176761627e-03 1.061851903796195984e-02 4.872620403766632080e-01 1.647331267595291138e-01 1.735827773809432983e-01 9.846697747707366943e-02 4.841545596718788147e-02 4.921489860862493515e-03 5.550952046178281307e-04 3.771460033021867275e-04 4.780723975272849202e-05 0.000000000000000000e+00 0.000000000000000000e+00 0.000000000000000000e+00 0.000000000000000000e+00 0.000000000000000000e+00 0.000000000000000000e+00 0.000000000000000000e+00 0.000000000000000000e+00 0.000000000000000000e+00 0.000000000000000000e+00 0.000000000000000000e+00 0.000000000000000000e+00 0.000000000000000000e+00 0.000000000000000000e+00 0.000000000000000000e+00 0.000000000000000000e+00 0.000000000000000000e+00 0.000000000000000000e+00 1.272203749977052212e-03 1.601542579010128975e-03 2.455698698759078979e-02 6.596602499485015869e-02 1.555169522762298584e-01 1.887483000755310059e-01 8.970763534307479858e-02 4.546601474285125732e-01 1.180573273450136185e-02 5.760772619396448135e-03 4.037056060042232275e-04 0.000000000000000000e+00 0.000000000000000000e+00 0.000000000000000000e+00 0.000000000000000000e+00 0.000000000000000000e+00 0.000000000000000000e+00 0.000000000000000000e+00 0.000000000000000000e+00 0.000000000000000000e+00 0.000000000000000000e+00 0.000000000000000000e+00
7.747311610728502274e-03 3.430917859077453613e-02 9.842130541801452637e-02 7.127720862627029419e-02 5.116355419158935547e-02 8.065962046384811401e-02 8.032483607530593872e-02 1.329051554203033447e-01 9.385442733764648438e-02 4.992752522230148315e-02 1.750574633479118347e-02 3.382034599781036377e-02 2.642237208783626556e-02 8.359867148101329803e-03 7.788552902638912201e-03 6.568294018507003784e-03 6.642285734415054321e-03 8.619445376098155975e-03 1.063056848943233490e-02 1.536119543015956879e-02 1.963210292160511017e-02 2.329409308731555939e-02 1.673914305865764618e-02 2.662494033575057983e-02 1.773257367312908173e-02 5.081178620457649231e-03 3.909438848495483398e-03 2.482972806319594383e-03 1.991715282201766968e-03 3.811187343671917915e-03 9.984049014747142792e-03 2.640781737864017487e-02 0.000000000000000000e+00 0.000000000000000000e+00 0.000000000000000000e+00 0.000000000000000000e+00 0.000000000000000000e+00 0.000000000000000000e+00 0.000000000000000000e+00 0.000000000000000000e+00 0.000000000000000000e+00 0.000000000000000000e+00 0.000000000000000000e+00 0.000000000000000000e+00 4.669978225138038397e-04 1.164947263896465302e-02 4.206546545028686523e-01 1.758107244968414307e-01 2.953560948371887207e-01 9.459192305803298950e-02 1.365816919133067131e-03 1.043163938447833061e-04 0.000000000000000000e+00 0.000000000000000000e+00 0.000000000000000000e+00 0.000000000000000000e+00 0.000000000000000000e+00 0.000000000000000000e+00 0.000000000000000000e+00 0.000000000000000000e+00 0.000000000000000000e+00 0.000000000000000000e+00 0.000000000000000000e+00 0.000000000000000000e+00 0.000000000000000000e+00 0.000000000000000000e+00 0.000000000000000000e+00 0.000000000000000000e+00 0.000000000000000000e+00 0.000000000000000000e+00 0.000000000000000000e+00 0.000000000000000000e+00 0.000000000000000000e+00 0.000000000000000000e+00 0.000000000000000000e+00 0.000000000000000000e+00 3.032453241758048534e-05 4.284250084310770035e-03 9.951783716678619385e-02 2.769284844398498535e-01 1.494198888540267944e-01 2.172692120075225830e-02 3.213187679648399353e-02 1.955398619174957275e-01 2.204205393791198730e-01 0.000000000000000000e+00 0.000000000000000000e+00 0.000000000000000000e+00 0.000000000000000000e+00 0.000000000000000000e+00 0.000000000000000000e+00 0.000000000000000000e+00 0.000000000000000000e+00 0.000000000000000000e+00 0.000000000000000000e+00 0.000000000000000000e+00
5.344726610928773880e-03 1.348880305886268616e-02 2.475392818450927734e-02 4.091603308916091919e-02 6.135241687297821045e-02 8.166463673114776611e-02 9.680896997451782227e-02 1.017793193459510803e-01 9.726800024509429932e-02 8.623991906642913818e-02 7.274358719587326050e-02 5.704616010189056396e-02 4.455067589879035950e-02 4.190558940172195435e-02 4.101950675249099731e-02 3.413212671875953674e-02 2.719018980860710144e-02 2.182665094733238220e-02 1.674906723201274872e-02 1.080985460430383682e-02 6.127340253442525864e-03 3.489780938252806664e-03 2.313978737220168114e-03 1.685629948042333126e-03 1.354524167254567146e-03 1.668698503635823727e-03 3.141743363812565804e-03 2.596171107143163681e-03 2.821925227181054652e-05 3.762567075682454742e-06 0.000000000000000000e+00 0.000000000000000000e+00 0.000000000000000000e+00 0.000000000000000000e+00 0.000000000000000000e+00 0.000000000000000000e+00 0.000000000000000000e+00 0.000000000000000000e+00 0.000000000000000000e+00 0.000000000000000000e+00 0.000000000000000000e+00 0.000000000000000000e+00 0.000000000000000000e+00 0.000000000000000000e+00 0.000000000000000000e+00 0.000000000000000000e+00 0.000000000000000000e+00 7.713262311881408095e-05 7.901089787483215332e-01 1.447102129459381104e-01 6.272011250257492065e-02 2.306453650817275047e-03 3.574438596842810512e-05 2.445668542350176722e-05 1.693155172688420862e-05 0.000000000000000000e+00 0.000000000000000000e+00 0.000000000000000000e+00 0.000000000000000000e+00 0.000000000000000000e+00 0.000000000000000000e+00 0.000000000000000000e+00 0.000000000000000000e+00 0.000000000000000000e+00 0.000000000000000000e+00 0.000000000000000000e+00 0.000000000000000000e+00 0.000000000000000000e+00 0.000000000000000000e+00 0.000000000000000000e+00 0.000000000000000000e+00 0.000000000000000000e+00 0.000000000000000000e+00 0.000000000000000000e+00 0.000000000000000000e+00 0.000000000000000000e+00 4.217837471514940262e-03 1.113362386822700500e-01 8.432476967573165894e-02 7.959879636764526367e-01 4.133179783821105957e-03 0.000000000000000000e+00 0.000000000000000000e+00 0.000000000000000000e+00 0.000000000000000000e+00 0.000000000000000000e+00 0.000000000000000000e+00 0.000000000000000000e+00 0.000000000000000000e+00 0.000000000000000000e+00 0.000000000000000000e+00 0.000000000000000000e+00 0.000000000000000000e+00 0.000000000000000000e+00 0.000000000000000000e+00 0.000000000000000000e+00
2.151576045434921980e-04 2.133342204615473747e-03 6.213313899934291840e-03 1.385104376822710037e-02 1.436815131455659866e-02 1.602523028850555420e-02 2.055156230926513672e-02 2.379132434725761414e-02 2.694575488567352295e-02 3.916597738862037659e-02 2.723384648561477661e-02 2.176009118556976318e-02 1.944076456129550934e-02 1.540601346641778946e-02 1.109702698886394501e-02 1.055585034191608429e-02 1.313701272010803223e-02 1.502237655222415924e-02 3.167338669300079346e-02 1.517729014158248901e-01 1.227944493293762207e-01 1.118214130401611328e-01 1.244456991553306580e-01 6.532987207174301147e-02 7.309669256210327148e-02 6.890878081321716309e-03 1.298239105381071568e-03 1.338353147730231285e-03 2.888946561142802238e-03 2.608147682622075081e-03 1.078705419786274433e-03 6.048480980098247528e-03 0.000000000000000000e+00 0.000000000000000000e+00 0.000000000000000000e+00 0.000000000000000000e+00 0.000000000000000000e+00 0.000000000000000000e+00 0.000000000000000000e+00 0.000000000000000000e+00 0.000000000000000000e+00 0.000000000000000000e+00 0.000000000000000000e+00 0.000000000000000000e+00 0.000000000000000000e+00 0.000000000000000000e+00 8.030119352042675018e-04 3.782397601753473282e-03 3.434228897094726562e-01 6.514840722084045410e-01 5.076260422356426716e-04 0.000000000000000000e+00 0.000000000000000000e+00 0.000000000000000000e+00 0.000000000000000000e+00 0.000000000000000000e+00 0.000000000000000000e+00 0.000000000000000000e+00 0.000000000000000000e+00 0.000000000000000000e+00 0.000000000000000000e+00 0.000000000000000000e+00 0.000000000000000000e+00 0.000000000000000000e+00 0.000000000000000000e+00 0.000000000000000000e+00 0.000000000000000000e+00 0.000000000000000000e+00 0.000000000000000000e+00 0.000000000000000000e+00 0.000000000000000000e+00 0.000000000000000000e+00 0.000000000000000000e+00 0.000000000000000000e+00 0.000000000000000000e+00 7.876956078689545393e-05 2.386061288416385651e-02 2.035463787615299225e-02 6.042529940605163574e-01 3.315410912036895752e-01 1.855023205280303955e-02 1.247914042323827744e-03 1.137782528530806303e-04 0.000000000000000000e+00 0.000000000000000000e+00 0.000000000000000000e+00 0.000000000000000000e+00 0.000000000000000000e+00 0.000000000000000000e+00 0.000000000000000000e+00 0.000000000000000000e+00 0.000000000000000000e+00 0.000000000000000000e+00 0.000000000000000000e+00 0.000000000000000000e+00 0.000000000000000000e+00
7.019594311714172363e-03 8.430230431258678436e-03 9.150476194918155670e-03 1.155602093786001205e-02 1.374810561537742615e-02 1.442356873303651810e-02 1.363913528621196747e-02 1.330550853163003922e-02 1.373317744582891464e-02 1.398545037955045700e-02 1.662237010896205902e-02 2.450178004801273346e-02 3.928808495402336121e-02 6.553860753774642944e-02 8.166314661502838135e-02 7.923894375562667847e-02 8.551813662052154541e-02 1.081151887774467468e-01 1.201929226517677307e-01 9.351921081542968750e-02 6.087156385183334351e-02 4.306396096944808960e-02 2.848216332495212555e-02 2.237164601683616638e-02 8.877305313944816589e-03 2.534667029976844788e-03 5.015595233999192715e-04 7.314409594982862473e-05 2.015194513660389930e-05 8.210052328649908304e-06 2.985473429362173192e-06 2.985473429362173192e-06 0.000000000000000000e+00 0.000000000000000000e+00 0.000000000000000000e+00 0.000000000000000000e+00 0.000000000000000000e+00 0.000000000000000000e+00 0.000000000000000000e+00 0.000000000000000000e+00 0.000000000000000000e+00 0.000000000000000000e+00 0.000000000000000000e+00 0.000000000000000000e+00 0.000000000000000000e+00 0.000000000000000000e+00 5.706732627004384995e-03 3.327981829643249512e-01 3.251546323299407959e-01 1.826579868793487549e-01 7.781785726547241211e-02 7.337323576211929321e-02 2.491377526894211769e-03 0.000000000000000000e+00 0.000000000000000000e+00 0.000000000000000000e+00 0.000000000000000000e+00 0.000000000000000000e+00 0.000000000000000000e+00 0.000000000000000000e+00 0.000000000000000000e+00 0.000000000000000000e+00 0.000000000000000000e+00 0.000000000000000000e+00 0.000000000000000000e+00 0.000000000000000000e+00 0.000000000000000000e+00 0.000000000000000000e+00 0.000000000000000000e+00 0.000000000000000000e+00 0.000000000000000000e+00 0.000000000000000000e+00 0.000000000000000000e+00 3.403439768590033054e-04 8.174972608685493469e-03 3.432771936058998108e-02 9.285195916891098022e-02 1.834983974695205688e-01 3.923904895782470703e-01 2.705786824226379395e-01 1.783745735883712769e-02 0.000000000000000000e+00 0.000000000000000000e+00 0.000000000000000000e+00 0.000000000000000000e+00 0.000000000000000000e+00 0.000000000000000000e+00 0.000000000000000000e+00 0.000000000000000000e+00 0.000000000000000000e+00 0.000000000000000000e+00 0.000000000000000000e+00 0.000000000000000000e+00 0.000000000000000000e+00 0.000000000000000000e+00 0.000000000000000000e+00
7.130124868126586080e-05 5.347593469195999205e-05 9.803921420825645328e-05 1.693404628895223141e-04 1.604278106242418289e-03 5.935828667134046555e-03 1.370766479521989822e-02 2.466131933033466339e-02 3.401960805058479309e-02 3.524064272642135620e-02 4.263814538717269897e-02 5.344919860363006592e-02 6.311942636966705322e-02 5.510695278644561768e-02 4.561497271060943604e-02 4.344028607010841370e-02 4.450980573892593384e-02 4.554367065429687500e-02 4.876114055514335632e-02 7.051693648099899292e-02 1.181550770998001099e-01 1.264884173870086670e-01 7.735294103622436523e-02 4.490195959806442261e-02 4.278074949979782104e-03 4.278074775356799364e-04 1.247771870112046599e-04 8.912656085158232599e-06 0.000000000000000000e+00 0.000000000000000000e+00 0.000000000000000000e+00 0.000000000000000000e+00 0.000000000000000000e+00 0.000000000000000000e+00 0.000000000000000000e+00 0.000000000000000000e+00 0.000000000000000000e+00 0.000000000000000000e+00 0.000000000000000000e+00 0.000000000000000000e+00 0.000000000000000000e+00 0.000000000000000000e+00 0.000000000000000000e+00 0.000000000000000000e+00 0.000000000000000000e+00 0.000000000000000000e+00 0.000000000000000000e+00 2.843137364834547043e-03 7.304634451866149902e-01 2.316399216651916504e-01 3.505347669124603271e-02 0.000000000000000000e+00 0.000000000000000000e+00 0.000000000000000000e+00 0.000000000000000000e+00 0.000000000000000000e+00 0.000000000000000000e+00 0.000000000000000000e+00 0.000000000000000000e+00 0.000000000000000000e+00 0.000000000000000000e+00 0.000000000000000000e+00 0.000000000000000000e+00 0.000000000000000000e+00 0.000000000000000000e+00 0.000000000000000000e+00 0.000000000000000000e+00 0.000000000000000000e+00 0.000000000000000000e+00 0.000000000000000000e+00 0.000000000000000000e+00 0.000000000000000000e+00 0.000000000000000000e+00 0.000000000000000000e+00 0.000000000000000000e+00 0.000000000000000000e+00 0.000000000000000000e+00 2.355615049600601196e-02 1.452228128910064697e-01 8.196256756782531738e-01 1.159536559134721756e-02 0.000000000000000000e+00 0.000000000000000000e+00 0.000000000000000000e+00 0.000000000000000000e+00 0.000000000000000000e+00 0.000000000000000000e+00 0.000000000000000000e+00 0.000000000000000000e+00 0.000000000000000000e+00 0.000000000000000000e+00 0.000000000000000000e+00 0.000000000000000000e+00 0.000000000000000000e+00 0.000000000000000000e+00 0.000000000000000000e+00
1.691067218780517578e-02 3.755250573158264160e-02 4.363212734460830688e-02 6.260985136032104492e-02 8.561635017395019531e-02 1.203408390283584595e-01 6.695391237735748291e-02 3.916577994823455811e-02 1.885470561683177948e-02 1.405465696007013321e-02 1.401119399815797806e-02 1.655486598610877991e-02 2.264995686709880829e-02 4.259344190359115601e-02 5.663631111383438110e-02 4.889332130551338196e-02 4.032601416110992432e-02 4.949958994984626770e-02 6.003523990511894226e-02 6.063414365053176880e-02 5.255229026079177856e-02 1.844807155430316925e-02 6.898045539855957031e-03 3.060068469494581223e-03 1.032054889947175980e-03 4.162105615250766277e-04 6.408905755961313844e-05 3.683279146571294405e-06 0.000000000000000000e+00 0.000000000000000000e+00 0.000000000000000000e+00 0.000000000000000000e+00 0.000000000000000000e+00 0.000000000000000000e+00 0.000000000000000000e+00 0.000000000000000000e+00 0.000000000000000000e+00 0.000000000000000000e+00 0.000000000000000000e+00 0.000000000000000000e+00 0.000000000000000000e+00 0.000000000000000000e+00 0.000000000000000000e+00 0.000000000000000000e+00 0.000000000000000000e+00 0.000000000000000000e+00 1.053417872753925622e-04 2.537779510021209717e-03 1.926649659872055054e-01 3.584442138671875000e-01 2.643113732337951660e-01 1.443978101015090942e-01 3.494989871978759766e-02 2.519363071769475937e-03 6.924565241206437349e-05 0.000000000000000000e+00 0.000000000000000000e+00 0.000000000000000000e+00 0.000000000000000000e+00 0.000000000000000000e+00 0.000000000000000000e+00 0.000000000000000000e+00 0.000000000000000000e+00 0.000000000000000000e+00 0.000000000000000000e+00 0.000000000000000000e+00 0.000000000000000000e+00 0.000000000000000000e+00 0.000000000000000000e+00 0.000000000000000000e+00 0.000000000000000000e+00 0.000000000000000000e+00 0.000000000000000000e+00 4.125272680539637804e-04 7.699526846408843994e-03 6.181647628545761108e-02 2.511554360389709473e-01 1.439167708158493042e-01 3.481796383857727051e-01 1.839230805635452271e-01 2.896530786529183388e-03 0.000000000000000000e+00 0.000000000000000000e+00 0.000000000000000000e+00 0.000000000000000000e+00 0.000000000000000000e+00 0.000000000000000000e+00 0.000000000000000000e+00 0.000000000000000000e+00 0.000000000000000000e+00 0.000000000000000000e+00 0.000000000000000000e+00 0.000000000000000000e+00 0.000000000000000000e+00 0.000000000000000000e+00 0.000000000000000000e+00
7.701323367655277252e-03 7.168680429458618164e-03 1.128404587507247925e-02 2.034555003046989441e-02 2.968685142695903778e-02 3.551626950502395630e-02 3.934439644217491150e-02 4.436288401484489441e-02 5.198010429739952087e-02 6.184531748294830322e-02 6.878789514303207397e-02 7.663650065660476685e-02 7.424575835466384888e-02 7.361704111099243164e-02 7.610353827476501465e-02 7.135783880949020386e-02 6.609836965799331665e-02 5.788597092032432556e-02 4.370430484414100647e-02 2.880917675793170929e-02 1.868950575590133667e-02 1.243580505251884460e-02 8.338445797562599182e-03 5.265291780233383179e-03 3.155530663207173347e-03 2.518623601645231247e-03 1.362012699246406555e-03 7.320063305087387562e-04 4.724777827505022287e-04 3.387780161574482918e-04 1.861014752648770809e-04 2.361310725973453373e-05 0.000000000000000000e+00 0.000000000000000000e+00 0.000000000000000000e+00 0.000000000000000000e+00 0.000000000000000000e+00 0.000000000000000000e+00 0.000000000000000000e+00 0.000000000000000000e+00 0.000000000000000000e+00 0.000000000000000000e+00 0.000000000000000000e+00 0.000000000000000000e+00 0.000000000000000000e+00 4.255750391166657209e-04 1.627945899963378906e-02 1.064294502139091492e-01 1.964857429265975952e-01 2.728535532951354980e-01 3.066084384918212891e-01 7.747061550617218018e-02 1.814424619078636169e-02 4.535980988293886185e-03 7.669407641515135765e-04 0.000000000000000000e+00 0.000000000000000000e+00 0.000000000000000000e+00 0.000000000000000000e+00 0.000000000000000000e+00 0.000000000000000000e+00 0.000000000000000000e+00 0.000000000000000000e+00 0.000000000000000000e+00 0.000000000000000000e+00 0.000000000000000000e+00 0.000000000000000000e+00 0.000000000000000000e+00 0.000000000000000000e+00 0.000000000000000000e+00 3.957082299166359007e-05 6.083340267650783062e-04 1.524501014500856400e-03 2.518084598705172539e-03 4.587735515087842941e-03 2.760684862732887268e-02 1.295139044523239136e-01 2.930074930191040039e-01 2.460500895977020264e-01 2.032621651887893677e-01 8.557789027690887451e-02 5.531612783670425415e-03 1.717611012281849980e-04 0.000000000000000000e+00 0.000000000000000000e+00 0.000000000000000000e+00 0.000000000000000000e+00 0.000000000000000000e+00 0.000000000000000000e+00 0.000000000000000000e+00 0.000000000000000000e+00 0.000000000000000000e+00 0.000000000000000000e+00 0.000000000000000000e+00 0.000000000000000000e+00 0.000000000000000000e+00
7.155682542361319065e-04 4.211793188005685806e-03 1.083032507449388504e-02 7.168684154748916626e-02 6.716566532850265503e-02 4.330136999487876892e-02 1.114730071276426315e-02 4.424375481903553009e-03 1.316114142537117004e-02 1.476879697293043137e-02 1.168160419911146164e-02 2.203931286931037903e-02 1.391277275979518890e-02 1.165123563259840012e-02 1.060160901397466660e-02 1.045925449579954147e-02 1.552517432719469070e-02 1.287738140672445297e-02 2.411578968167304993e-02 4.743534326553344727e-02 6.637322902679443359e-02 1.335303485393524170e-01 1.344338208436965942e-01 1.576413959264755249e-01 4.542244970798492432e-02 3.241220489144325256e-02 7.688088342547416687e-03 5.485390429385006428e-04 2.363083476666361094e-04 9.490295269642956555e-07 0.000000000000000000e+00 0.000000000000000000e+00 0.000000000000000000e+00 0.000000000000000000e+00 0.000000000000000000e+00 0.000000000000000000e+00 0.000000000000000000e+00 0.000000000000000000e+00 0.000000000000000000e+00 0.000000000000000000e+00 0.000000000000000000e+00 0.000000000000000000e+00 0.000000000000000000e+00 0.000000000000000000e+00 0.000000000000000000e+00 0.000000000000000000e+00 0.000000000000000000e+00 8.228085935115814209e-04 4.806502461433410645e-01 5.185269713401794434e-01 0.000000000000000000e+00 0.000000000000000000e+00 0.000000000000000000e+00 0.000000000000000000e+00 0.000000000000000000e+00 0.000000000000000000e+00 0.000000000000000000e+00 0.000000000000000000e+00 0.000000000000000000e+00 0.000000000000000000e+00 0.000000000000000000e+00 0.000000000000000000e+00 0.000000000000000000e+00 0.000000000000000000e+00 0.000000000000000000e+00 0.000000000000000000e+00 0.000000000000000000e+00 0.000000000000000000e+00 0.000000000000000000e+00 0.000000000000000000e+00 0.000000000000000000e+00 0.000000000000000000e+00 0.000000000000000000e+00 0.000000000000000000e+00 0.000000000000000000e+00 0.000000000000000000e+00 0.000000000000000000e+00 4.190914332866668701e-03 4.359395503997802734e-01 5.578025579452514648e-01 2.066986402496695518e-03 0.000000000000000000e+00 0.000000000000000000e+00 0.000000000000000000e+00 0.000000000000000000e+00 0.000000000000000000e+00 0.000000000000000000e+00 0.000000000000000000e+00 0.000000000000000000e+00 0.000000000000000000e+00 0.000000000000000000e+00 0.000000000000000000e+00 0.000000000000000000e+00 0.000000000000000000e+00 0.000000000000000000e+00 0.000000000000000000e+00
2.966772080981172621e-05 2.814629988279193640e-05 2.814629988279193640e-05 3.575340815586969256e-05 3.194985401933081448e-05 3.727482908288948238e-05 1.232351525686681271e-03 3.979582339525222778e-02 2.944635450839996338e-01 2.136753052473068237e-01 1.962131857872009277e-01 8.059883117675781250e-02 5.097675323486328125e-02 3.075934201478958130e-02 2.175176516175270081e-02 1.445122342556715012e-02 6.691212300211191177e-03 4.714124836027622223e-03 3.513723146170377731e-03 3.822571830824017525e-03 2.923411550000309944e-03 2.859511878341436386e-03 3.655215492472052574e-03 4.078170750290155411e-03 3.927549812942743301e-03 3.136410610750317574e-03 3.218567464500665665e-03 2.788765821605920792e-03 2.777355257421731949e-03 2.790287137031555176e-03 3.236824413761496544e-03 1.757242018356919289e-03 0.000000000000000000e+00 0.000000000000000000e+00 0.000000000000000000e+00 0.000000000000000000e+00 0.000000000000000000e+00 0.000000000000000000e+00 0.000000000000000000e+00 0.000000000000000000e+00 0.000000000000000000e+00 0.000000000000000000e+00 0.000000000000000000e+00 0.000000000000000000e+00 0.000000000000000000e+00 0.000000000000000000e+00 5.087253451347351074e-02 9.019200205802917480e-01 2.680212445557117462e-02 2.040530741214752197e-02 0.000000000000000000e+00 0.000000000000000000e+00 0.000000000000000000e+00 0.000000000000000000e+00 0.000000000000000000e+00 0.000000000000000000e+00 0.000000000000000000e+00 0.000000000000000000e+00 0.000000000000000000e+00 0.000000000000000000e+00 0.000000000000000000e+00 0.000000000000000000e+00 0.000000000000000000e+00 0.000000000000000000e+00 0.000000000000000000e+00 0.000000000000000000e+00 0.000000000000000000e+00 0.000000000000000000e+00 0.000000000000000000e+00 0.000000000000000000e+00 0.000000000000000000e+00 0.000000000000000000e+00 0.000000000000000000e+00 0.000000000000000000e+00 0.000000000000000000e+00 0.000000000000000000e+00 0.000000000000000000e+00 6.595362792722880840e-04 1.404660046100616455e-01 8.117735385894775391e-01 4.710093140602111816e-02 0.000000000000000000e+00 0.000000000000000000e+00 0.000000000000000000e+00 0.000000000000000000e+00 0.000000000000000000e+00 0.000000000000000000e+00 0.000000000000000000e+00 0.000000000000000000e+00 0.000000000000000000e+00 0.000000000000000000e+00 0.000000000000000000e+00 0.000000000000000000e+00 0.000000000000000000e+00 0.000000000000000000e+00 0.000000000000000000e+00
1.020301599055528641e-02 3.617541864514350891e-03 3.890066407620906830e-03 5.014795809984207153e-03 7.036751136183738708e-03 1.027907244861125946e-02 1.212200894951820374e-02 1.332812290638685226e-02 1.398199517279863358e-02 2.235992252826690674e-02 3.903599455952644348e-02 5.893640220165252686e-02 8.004825562238693237e-02 1.169065833091735840e-01 1.685741990804672241e-01 2.004290521144866943e-01 1.084490045905113220e-01 3.718226775527000427e-02 2.079763635993003845e-02 1.221551466733217239e-02 8.796438574790954590e-03 7.134119514375925064e-03 6.161503028124570847e-03 5.446092691272497177e-03 4.708705004304647446e-03 3.915640525519847870e-03 3.196367761120200157e-03 2.521450398489832878e-03 2.151424530893564224e-03 1.970540732145309448e-03 2.031678799539804459e-03 7.557824254035949707e-03 0.000000000000000000e+00 0.000000000000000000e+00 0.000000000000000000e+00 0.000000000000000000e+00 0.000000000000000000e+00 0.000000000000000000e+00 0.000000000000000000e+00 0.000000000000000000e+00 0.000000000000000000e+00 0.000000000000000000e+00 0.000000000000000000e+00 0.000000000000000000e+00 0.000000000000000000e+00 1.997979552470496856e-06 3.728230076376348734e-04 2.418534308671951294e-01 1.412307918071746826e-01 6.038813665509223938e-02 2.636933466419577599e-03 2.539831679314374924e-03 4.014159440994262695e-01 1.495600938796997070e-01 0.000000000000000000e+00 0.000000000000000000e+00 0.000000000000000000e+00 0.000000000000000000e+00 0.000000000000000000e+00 0.000000000000000000e+00 0.000000000000000000e+00 0.000000000000000000e+00 0.000000000000000000e+00 0.000000000000000000e+00 0.000000000000000000e+00 0.000000000000000000e+00 0.000000000000000000e+00 0.000000000000000000e+00 0.000000000000000000e+00 0.000000000000000000e+00 9.648377075791358948e-03 2.952915430068969727e-01 1.652275919914245605e-01 7.402168214321136475e-02 8.598905056715011597e-03 1.056798035278916359e-03 1.103284303098917007e-03 1.322276238352060318e-02 6.134090572595596313e-02 6.083288416266441345e-02 3.090332448482513428e-01 6.217712652869522572e-04 2.663972793470748002e-07 0.000000000000000000e+00 0.000000000000000000e+00 0.000000000000000000e+00 0.000000000000000000e+00 0.000000000000000000e+00 0.000000000000000000e+00 0.000000000000000000e+00 0.000000000000000000e+00 0.000000000000000000e+00 0.000000000000000000e+00 0.000000000000000000e+00 0.000000000000000000e+00 0.000000000000000000e+00
1.803186387405730784e-05 2.288659561600070447e-05 2.149952888430561870e-05 1.803186387405730784e-05 1.005623198579996824e-04 5.496320128440856934e-02 1.988165527582168579e-01 2.409882247447967529e-01 1.457480937242507935e-01 8.103866130113601685e-02 2.977268770337104797e-02 4.335969686508178711e-03 4.038859903812408447e-02 4.694110155105590820e-02 4.072496294975280762e-02 1.977679319679737091e-02 1.173388864845037460e-02 6.970702204853296280e-03 6.478293798863887787e-03 5.823598243296146393e-03 4.535013809800148010e-03 3.951752092689275742e-03 4.011396318674087524e-03 3.823448671028017998e-03 3.530777525156736374e-03 3.706241492182016373e-03 3.819287521764636040e-03 4.138312768191099167e-03 4.237487912178039551e-03 4.523917101323604584e-03 6.779980845749378204e-03 1.826003566384315491e-02 0.000000000000000000e+00 0.000000000000000000e+00 0.000000000000000000e+00 0.000000000000000000e+00 0.000000000000000000e+00 0.000000000000000000e+00 0.000000000000000000e+00 0.000000000000000000e+00 0.000000000000000000e+00 0.000000000000000000e+00 0.000000000000000000e+00 0.000000000000000000e+00 0.000000000000000000e+00 9.570758265908807516e-05 1.549859493970870972e-01 5.337154120206832886e-02 7.915468215942382812e-01 0.000000000000000000e+00 0.000000000000000000e+00 0.000000000000000000e+00 0.000000000000000000e+00 0.000000000000000000e+00 0.000000000000000000e+00 0.000000000000000000e+00 0.000000000000000000e+00 0.000000000000000000e+00 0.000000000000000000e+00 0.000000000000000000e+00 0.000000000000000000e+00 0.000000000000000000e+00 0.000000000000000000e+00 0.000000000000000000e+00 0.000000000000000000e+00 0.000000000000000000e+00 0.000000000000000000e+00 0.000000000000000000e+00 0.000000000000000000e+00 0.000000000000000000e+00 0.000000000000000000e+00 0.000000000000000000e+00 0.000000000000000000e+00 0.000000000000000000e+00 0.000000000000000000e+00 0.000000000000000000e+00 0.000000000000000000e+00 5.168903153389692307e-03 1.239246800541877747e-01 7.735496163368225098e-01 2.059446834027767181e-02 1.198147982358932495e-02 1.240522880107164383e-02 1.304605323821306229e-02 1.099042128771543503e-02 1.145162060856819153e-02 1.514607202261686325e-02 1.741461921483278275e-03 0.000000000000000000e+00 0.000000000000000000e+00 0.000000000000000000e+00 0.000000000000000000e+00 0.000000000000000000e+00 0.000000000000000000e+00 0.000000000000000000e+00 0.000000000000000000e+00
5.210236646234989166e-03 4.516470432281494141e-02 5.176686868071556091e-02 4.513874277472496033e-02 3.240970894694328308e-02 2.096875570714473724e-02 1.137305423617362976e-02 6.915695499628782272e-03 6.438406649976968765e-03 6.158823147416114807e-03 6.256677675992250443e-03 6.869764067232608795e-03 9.783422574400901794e-03 1.606805808842182159e-02 2.868326194584369659e-02 1.955286599695682526e-02 1.796523109078407288e-02 2.553994581103324890e-02 2.412006072700023651e-02 3.039071708917617798e-02 4.056156426668167114e-02 4.070534929633140564e-02 3.980468958616256714e-02 4.241280630230903625e-02 5.465656146407127380e-02 8.253701776266098022e-02 9.440533816814422607e-02 1.679317802190780640e-01 2.020988799631595612e-02 0.000000000000000000e+00 0.000000000000000000e+00 0.000000000000000000e+00 0.000000000000000000e+00 0.000000000000000000e+00 0.000000000000000000e+00 0.000000000000000000e+00 0.000000000000000000e+00 0.000000000000000000e+00 0.000000000000000000e+00 0.000000000000000000e+00 0.000000000000000000e+00 0.000000000000000000e+00 0.000000000000000000e+00 0.000000000000000000e+00 0.000000000000000000e+00 0.000000000000000000e+00 0.000000000000000000e+00 3.777970746159553528e-02 7.521692514419555664e-01 7.472665607929229736e-02 7.732678204774856567e-02 5.611039698123931885e-02 1.887188060209155083e-03 0.000000000000000000e+00 0.000000000000000000e+00 0.000000000000000000e+00 0.000000000000000000e+00 0.000000000000000000e+00 0.000000000000000000e+00 0.000000000000000000e+00 0.000000000000000000e+00 0.000000000000000000e+00 0.000000000000000000e+00 0.000000000000000000e+00 0.000000000000000000e+00 0.000000000000000000e+00 0.000000000000000000e+00 0.000000000000000000e+00 0.000000000000000000e+00 0.000000000000000000e+00 0.000000000000000000e+00 0.000000000000000000e+00 0.000000000000000000e+00 0.000000000000000000e+00 0.000000000000000000e+00 1.697470725048333406e-04 6.985990703105926514e-02 6.481941789388656616e-02 1.059760972857475281e-01 3.880558013916015625e-01 3.711190223693847656e-01 0.000000000000000000e+00 0.000000000000000000e+00 0.000000000000000000e+00 0.000000000000000000e+00 0.000000000000000000e+00 0.000000000000000000e+00 0.000000000000000000e+00 0.000000000000000000e+00 0.000000000000000000e+00 0.000000000000000000e+00 0.000000000000000000e+00 0.000000000000000000e+00 0.000000000000000000e+00 0.000000000000000000e+00 0.000000000000000000e+00
4.539659991860389709e-02 3.743933886289596558e-02 5.328566953539848328e-02 7.648084312677383423e-02 9.889033436775207520e-02 1.042295545339584351e-01 1.018252670764923096e-01 8.727779984474182129e-02 7.164290547370910645e-02 6.133984774351119995e-02 5.096678435802459717e-02 4.120977222919464111e-02 3.421106934547424316e-02 3.089002333581447601e-02 2.409498766064643860e-02 1.762253232300281525e-02 1.268211007118225098e-02 9.409199468791484833e-03 7.319473661482334137e-03 5.599428899586200714e-03 4.307810682803392410e-03 3.532735863700509071e-03 2.776035340502858162e-03 2.344503765925765038e-03 2.463805722072720528e-03 3.012439468875527382e-03 2.366889035329222679e-03 1.201042206957936287e-03 8.762613288126885891e-04 8.723795181140303612e-04 1.340917893685400486e-03 3.091629128903150558e-03 0.000000000000000000e+00 0.000000000000000000e+00 0.000000000000000000e+00 0.000000000000000000e+00 0.000000000000000000e+00 0.000000000000000000e+00 0.000000000000000000e+00 0.000000000000000000e+00 9.057633178599644452e-06 8.876480569597333670e-05 1.977151987375691533e-04 3.725275164470076561e-04 1.804280560463666916e-03 4.813355859369039536e-03 1.729283295571804047e-02 1.130413338541984558e-01 5.593525767326354980e-01 2.068822979927062988e-01 6.853639334440231323e-02 2.199167571961879730e-02 4.646695218980312347e-03 8.198452414944767952e-04 1.313356915488839149e-04 1.889163468149490654e-05 3.881843042563559720e-07 0.000000000000000000e+00 0.000000000000000000e+00 0.000000000000000000e+00 0.000000000000000000e+00 0.000000000000000000e+00 0.000000000000000000e+00 0.000000000000000000e+00 0.000000000000000000e+00 0.000000000000000000e+00 0.000000000000000000e+00 0.000000000000000000e+00 0.000000000000000000e+00 0.000000000000000000e+00 0.000000000000000000e+00 3.040776937268674374e-05 2.810454170685261488e-04 1.582497963681817055e-03 3.472955431789159775e-03 5.187436006963253021e-03 1.236095279455184937e-02 4.006178304553031921e-02 1.558905392885208130e-01 5.197517275810241699e-01 2.198466211557388306e-01 1.188542693853378296e-02 9.883560240268707275e-03 8.765330538153648376e-03 4.792911466211080551e-03 3.021238371729850769e-03 1.642925315536558628e-03 8.194570546038448811e-04 3.652814193628728390e-04 2.690117107704281807e-04 8.889420132618397474e-05 0.000000000000000000e+00 0.000000000000000000e+00 0.000000000000000000e+00 0.000000000000000000e+00 0.000000000000000000e+00
7.337491028010845184e-03 1.609991118311882019e-02 2.197947725653648376e-02 2.377460524439811707e-02 2.264126203954219818e-02 2.402007207274436951e-02 2.639861963689327240e-02 2.997725270688533783e-02 2.795615606009960175e-02 2.550949156284332275e-02 2.714189328253269196e-02 3.038382157683372498e-02 3.760770335793495178e-02 4.035182669758796692e-02 4.113496840000152588e-02 4.218957573175430298e-02 4.438689723610877991e-02 4.598442837595939636e-02 4.814112931489944458e-02 4.212495684623718262e-02 3.614278137683868408e-02 3.206559270620346069e-02 3.292984887957572937e-02 4.838472232222557068e-02 6.191248819231987000e-02 4.782754927873611450e-02 4.187361896038055420e-02 3.190948814153671265e-02 1.719138585031032562e-02 1.103535760194063187e-02 1.101386081427335739e-02 2.571771387010812759e-03 0.000000000000000000e+00 0.000000000000000000e+00 0.000000000000000000e+00 0.000000000000000000e+00 0.000000000000000000e+00 0.000000000000000000e+00 0.000000000000000000e+00 0.000000000000000000e+00 0.000000000000000000e+00 0.000000000000000000e+00 0.000000000000000000e+00 6.874054633954074234e-06 6.011673394823446870e-05 2.904350636526942253e-03 1.046493649482727051e-02 4.344864934682846069e-02 2.416252791881561279e-01 2.246697396039962769e-01 2.339833229780197144e-01 1.735397577285766602e-01 5.009611323475837708e-02 1.479858998209238052e-02 4.118433687835931778e-03 2.838359796442091465e-04 0.000000000000000000e+00 0.000000000000000000e+00 0.000000000000000000e+00 0.000000000000000000e+00 0.000000000000000000e+00 0.000000000000000000e+00 0.000000000000000000e+00 0.000000000000000000e+00 0.000000000000000000e+00 0.000000000000000000e+00 0.000000000000000000e+00 0.000000000000000000e+00 0.000000000000000000e+00 0.000000000000000000e+00 4.774343688040971756e-05 4.538125940598547459e-04 4.208296537399291992e-03 1.753808930516242981e-02 3.606178984045982361e-02 9.319505840539932251e-02 1.559205651283264160e-01 1.187339276075363159e-01 2.604753077030181885e-01 1.820072233676910400e-01 1.110753491520881653e-01 1.942495442926883698e-02 8.578820270486176014e-04 0.000000000000000000e+00 0.000000000000000000e+00 0.000000000000000000e+00 0.000000000000000000e+00 0.000000000000000000e+00 0.000000000000000000e+00 0.000000000000000000e+00 0.000000000000000000e+00 0.000000000000000000e+00 0.000000000000000000e+00 0.000000000000000000e+00 0.000000000000000000e+00 0.000000000000000000e+00
6.164979189634323120e-02 8.925629407167434692e-02 6.555461883544921875e-02 5.209872871637344360e-02 4.760882630944252014e-02 4.168893396854400635e-02 4.074543714523315430e-02 4.566194117069244385e-02 3.728564083576202393e-02 3.244284540414810181e-02 2.928526327013969421e-02 2.638566866517066956e-02 2.432914078235626221e-02 2.667314000427722931e-02 3.193332254886627197e-02 2.847721055150032043e-02 2.992562577128410339e-02 3.640479594469070435e-02 4.764107242226600647e-02 5.385765060782432556e-02 5.154497548937797546e-02 3.786150366067886353e-02 2.594156190752983093e-02 1.561561319977045059e-02 8.365243673324584961e-03 5.566079635173082352e-03 4.049481824040412903e-03 1.949648256413638592e-03 1.980975212063640356e-04 1.842767687776358798e-06 0.000000000000000000e+00 0.000000000000000000e+00 0.000000000000000000e+00 0.000000000000000000e+00 0.000000000000000000e+00 0.000000000000000000e+00 0.000000000000000000e+00 0.000000000000000000e+00 0.000000000000000000e+00 0.000000000000000000e+00 0.000000000000000000e+00 0.000000000000000000e+00 0.000000000000000000e+00 0.000000000000000000e+00 0.000000000000000000e+00 0.000000000000000000e+00 0.000000000000000000e+00 1.022459659725427628e-02 6.737647056579589844e-01 3.131608664989471436e-01 2.720846561715006828e-03 1.289937354158610106e-04 0.000000000000000000e+00 0.000000000000000000e+00 0.000000000000000000e+00 0.000000000000000000e+00 0.000000000000000000e+00 0.000000000000000000e+00 0.000000000000000000e+00 0.000000000000000000e+00 0.000000000000000000e+00 0.000000000000000000e+00 0.000000000000000000e+00 0.000000000000000000e+00 0.000000000000000000e+00 0.000000000000000000e+00 0.000000000000000000e+00 0.000000000000000000e+00 0.000000000000000000e+00 0.000000000000000000e+00 0.000000000000000000e+00 0.000000000000000000e+00 0.000000000000000000e+00 0.000000000000000000e+00 0.000000000000000000e+00 0.000000000000000000e+00 5.892249755561351776e-03 4.125956911593675613e-03 4.164406061172485352e-01 5.518232583999633789e-01 1.261558756232261658e-02 4.884255584329366684e-03 4.218095447868108749e-03 0.000000000000000000e+00 0.000000000000000000e+00 0.000000000000000000e+00 0.000000000000000000e+00 0.000000000000000000e+00 0.000000000000000000e+00 0.000000000000000000e+00 0.000000000000000000e+00 0.000000000000000000e+00 0.000000000000000000e+00 0.000000000000000000e+00 0.000000000000000000e+00 0.000000000000000000e+00
1.559310685843229294e-02 2.531537413597106934e-02 3.390051797032356262e-02 4.082972928881645203e-02 4.948828369379043579e-02 3.939172625541687012e-02 3.084563650190830231e-02 2.444122359156608582e-02 2.179091051220893860e-02 2.250654064118862152e-02 2.545722760260105133e-02 2.839926257729530334e-02 3.132666647434234619e-02 3.662309423089027405e-02 4.784023389220237732e-02 5.716289207339286804e-02 6.004475057125091553e-02 5.545683205127716064e-02 5.466232076287269592e-02 6.157143041491508484e-02 6.256898492574691772e-02 5.881195887923240662e-02 4.639637842774391174e-02 3.572617098689079285e-02 2.300296537578105927e-02 7.471943274140357971e-03 1.737486687488853931e-03 6.545631913468241692e-04 3.666571574285626411e-04 5.966766038909554482e-04 1.819291173887904733e-05 2.544463200138125103e-07 0.000000000000000000e+00 0.000000000000000000e+00 0.000000000000000000e+00 0.000000000000000000e+00 0.000000000000000000e+00 0.000000000000000000e+00 0.000000000000000000e+00 0.000000000000000000e+00 0.000000000000000000e+00 0.000000000000000000e+00 0.000000000000000000e+00 0.000000000000000000e+00 2.615708217490464449e-04 7.487464696168899536e-03 2.764432132244110107e-02 1.058593392372131348e-01 3.220222890377044678e-01 2.152301669120788574e-01 2.009598016738891602e-01 7.325407862663269043e-02 2.983128651976585388e-02 1.535761635750532150e-02 1.267651561647653580e-03 6.380241247825324535e-04 1.863819343270733953e-04 0.000000000000000000e+00 0.000000000000000000e+00 0.000000000000000000e+00 0.000000000000000000e+00 0.000000000000000000e+00 0.000000000000000000e+00 0.000000000000000000e+00 0.000000000000000000e+00 0.000000000000000000e+00 0.000000000000000000e+00 0.000000000000000000e+00 5.088926400276250206e-07 1.019057526718825102e-04 1.312943059019744396e-03 3.583240322768688202e-03 3.971525467932224274e-03 5.933942738920450211e-03 2.276976592838764191e-02 8.622944355010986328e-02 1.461414992809295654e-01 1.262862831354141235e-01 1.244877353310585022e-01 3.668257296085357666e-01 9.093759208917617798e-02 1.588368415832519531e-02 5.061955191195011139e-03 4.722523735836148262e-04 0.000000000000000000e+00 0.000000000000000000e+00 0.000000000000000000e+00 0.000000000000000000e+00 0.000000000000000000e+00 0.000000000000000000e+00 0.000000000000000000e+00 0.000000000000000000e+00 0.000000000000000000e+00 0.000000000000000000e+00 0.000000000000000000e+00 0.000000000000000000e+00
2.500304020941257477e-02 8.119446225464344025e-03 8.071473799645900726e-03 1.200723741203546524e-02 2.320791408419609070e-02 4.298102855682373047e-02 4.845392704010009766e-02 5.216740816831588745e-02 5.153387784957885742e-02 4.886920377612113953e-02 5.093440413475036621e-02 5.319863557815551758e-02 5.079268291592597961e-02 5.358223244547843933e-02 5.156189203262329102e-02 4.412669315934181213e-02 3.731477633118629456e-02 3.593986481428146362e-02 3.718605265021324158e-02 3.661221638321876526e-02 3.452046588063240051e-02 3.674184903502464294e-02 3.475922718644142151e-02 3.177303075790405273e-02 2.999456599354743958e-02 2.343752235174179077e-02 1.544936001300811768e-02 1.027235202491283417e-02 6.340616848319768906e-03 3.422347363084554672e-03 1.095861662179231644e-03 5.287966923788189888e-04 0.000000000000000000e+00 0.000000000000000000e+00 0.000000000000000000e+00 0.000000000000000000e+00 0.000000000000000000e+00 0.000000000000000000e+00 0.000000000000000000e+00 0.000000000000000000e+00 0.000000000000000000e+00 0.000000000000000000e+00 0.000000000000000000e+00 0.000000000000000000e+00 1.647912176849786192e-05 2.658631652593612671e-03 4.617303609848022461e-02 1.646784245967864990e-01 4.160216748714447021e-01 3.012125194072723389e-01 4.407469183206558228e-02 1.738126203417778015e-02 6.234418135136365891e-03 1.381499692797660828e-03 1.516079209977760911e-04 9.521270840195938945e-06 4.943736712448298931e-06 1.281709501199657097e-06 0.000000000000000000e+00 0.000000000000000000e+00 0.000000000000000000e+00 0.000000000000000000e+00 0.000000000000000000e+00 0.000000000000000000e+00 0.000000000000000000e+00 0.000000000000000000e+00 0.000000000000000000e+00 0.000000000000000000e+00 0.000000000000000000e+00 5.493040589499287307e-06 3.074271662626415491e-04 9.471832890994846821e-04 2.214610809460282326e-03 2.875057514756917953e-03 4.011750686913728714e-03 1.322724204510450363e-02 2.585372887551784515e-02 6.135232001543045044e-02 2.569395303726196289e-01 4.581964910030364990e-01 1.485984623432159424e-01 2.318813838064670563e-02 2.110975561663508415e-03 1.237765100086107850e-04 4.174710920779034495e-05 6.042344921297626570e-06 0.000000000000000000e+00 0.000000000000000000e+00 0.000000000000000000e+00 0.000000000000000000e+00 0.000000000000000000e+00 0.000000000000000000e+00 0.000000000000000000e+00 0.000000000000000000e+00 0.000000000000000000e+00 0.000000000000000000e+00
4.787516081705689430e-04 4.214181564748287201e-03 3.866795077919960022e-02 1.858735531568527222e-01 2.078961282968521118e-01 1.159162744879722595e-01 3.992437943816184998e-02 2.879632450640201569e-02 2.548476494848728180e-02 2.374841459095478058e-02 2.296606451272964478e-02 2.286914736032485962e-02 2.011924423277378082e-02 1.741021126508712769e-02 1.664887927472591400e-02 1.661384850740432739e-02 1.579880341887474060e-02 1.470584794878959656e-02 1.300452835857868195e-02 1.154258474707603455e-02 1.023010443896055222e-02 1.036438811570405960e-02 1.075673103332519531e-02 1.097975950688123703e-02 1.197696384042501450e-02 1.352414861321449280e-02 1.582565903663635254e-02 1.800573058426380157e-02 1.892470009624958038e-02 2.202257327735424042e-02 1.337118167430162430e-02 1.338169095106422901e-03 0.000000000000000000e+00 0.000000000000000000e+00 0.000000000000000000e+00 0.000000000000000000e+00 0.000000000000000000e+00 0.000000000000000000e+00 0.000000000000000000e+00 0.000000000000000000e+00 0.000000000000000000e+00 0.000000000000000000e+00 0.000000000000000000e+00 0.000000000000000000e+00 0.000000000000000000e+00 0.000000000000000000e+00 0.000000000000000000e+00 5.399967730045318604e-02 5.672237277030944824e-01 1.228278130292892456e-01 7.214903086423873901e-02 5.894483253359794617e-02 4.723643511533737183e-02 3.846010193228721619e-02 2.691985294222831726e-02 9.682458825409412384e-03 2.317858394235372543e-03 2.382081147516146302e-04 0.000000000000000000e+00 0.000000000000000000e+00 0.000000000000000000e+00 0.000000000000000000e+00 0.000000000000000000e+00 0.000000000000000000e+00 0.000000000000000000e+00 0.000000000000000000e+00 0.000000000000000000e+00 0.000000000000000000e+00 0.000000000000000000e+00 0.000000000000000000e+00 0.000000000000000000e+00 0.000000000000000000e+00 8.991188951767981052e-05 5.209051072597503662e-03 3.144113719463348389e-02 6.930804997682571411e-02 1.041097939014434814e-01 9.454293549060821533e-02 1.269742697477340698e-01 2.682923972606658936e-01 3.000324666500091553e-01 0.000000000000000000e+00 0.000000000000000000e+00 0.000000000000000000e+00 0.000000000000000000e+00 0.000000000000000000e+00 0.000000000000000000e+00 0.000000000000000000e+00 0.000000000000000000e+00 0.000000000000000000e+00 0.000000000000000000e+00 0.000000000000000000e+00 0.000000000000000000e+00 0.000000000000000000e+00 0.000000000000000000e+00 0.000000000000000000e+00
7.177429273724555969e-03 2.135107759386301041e-03 3.450009273365139961e-03 1.425581891089677811e-02 4.667140915989875793e-02 7.489594817161560059e-02 7.836249470710754395e-02 7.224209606647491455e-02 6.972452998161315918e-02 6.542758643627166748e-02 6.143244728446006775e-02 5.920097231864929199e-02 5.349276587367057800e-02 4.367016628384590149e-02 3.578994423151016235e-02 2.925485000014305115e-02 2.847105264663696289e-02 2.851197123527526855e-02 2.850178442895412445e-02 2.726838551461696625e-02 2.558421529829502106e-02 2.467298693954944611e-02 2.316418103873729706e-02 2.037504687905311584e-02 1.694992184638977051e-02 1.316371373832225800e-02 1.009098906069993973e-02 7.889910601079463959e-03 7.385695353150367737e-03 7.953877560794353485e-03 1.018902659416198730e-02 2.643665531650185585e-03 0.000000000000000000e+00 0.000000000000000000e+00 0.000000000000000000e+00 0.000000000000000000e+00 0.000000000000000000e+00 0.000000000000000000e+00 0.000000000000000000e+00 2.004168663916061632e-06 2.471807965775951743e-05 5.244241401669569314e-05 1.481414656154811382e-04 2.500200353097170591e-04 3.754475910682231188e-04 7.840808480978012085e-03 1.351993829011917114e-01 2.508833408355712891e-01 1.607809215784072876e-01 1.566423177719116211e-01 2.753752768039703369e-01 1.178584806621074677e-02 6.109374226070940495e-04 2.839238914020825177e-05 0.000000000000000000e+00 0.000000000000000000e+00 0.000000000000000000e+00 0.000000000000000000e+00 0.000000000000000000e+00 0.000000000000000000e+00 0.000000000000000000e+00 0.000000000000000000e+00 0.000000000000000000e+00 0.000000000000000000e+00 0.000000000000000000e+00 0.000000000000000000e+00 0.000000000000000000e+00 0.000000000000000000e+00 0.000000000000000000e+00 0.000000000000000000e+00 0.000000000000000000e+00 0.000000000000000000e+00 4.175351477897493169e-06 9.944016346707940102e-04 1.157824974507093430e-02 8.392906934022903442e-02 1.937673687934875488e-01 1.362478882074356079e-01 9.007936716079711914e-02 8.533683419227600098e-02 3.037294149398803711e-01 8.426310122013092041e-02 9.567901492118835449e-03 5.022112745791673660e-04 0.000000000000000000e+00 0.000000000000000000e+00 0.000000000000000000e+00 0.000000000000000000e+00 0.000000000000000000e+00 0.000000000000000000e+00 0.000000000000000000e+00 0.000000000000000000e+00 0.000000000000000000e+00 0.000000000000000000e+00 0.000000000000000000e+00 0.000000000000000000e+00
6.510104984045028687e-03 1.741557382047176361e-02 3.232663124799728394e-02 4.887383058667182922e-02 6.181246042251586914e-02 6.234726309776306152e-02 6.564854830503463745e-02 6.088878959417343140e-02 5.554528161883354187e-02 5.335258692502975464e-02 4.567135125398635864e-02 4.350675642490386963e-02 4.268370196223258972e-02 4.163040965795516968e-02 4.065960273146629333e-02 3.426643088459968567e-02 3.226408734917640686e-02 3.954648599028587341e-02 4.172195866703987122e-02 3.718519210815429688e-02 3.221876546740531921e-02 2.513216063380241394e-02 2.188163995742797852e-02 1.741376146674156189e-02 1.139585673809051514e-02 8.405486121773719788e-03 5.792198702692985535e-03 4.831364378333091736e-03 3.178911050781607628e-03 2.066700020805001259e-03 1.313442247919738293e-03 2.512672217562794685e-03 0.000000000000000000e+00 0.000000000000000000e+00 0.000000000000000000e+00 0.000000000000000000e+00 0.000000000000000000e+00 0.000000000000000000e+00 0.000000000000000000e+00 0.000000000000000000e+00 0.000000000000000000e+00 0.000000000000000000e+00 0.000000000000000000e+00 0.000000000000000000e+00 0.000000000000000000e+00 7.251579063449753448e-06 5.546551663428544998e-03 1.107270792126655579e-01 6.212926506996154785e-01 2.510931789875030518e-01 8.730901405215263367e-03 2.401179168373346329e-03 2.012313198065385222e-04 0.000000000000000000e+00 0.000000000000000000e+00 0.000000000000000000e+00 0.000000000000000000e+00 0.000000000000000000e+00 0.000000000000000000e+00 0.000000000000000000e+00 0.000000000000000000e+00 0.000000000000000000e+00 0.000000000000000000e+00 0.000000000000000000e+00 0.000000000000000000e+00 0.000000000000000000e+00 0.000000000000000000e+00 0.000000000000000000e+00 0.000000000000000000e+00 0.000000000000000000e+00 0.000000000000000000e+00 0.000000000000000000e+00 0.000000000000000000e+00 9.064473488251678646e-06 1.187446032417938113e-04 7.160934037528932095e-04 3.154436824843287468e-03 7.251851260662078857e-02 2.366697788238525391e-01 5.190136432647705078e-01 1.189802810549736023e-01 3.575662896037101746e-02 1.247090287506580353e-02 5.919101531617343426e-04 0.000000000000000000e+00 0.000000000000000000e+00 0.000000000000000000e+00 0.000000000000000000e+00 0.000000000000000000e+00 0.000000000000000000e+00 0.000000000000000000e+00 0.000000000000000000e+00 0.000000000000000000e+00 0.000000000000000000e+00 0.000000000000000000e+00 0.000000000000000000e+00
1.743262255331501365e-04 5.546042229980230331e-04 2.761450828984379768e-03 5.147251766175031662e-03 5.651718005537986755e-03 5.133367143571376801e-03 4.749232437461614609e-03 5.805988796055316925e-03 7.762144785374403000e-03 1.285617332905530930e-02 1.906943693757057190e-02 2.292929776012897491e-02 2.714089490473270416e-02 3.552398085594177246e-02 4.205427318811416626e-02 5.212662741541862488e-02 6.795097142457962036e-02 7.702904939651489258e-02 7.604865729808807373e-02 8.131083846092224121e-02 9.482960402965545654e-02 1.026372611522674561e-01 1.010043025016784668e-01 7.451674342155456543e-02 4.111630469560623169e-02 1.657101884484291077e-02 7.114206906408071518e-03 4.515511915087699890e-03 3.423273330554366112e-03 1.899847295135259628e-03 5.522901774384081364e-04 3.933910193154588342e-05 0.000000000000000000e+00 0.000000000000000000e+00 0.000000000000000000e+00 0.000000000000000000e+00 0.000000000000000000e+00 0.000000000000000000e+00 0.000000000000000000e+00 0.000000000000000000e+00 0.000000000000000000e+00 0.000000000000000000e+00 0.000000000000000000e+00 0.000000000000000000e+00 0.000000000000000000e+00 0.000000000000000000e+00 1.111291069537401199e-02 3.304407596588134766e-01 6.141219735145568848e-01 4.303235188126564026e-02 6.618225597776472569e-04 1.750975789036601782e-04 1.103037575376220047e-04 1.565850543556734920e-04 1.774116390151903033e-04 1.079896992450812832e-05 0.000000000000000000e+00 0.000000000000000000e+00 0.000000000000000000e+00 0.000000000000000000e+00 0.000000000000000000e+00 0.000000000000000000e+00 0.000000000000000000e+00 0.000000000000000000e+00 0.000000000000000000e+00 0.000000000000000000e+00 0.000000000000000000e+00 0.000000000000000000e+00 0.000000000000000000e+00 0.000000000000000000e+00 0.000000000000000000e+00 0.000000000000000000e+00 0.000000000000000000e+00 0.000000000000000000e+00 0.000000000000000000e+00 0.000000000000000000e+00 6.556517473654821515e-05 1.899075927212834358e-03 1.039477959275245667e-01 7.523842453956604004e-01 1.403758078813552856e-01 1.327501842752099037e-03 0.000000000000000000e+00 0.000000000000000000e+00 0.000000000000000000e+00 0.000000000000000000e+00 0.000000000000000000e+00 0.000000000000000000e+00 0.000000000000000000e+00 0.000000000000000000e+00 0.000000000000000000e+00 0.000000000000000000e+00 0.000000000000000000e+00 0.000000000000000000e+00 0.000000000000000000e+00 0.000000000000000000e+00
4.638218888430856168e-05 1.787411165423691273e-04 2.174306428059935570e-03 1.526313368231058121e-02 2.882030792534351349e-02 4.441603645682334900e-02 6.523258984088897705e-02 5.184397473931312561e-02 4.038078710436820984e-02 4.616045951843261719e-02 6.695212423801422119e-02 8.306936919689178467e-02 8.905266970396041870e-02 1.140605881810188293e-01 8.612833172082901001e-02 7.417190819978713989e-02 5.342323333024978638e-02 2.005068026483058929e-02 1.020634453743696213e-02 6.095298565924167633e-03 5.129191558808088303e-03 6.952803116291761398e-03 1.056269556283950806e-02 2.126227505505084991e-02 2.167858183383941650e-02 2.457351051270961761e-02 7.916647940874099731e-03 4.036381840705871582e-03 1.572469336679205298e-04 3.393818815311533399e-06 0.000000000000000000e+00 0.000000000000000000e+00 0.000000000000000000e+00 0.000000000000000000e+00 0.000000000000000000e+00 0.000000000000000000e+00 0.000000000000000000e+00 0.000000000000000000e+00 0.000000000000000000e+00 0.000000000000000000e+00 0.000000000000000000e+00 0.000000000000000000e+00 0.000000000000000000e+00 0.000000000000000000e+00 5.577175179496407509e-04 6.210688152350485325e-04 2.491062972694635391e-03 6.894316524267196655e-02 1.708663254976272583e-01 1.703606545925140381e-01 1.967272311449050903e-01 2.874383330345153809e-01 7.298293709754943848e-02 1.119281444698572159e-02 7.811439223587512970e-03 6.831757258623838425e-03 3.090637503191828728e-03 8.484546560794115067e-05 0.000000000000000000e+00 0.000000000000000000e+00 0.000000000000000000e+00 0.000000000000000000e+00 0.000000000000000000e+00 0.000000000000000000e+00 0.000000000000000000e+00 0.000000000000000000e+00 0.000000000000000000e+00 0.000000000000000000e+00 0.000000000000000000e+00 0.000000000000000000e+00 0.000000000000000000e+00 2.669804089237004519e-04 4.884836263954639435e-03 1.468618493527173996e-02 4.170211404561996460e-02 8.397891372442245483e-02 2.919272482395172119e-01 1.540657877922058105e-01 1.786721050739288330e-01 1.524390280246734619e-01 7.369337975978851318e-02 2.399429911747574806e-03 1.283994759432971478e-03 0.000000000000000000e+00 0.000000000000000000e+00 0.000000000000000000e+00 0.000000000000000000e+00 0.000000000000000000e+00 0.000000000000000000e+00 0.000000000000000000e+00 0.000000000000000000e+00 0.000000000000000000e+00 0.000000000000000000e+00 0.000000000000000000e+00 0.000000000000000000e+00 0.000000000000000000e+00
9.786578826606273651e-03 5.356356035917997360e-03 3.163582645356655121e-03 8.579104207456111908e-03 1.966975629329681396e-02 1.878346875309944153e-02 1.962024904787540436e-02 5.451987683773040771e-02 6.336946040391921997e-02 3.947233408689498901e-02 1.157847046852111816e-02 1.988106407225131989e-02 4.481178522109985352e-02 4.265885800123214722e-02 2.233102917671203613e-02 1.746490783989429474e-02 1.823648437857627869e-02 1.716183125972747803e-02 3.256920352578163147e-02 3.168050199747085571e-02 8.076191693544387817e-02 1.121115684509277344e-01 8.074380457401275635e-02 7.174570858478546143e-02 7.687988877296447754e-02 7.473178952932357788e-02 2.074440708383917809e-03 2.547770563978701830e-04 1.207474269904196262e-06 0.000000000000000000e+00 0.000000000000000000e+00 0.000000000000000000e+00 0.000000000000000000e+00 0.000000000000000000e+00 0.000000000000000000e+00 0.000000000000000000e+00 0.000000000000000000e+00 0.000000000000000000e+00 0.000000000000000000e+00 0.000000000000000000e+00 0.000000000000000000e+00 0.000000000000000000e+00 0.000000000000000000e+00 0.000000000000000000e+00 0.000000000000000000e+00 0.000000000000000000e+00 5.420351866632699966e-03 1.024336665868759155e-01 6.127316355705261230e-01 7.544661313295364380e-02 1.429082006216049194e-01 6.105955690145492554e-02 0.000000000000000000e+00 0.000000000000000000e+00 0.000000000000000000e+00 0.000000000000000000e+00 0.000000000000000000e+00 0.000000000000000000e+00 0.000000000000000000e+00 0.000000000000000000e+00 0.000000000000000000e+00 0.000000000000000000e+00 0.000000000000000000e+00 0.000000000000000000e+00 0.000000000000000000e+00 0.000000000000000000e+00 0.000000000000000000e+00 0.000000000000000000e+00 0.000000000000000000e+00 0.000000000000000000e+00 0.000000000000000000e+00 0.000000000000000000e+00 0.000000000000000000e+00 0.000000000000000000e+00 0.000000000000000000e+00 0.000000000000000000e+00 3.862710203975439072e-03 1.802964359521865845e-01 3.134035766124725342e-01 4.829800426959991455e-01 1.945723965764045715e-02 0.000000000000000000e+00 0.000000000000000000e+00 0.000000000000000000e+00 0.000000000000000000e+00 0.000000000000000000e+00 0.000000000000000000e+00 0.000000000000000000e+00 0.000000000000000000e+00 0.000000000000000000e+00 0.000000000000000000e+00 0.000000000000000000e+00 0.000000000000000000e+00 0.000000000000000000e+00 0.000000000000000000e+00 0.000000000000000000e+00
2.082463353872299194e-02 1.952991448342800140e-02 5.412190221250057220e-03 3.979853820055723190e-03 5.025435704737901688e-03 7.539735175669193268e-03 9.907716885209083557e-03 1.149665284901857376e-02 1.337348017841577530e-02 1.529617980122566223e-02 1.750756055116653442e-02 2.155068702995777130e-02 2.860638685524463654e-02 3.689985722303390503e-02 4.597949236631393433e-02 5.637124553322792053e-02 6.060577183961868286e-02 6.893641501665115356e-02 8.637358993291854858e-02 9.729287773370742798e-02 8.625653386116027832e-02 7.873657345771789551e-02 6.856469064950942993e-02 4.405125603079795837e-02 4.428932070732116699e-02 3.389282152056694031e-02 1.160975266247987747e-02 8.937271195463836193e-05 0.000000000000000000e+00 0.000000000000000000e+00 0.000000000000000000e+00 0.000000000000000000e+00 0.000000000000000000e+00 0.000000000000000000e+00 0.000000000000000000e+00 0.000000000000000000e+00 0.000000000000000000e+00 0.000000000000000000e+00 0.000000000000000000e+00 0.000000000000000000e+00 0.000000000000000000e+00 0.000000000000000000e+00 0.000000000000000000e+00 0.000000000000000000e+00 0.000000000000000000e+00 0.000000000000000000e+00 0.000000000000000000e+00 7.213089847937226295e-04 6.570966839790344238e-01 3.418949246406555176e-01 2.870999451261013746e-04 0.000000000000000000e+00 0.000000000000000000e+00 0.000000000000000000e+00 0.000000000000000000e+00 0.000000000000000000e+00 0.000000000000000000e+00 0.000000000000000000e+00 0.000000000000000000e+00 0.000000000000000000e+00 0.000000000000000000e+00 0.000000000000000000e+00 0.000000000000000000e+00 0.000000000000000000e+00 0.000000000000000000e+00 0.000000000000000000e+00 0.000000000000000000e+00 0.000000000000000000e+00 0.000000000000000000e+00 0.000000000000000000e+00 0.000000000000000000e+00 0.000000000000000000e+00 0.000000000000000000e+00 0.000000000000000000e+00 0.000000000000000000e+00 0.000000000000000000e+00 6.010908327880315483e-05 1.143654342740774155e-03 3.028113543987274170e-01 6.824476718902587891e-01 1.353719830513000488e-02 0.000000000000000000e+00 0.000000000000000000e+00 0.000000000000000000e+00 0.000000000000000000e+00 0.000000000000000000e+00 0.000000000000000000e+00 0.000000000000000000e+00 0.000000000000000000e+00 0.000000000000000000e+00 0.000000000000000000e+00 0.000000000000000000e+00 0.000000000000000000e+00 0.000000000000000000e+00 0.000000000000000000e+00 0.000000000000000000e+00
9.060453623533248901e-03 3.410577774047851562e-02 7.066965103149414062e-02 7.665512710809707642e-02 6.512956321239471436e-02 5.893785133957862854e-02 5.630584061145782471e-02 4.934111982583999634e-02 5.038438737392425537e-02 5.142051354050636292e-02 4.669167846441268921e-02 4.209113493561744690e-02 4.387594386935234070e-02 4.635969921946525574e-02 3.924514353275299072e-02 3.393391892313957214e-02 3.066226840019226074e-02 2.854184620082378387e-02 2.685313113033771515e-02 2.336871437728404999e-02 1.940671727061271667e-02 1.572151295840740204e-02 1.350777596235275269e-02 1.616193726658821106e-02 1.524006016552448273e-02 1.092090737074613571e-02 5.777548998594284058e-03 3.338214941322803497e-03 2.827836666256189346e-03 3.220332786440849304e-03 4.059667233377695084e-03 6.183721590787172318e-03 0.000000000000000000e+00 0.000000000000000000e+00 0.000000000000000000e+00 0.000000000000000000e+00 0.000000000000000000e+00 0.000000000000000000e+00 0.000000000000000000e+00 0.000000000000000000e+00 0.000000000000000000e+00 0.000000000000000000e+00 0.000000000000000000e+00 0.000000000000000000e+00 4.485688172280788422e-03 4.616556689143180847e-02 1.198073253035545349e-01 3.376341164112091064e-01 1.467606723308563232e-01 9.301809221506118774e-02 2.250744998455047607e-01 2.510063536465167999e-02 1.953161787241697311e-03 2.420574958250654163e-07 0.000000000000000000e+00 0.000000000000000000e+00 0.000000000000000000e+00 0.000000000000000000e+00 0.000000000000000000e+00 0.000000000000000000e+00 0.000000000000000000e+00 0.000000000000000000e+00 0.000000000000000000e+00 0.000000000000000000e+00 0.000000000000000000e+00 0.000000000000000000e+00 0.000000000000000000e+00 0.000000000000000000e+00 0.000000000000000000e+00 0.000000000000000000e+00 0.000000000000000000e+00 7.225415902212262154e-05 1.120363129302859306e-03 1.276732189580798149e-03 8.921271190047264099e-03 7.846317440271377563e-02 1.273275613784790039e-01 6.628453731536865234e-02 6.353767216205596924e-02 1.568917334079742432e-01 3.757130503654479980e-01 1.129666566848754883e-01 7.324901875108480453e-03 9.331315959570929408e-05 6.777609542041318491e-06 0.000000000000000000e+00 0.000000000000000000e+00 0.000000000000000000e+00 0.000000000000000000e+00 0.000000000000000000e+00 0.000000000000000000e+00 0.000000000000000000e+00 0.000000000000000000e+00 0.000000000000000000e+00 0.000000000000000000e+00 0.000000000000000000e+00
4.732792731374502182e-03 8.367256261408329010e-03 1.118817832320928574e-02 1.629128493368625641e-02 2.348217740654945374e-02 2.953029423952102661e-02 3.459220007061958313e-02 3.613750264048576355e-02 3.910862281918525696e-02 4.022742807865142822e-02 4.046502336859703064e-02 4.485671594738960266e-02 4.470989108085632324e-02 4.972360283136367798e-02 5.571378394961357117e-02 6.701957434415817261e-02 8.396221697330474854e-02 9.204068779945373535e-02 8.132869750261306763e-02 6.781625747680664062e-02 5.205222964286804199e-02 3.222823515534400940e-02 1.818068139255046844e-02 9.838270954787731171e-03 5.056910216808319092e-03 3.101092297583818436e-03 1.677646185271441936e-03 1.034654676914215088e-03 9.778466774150729179e-04 1.055130502209067345e-03 1.203455496579408646e-03 2.299662446603178978e-03 0.000000000000000000e+00 0.000000000000000000e+00 0.000000000000000000e+00 0.000000000000000000e+00 0.000000000000000000e+00 0.000000000000000000e+00 0.000000000000000000e+00 0.000000000000000000e+00 0.000000000000000000e+00 0.000000000000000000e+00 0.000000000000000000e+00 5.518490797840058804e-05 7.337720133364200592e-03 3.269493579864501953e-02 4.533427953720092773e-02 1.105969250202178955e-01 2.875023782253265381e-01 2.571381926536560059e-01 1.842720210552215576e-01 3.470107167959213257e-02 2.085265517234802246e-02 7.784193381667137146e-03 8.250768296420574188e-03 3.479645820334553719e-03 0.000000000000000000e+00 0.000000000000000000e+00 0.000000000000000000e+00 0.000000000000000000e+00 0.000000000000000000e+00 0.000000000000000000e+00 0.000000000000000000e+00 0.000000000000000000e+00 0.000000000000000000e+00 0.000000000000000000e+00 0.000000000000000000e+00 0.000000000000000000e+00 0.000000000000000000e+00 0.000000000000000000e+00 0.000000000000000000e+00 6.742047844454646111e-05 4.303673747926950455e-03 5.900914780795574188e-03 1.217963453382253647e-02 1.503052189946174622e-02 7.800786197185516357e-02 2.337522953748703003e-01 1.856823563575744629e-01 2.356521785259246826e-01 1.466970890760421753e-01 4.690492525696754456e-02 2.889404445886611938e-02 5.887305829674005508e-03 9.547488880343735218e-04 7.828266825526952744e-05 6.742047844454646111e-06 0.000000000000000000e+00 0.000000000000000000e+00 0.000000000000000000e+00 0.000000000000000000e+00 0.000000000000000000e+00 0.000000000000000000e+00 0.000000000000000000e+00 0.000000000000000000e+00 0.000000000000000000e+00
1.011090129613876343e-01 2.321628779172897339e-01 1.392788141965866089e-01 3.037395514547824860e-02 2.392877824604511261e-02 2.087148837745189667e-02 1.682045683264732361e-02 1.460672635585069656e-02 1.453651115298271179e-02 1.503777038305997849e-02 1.600225456058979034e-02 1.722224429249763489e-02 1.893666759133338928e-02 2.123036608099937439e-02 2.516924776136875153e-02 3.527146950364112854e-02 3.992030397057533264e-02 4.137824848294258118e-02 4.234078153967857361e-02 2.986489422619342804e-02 2.429155632853507996e-02 2.083833143115043640e-02 1.686921902000904083e-02 1.295276638120412827e-02 1.088629197329282761e-02 7.457446772605180740e-03 4.712224472314119339e-03 3.402514848858118057e-03 1.695893821306526661e-03 6.075571291148662567e-04 2.194227126892656088e-04 3.900848241755738854e-06 0.000000000000000000e+00 0.000000000000000000e+00 0.000000000000000000e+00 0.000000000000000000e+00 0.000000000000000000e+00 0.000000000000000000e+00 0.000000000000000000e+00 0.000000000000000000e+00 0.000000000000000000e+00 0.000000000000000000e+00 0.000000000000000000e+00 0.000000000000000000e+00 2.438030205667018890e-04 2.040143590420484543e-03 2.400972181931138039e-03 2.411699481308460236e-02 5.457696318626403809e-01 1.327995061874389648e-01 9.119012951850891113e-02 3.369260206818580627e-02 5.921585112810134888e-02 8.225230872631072998e-02 1.469547022134065628e-02 3.832583315670490265e-03 2.172772539779543877e-03 1.961151370778679848e-03 2.395120915025472641e-03 1.168304006569087505e-03 5.266144944471307099e-05 0.000000000000000000e+00 0.000000000000000000e+00 0.000000000000000000e+00 0.000000000000000000e+00 0.000000000000000000e+00 0.000000000000000000e+00 0.000000000000000000e+00 0.000000000000000000e+00 0.000000000000000000e+00 0.000000000000000000e+00 0.000000000000000000e+00 0.000000000000000000e+00 6.046314956620335579e-04 7.272058725357055664e-02 5.736002326011657715e-02 2.254202589392662048e-02 7.393960654735565186e-02 1.461111456155776978e-01 2.092005461454391479e-01 4.117306172847747803e-01 4.288982599973678589e-03 1.308734528720378876e-03 1.882159267552196980e-04 4.876060302194673568e-06 0.000000000000000000e+00 0.000000000000000000e+00 0.000000000000000000e+00 0.000000000000000000e+00 0.000000000000000000e+00 0.000000000000000000e+00 0.000000000000000000e+00 0.000000000000000000e+00 0.000000000000000000e+00 0.000000000000000000e+00 0.000000000000000000e+00
3.362321108579635620e-02 4.177241399884223938e-02 7.116195559501647949e-02 7.090004533529281616e-02 6.043156608939170837e-02 5.648766458034515381e-02 5.350528284907341003e-02 4.837636649608612061e-02 4.250662401318550110e-02 4.052010923624038696e-02 4.011560603976249695e-02 3.773603588342666626e-02 3.519046679139137268e-02 3.367638215422630310e-02 3.377737849950790405e-02 3.282807022333145142e-02 3.180612623691558838e-02 3.301174938678741455e-02 3.211993351578712463e-02 2.871867828071117401e-02 3.383016958832740784e-02 3.972344100475311279e-02 3.620592132210731506e-02 1.498313806951045990e-02 6.276025436818599701e-03 2.996246097609400749e-03 1.654899679124355316e-03 1.565730897709727287e-03 1.241747173480689526e-03 9.283210965804755688e-04 1.402912195771932602e-03 9.257770725525915623e-04 0.000000000000000000e+00 0.000000000000000000e+00 0.000000000000000000e+00 0.000000000000000000e+00 0.000000000000000000e+00 0.000000000000000000e+00 0.000000000000000000e+00 0.000000000000000000e+00 0.000000000000000000e+00 0.000000000000000000e+00 1.640907430555671453e-05 4.899826017208397388e-04 1.110728946514427662e-03 2.042229985818266869e-03 6.279968656599521637e-03 6.740987300872802734e-02 4.193229377269744873e-01 1.997601240873336792e-01 2.029555737972259521e-01 8.728622645139694214e-02 5.498057231307029724e-03 2.972967922687530518e-03 1.680848887190222740e-03 2.184187760576605797e-03 9.898869320750236511e-04 0.000000000000000000e+00 0.000000000000000000e+00 0.000000000000000000e+00 0.000000000000000000e+00 0.000000000000000000e+00 0.000000000000000000e+00 0.000000000000000000e+00 0.000000000000000000e+00 0.000000000000000000e+00 0.000000000000000000e+00 0.000000000000000000e+00 0.000000000000000000e+00 0.000000000000000000e+00 0.000000000000000000e+00 1.272021279419277562e-07 2.056858356809243560e-04 3.997072111815214157e-03 1.203497406095266342e-02 3.213316574692726135e-02 9.960816800594329834e-02 1.851265281438827515e-01 2.097822576761245728e-01 2.598046064376831055e-01 1.850625574588775635e-01 5.695220548659563065e-03 3.886533668264746666e-03 1.287031103856861591e-03 8.937221136875450611e-04 4.266359319444745779e-04 5.571452857111580670e-05 0.000000000000000000e+00 0.000000000000000000e+00 0.000000000000000000e+00 0.000000000000000000e+00 0.000000000000000000e+00 0.000000000000000000e+00 0.000000000000000000e+00 0.000000000000000000e+00 0.000000000000000000e+00
4.674994200468063354e-02 4.279511421918869019e-02 5.225851386785507202e-02 8.733353018760681152e-02 9.781601279973983765e-02 9.417549520730972290e-02 4.075208306312561035e-02 1.905803382396697998e-02 1.461067330092191696e-02 1.123586390167474747e-02 9.447198361158370972e-03 1.009202562272548676e-02 1.064288243651390076e-02 1.105116493999958038e-02 1.087456662207841873e-02 9.850620292127132416e-03 1.034477166831493378e-02 1.562975905835628510e-02 2.379540540277957916e-02 3.206150233745574951e-02 5.011503025889396667e-02 5.494961142539978027e-02 5.223907157778739929e-02 5.457697436213493347e-02 4.726353660225868225e-02 4.071319848299026489e-02 3.354557603597640991e-02 1.237646210938692093e-02 2.861216431483626366e-03 1.328537618974223733e-04 1.976604835363104939e-04 4.536469932645559311e-04 0.000000000000000000e+00 0.000000000000000000e+00 0.000000000000000000e+00 0.000000000000000000e+00 0.000000000000000000e+00 0.000000000000000000e+00 0.000000000000000000e+00 0.000000000000000000e+00 0.000000000000000000e+00 0.000000000000000000e+00 0.000000000000000000e+00 0.000000000000000000e+00 0.000000000000000000e+00 0.000000000000000000e+00 0.000000000000000000e+00 5.549075081944465637e-03 6.078253984451293945e-01 3.866255283355712891e-01 0.000000000000000000e+00 0.000000000000000000e+00 0.000000000000000000e+00 0.000000000000000000e+00 0.000000000000000000e+00 0.000000000000000000e+00 0.000000000000000000e+00 0.000000000000000000e+00 0.000000000000000000e+00 0.000000000000000000e+00 0.000000000000000000e+00 0.000000000000000000e+00 0.000000000000000000e+00 0.000000000000000000e+00 0.000000000000000000e+00 0.000000000000000000e+00 0.000000000000000000e+00 0.000000000000000000e+00 0.000000000000000000e+00 0.000000000000000000e+00 0.000000000000000000e+00 0.000000000000000000e+00 0.000000000000000000e+00 0.000000000000000000e+00 0.000000000000000000e+00 0.000000000000000000e+00 0.000000000000000000e+00 0.000000000000000000e+00 3.180713653564453125e-01 5.875328183174133301e-01 9.439583867788314819e-02 0.000000000000000000e+00 0.000000000000000000e+00 0.000000000000000000e+00 0.000000000000000000e+00 0.000000000000000000e+00 0.000000000000000000e+00 0.000000000000000000e+00 0.000000000000000000e+00 0.000000000000000000e+00 0.000000000000000000e+00 0.000000000000000000e+00 0.000000000000000000e+00 0.000000000000000000e+00 0.000000000000000000e+00 0.000000000000000000e+00
1.217285443999571726e-05 2.206329918408300728e-05 2.206329918408300728e-05 2.434570887999143451e-05 6.801582640036940575e-04 1.928560622036457062e-02 8.851643651723861694e-02 1.397550255060195923e-01 1.329009383916854858e-01 1.384761035442352295e-01 1.147770881652832031e-01 1.000251099467277527e-01 8.310864120721817017e-02 5.010042712092399597e-02 3.847230598330497742e-02 3.291844204068183899e-02 2.426278218626976013e-02 1.532258093357086182e-02 8.167985826730728149e-03 4.111381713300943375e-03 1.584753510542213917e-03 5.553864757530391216e-04 2.465003053657710552e-04 1.970480807358399034e-04 2.761716314125806093e-04 4.306147166062146425e-04 5.629945080727338791e-04 4.656116943806409836e-04 2.845404669642448425e-04 3.294278867542743683e-04 4.496348265092819929e-04 3.655660431832075119e-03 0.000000000000000000e+00 0.000000000000000000e+00 0.000000000000000000e+00 0.000000000000000000e+00 0.000000000000000000e+00 0.000000000000000000e+00 0.000000000000000000e+00 0.000000000000000000e+00 0.000000000000000000e+00 0.000000000000000000e+00 0.000000000000000000e+00 0.000000000000000000e+00 0.000000000000000000e+00 0.000000000000000000e+00 0.000000000000000000e+00 8.901399996830150485e-05 8.573455810546875000e-01 1.269666701555252075e-01 1.537507586181163788e-02 6.162507634144276381e-05 6.238587957341223955e-05 4.336579513619653881e-05 4.336579513619653881e-05 1.293365767196519300e-05 0.000000000000000000e+00 0.000000000000000000e+00 0.000000000000000000e+00 0.000000000000000000e+00 0.000000000000000000e+00 0.000000000000000000e+00 0.000000000000000000e+00 0.000000000000000000e+00 0.000000000000000000e+00 0.000000000000000000e+00 0.000000000000000000e+00 0.000000000000000000e+00 0.000000000000000000e+00 0.000000000000000000e+00 0.000000000000000000e+00 0.000000000000000000e+00 0.000000000000000000e+00 0.000000000000000000e+00 0.000000000000000000e+00 0.000000000000000000e+00 0.000000000000000000e+00 8.193852379918098450e-03 2.376749813556671143e-01 7.536990046501159668e-01 4.321363230701535940e-04 0.000000000000000000e+00 0.000000000000000000e+00 0.000000000000000000e+00 0.000000000000000000e+00 0.000000000000000000e+00 0.000000000000000000e+00 0.000000000000000000e+00 0.000000000000000000e+00 0.000000000000000000e+00 0.000000000000000000e+00 0.000000000000000000e+00 0.000000000000000000e+00 0.000000000000000000e+00 0.000000000000000000e+00 0.000000000000000000e+00
1.994955586269497871e-03 3.421538975089788437e-03 5.690916441380977631e-03 1.120813563466072083e-02 2.404841408133506775e-02 4.491681978106498718e-02 6.998069584369659424e-02 7.253991812467575073e-02 6.669688224792480469e-02 4.915854334831237793e-02 2.182323113083839417e-02 1.829480193555355072e-02 3.178978711366653442e-02 5.392957851290702820e-02 4.557152837514877319e-02 1.702444255352020264e-02 1.001383457332849503e-02 7.826680317521095276e-03 1.143527869135141373e-02 1.411166414618492126e-02 1.939043402671813965e-02 4.957788437604904175e-02 5.113705247640609741e-02 9.133422374725341797e-02 9.711866825819015503e-02 5.906651169061660767e-02 5.082768574357032776e-02 6.989025132497772574e-05 0.000000000000000000e+00 0.000000000000000000e+00 0.000000000000000000e+00 0.000000000000000000e+00 0.000000000000000000e+00 0.000000000000000000e+00 0.000000000000000000e+00 0.000000000000000000e+00 0.000000000000000000e+00 0.000000000000000000e+00 0.000000000000000000e+00 0.000000000000000000e+00 0.000000000000000000e+00 0.000000000000000000e+00 0.000000000000000000e+00 0.000000000000000000e+00 2.877833867387380451e-05 6.343568209558725357e-03 2.061762381345033646e-03 1.775623485445976257e-02 7.224134206771850586e-01 2.510550320148468018e-01 3.412288788240402937e-04 0.000000000000000000e+00 0.000000000000000000e+00 0.000000000000000000e+00 0.000000000000000000e+00 0.000000000000000000e+00 0.000000000000000000e+00 0.000000000000000000e+00 0.000000000000000000e+00 0.000000000000000000e+00 0.000000000000000000e+00 0.000000000000000000e+00 0.000000000000000000e+00 0.000000000000000000e+00 0.000000000000000000e+00 0.000000000000000000e+00 0.000000000000000000e+00 0.000000000000000000e+00 0.000000000000000000e+00 0.000000000000000000e+00 0.000000000000000000e+00 0.000000000000000000e+00 0.000000000000000000e+00 0.000000000000000000e+00 0.000000000000000000e+00 0.000000000000000000e+00 0.000000000000000000e+00 2.402991289272904396e-03 2.662839293479919434e-01 6.870499253273010254e-01 3.322767466306686401e-02 2.559216460213065147e-03 1.523196347989141941e-03 2.254988532513380051e-03 4.698063712567090988e-03 0.000000000000000000e+00 0.000000000000000000e+00 0.000000000000000000e+00 0.000000000000000000e+00 0.000000000000000000e+00 0.000000000000000000e+00 0.000000000000000000e+00 0.000000000000000000e+00 0.000000000000000000e+00 0.000000000000000000e+00 0.000000000000000000e+00
1.122268941253423691e-02 4.744377359747886658e-02 5.171390995383262634e-02 3.786642476916313171e-02 3.603123873472213745e-02 7.361713796854019165e-02 6.137154623866081238e-02 6.871512532234191895e-02 7.276613265275955200e-02 5.622962117195129395e-02 4.895499348640441895e-02 3.987823426723480225e-02 3.971766680479049683e-02 4.189098998904228210e-02 3.898472711443901062e-02 3.491860255599021912e-02 3.263666108250617981e-02 2.360146120190620422e-02 2.353723533451557159e-02 2.684113755822181702e-02 1.890912652015686035e-02 1.856060139834880829e-02 1.381631847470998764e-02 1.505457423627376556e-02 1.130958460271358490e-02 9.099426679313182831e-03 9.447951801121234894e-03 7.489034440368413925e-03 8.996475487947463989e-03 6.247945595532655716e-03 5.770022515207529068e-03 7.359636016190052032e-03 0.000000000000000000e+00 0.000000000000000000e+00 0.000000000000000000e+00 0.000000000000000000e+00 0.000000000000000000e+00 0.000000000000000000e+00 0.000000000000000000e+00 0.000000000000000000e+00 0.000000000000000000e+00 2.986546372994780540e-03 3.323453664779663086e-02 5.081001296639442444e-02 3.992545977234840393e-02 3.239297866821289062e-02 1.844093203544616699e-01 9.310053288936614990e-02 1.379119455814361572e-01 1.240474581718444824e-01 1.065645441412925720e-01 1.006093993782997131e-01 2.325010299682617188e-02 1.775965653359889984e-02 1.836414262652397156e-02 6.349008530378341675e-03 5.758688785135746002e-03 8.901079185307025909e-03 7.282186299562454224e-03 2.736250637099146843e-03 3.006381215527653694e-03 5.997649859637022018e-04 0.000000000000000000e+00 0.000000000000000000e+00 0.000000000000000000e+00 2.266828414576593786e-05 7.102728704921901226e-04 3.088553668931126595e-03 3.304846817627549171e-03 6.488796323537826538e-03 1.050391606986522675e-02 9.480064734816551208e-03 7.266129367053508759e-03 7.625043857842683792e-03 1.648739911615848541e-02 1.060573458671569824e-01 1.096219271421432495e-01 1.640239208936691284e-01 9.988307207822799683e-02 1.574425697326660156e-01 4.679206013679504395e-02 2.369496785104274750e-02 2.318020910024642944e-02 4.163691401481628418e-02 7.169789075851440430e-02 7.647806406021118164e-02 1.451336871832609177e-02 0.000000000000000000e+00 0.000000000000000000e+00 0.000000000000000000e+00 0.000000000000000000e+00 0.000000000000000000e+00 0.000000000000000000e+00 0.000000000000000000e+00 0.000000000000000000e+00 0.000000000000000000e+00
1.494556199759244919e-02 2.619147673249244690e-02 2.289644815027713776e-02 2.283475734293460846e-02 3.324965760111808777e-02 2.830439433455467224e-02 3.974536061286926270e-02 2.356053516268730164e-02 1.477863360196352005e-02 9.750813245773315430e-03 1.612404175102710724e-02 1.174488570541143417e-02 6.691663525998592377e-03 7.900082506239414215e-03 8.747426792979240417e-03 1.010644435882568359e-02 1.186010241508483887e-02 1.544090453535318375e-02 2.224052883684635162e-02 3.351275250315666199e-02 5.130880326032638550e-02 6.758707016706466675e-02 6.932803243398666382e-02 1.113704741001129150e-01 1.284960955381393433e-01 1.133309826254844666e-01 7.489474117755889893e-02 2.481250092387199402e-03 5.679204477928578854e-04 8.164990504155866802e-06 0.000000000000000000e+00 0.000000000000000000e+00 0.000000000000000000e+00 0.000000000000000000e+00 0.000000000000000000e+00 0.000000000000000000e+00 0.000000000000000000e+00 0.000000000000000000e+00 0.000000000000000000e+00 0.000000000000000000e+00 0.000000000000000000e+00 0.000000000000000000e+00 0.000000000000000000e+00 0.000000000000000000e+00 0.000000000000000000e+00 0.000000000000000000e+00 0.000000000000000000e+00 1.297326380154117942e-04 3.653125762939453125e-01 6.310630440711975098e-01 3.494616132229566574e-03 0.000000000000000000e+00 0.000000000000000000e+00 0.000000000000000000e+00 0.000000000000000000e+00 0.000000000000000000e+00 0.000000000000000000e+00 0.000000000000000000e+00 0.000000000000000000e+00 0.000000000000000000e+00 0.000000000000000000e+00 0.000000000000000000e+00 0.000000000000000000e+00 0.000000000000000000e+00 0.000000000000000000e+00 0.000000000000000000e+00 0.000000000000000000e+00 0.000000000000000000e+00 0.000000000000000000e+00 0.000000000000000000e+00 0.000000000000000000e+00 0.000000000000000000e+00 0.000000000000000000e+00 0.000000000000000000e+00 0.000000000000000000e+00 0.000000000000000000e+00 0.000000000000000000e+00 2.467641606926918030e-03 3.404728472232818604e-01 5.963283181190490723e-01 6.073120236396789551e-02 0.000000000000000000e+00 0.000000000000000000e+00 0.000000000000000000e+00 0.000000000000000000e+00 0.000000000000000000e+00 0.000000000000000000e+00 0.000000000000000000e+00 0.000000000000000000e+00 0.000000000000000000e+00 0.000000000000000000e+00 0.000000000000000000e+00 0.000000000000000000e+00 0.000000000000000000e+00 0.000000000000000000e+00 0.000000000000000000e+00
1.328792073763906956e-03 5.686908494681119919e-03 1.429201290011405945e-02 2.050194889307022095e-02 2.663697861135005951e-02 3.612586855888366699e-02 3.995407372713088989e-02 3.895063698291778564e-02 4.200176149606704712e-02 4.463312029838562012e-02 4.395896941423416138e-02 4.419319331645965576e-02 5.010891705751419067e-02 5.207022279500961304e-02 4.530513659119606018e-02 4.180802404880523682e-02 4.180343449115753174e-02 4.637151584029197693e-02 5.337950959801673889e-02 5.664551630616188049e-02 5.218463018536567688e-02 4.410730674862861633e-02 3.417242690920829773e-02 2.667008712887763977e-02 2.201825007796287537e-02 1.776470616459846497e-02 1.395141519606113434e-02 1.107173692435026169e-02 8.797039277851581573e-03 7.217469625174999237e-03 6.169613916426897049e-03 1.011878345161676407e-02 0.000000000000000000e+00 0.000000000000000000e+00 0.000000000000000000e+00 0.000000000000000000e+00 0.000000000000000000e+00 0.000000000000000000e+00 0.000000000000000000e+00 0.000000000000000000e+00 0.000000000000000000e+00 3.114228320555412211e-06 1.790025620721280575e-03 1.228464674204587936e-02 7.979685068130493164e-02 2.112877666950225830e-01 3.014917075634002686e-01 2.983615994453430176e-01 9.383874386548995972e-02 1.145544229075312614e-03 0.000000000000000000e+00 0.000000000000000000e+00 0.000000000000000000e+00 0.000000000000000000e+00 0.000000000000000000e+00 0.000000000000000000e+00 0.000000000000000000e+00 0.000000000000000000e+00 0.000000000000000000e+00 0.000000000000000000e+00 0.000000000000000000e+00 0.000000000000000000e+00 0.000000000000000000e+00 0.000000000000000000e+00 0.000000000000000000e+00 0.000000000000000000e+00 0.000000000000000000e+00 0.000000000000000000e+00 0.000000000000000000e+00 0.000000000000000000e+00 0.000000000000000000e+00 0.000000000000000000e+00 0.000000000000000000e+00 0.000000000000000000e+00 0.000000000000000000e+00 0.000000000000000000e+00 0.000000000000000000e+00 1.019336050376296043e-03 7.365969358943402767e-04 3.689426183700561523e-02 3.318185508251190186e-01 3.526837229728698730e-01 2.009268999099731445e-01 5.858322232961654663e-02 1.600516587495803833e-02 1.331086736172437668e-03 1.147347234109474812e-06 0.000000000000000000e+00 0.000000000000000000e+00 0.000000000000000000e+00 0.000000000000000000e+00 0.000000000000000000e+00 0.000000000000000000e+00 0.000000000000000000e+00 0.000000000000000000e+00 0.000000000000000000e+00
4.575498774647712708e-02 1.880144700407981873e-02 1.563373021781444550e-02 1.789904572069644928e-02 2.689597569406032562e-02 3.226636722683906555e-02 3.617056459188461304e-02 4.093484207987785339e-02 5.019250139594078064e-02 6.157664582133293152e-02 6.517101824283599854e-02 6.849788129329681396e-02 6.532847136259078979e-02 5.708664655685424805e-02 6.226233765482902527e-02 7.204484939575195312e-02 6.819482147693634033e-02 6.116354092955589294e-02 4.676066711544990540e-02 3.848159313201904297e-02 2.637789770960807800e-02 1.322280988097190857e-02 7.760993670672178268e-03 1.500052516348659992e-03 1.862367571447975934e-05 1.693061449259403162e-06 0.000000000000000000e+00 0.000000000000000000e+00 0.000000000000000000e+00 0.000000000000000000e+00 0.000000000000000000e+00 0.000000000000000000e+00 0.000000000000000000e+00 0.000000000000000000e+00 0.000000000000000000e+00 0.000000000000000000e+00 0.000000000000000000e+00 0.000000000000000000e+00 0.000000000000000000e+00 0.000000000000000000e+00 0.000000000000000000e+00 0.000000000000000000e+00 0.000000000000000000e+00 0.000000000000000000e+00 0.000000000000000000e+00 1.252865476999431849e-04 1.041232841089367867e-03 1.280800998210906982e-02 3.045868277549743652e-01 6.464312076568603516e-01 1.690352521836757660e-02 1.039878372102975845e-02 7.705122698098421097e-03 0.000000000000000000e+00 0.000000000000000000e+00 0.000000000000000000e+00 0.000000000000000000e+00 0.000000000000000000e+00 0.000000000000000000e+00 0.000000000000000000e+00 0.000000000000000000e+00 0.000000000000000000e+00 0.000000000000000000e+00 0.000000000000000000e+00 0.000000000000000000e+00 0.000000000000000000e+00 0.000000000000000000e+00 0.000000000000000000e+00 0.000000000000000000e+00 0.000000000000000000e+00 0.000000000000000000e+00 0.000000000000000000e+00 0.000000000000000000e+00 0.000000000000000000e+00 4.376564174890518188e-03 1.163133233785629272e-02 3.689181059598922729e-03 8.121616207063198090e-03 5.384054183959960938e-01 3.970957100391387939e-01 3.668017685413360596e-02 0.000000000000000000e+00 0.000000000000000000e+00 0.000000000000000000e+00 0.000000000000000000e+00 0.000000000000000000e+00 0.000000000000000000e+00 0.000000000000000000e+00 0.000000000000000000e+00 0.000000000000000000e+00 0.000000000000000000e+00 0.000000000000000000e+00 0.000000000000000000e+00 0.000000000000000000e+00 0.000000000000000000e+00 0.000000000000000000e+00
7.038308307528495789e-03 5.676214024424552917e-02 1.339547038078308105e-01 1.333786994218826294e-01 1.201641187071800232e-01 9.491458535194396973e-02 7.051130384206771851e-02 7.048763334751129150e-02 5.170434340834617615e-02 4.632303491234779358e-02 4.160255566239356995e-02 4.200299829244613647e-02 4.251193255186080933e-02 4.243105649948120117e-02 3.340040147304534912e-02 7.470312062650918961e-03 1.952893799170851707e-03 1.426204340532422066e-03 9.409397607669234276e-04 5.049907485954463482e-04 2.682763151824474335e-04 1.499191275797784328e-04 8.876789797795936465e-05 9.863099876383785158e-06 0.000000000000000000e+00 0.000000000000000000e+00 0.000000000000000000e+00 0.000000000000000000e+00 0.000000000000000000e+00 0.000000000000000000e+00 0.000000000000000000e+00 0.000000000000000000e+00 0.000000000000000000e+00 0.000000000000000000e+00 0.000000000000000000e+00 0.000000000000000000e+00 0.000000000000000000e+00 0.000000000000000000e+00 0.000000000000000000e+00 0.000000000000000000e+00 0.000000000000000000e+00 0.000000000000000000e+00 0.000000000000000000e+00 0.000000000000000000e+00 0.000000000000000000e+00 0.000000000000000000e+00 7.013650238513946533e-02 2.440880537033081055e-01 5.701088905334472656e-01 1.015366688370704651e-01 1.348483096808195114e-02 3.728251904249191284e-04 2.485501172486692667e-04 2.367144043091684580e-05 0.000000000000000000e+00 0.000000000000000000e+00 0.000000000000000000e+00 0.000000000000000000e+00 0.000000000000000000e+00 0.000000000000000000e+00 0.000000000000000000e+00 0.000000000000000000e+00 0.000000000000000000e+00 0.000000000000000000e+00 0.000000000000000000e+00 0.000000000000000000e+00 0.000000000000000000e+00 0.000000000000000000e+00 0.000000000000000000e+00 0.000000000000000000e+00 0.000000000000000000e+00 0.000000000000000000e+00 0.000000000000000000e+00 0.000000000000000000e+00 0.000000000000000000e+00 0.000000000000000000e+00 0.000000000000000000e+00 1.055351691320538521e-03 9.997238218784332275e-02 5.995048880577087402e-01 2.328283339738845825e-02 1.183690354228019714e-01 9.941215813159942627e-02 5.774647742509841919e-02 6.568824755959212780e-04 0.000000000000000000e+00 0.000000000000000000e+00 0.000000000000000000e+00 0.000000000000000000e+00 0.000000000000000000e+00 0.000000000000000000e+00 0.000000000000000000e+00 0.000000000000000000e+00 0.000000000000000000e+00 0.000000000000000000e+00 0.000000000000000000e+00
5.375929921865463257e-02 4.239958152174949646e-02 3.623596578836441040e-02 3.719243779778480530e-02 3.780881315469741821e-02 3.633955493569374084e-02 3.021472133696079254e-02 2.972292341291904449e-02 2.952666953206062317e-02 2.916693501174449921e-02 3.144587203860282898e-02 3.269285708665847778e-02 3.421869874000549316e-02 3.738328814506530762e-02 4.087030887603759766e-02 4.576128721237182617e-02 4.916472360491752625e-02 4.848538711667060852e-02 4.583873227238655090e-02 4.208464547991752625e-02 4.176786541938781738e-02 4.204254597425460815e-02 3.996096551418304443e-02 3.288690373301506042e-02 2.270274050533771515e-02 1.738611608743667603e-02 1.309395767748355865e-02 9.336187504231929779e-03 5.112025421112775803e-03 2.611059229820966721e-03 1.776953926309943199e-03 1.009984407573938370e-03 0.000000000000000000e+00 0.000000000000000000e+00 0.000000000000000000e+00 0.000000000000000000e+00 0.000000000000000000e+00 0.000000000000000000e+00 0.000000000000000000e+00 0.000000000000000000e+00 0.000000000000000000e+00 0.000000000000000000e+00 0.000000000000000000e+00 0.000000000000000000e+00 0.000000000000000000e+00 1.651150756515562534e-03 1.802065409719944000e-02 1.118094027042388916e-01 2.962144613265991211e-01 1.892977505922317505e-01 1.396488398313522339e-01 9.310573339462280273e-02 5.881240963935852051e-02 4.505470395088195801e-02 3.240700811147689819e-02 1.307517942041158676e-02 9.027141495607793331e-04 0.000000000000000000e+00 0.000000000000000000e+00 0.000000000000000000e+00 0.000000000000000000e+00 0.000000000000000000e+00 0.000000000000000000e+00 0.000000000000000000e+00 0.000000000000000000e+00 0.000000000000000000e+00 0.000000000000000000e+00 0.000000000000000000e+00 0.000000000000000000e+00 0.000000000000000000e+00 0.000000000000000000e+00 0.000000000000000000e+00 1.346400385955348611e-04 4.746644292026758194e-03 9.740107692778110504e-03 1.950451731681823730e-02 1.089284494519233704e-01 2.180108129978179932e-01 1.731830388307571411e-01 2.598533034324645996e-01 1.790637522935867310e-01 1.340852677822113037e-02 1.193534210324287415e-02 1.490859198383986950e-03 0.000000000000000000e+00 0.000000000000000000e+00 0.000000000000000000e+00 0.000000000000000000e+00 0.000000000000000000e+00 0.000000000000000000e+00 0.000000000000000000e+00 0.000000000000000000e+00 0.000000000000000000e+00 0.000000000000000000e+00 0.000000000000000000e+00 0.000000000000000000e+00
2.850828319787979126e-02 3.144588321447372437e-02 2.961779758334159851e-02 3.627110645174980164e-02 4.575437307357788086e-02 5.249799042940139771e-02 5.853812396526336670e-02 6.479047238826751709e-02 6.269311159849166870e-02 6.617291271686553955e-02 6.996407359838485718e-02 6.476300209760665894e-02 5.633536726236343384e-02 5.392476171255111694e-02 4.359040409326553345e-02 3.796986117959022522e-02 3.382571786642074585e-02 3.321938216686248779e-02 3.536920621991157532e-02 3.149634227156639099e-02 2.431674860417842865e-02 1.610156334936618805e-02 8.395212702453136444e-03 5.640469025820493698e-03 4.133883863687515259e-03 2.384905703365802765e-03 1.160326413810253143e-03 4.225370648782700300e-04 1.500808284617960453e-04 9.443420276511460543e-05 1.443039509467780590e-04 3.073532716371119022e-04 0.000000000000000000e+00 0.000000000000000000e+00 0.000000000000000000e+00 0.000000000000000000e+00 0.000000000000000000e+00 0.000000000000000000e+00 0.000000000000000000e+00 0.000000000000000000e+00 0.000000000000000000e+00 0.000000000000000000e+00 0.000000000000000000e+00 0.000000000000000000e+00 6.189507985254749656e-05 1.079921727068722248e-03 1.386614795774221420e-02 1.391058266162872314e-01 3.085552155971527100e-01 1.645874977111816406e-01 1.562116295099258423e-01 1.134713664650917053e-01 7.209161669015884399e-02 2.567584626376628876e-02 5.096028093248605728e-03 1.952347665792331100e-04 1.768430820447974838e-06 0.000000000000000000e+00 0.000000000000000000e+00 0.000000000000000000e+00 0.000000000000000000e+00 0.000000000000000000e+00 0.000000000000000000e+00 0.000000000000000000e+00 0.000000000000000000e+00 0.000000000000000000e+00 0.000000000000000000e+00 0.000000000000000000e+00 0.000000000000000000e+00 0.000000000000000000e+00 0.000000000000000000e+00 2.004221641982439905e-06 1.208427711389958858e-04 1.005058176815509796e-03 3.112320322543382645e-03 4.514249786734580994e-02 1.232426539063453674e-01 1.792441457509994507e-01 2.178357839584350586e-01 3.290026485919952393e-01 9.245309233665466309e-02 8.675567805767059326e-03 1.634030049899592996e-04 0.000000000000000000e+00 0.000000000000000000e+00 0.000000000000000000e+00 0.000000000000000000e+00 0.000000000000000000e+00 0.000000000000000000e+00 0.000000000000000000e+00 0.000000000000000000e+00 0.000000000000000000e+00 0.000000000000000000e+00 0.000000000000000000e+00 0.000000000000000000e+00 0.000000000000000000e+00
1.049298197031021118e-01 1.011863276362419128e-01 7.050556689500808716e-02 6.244783848524093628e-02 5.432286113500595093e-02 3.972307592630386353e-02 2.450770698487758636e-02 1.427044160664081573e-02 4.178018309175968170e-03 7.483532535843551159e-04 5.241921753622591496e-04 8.604338509030640125e-04 1.789840287528932095e-03 6.392040755599737167e-03 1.602234691381454468e-02 8.937131613492965698e-03 5.421250592917203903e-03 4.388384986668825150e-03 1.336690038442611694e-02 3.600372374057769775e-02 5.579197779297828674e-02 7.021415978670120239e-02 8.837638050317764282e-02 8.064109832048416138e-02 7.223505526781082153e-02 4.649619013071060181e-02 1.293237227946519852e-02 2.343345899134874344e-03 4.069386632181704044e-04 3.621064388426020741e-05 0.000000000000000000e+00 0.000000000000000000e+00 0.000000000000000000e+00 0.000000000000000000e+00 0.000000000000000000e+00 0.000000000000000000e+00 0.000000000000000000e+00 0.000000000000000000e+00 0.000000000000000000e+00 0.000000000000000000e+00 0.000000000000000000e+00 0.000000000000000000e+00 0.000000000000000000e+00 0.000000000000000000e+00 0.000000000000000000e+00 0.000000000000000000e+00 0.000000000000000000e+00 1.091492245905101299e-03 4.984343349933624268e-01 4.801151752471923828e-01 2.035900205373764038e-02 0.000000000000000000e+00 0.000000000000000000e+00 0.000000000000000000e+00 0.000000000000000000e+00 0.000000000000000000e+00 0.000000000000000000e+00 0.000000000000000000e+00 0.000000000000000000e+00 0.000000000000000000e+00 0.000000000000000000e+00 0.000000000000000000e+00 0.000000000000000000e+00 0.000000000000000000e+00 0.000000000000000000e+00 0.000000000000000000e+00 0.000000000000000000e+00 0.000000000000000000e+00 0.000000000000000000e+00 0.000000000000000000e+00 0.000000000000000000e+00 0.000000000000000000e+00 0.000000000000000000e+00 0.000000000000000000e+00 0.000000000000000000e+00 0.000000000000000000e+00 0.000000000000000000e+00 1.042866520583629608e-02 2.744732201099395752e-01 3.701796829700469971e-01 3.449184298515319824e-01 0.000000000000000000e+00 0.000000000000000000e+00 0.000000000000000000e+00 0.000000000000000000e+00 0.000000000000000000e+00 0.000000000000000000e+00 0.000000000000000000e+00 0.000000000000000000e+00 0.000000000000000000e+00 0.000000000000000000e+00 0.000000000000000000e+00 0.000000000000000000e+00 0.000000000000000000e+00 0.000000000000000000e+00 0.000000000000000000e+00
1.281966548413038254e-02 1.394744124263525009e-02 2.137850783765316010e-02 3.198161721229553223e-02 4.345116019248962402e-02 5.113001540303230286e-02 5.679198354482650757e-02 6.605631113052368164e-02 6.659862399101257324e-02 5.959538370370864868e-02 5.079234763979911804e-02 4.141145572066307068e-02 3.678351268172264099e-02 3.593933954834938049e-02 3.702175989747047424e-02 3.633314743638038635e-02 3.795263171195983887e-02 4.246511682868003845e-02 4.552003741264343262e-02 4.289750382304191589e-02 3.903823345899581909e-02 3.560042381286621094e-02 2.911115437746047974e-02 2.369780465960502625e-02 1.816774904727935791e-02 9.882968850433826447e-03 3.112168051302433014e-03 1.659444998949766159e-03 1.243512146174907684e-03 9.846602333709597588e-04 1.947196433320641518e-03 4.687126725912094116e-03 0.000000000000000000e+00 0.000000000000000000e+00 0.000000000000000000e+00 0.000000000000000000e+00 0.000000000000000000e+00 0.000000000000000000e+00 0.000000000000000000e+00 0.000000000000000000e+00 0.000000000000000000e+00 0.000000000000000000e+00 0.000000000000000000e+00 0.000000000000000000e+00 1.341272945865057409e-05 5.322779528796672821e-03 1.786495298147201538e-01 3.407418131828308105e-01 2.492513805627822876e-01 8.786637336015701294e-02 4.447785392403602600e-02 7.232171297073364258e-02 2.078724093735218048e-02 5.320843774825334549e-04 3.581336932256817818e-05 0.000000000000000000e+00 0.000000000000000000e+00 0.000000000000000000e+00 0.000000000000000000e+00 0.000000000000000000e+00 0.000000000000000000e+00 0.000000000000000000e+00 0.000000000000000000e+00 0.000000000000000000e+00 0.000000000000000000e+00 0.000000000000000000e+00 0.000000000000000000e+00 0.000000000000000000e+00 0.000000000000000000e+00 0.000000000000000000e+00 6.913778065609221812e-07 3.691957317641936243e-05 3.266068815719336271e-04 4.366603679955005646e-03 2.534010261297225952e-02 3.932404890656471252e-02 3.973320499062538147e-02 4.909667372703552246e-02 1.364442408084869385e-01 2.176306545734405518e-01 3.356928229331970215e-01 1.469605118036270142e-01 5.035442765802145004e-03 1.147687180491629988e-05 0.000000000000000000e+00 0.000000000000000000e+00 0.000000000000000000e+00 0.000000000000000000e+00 0.000000000000000000e+00 0.000000000000000000e+00 0.000000000000000000e+00 0.000000000000000000e+00 0.000000000000000000e+00 0.000000000000000000e+00 0.000000000000000000e+00 0.000000000000000000e+00
3.284439153503626585e-04 3.842126810923218727e-03 1.384382788091897964e-02 3.393642604351043701e-02 4.061283916234970093e-02 4.488844424486160278e-02 4.244762286543846130e-02 4.068953171372413635e-02 4.357800632715225220e-02 4.578374698758125305e-02 4.721172899007797241e-02 4.381141811609268188e-02 4.051280766725540161e-02 3.912150487303733826e-02 3.926905244588851929e-02 3.996928781270980835e-02 3.940743207931518555e-02 3.796027973294258118e-02 3.994678333401679993e-02 4.596714302897453308e-02 5.561122298240661621e-02 5.334379151463508606e-02 4.522689431905746460e-02 3.838042169809341431e-02 3.475253283977508545e-02 3.149893879890441895e-02 1.623880118131637573e-02 1.009506522677838802e-03 1.458824408473446965e-04 1.117042702389881015e-04 1.758925500325858593e-04 3.759599057957530022e-04 0.000000000000000000e+00 0.000000000000000000e+00 0.000000000000000000e+00 0.000000000000000000e+00 0.000000000000000000e+00 0.000000000000000000e+00 0.000000000000000000e+00 0.000000000000000000e+00 0.000000000000000000e+00 0.000000000000000000e+00 0.000000000000000000e+00 0.000000000000000000e+00 0.000000000000000000e+00 0.000000000000000000e+00 0.000000000000000000e+00 1.583866651344578713e-05 4.224138855934143066e-01 5.775702595710754395e-01 0.000000000000000000e+00 0.000000000000000000e+00 0.000000000000000000e+00 0.000000000000000000e+00 0.000000000000000000e+00 0.000000000000000000e+00 0.000000000000000000e+00 0.000000000000000000e+00 0.000000000000000000e+00 0.000000000000000000e+00 0.000000000000000000e+00 0.000000000000000000e+00 0.000000000000000000e+00 0.000000000000000000e+00 0.000000000000000000e+00 0.000000000000000000e+00 0.000000000000000000e+00 0.000000000000000000e+00 0.000000000000000000e+00 0.000000000000000000e+00 0.000000000000000000e+00 0.000000000000000000e+00 0.000000000000000000e+00 0.000000000000000000e+00 0.000000000000000000e+00 0.000000000000000000e+00 0.000000000000000000e+00 5.721926223486661911e-03 7.532644271850585938e-01 2.410086393356323242e-01 5.001683803129708394e-06 0.000000000000000000e+00 0.000000000000000000e+00 0.000000000000000000e+00 0.000000000000000000e+00 0.000000000000000000e+00 0.000000000000000000e+00 0.000000000000000000e+00 0.000000000000000000e+00 0.000000000000000000e+00 0.000000000000000000e+00 0.000000000000000000e+00 0.000000000000000000e+00 0.000000000000000000e+00 0.000000000000000000e+00 0.000000000000000000e+00
3.960866108536720276e-02 6.168203055858612061e-02 5.418451130390167236e-02 4.145183786749839783e-02 5.276602134108543396e-02 4.682750627398490906e-02 3.832440450787544250e-02 4.594909399747848511e-02 5.821548029780387878e-02 6.197012588381767273e-02 5.451499670743942261e-02 4.524416476488113403e-02 3.595528006553649902e-02 3.083002567291259766e-02 2.858257479965686798e-02 3.113617561757564545e-02 2.559408731758594513e-02 2.854489535093307495e-02 3.696400299668312073e-02 3.471262753009796143e-02 2.880551479756832123e-02 2.104894630610942841e-02 1.576747745275497437e-02 1.056764833629131317e-02 1.048914808779954910e-02 1.866569183766841888e-02 2.642226032912731171e-02 1.507667824625968933e-02 9.812479402171447873e-05 0.000000000000000000e+00 0.000000000000000000e+00 0.000000000000000000e+00 0.000000000000000000e+00 0.000000000000000000e+00 0.000000000000000000e+00 0.000000000000000000e+00 0.000000000000000000e+00 0.000000000000000000e+00 0.000000000000000000e+00 0.000000000000000000e+00 0.000000000000000000e+00 0.000000000000000000e+00 0.000000000000000000e+00 1.334497210336849093e-05 9.602884761989116669e-03 2.413870068266987801e-03 6.845185998827219009e-04 1.787441316992044449e-03 3.706385493278503418e-01 3.415096104145050049e-01 1.466573178768157959e-01 1.206204965710639954e-01 5.526388529688119888e-03 4.309641080908477306e-04 1.146097638411447406e-04 0.000000000000000000e+00 0.000000000000000000e+00 0.000000000000000000e+00 0.000000000000000000e+00 0.000000000000000000e+00 0.000000000000000000e+00 0.000000000000000000e+00 0.000000000000000000e+00 0.000000000000000000e+00 0.000000000000000000e+00 0.000000000000000000e+00 0.000000000000000000e+00 0.000000000000000000e+00 0.000000000000000000e+00 0.000000000000000000e+00 0.000000000000000000e+00 0.000000000000000000e+00 0.000000000000000000e+00 6.750985630787909031e-05 1.237785443663597107e-02 5.841800943017005920e-02 6.561566144227981567e-02 2.490807622671127319e-01 3.256031870841979980e-01 2.850753068923950195e-01 3.761712228879332542e-03 0.000000000000000000e+00 0.000000000000000000e+00 0.000000000000000000e+00 0.000000000000000000e+00 0.000000000000000000e+00 0.000000000000000000e+00 0.000000000000000000e+00 0.000000000000000000e+00 0.000000000000000000e+00 0.000000000000000000e+00 0.000000000000000000e+00 0.000000000000000000e+00 0.000000000000000000e+00 0.000000000000000000e+00 0.000000000000000000e+00
6.061318144202232361e-02 7.144784927368164062e-02 3.977674618363380432e-02 3.165714442729949951e-02 3.015652857720851898e-02 2.883971109986305237e-02 2.984477393329143524e-02 3.779221326112747192e-02 3.282971680164337158e-02 2.627819776535034180e-02 2.687378972768783569e-02 3.864139690995216370e-02 5.885432288050651550e-02 7.651736587285995483e-02 1.026257276535034180e-01 1.173573359847068787e-01 6.745551526546478271e-02 2.694591321051120758e-02 2.075965888798236847e-02 2.135525271296501160e-02 2.167864143848419189e-02 1.693018525838851929e-02 9.096746332943439484e-03 4.155189264565706253e-03 1.430818228982388973e-03 8.608174539403989911e-05 0.000000000000000000e+00 0.000000000000000000e+00 0.000000000000000000e+00 0.000000000000000000e+00 0.000000000000000000e+00 0.000000000000000000e+00 0.000000000000000000e+00 0.000000000000000000e+00 0.000000000000000000e+00 0.000000000000000000e+00 0.000000000000000000e+00 0.000000000000000000e+00 0.000000000000000000e+00 0.000000000000000000e+00 0.000000000000000000e+00 0.000000000000000000e+00 0.000000000000000000e+00 0.000000000000000000e+00 3.606127284001559019e-04 8.091684430837631226e-03 2.449328154325485229e-01 2.572308778762817383e-01 2.253387421369552612e-01 9.537159651517868042e-02 6.318632513284683228e-02 4.577687755227088928e-02 1.872626878321170807e-02 6.018742453306913376e-03 2.919799648225307465e-03 2.410288900136947632e-03 2.442860277369618416e-03 2.717391354963183403e-03 3.461882006376981735e-03 5.902416072785854340e-03 9.966869838535785675e-03 4.746128804981708527e-03 3.978372551500797272e-04 0.000000000000000000e+00 0.000000000000000000e+00 0.000000000000000000e+00 0.000000000000000000e+00 0.000000000000000000e+00 0.000000000000000000e+00 0.000000000000000000e+00 0.000000000000000000e+00 0.000000000000000000e+00 9.073481487575918436e-05 5.723272915929555893e-04 2.889554714784026146e-03 2.004774101078510284e-02 7.843443006277084351e-02 6.789523363113403320e-02 8.334341645240783691e-02 2.342959046363830566e-01 2.832089364528656006e-01 1.864739954471588135e-01 4.172405600547790527e-02 1.023674849420785904e-03 0.000000000000000000e+00 0.000000000000000000e+00 0.000000000000000000e+00 0.000000000000000000e+00 0.000000000000000000e+00 0.000000000000000000e+00 0.000000000000000000e+00 0.000000000000000000e+00 0.000000000000000000e+00 0.000000000000000000e+00 0.000000000000000000e+00 0.000000000000000000e+00
2.287945523858070374e-02 3.438811376690864563e-02 4.182028025388717651e-02 5.808928236365318298e-02 7.224698364734649658e-02 7.628325372934341431e-02 8.555204421281814575e-02 8.569130301475524902e-02 8.003205806016921997e-02 7.130809128284454346e-02 6.170743331313133240e-02 5.340810120105743408e-02 4.529801011085510254e-02 3.888714686036109924e-02 3.127259388566017151e-02 2.263511344790458679e-02 1.772377081215381622e-02 1.595596224069595337e-02 1.480226032435894012e-02 1.347431167960166931e-02 1.262028142809867859e-02 1.114551909267902374e-02 8.734310045838356018e-03 6.682870909571647644e-03 4.721983801573514938e-03 3.163643181324005127e-03 2.318331040441989899e-03 1.743630506098270416e-03 1.392695819959044456e-03 1.111157587729394436e-03 1.254716538824141026e-03 1.655286527238786221e-03 0.000000000000000000e+00 0.000000000000000000e+00 0.000000000000000000e+00 0.000000000000000000e+00 0.000000000000000000e+00 0.000000000000000000e+00 0.000000000000000000e+00 0.000000000000000000e+00 0.000000000000000000e+00 0.000000000000000000e+00 0.000000000000000000e+00 1.941242044267710298e-05 7.454601582139730453e-04 9.153246879577636719e-03 4.075469076633453369e-02 1.579730361700057983e-01 3.437373340129852295e-01 1.324528008699417114e-01 1.252748519182205200e-01 1.682161688804626465e-01 2.153313905000686646e-02 1.398391614202409983e-04 0.000000000000000000e+00 0.000000000000000000e+00 0.000000000000000000e+00 0.000000000000000000e+00 0.000000000000000000e+00 0.000000000000000000e+00 0.000000000000000000e+00 0.000000000000000000e+00 0.000000000000000000e+00 0.000000000000000000e+00 0.000000000000000000e+00 0.000000000000000000e+00 0.000000000000000000e+00 0.000000000000000000e+00 0.000000000000000000e+00 3.487261039936129237e-07 3.952229235437698662e-06 2.350413997191935778e-04 4.314207006245851517e-03 2.146502211689949036e-02 6.044574081897735596e-02 8.607106655836105347e-02 8.063837885856628418e-02 3.863094747066497803e-02 1.315671503543853760e-01 4.212983250617980957e-01 1.506789624691009521e-01 4.504495300352573395e-03 1.434426667401567101e-04 2.906050895035150461e-06 0.000000000000000000e+00 0.000000000000000000e+00 0.000000000000000000e+00 0.000000000000000000e+00 0.000000000000000000e+00 0.000000000000000000e+00 0.000000000000000000e+00 0.000000000000000000e+00 0.000000000000000000e+00 0.000000000000000000e+00 0.000000000000000000e+00 0.000000000000000000e+00
1.025478728115558624e-02 4.562624543905258179e-02 4.839120805263519287e-02 6.024028733372688293e-02 1.267092078924179077e-01 1.173605471849441528e-01 4.983960464596748352e-02 3.051651827991008759e-02 2.481785230338573456e-02 1.892407424747943878e-02 2.081718295812606812e-02 2.331232838332653046e-02 2.926850691437721252e-02 3.269175067543983459e-02 3.127059713006019592e-02 3.048400022089481354e-02 2.782450430095195770e-02 2.637171372771263123e-02 2.761708945035934448e-02 3.554284200072288513e-02 4.300893843173980713e-02 5.233562737703323364e-02 5.796310305595397949e-02 2.420263551175594330e-02 6.951951654627919197e-04 6.995895528234541416e-04 1.209340756759047508e-03 1.723486348055303097e-03 4.218630419927649200e-05 3.163972723996266723e-05 4.482295116758905351e-05 1.625930453883484006e-04 0.000000000000000000e+00 0.000000000000000000e+00 0.000000000000000000e+00 0.000000000000000000e+00 0.000000000000000000e+00 0.000000000000000000e+00 0.000000000000000000e+00 0.000000000000000000e+00 0.000000000000000000e+00 0.000000000000000000e+00 0.000000000000000000e+00 0.000000000000000000e+00 0.000000000000000000e+00 0.000000000000000000e+00 7.558379729744046926e-05 1.275169011205434799e-02 3.480572402477264404e-01 2.746978700160980225e-01 1.000914052128791809e-01 8.308856189250946045e-02 9.516263753175735474e-02 8.548878878355026245e-02 5.862138932570815086e-04 0.000000000000000000e+00 0.000000000000000000e+00 0.000000000000000000e+00 0.000000000000000000e+00 0.000000000000000000e+00 0.000000000000000000e+00 0.000000000000000000e+00 0.000000000000000000e+00 0.000000000000000000e+00 0.000000000000000000e+00 0.000000000000000000e+00 0.000000000000000000e+00 0.000000000000000000e+00 0.000000000000000000e+00 0.000000000000000000e+00 0.000000000000000000e+00 0.000000000000000000e+00 0.000000000000000000e+00 0.000000000000000000e+00 1.476520701544359326e-04 5.358012393116950989e-02 6.865645200014114380e-02 7.768519967794418335e-02 4.684543013572692871e-01 3.209744989871978760e-01 1.050175353884696960e-02 0.000000000000000000e+00 0.000000000000000000e+00 0.000000000000000000e+00 0.000000000000000000e+00 0.000000000000000000e+00 0.000000000000000000e+00 0.000000000000000000e+00 0.000000000000000000e+00 0.000000000000000000e+00 0.000000000000000000e+00 0.000000000000000000e+00 0.000000000000000000e+00 0.000000000000000000e+00 0.000000000000000000e+00 0.000000000000000000e+00
2.892239205539226532e-02 2.159512974321842194e-02 1.372482441365718842e-02 9.652950800955295563e-03 7.339734584093093872e-03 6.648936308920383453e-03 8.329879492521286011e-03 9.961890988051891327e-03 9.823731146752834320e-03 9.359360672533512115e-03 9.719152003526687622e-03 1.136075798422098160e-02 1.494235638529062271e-02 2.698815613985061646e-02 1.733232848346233368e-02 1.201125979423522949e-02 1.552953571081161499e-02 3.043543361127376556e-02 7.104095816612243652e-02 1.479076445102691650e-01 1.139414682984352112e-01 1.009918749332427979e-01 9.933011978864669800e-02 6.071543693542480469e-02 6.928037852048873901e-02 5.823719874024391174e-02 1.371331047266721725e-02 1.076494459994137287e-03 8.730926492717117071e-05 0.000000000000000000e+00 0.000000000000000000e+00 0.000000000000000000e+00 0.000000000000000000e+00 0.000000000000000000e+00 0.000000000000000000e+00 0.000000000000000000e+00 0.000000000000000000e+00 0.000000000000000000e+00 0.000000000000000000e+00 0.000000000000000000e+00 0.000000000000000000e+00 0.000000000000000000e+00 0.000000000000000000e+00 0.000000000000000000e+00 1.726996379147749394e-05 3.156565653625875711e-04 1.354732783511281013e-03 8.211867883801460266e-03 2.505017817020416260e-01 2.766465842723846436e-01 4.564413130283355713e-01 3.216051030904054642e-03 1.667510950937867165e-03 1.282774610444903374e-03 3.242915554437786341e-04 2.014829078689217567e-05 0.000000000000000000e+00 0.000000000000000000e+00 0.000000000000000000e+00 0.000000000000000000e+00 0.000000000000000000e+00 0.000000000000000000e+00 0.000000000000000000e+00 0.000000000000000000e+00 0.000000000000000000e+00 0.000000000000000000e+00 0.000000000000000000e+00 0.000000000000000000e+00 0.000000000000000000e+00 0.000000000000000000e+00 0.000000000000000000e+00 0.000000000000000000e+00 9.594424454917316325e-07 3.425209433771669865e-04 1.056346110999584198e-03 1.610903884284198284e-03 1.007702387869358063e-02 4.656395018100738525e-01 3.771520256996154785e-01 1.158593893051147461e-01 2.752160653471946716e-02 1.631052145967260003e-04 2.494550426490604877e-04 3.271698660682886839e-04 0.000000000000000000e+00 0.000000000000000000e+00 0.000000000000000000e+00 0.000000000000000000e+00 0.000000000000000000e+00 0.000000000000000000e+00 0.000000000000000000e+00 0.000000000000000000e+00 0.000000000000000000e+00 0.000000000000000000e+00 0.000000000000000000e+00 0.000000000000000000e+00
1.114223990589380264e-02 1.253903005272150040e-02 2.011644840240478516e-02 3.914353251457214355e-02 6.971919536590576172e-02 8.872757107019424438e-02 7.273065298795700073e-02 5.381584167480468750e-02 5.497738346457481384e-02 6.144138053059577942e-02 6.398767977952957153e-02 6.653130799531936646e-02 7.124163210391998291e-02 7.199950516223907471e-02 4.869249835610389709e-02 2.767248079180717468e-02 1.255239639431238174e-02 4.978987853974103928e-03 1.865950995124876499e-03 1.758351363241672516e-02 3.047006949782371521e-02 3.538356348872184753e-02 2.789837308228015900e-02 3.177997842431068420e-02 2.875115023925900459e-03 1.323274627793580294e-04 1.336641048510500696e-06 0.000000000000000000e+00 0.000000000000000000e+00 0.000000000000000000e+00 0.000000000000000000e+00 0.000000000000000000e+00 0.000000000000000000e+00 0.000000000000000000e+00 0.000000000000000000e+00 0.000000000000000000e+00 0.000000000000000000e+00 0.000000000000000000e+00 0.000000000000000000e+00 0.000000000000000000e+00 0.000000000000000000e+00 0.000000000000000000e+00 0.000000000000000000e+00 0.000000000000000000e+00 0.000000000000000000e+00 2.862015925347805023e-02 9.868153929710388184e-02 9.797846525907516479e-02 1.464851647615432739e-01 2.872962951660156250e-01 1.205930933356285095e-01 1.598208397626876831e-01 6.052444502711296082e-02 0.000000000000000000e+00 0.000000000000000000e+00 0.000000000000000000e+00 0.000000000000000000e+00 0.000000000000000000e+00 0.000000000000000000e+00 0.000000000000000000e+00 0.000000000000000000e+00 0.000000000000000000e+00 0.000000000000000000e+00 0.000000000000000000e+00 0.000000000000000000e+00 0.000000000000000000e+00 0.000000000000000000e+00 0.000000000000000000e+00 0.000000000000000000e+00 0.000000000000000000e+00 0.000000000000000000e+00 0.000000000000000000e+00 0.000000000000000000e+00 0.000000000000000000e+00 0.000000000000000000e+00 2.673282097021001391e-06 3.734040632843971252e-02 1.842319071292877197e-01 4.258872568607330322e-01 1.682750880718231201e-01 1.662153303623199463e-01 1.804732717573642731e-02 0.000000000000000000e+00 0.000000000000000000e+00 0.000000000000000000e+00 0.000000000000000000e+00 0.000000000000000000e+00 0.000000000000000000e+00 0.000000000000000000e+00 0.000000000000000000e+00 0.000000000000000000e+00 0.000000000000000000e+00 0.000000000000000000e+00 0.000000000000000000e+00 0.000000000000000000e+00 0.000000000000000000e+00
7.069143466651439667e-03 4.659839440137147903e-03 4.636024590581655502e-03 6.884575821459293365e-03 2.411685325205326080e-02 1.056382507085800171e-01 2.030582726001739502e-01 2.207847088575363159e-01 1.322318762540817261e-01 8.293046057224273682e-02 5.673969909548759460e-02 4.344089701771736145e-02 3.761610016226768494e-02 3.173771500587463379e-02 1.689291186630725861e-02 8.029690012335777283e-03 3.836230840533971786e-03 2.234659157693386078e-03 2.139398362487554550e-03 1.938953762874007225e-03 4.088275018148124218e-04 5.080574774183332920e-04 5.338572664186358452e-04 6.628562114201486111e-04 7.462094072252511978e-04 2.361673396080732346e-04 1.925061515066772699e-04 4.961498780176043510e-05 3.373819345142692327e-05 1.190759667224483564e-05 0.000000000000000000e+00 0.000000000000000000e+00 0.000000000000000000e+00 0.000000000000000000e+00 0.000000000000000000e+00 0.000000000000000000e+00 0.000000000000000000e+00 0.000000000000000000e+00 0.000000000000000000e+00 0.000000000000000000e+00 0.000000000000000000e+00 0.000000000000000000e+00 0.000000000000000000e+00 0.000000000000000000e+00 0.000000000000000000e+00 0.000000000000000000e+00 0.000000000000000000e+00 1.686909527052193880e-04 9.095419198274612427e-02 6.351413130760192871e-01 2.730273008346557617e-01 5.675954744219779968e-04 1.051837753038853407e-04 3.572279092622920871e-05 0.000000000000000000e+00 0.000000000000000000e+00 0.000000000000000000e+00 0.000000000000000000e+00 0.000000000000000000e+00 0.000000000000000000e+00 0.000000000000000000e+00 0.000000000000000000e+00 0.000000000000000000e+00 0.000000000000000000e+00 0.000000000000000000e+00 0.000000000000000000e+00 0.000000000000000000e+00 0.000000000000000000e+00 0.000000000000000000e+00 0.000000000000000000e+00 0.000000000000000000e+00 0.000000000000000000e+00 0.000000000000000000e+00 0.000000000000000000e+00 1.984599475690629333e-05 2.976899304485414177e-05 5.159958891454152763e-05 4.844605922698974609e-02 8.252719044685363770e-01 1.235988736152648926e-01 2.581964014098048210e-03 0.000000000000000000e+00 0.000000000000000000e+00 0.000000000000000000e+00 0.000000000000000000e+00 0.000000000000000000e+00 0.000000000000000000e+00 0.000000000000000000e+00 0.000000000000000000e+00 0.000000000000000000e+00 0.000000000000000000e+00 0.000000000000000000e+00 0.000000000000000000e+00 0.000000000000000000e+00 0.000000000000000000e+00 0.000000000000000000e+00
8.667914516991004348e-05 7.407600060105323792e-03 4.720893129706382751e-02 7.946224510669708252e-02 7.461341470479965210e-02 7.141148298978805542e-02 5.803428962826728821e-02 4.893384501338005066e-02 4.404514282941818237e-02 4.406507685780525208e-02 4.077994078397750854e-02 3.353182971477508545e-02 3.016087599098682404e-02 2.981675975024700165e-02 2.991904132068157196e-02 3.066534921526908875e-02 3.154254332184791565e-02 3.307936340570449829e-02 3.306723013520240784e-02 3.317557647824287415e-02 3.257749229669570923e-02 3.109267726540565491e-02 2.869773283600807190e-02 2.641547098755836487e-02 2.283042110502719879e-02 1.868022419512271881e-02 1.425958704203367233e-02 1.026281155645847321e-02 7.351258769631385803e-03 4.652069881558418274e-03 1.984085654839873314e-03 1.889605482574552298e-04 0.000000000000000000e+00 0.000000000000000000e+00 0.000000000000000000e+00 0.000000000000000000e+00 0.000000000000000000e+00 0.000000000000000000e+00 0.000000000000000000e+00 0.000000000000000000e+00 0.000000000000000000e+00 0.000000000000000000e+00 0.000000000000000000e+00 0.000000000000000000e+00 0.000000000000000000e+00 0.000000000000000000e+00 0.000000000000000000e+00 7.086887024343013763e-03 5.381301417946815491e-02 6.034628152847290039e-01 3.318771123886108398e-01 3.760141553357243538e-03 0.000000000000000000e+00 0.000000000000000000e+00 0.000000000000000000e+00 0.000000000000000000e+00 0.000000000000000000e+00 0.000000000000000000e+00 0.000000000000000000e+00 0.000000000000000000e+00 0.000000000000000000e+00 0.000000000000000000e+00 0.000000000000000000e+00 0.000000000000000000e+00 0.000000000000000000e+00 0.000000000000000000e+00 0.000000000000000000e+00 0.000000000000000000e+00 0.000000000000000000e+00 0.000000000000000000e+00 0.000000000000000000e+00 0.000000000000000000e+00 0.000000000000000000e+00 0.000000000000000000e+00 0.000000000000000000e+00 3.250467998441308737e-04 1.781256520189344883e-03 1.648958176374435425e-01 7.634751200675964355e-01 6.952274590730667114e-02 0.000000000000000000e+00 0.000000000000000000e+00 0.000000000000000000e+00 0.000000000000000000e+00 0.000000000000000000e+00 0.000000000000000000e+00 0.000000000000000000e+00 0.000000000000000000e+00 0.000000000000000000e+00 0.000000000000000000e+00 0.000000000000000000e+00 0.000000000000000000e+00 0.000000000000000000e+00 0.000000000000000000e+00 0.000000000000000000e+00 0.000000000000000000e+00
6.144037470221519470e-03 7.238916121423244476e-03 1.500853896141052246e-02 3.015059232711791992e-02 4.904763400554656982e-02 4.393593221902847290e-02 3.112234361469745636e-02 2.595074847340583801e-02 2.845334447920322418e-02 3.349846601486206055e-02 4.024463891983032227e-02 4.051928222179412842e-02 3.714740648865699768e-02 4.513709247112274170e-02 4.994772374629974365e-02 5.497888103127479553e-02 7.122712582349777222e-02 7.966038584709167480e-02 6.956207007169723511e-02 5.119954422116279602e-02 3.999422863125801086e-02 3.626301139593124390e-02 2.889150381088256836e-02 2.488287352025508881e-02 1.668282225728034973e-02 1.003508083522319794e-02 6.850377190858125687e-03 5.609522573649883270e-03 5.532437935471534729e-03 6.103071849793195724e-03 7.816127501428127289e-03 1.164231798611581326e-03 0.000000000000000000e+00 0.000000000000000000e+00 0.000000000000000000e+00 0.000000000000000000e+00 0.000000000000000000e+00 0.000000000000000000e+00 0.000000000000000000e+00 0.000000000000000000e+00 0.000000000000000000e+00 0.000000000000000000e+00 0.000000000000000000e+00 0.000000000000000000e+00 2.609107177704572678e-04 6.214083172380924225e-03 6.554063409566879272e-02 3.066453039646148682e-01 1.878538578748703003e-01 1.477681249380111694e-01 2.344892621040344238e-01 4.648306965827941895e-02 4.698700737208127975e-03 4.223499126965180039e-05 3.808073188338312320e-06 0.000000000000000000e+00 0.000000000000000000e+00 0.000000000000000000e+00 0.000000000000000000e+00 0.000000000000000000e+00 0.000000000000000000e+00 0.000000000000000000e+00 0.000000000000000000e+00 0.000000000000000000e+00 0.000000000000000000e+00 0.000000000000000000e+00 0.000000000000000000e+00 0.000000000000000000e+00 0.000000000000000000e+00 0.000000000000000000e+00 0.000000000000000000e+00 3.461884716671193019e-07 1.144729831139557064e-04 4.867640789598226547e-03 3.961446136236190796e-02 1.297564059495925903e-01 8.114484697580337524e-02 7.958422601222991943e-02 8.919165283441543579e-02 1.385100036859512329e-01 3.596825599670410156e-01 7.238177955150604248e-02 4.300699103623628616e-03 6.432181689888238907e-04 2.058667450910434127e-04 1.846338477662357036e-06 0.000000000000000000e+00 0.000000000000000000e+00 0.000000000000000000e+00 0.000000000000000000e+00 0.000000000000000000e+00 0.000000000000000000e+00 0.000000000000000000e+00 0.000000000000000000e+00 0.000000000000000000e+00 0.000000000000000000e+00
4.146005492657423019e-03 1.577249728143215179e-02 1.989325135946273804e-02 2.744490280747413635e-02 2.897268161177635193e-02 2.678604237735271454e-02 2.850091829895973206e-02 3.509527072310447693e-02 4.029843956232070923e-02 3.698806092143058777e-02 3.232323378324508667e-02 3.119260817766189575e-02 3.394168987870216370e-02 3.427226841449737549e-02 3.628328815102577209e-02 4.527663066983222961e-02 5.586432665586471558e-02 6.223943829536437988e-02 6.852387636899948120e-02 6.547290831804275513e-02 8.477961272001266479e-02 7.153351604938507080e-02 4.222796112298965454e-02 2.594123035669326782e-02 1.679752022027969360e-02 1.156221330165863037e-02 9.186180308461189270e-03 5.102158058434724808e-03 2.129246946424245834e-03 9.263085667043924332e-04 4.040404164697974920e-04 1.216712553286924958e-04 0.000000000000000000e+00 0.000000000000000000e+00 0.000000000000000000e+00 0.000000000000000000e+00 0.000000000000000000e+00 0.000000000000000000e+00 0.000000000000000000e+00 0.000000000000000000e+00 0.000000000000000000e+00 0.000000000000000000e+00 0.000000000000000000e+00 0.000000000000000000e+00 0.000000000000000000e+00 0.000000000000000000e+00 1.147842112914077006e-06 7.424242328852415085e-03 1.479637324810028076e-01 4.553191065788269043e-01 1.520913690328598022e-01 1.544628143310546875e-01 5.047979950904846191e-02 2.570362761616706848e-02 6.554177962243556976e-03 0.000000000000000000e+00 0.000000000000000000e+00 0.000000000000000000e+00 0.000000000000000000e+00 0.000000000000000000e+00 0.000000000000000000e+00 0.000000000000000000e+00 0.000000000000000000e+00 0.000000000000000000e+00 0.000000000000000000e+00 0.000000000000000000e+00 0.000000000000000000e+00 0.000000000000000000e+00 0.000000000000000000e+00 2.180899900849908590e-05 1.004361780360341072e-03 2.209595870226621628e-03 3.653581254184246063e-03 9.692378342151641846e-03 1.803259924054145813e-02 6.033631786704063416e-02 1.829924285411834717e-01 8.010560274124145508e-02 3.771889209747314453e-01 2.610479891300201416e-01 3.712121164426207542e-03 2.295684225828154013e-06 0.000000000000000000e+00 0.000000000000000000e+00 0.000000000000000000e+00 0.000000000000000000e+00 0.000000000000000000e+00 0.000000000000000000e+00 0.000000000000000000e+00 0.000000000000000000e+00 0.000000000000000000e+00 0.000000000000000000e+00 0.000000000000000000e+00 0.000000000000000000e+00 0.000000000000000000e+00 0.000000000000000000e+00
4.637056216597557068e-02 3.394798561930656433e-02 3.089704737067222595e-02 3.534226864576339722e-02 4.621294885873794556e-02 5.662804096937179565e-02 5.802588537335395813e-02 5.465944483876228333e-02 4.735677689313888550e-02 4.073645919561386108e-02 3.551220521330833435e-02 3.166402503848075867e-02 2.935021556913852692e-02 2.946086041629314423e-02 3.021455742418766022e-02 3.093990869820117950e-02 3.575965017080307007e-02 4.365292564034461975e-02 5.082386359572410583e-02 5.339716747403144836e-02 4.730172827839851379e-02 3.817150741815567017e-02 2.735012583434581757e-02 1.911437325179576874e-02 1.370347756892442703e-02 9.180201217532157898e-03 6.227994337677955627e-03 4.741962999105453491e-03 3.949102479964494705e-03 3.933080937713384628e-03 2.932351315394043922e-03 2.441298216581344604e-03 0.000000000000000000e+00 0.000000000000000000e+00 0.000000000000000000e+00 0.000000000000000000e+00 0.000000000000000000e+00 0.000000000000000000e+00 0.000000000000000000e+00 0.000000000000000000e+00 0.000000000000000000e+00 0.000000000000000000e+00 0.000000000000000000e+00 2.749678387772291899e-04 3.849002066999673843e-03 2.658355794847011566e-02 9.239179641008377075e-02 1.635320633649826050e-01 1.559489518404006958e-01 1.854771822690963745e-01 2.302418947219848633e-01 1.271045655012130737e-01 1.440253667533397675e-02 1.934908214025199413e-04 0.000000000000000000e+00 0.000000000000000000e+00 0.000000000000000000e+00 0.000000000000000000e+00 0.000000000000000000e+00 0.000000000000000000e+00 0.000000000000000000e+00 0.000000000000000000e+00 0.000000000000000000e+00 0.000000000000000000e+00 0.000000000000000000e+00 0.000000000000000000e+00 0.000000000000000000e+00 1.780170350684784353e-06 4.340876694186590612e-05 3.218000347260385752e-04 1.631046878173947334e-03 8.212062530219554901e-03 2.344525419175624847e-02 3.890220075845718384e-02 5.278492718935012817e-02 7.874432951211929321e-02 1.140127852559089661e-01 1.352251619100570679e-01 1.303432434797286987e-01 2.046501636505126953e-01 1.453830897808074951e-01 3.422254323959350586e-02 1.990230381488800049e-02 8.649847470223903656e-03 3.056415589526295662e-03 4.487398546189069748e-04 1.889719351311214268e-05 0.000000000000000000e+00 0.000000000000000000e+00 0.000000000000000000e+00 0.000000000000000000e+00 0.000000000000000000e+00 0.000000000000000000e+00 0.000000000000000000e+00 0.000000000000000000e+00 0.000000000000000000e+00
8.689833521202672273e-06 8.689833521202672273e-06 6.517375004477798939e-05 2.520051784813404083e-04 6.343578570522367954e-04 1.472926815040409565e-03 2.976268064230680466e-03 3.697524312883615494e-03 5.826533306390047073e-03 7.034420501440763474e-03 1.034959219396114349e-02 1.310426928102970123e-02 1.743615232408046722e-02 1.384290494024753571e-02 1.267412211745977402e-02 1.631081849336624146e-02 2.237632125616073608e-02 2.748594433069229126e-02 4.340137541294097900e-02 7.103939354419708252e-02 1.031526699662208557e-01 1.987278014421463013e-01 2.391051203012466431e-01 1.104173734784126282e-01 4.937998205423355103e-02 2.466609328985214233e-02 3.645385149866342545e-03 8.993977680802345276e-04 8.689833521202672273e-06 0.000000000000000000e+00 0.000000000000000000e+00 0.000000000000000000e+00 0.000000000000000000e+00 0.000000000000000000e+00 0.000000000000000000e+00 0.000000000000000000e+00 0.000000000000000000e+00 0.000000000000000000e+00 0.000000000000000000e+00 0.000000000000000000e+00 0.000000000000000000e+00 0.000000000000000000e+00 0.000000000000000000e+00 1.207886845804750919e-03 3.571521723642945290e-03 1.746656605973839760e-03 1.976937288418412209e-03 6.043779198080301285e-03 2.450967580080032349e-02 9.183850884437561035e-01 1.930011995136737823e-02 1.134023349732160568e-02 3.906080266460776329e-03 3.354275831952691078e-03 1.811830326914787292e-03 2.845920622348785400e-03 0.000000000000000000e+00 0.000000000000000000e+00 0.000000000000000000e+00 0.000000000000000000e+00 0.000000000000000000e+00 0.000000000000000000e+00 0.000000000000000000e+00 0.000000000000000000e+00 0.000000000000000000e+00 0.000000000000000000e+00 0.000000000000000000e+00 0.000000000000000000e+00 0.000000000000000000e+00 0.000000000000000000e+00 0.000000000000000000e+00 4.258018452674150467e-04 9.385020239278674126e-04 8.907079463824629784e-04 2.115974435582756996e-03 4.101601429283618927e-03 1.262198388576507568e-02 3.081849589943885803e-02 9.113723635673522949e-01 2.710359171032905579e-02 6.069848779588937759e-03 1.829209970310330391e-03 3.041441959794610739e-04 2.302805951330810785e-04 6.387027679011225700e-04 5.387697019614279270e-04 0.000000000000000000e+00 0.000000000000000000e+00 0.000000000000000000e+00 0.000000000000000000e+00 0.000000000000000000e+00 0.000000000000000000e+00 0.000000000000000000e+00 0.000000000000000000e+00 0.000000000000000000e+00 0.000000000000000000e+00
3.648064011940732598e-05 1.149140152847394347e-04 1.409064745530486107e-03 7.164797745645046234e-03 2.137035876512527466e-02 3.540172427892684937e-02 4.120305925607681274e-02 5.970056727528572083e-02 5.934944003820419312e-02 5.483313649892807007e-02 5.332922190427780151e-02 4.698979854583740234e-02 4.082457348704338074e-02 4.572027549147605896e-02 6.282696127891540527e-02 7.306889444589614868e-02 6.585849821567535400e-02 6.374170631170272827e-02 5.791757628321647644e-02 7.636310160160064697e-02 5.732202902436256409e-02 3.572184219956398010e-02 2.986305207014083862e-02 8.635879494249820709e-03 1.072530751116573811e-03 1.596028014319017529e-04 9.120159916164993774e-07 0.000000000000000000e+00 0.000000000000000000e+00 0.000000000000000000e+00 0.000000000000000000e+00 0.000000000000000000e+00 0.000000000000000000e+00 0.000000000000000000e+00 0.000000000000000000e+00 0.000000000000000000e+00 0.000000000000000000e+00 0.000000000000000000e+00 0.000000000000000000e+00 0.000000000000000000e+00 0.000000000000000000e+00 0.000000000000000000e+00 0.000000000000000000e+00 0.000000000000000000e+00 0.000000000000000000e+00 0.000000000000000000e+00 1.003217585093807429e-05 4.906190186738967896e-02 7.548446059226989746e-01 1.806977242231369019e-01 1.538570970296859741e-02 0.000000000000000000e+00 0.000000000000000000e+00 0.000000000000000000e+00 0.000000000000000000e+00 0.000000000000000000e+00 0.000000000000000000e+00 0.000000000000000000e+00 0.000000000000000000e+00 0.000000000000000000e+00 0.000000000000000000e+00 0.000000000000000000e+00 0.000000000000000000e+00 0.000000000000000000e+00 0.000000000000000000e+00 0.000000000000000000e+00 0.000000000000000000e+00 0.000000000000000000e+00 0.000000000000000000e+00 0.000000000000000000e+00 0.000000000000000000e+00 0.000000000000000000e+00 0.000000000000000000e+00 0.000000000000000000e+00 0.000000000000000000e+00 1.550427259644493461e-05 2.195222536101937294e-03 2.211274020373821259e-02 3.454224169254302979e-01 5.858207345008850098e-01 4.388985782861709595e-02 5.435615312308073044e-04 0.000000000000000000e+00 0.000000000000000000e+00 0.000000000000000000e+00 0.000000000000000000e+00 0.000000000000000000e+00 0.000000000000000000e+00 0.000000000000000000e+00 0.000000000000000000e+00 0.000000000000000000e+00 0.000000000000000000e+00 0.000000000000000000e+00 0.000000000000000000e+00 0.000000000000000000e+00 0.000000000000000000e+00
9.418080002069473267e-02 7.523800432682037354e-02 6.230270490050315857e-02 7.051041722297668457e-02 6.030853092670440674e-02 3.302815183997154236e-02 2.764499932527542114e-02 2.699817158281803131e-02 2.759505063295364380e-02 2.794218994677066803e-02 2.893490716814994812e-02 2.919963188469409943e-02 3.185562044382095337e-02 3.816031292080879211e-02 4.864940419793128967e-02 4.440881311893463135e-02 3.916052356362342834e-02 3.232388198375701904e-02 3.105020709335803986e-02 3.056571073830127716e-02 2.803084813058376312e-02 2.629765123128890991e-02 2.800462581217288971e-02 1.284164469689130783e-02 9.597518481314182281e-03 7.522176951169967651e-03 6.272227037698030472e-03 5.326959770172834396e-03 4.927375353872776031e-03 3.691161284223198891e-03 3.321545664221048355e-03 4.108227323740720749e-03 1.024809200316667557e-02 1.779524236917495728e-02 2.110679820179939270e-02 2.312095463275909424e-02 2.550347708165645599e-02 2.875009924173355103e-02 2.675217762589454651e-02 2.665852569043636322e-02 2.642626687884330750e-02 2.751138806343078613e-02 2.778610214591026306e-02 2.578942850232124329e-02 2.747892215847969055e-02 3.432055562734603882e-02 4.995679482817649841e-02 1.429013758897781372e-01 2.233964204788208008e-01 5.422485619783401489e-02 2.932949736714363098e-02 4.455741122364997864e-02 3.440047428011894226e-02 4.311890527606010437e-02 1.305017806589603424e-02 8.616039529442787170e-03 5.277012009173631668e-03 1.563374069519340992e-03 2.734655863605439663e-04 5.993766535539180040e-05 2.622272768348921090e-05 0.000000000000000000e+00 0.000000000000000000e+00 0.000000000000000000e+00 1.048909107339568436e-04 6.842883303761482239e-04 7.766922353766858578e-04 9.615000453777611256e-04 9.764844435267150402e-04 9.340285905636847019e-04 2.327579306438565254e-03 3.312804736196994781e-03 6.011248100548982620e-03 2.189472876489162445e-02 3.281836956739425659e-02 2.806830964982509613e-02 5.234555900096893311e-02 7.308274507522583008e-02 1.066403463482856750e-01 3.376388549804687500e-01 1.894005239009857178e-01 5.036512017250061035e-02 3.886083513498306274e-02 2.300607413053512573e-02 1.944852434098720551e-02 8.798349648714065552e-03 3.383980656508356333e-04 2.759629860520362854e-04 7.542156381532549858e-04 1.735694822855293751e-04 0.000000000000000000e+00 0.000000000000000000e+00 0.000000000000000000e+00 0.000000000000000000e+00 0.000000000000000000e+00 0.000000000000000000e+00
5.790388058812823147e-06 4.963189894624520093e-06 4.963189894624520093e-06 1.571676693856716156e-05 1.828108215704560280e-04 1.512118498794734478e-03 5.982297938317060471e-03 1.455951668322086334e-02 2.112747170031070709e-02 2.067168429493904114e-02 2.124906890094280243e-02 2.324179001152515411e-02 2.239804714918136597e-02 2.119447477161884308e-02 3.985524177551269531e-02 5.674993619322776794e-02 9.071718156337738037e-02 9.295061975717544556e-02 1.137885674834251404e-01 7.525932788848876953e-02 5.483497306704521179e-02 6.157912313938140869e-02 7.906774431467056274e-02 6.210025772452354431e-02 7.477789372205734253e-02 3.358507901430130005e-02 1.179171167314052582e-02 7.453056750819087029e-04 4.301431181374937296e-05 3.308793111500563100e-06 0.000000000000000000e+00 0.000000000000000000e+00 0.000000000000000000e+00 0.000000000000000000e+00 0.000000000000000000e+00 0.000000000000000000e+00 0.000000000000000000e+00 0.000000000000000000e+00 0.000000000000000000e+00 0.000000000000000000e+00 0.000000000000000000e+00 0.000000000000000000e+00 0.000000000000000000e+00 0.000000000000000000e+00 0.000000000000000000e+00 0.000000000000000000e+00 0.000000000000000000e+00 0.000000000000000000e+00 3.412829935550689697e-01 1.714260876178741455e-01 1.312589943408966064e-01 3.560319244861602783e-01 0.000000000000000000e+00 0.000000000000000000e+00 0.000000000000000000e+00 0.000000000000000000e+00 0.000000000000000000e+00 0.000000000000000000e+00 0.000000000000000000e+00 0.000000000000000000e+00 0.000000000000000000e+00 0.000000000000000000e+00 0.000000000000000000e+00 0.000000000000000000e+00 0.000000000000000000e+00 0.000000000000000000e+00 0.000000000000000000e+00 0.000000000000000000e+00 0.000000000000000000e+00 0.000000000000000000e+00 0.000000000000000000e+00 0.000000000000000000e+00 0.000000000000000000e+00 0.000000000000000000e+00 9.926379789249040186e-06 3.350095152854919434e-01 1.438034623861312866e-01 4.470510408282279968e-02 4.171519577503204346e-01 5.931921675801277161e-02 8.271982778751407750e-07 0.000000000000000000e+00 0.000000000000000000e+00 0.000000000000000000e+00 0.000000000000000000e+00 0.000000000000000000e+00 0.000000000000000000e+00 0.000000000000000000e+00 0.000000000000000000e+00 0.000000000000000000e+00 0.000000000000000000e+00 0.000000000000000000e+00 0.000000000000000000e+00 0.000000000000000000e+00 0.000000000000000000e+00 0.000000000000000000e+00
1.894833520054817200e-03 5.203688982874155045e-03 5.170688033103942871e-02 6.232843920588493347e-02 1.188325062394142151e-01 3.599746525287628174e-02 1.012326218187808990e-02 1.433254685252904892e-02 2.541743218898773193e-02 2.895576506853103638e-02 4.340851306915283203e-02 6.116137653589248657e-02 5.462453141808509827e-02 3.719949349761009216e-02 2.647958695888519287e-02 2.275985665619373322e-02 2.039732411503791809e-02 8.436270803213119507e-02 6.543622910976409912e-02 1.108204424381256104e-01 1.068165898323059082e-01 2.941690618172287941e-03 1.372497645206749439e-03 2.371273702010512352e-03 2.961360150948166847e-03 1.309117884375154972e-03 5.288923857733607292e-04 1.923244999488815665e-04 6.337966624414548278e-05 0.000000000000000000e+00 0.000000000000000000e+00 0.000000000000000000e+00 0.000000000000000000e+00 0.000000000000000000e+00 0.000000000000000000e+00 0.000000000000000000e+00 0.000000000000000000e+00 0.000000000000000000e+00 0.000000000000000000e+00 0.000000000000000000e+00 0.000000000000000000e+00 0.000000000000000000e+00 0.000000000000000000e+00 0.000000000000000000e+00 0.000000000000000000e+00 0.000000000000000000e+00 2.185505763918627053e-05 1.121164415962994099e-03 3.621820211410522461e-01 5.614826679229736328e-01 7.490383833646774292e-02 2.884867426473647356e-04 0.000000000000000000e+00 0.000000000000000000e+00 0.000000000000000000e+00 0.000000000000000000e+00 0.000000000000000000e+00 0.000000000000000000e+00 0.000000000000000000e+00 0.000000000000000000e+00 0.000000000000000000e+00 0.000000000000000000e+00 0.000000000000000000e+00 0.000000000000000000e+00 0.000000000000000000e+00 0.000000000000000000e+00 0.000000000000000000e+00 0.000000000000000000e+00 0.000000000000000000e+00 0.000000000000000000e+00 0.000000000000000000e+00 0.000000000000000000e+00 0.000000000000000000e+00 0.000000000000000000e+00 0.000000000000000000e+00 0.000000000000000000e+00 1.966955096577294171e-05 1.164000388234853745e-02 8.129972219467163086e-01 1.753147095441818237e-01 2.841157402144744992e-05 0.000000000000000000e+00 0.000000000000000000e+00 0.000000000000000000e+00 0.000000000000000000e+00 0.000000000000000000e+00 0.000000000000000000e+00 0.000000000000000000e+00 0.000000000000000000e+00 0.000000000000000000e+00 0.000000000000000000e+00 0.000000000000000000e+00 0.000000000000000000e+00 0.000000000000000000e+00 0.000000000000000000e+00 0.000000000000000000e+00
3.514297422952950001e-04 5.659345071762800217e-03 2.888851985335350037e-02 3.853046149015426636e-02 4.706506431102752686e-02 4.270203039050102234e-02 3.567840903997421265e-02 3.323166072368621826e-02 2.884624898433685303e-02 2.483961917459964752e-02 2.687774598598480225e-02 2.485370822250843048e-02 2.029672637581825256e-02 2.036966383457183838e-02 1.689349301159381866e-02 1.514297537505626678e-02 1.529133878648281097e-02 1.777869835495948792e-02 1.143141277134418488e-02 1.103854086250066757e-02 2.035308815538883209e-02 3.654786571860313416e-02 4.863157868385314941e-02 2.375134639441967010e-02 2.794529683887958527e-02 2.919685095548629761e-02 3.094322420656681061e-02 3.297472000122070312e-02 4.130625724792480469e-02 5.263157933950424194e-02 3.389473631978034973e-02 1.560563594102859497e-01 0.000000000000000000e+00 0.000000000000000000e+00 0.000000000000000000e+00 0.000000000000000000e+00 0.000000000000000000e+00 0.000000000000000000e+00 0.000000000000000000e+00 0.000000000000000000e+00 0.000000000000000000e+00 0.000000000000000000e+00 0.000000000000000000e+00 0.000000000000000000e+00 0.000000000000000000e+00 0.000000000000000000e+00 1.176958158612251282e-02 4.539079964160919189e-02 5.606473088264465332e-01 3.528304994106292725e-01 2.637049369513988495e-02 2.988810651004314423e-03 2.486531229806132615e-06 0.000000000000000000e+00 0.000000000000000000e+00 0.000000000000000000e+00 0.000000000000000000e+00 0.000000000000000000e+00 0.000000000000000000e+00 0.000000000000000000e+00 0.000000000000000000e+00 0.000000000000000000e+00 0.000000000000000000e+00 0.000000000000000000e+00 0.000000000000000000e+00 0.000000000000000000e+00 0.000000000000000000e+00 0.000000000000000000e+00 0.000000000000000000e+00 0.000000000000000000e+00 0.000000000000000000e+00 0.000000000000000000e+00 0.000000000000000000e+00 0.000000000000000000e+00 1.243265614903066307e-05 7.384998025372624397e-04 1.894736848771572113e-02 1.719287186861038208e-01 3.087998330593109131e-01 3.888686299324035645e-01 1.067956909537315369e-01 2.449233317747712135e-03 1.387484488077461720e-03 7.210940384538844228e-05 0.000000000000000000e+00 0.000000000000000000e+00 0.000000000000000000e+00 0.000000000000000000e+00 0.000000000000000000e+00 0.000000000000000000e+00 0.000000000000000000e+00 0.000000000000000000e+00 0.000000000000000000e+00 0.000000000000000000e+00 0.000000000000000000e+00 0.000000000000000000e+00
9.984202682971954346e-03 1.347861159592866898e-02 2.095858193933963776e-02 3.412874788045883179e-02 4.961748793721199036e-02 6.736808270215988159e-02 7.943808287382125854e-02 7.169321924448013306e-02 6.388425827026367188e-02 6.234571710228919983e-02 5.824118107557296753e-02 5.122923105955123901e-02 4.686226695775985718e-02 4.447307065129280090e-02 4.193180426955223083e-02 3.648681566119194031e-02 3.309046477079391479e-02 3.079526685178279877e-02 2.769604139029979706e-02 2.587501704692840576e-02 2.362583391368389130e-02 2.129261940717697144e-02 1.848412305116653442e-02 1.526014320552349091e-02 1.119534857571125031e-02 8.200456388294696808e-03 6.135086528956890106e-03 5.078717134892940521e-03 4.516329150646924973e-03 4.036989063024520874e-03 5.887418985366821289e-03 6.708793342113494873e-03 0.000000000000000000e+00 0.000000000000000000e+00 0.000000000000000000e+00 0.000000000000000000e+00 0.000000000000000000e+00 0.000000000000000000e+00 0.000000000000000000e+00 0.000000000000000000e+00 0.000000000000000000e+00 0.000000000000000000e+00 0.000000000000000000e+00 9.104510354518424720e-06 1.691716315690428019e-04 2.660608384758234024e-03 2.198628336191177368e-02 1.449346989393234253e-01 3.014333546161651611e-01 2.071723788976669312e-01 1.425464749336242676e-01 1.620835363864898682e-01 1.643388718366622925e-02 5.391346057876944542e-04 3.137364910799078643e-05 0.000000000000000000e+00 0.000000000000000000e+00 0.000000000000000000e+00 0.000000000000000000e+00 0.000000000000000000e+00 0.000000000000000000e+00 0.000000000000000000e+00 0.000000000000000000e+00 0.000000000000000000e+00 0.000000000000000000e+00 0.000000000000000000e+00 0.000000000000000000e+00 0.000000000000000000e+00 0.000000000000000000e+00 1.476406964684429113e-06 2.915903860412072390e-05 1.063013041857630014e-04 3.880981821566820145e-03 3.779060766100883484e-02 7.093643397092819214e-02 6.138789653778076172e-02 5.928906053304672241e-02 1.018851250410079956e-01 2.306862622499465942e-01 3.138243257999420166e-01 9.562393277883529663e-02 1.867310330271720886e-02 5.261422600597143173e-03 6.026201299391686916e-04 2.042363121290691197e-05 8.612374244876264129e-07 0.000000000000000000e+00 0.000000000000000000e+00 0.000000000000000000e+00 0.000000000000000000e+00 0.000000000000000000e+00 0.000000000000000000e+00 0.000000000000000000e+00 0.000000000000000000e+00 0.000000000000000000e+00 0.000000000000000000e+00
2.765284664928913116e-02 2.385976910591125488e-02 3.233635053038597107e-02 4.134527966380119324e-02 4.750247299671173096e-02 5.251943692564964294e-02 5.167116224765777588e-02 5.194506794214248657e-02 5.147433280944824219e-02 4.824338108301162720e-02 4.546189308166503906e-02 4.533338174223899841e-02 4.671696946024894714e-02 5.013276636600494385e-02 5.351156368851661682e-02 5.769468843936920166e-02 6.457822024822235107e-02 6.685519963502883911e-02 5.575090646743774414e-02 3.742085769772529602e-02 2.131403610110282898e-02 1.153133250772953033e-02 6.715578958392143250e-03 3.463485743850469589e-03 1.596529036760330200e-03 1.022675656713545322e-03 9.324472048319876194e-04 4.055126919411122799e-04 1.339248847216367722e-04 2.677208685781806707e-04 4.459866322576999664e-04 1.642158895265311003e-04 0.000000000000000000e+00 0.000000000000000000e+00 0.000000000000000000e+00 0.000000000000000000e+00 0.000000000000000000e+00 0.000000000000000000e+00 0.000000000000000000e+00 0.000000000000000000e+00 0.000000000000000000e+00 0.000000000000000000e+00 0.000000000000000000e+00 0.000000000000000000e+00 2.835753093677340075e-06 1.022778823971748352e-02 2.148869261145591736e-02 9.672032296657562256e-02 9.253243356943130493e-02 2.124979346990585327e-01 2.891508042812347412e-01 2.005188167095184326e-01 7.314760982990264893e-02 3.578462637960910797e-03 1.343115873169153929e-04 0.000000000000000000e+00 0.000000000000000000e+00 0.000000000000000000e+00 0.000000000000000000e+00 0.000000000000000000e+00 0.000000000000000000e+00 0.000000000000000000e+00 0.000000000000000000e+00 0.000000000000000000e+00 0.000000000000000000e+00 0.000000000000000000e+00 0.000000000000000000e+00 0.000000000000000000e+00 0.000000000000000000e+00 0.000000000000000000e+00 0.000000000000000000e+00 1.791680369933601469e-05 2.114182803779840469e-03 6.143401376903057098e-03 1.081852708011865616e-02 2.037205174565315247e-02 1.739028245210647583e-01 2.511971890926361084e-01 2.481027543544769287e-01 1.829401105642318726e-01 7.720660418272018433e-02 2.128632366657257080e-02 5.898108705878257751e-03 0.000000000000000000e+00 0.000000000000000000e+00 0.000000000000000000e+00 0.000000000000000000e+00 0.000000000000000000e+00 0.000000000000000000e+00 0.000000000000000000e+00 0.000000000000000000e+00 0.000000000000000000e+00 0.000000000000000000e+00 0.000000000000000000e+00 0.000000000000000000e+00 0.000000000000000000e+00
1.762005686759948730e-02 2.791853249073028564e-02 3.515302017331123352e-02 3.884950652718544006e-02 4.298717156052589417e-02 4.618822410702705383e-02 4.987185820937156677e-02 5.399810150265693665e-02 5.313287675380706787e-02 4.995038360357284546e-02 4.828132688999176025e-02 4.739468544721603394e-02 4.789583012461662292e-02 5.185217037796974182e-02 5.885393172502517700e-02 5.811149254441261292e-02 5.673512816429138184e-02 5.538303405046463013e-02 5.163800343871116638e-02 4.755459353327751160e-02 3.213900700211524963e-02 1.674340851604938507e-02 7.914105430245399475e-03 2.884086919948458672e-03 8.523761644028127193e-04 9.280477388529106975e-05 4.283297130314167589e-06 0.000000000000000000e+00 0.000000000000000000e+00 0.000000000000000000e+00 0.000000000000000000e+00 0.000000000000000000e+00 0.000000000000000000e+00 0.000000000000000000e+00 0.000000000000000000e+00 0.000000000000000000e+00 0.000000000000000000e+00 0.000000000000000000e+00 0.000000000000000000e+00 0.000000000000000000e+00 0.000000000000000000e+00 0.000000000000000000e+00 0.000000000000000000e+00 0.000000000000000000e+00 0.000000000000000000e+00 0.000000000000000000e+00 0.000000000000000000e+00 1.673769764602184296e-02 1.310831755399703979e-01 2.923107743263244629e-01 2.891996800899505615e-01 1.831637918949127197e-01 6.407669931650161743e-02 1.710463315248489380e-02 5.748184863477945328e-03 5.753895966336131096e-04 0.000000000000000000e+00 0.000000000000000000e+00 0.000000000000000000e+00 0.000000000000000000e+00 0.000000000000000000e+00 0.000000000000000000e+00 0.000000000000000000e+00 0.000000000000000000e+00 0.000000000000000000e+00 0.000000000000000000e+00 0.000000000000000000e+00 0.000000000000000000e+00 0.000000000000000000e+00 0.000000000000000000e+00 0.000000000000000000e+00 0.000000000000000000e+00 0.000000000000000000e+00 0.000000000000000000e+00 1.057974435389041901e-02 1.138771697878837585e-01 2.001213580369949341e-01 2.129912376403808594e-01 1.921458542346954346e-01 2.404057681560516357e-01 2.983316592872142792e-02 4.568850272335112095e-05 0.000000000000000000e+00 0.000000000000000000e+00 0.000000000000000000e+00 0.000000000000000000e+00 0.000000000000000000e+00 0.000000000000000000e+00 0.000000000000000000e+00 0.000000000000000000e+00 0.000000000000000000e+00 0.000000000000000000e+00 0.000000000000000000e+00 0.000000000000000000e+00 0.000000000000000000e+00 0.000000000000000000e+00
4.925373286823742092e-05 1.208955218316987157e-04 3.977612068410962820e-04 1.363432849757373333e-03 3.455223981291055679e-03 6.409701425582170486e-03 1.165298465639352798e-02 1.953656785190105438e-02 2.580522373318672180e-02 3.720970079302787781e-02 4.569626972079277039e-02 6.120970100164413452e-02 6.643134355545043945e-02 7.698208838701248169e-02 8.789701759815216064e-02 7.711119204759597778e-02 5.767387896776199341e-02 4.898731410503387451e-02 4.685522243380546570e-02 5.046044662594795227e-02 4.822686687111854553e-02 4.662014916539192200e-02 4.601343348622322083e-02 4.209029674530029297e-02 2.893955260515213013e-02 2.231268584728240967e-02 1.807462610304355621e-02 1.415223907679319382e-02 7.667910307645797729e-03 4.701492434833198786e-04 6.791044870624318719e-05 5.895522554055787623e-05 0.000000000000000000e+00 0.000000000000000000e+00 0.000000000000000000e+00 0.000000000000000000e+00 0.000000000000000000e+00 0.000000000000000000e+00 0.000000000000000000e+00 0.000000000000000000e+00 0.000000000000000000e+00 0.000000000000000000e+00 0.000000000000000000e+00 0.000000000000000000e+00 0.000000000000000000e+00 0.000000000000000000e+00 0.000000000000000000e+00 0.000000000000000000e+00 9.134552478790283203e-01 3.659850731492042542e-02 4.582910612225532532e-02 4.117164295166730881e-03 0.000000000000000000e+00 0.000000000000000000e+00 0.000000000000000000e+00 0.000000000000000000e+00 0.000000000000000000e+00 0.000000000000000000e+00 0.000000000000000000e+00 0.000000000000000000e+00 0.000000000000000000e+00 0.000000000000000000e+00 0.000000000000000000e+00 0.000000000000000000e+00 0.000000000000000000e+00 0.000000000000000000e+00 0.000000000000000000e+00 0.000000000000000000e+00 0.000000000000000000e+00 0.000000000000000000e+00 0.000000000000000000e+00 0.000000000000000000e+00 0.000000000000000000e+00 0.000000000000000000e+00 0.000000000000000000e+00 0.000000000000000000e+00 7.153731305152177811e-03 4.907537251710891724e-02 4.065373167395591736e-02 9.031171798706054688e-01 0.000000000000000000e+00 0.000000000000000000e+00 0.000000000000000000e+00 0.000000000000000000e+00 0.000000000000000000e+00 0.000000000000000000e+00 0.000000000000000000e+00 0.000000000000000000e+00 0.000000000000000000e+00 0.000000000000000000e+00 0.000000000000000000e+00 0.000000000000000000e+00 0.000000000000000000e+00 0.000000000000000000e+00 0.000000000000000000e+00 0.000000000000000000e+00
2.171515734517015517e-05 3.115653089480474591e-05 4.248617915436625481e-05 4.928396665491163731e-04 3.081664210185408592e-03 1.382028125226497650e-02 2.935228496789932251e-02 3.988885506987571716e-02 7.250691205263137817e-02 1.297650635242462158e-01 1.734351813793182373e-01 1.273348480463027954e-01 9.012357145547866821e-02 7.071965932846069336e-02 6.280212104320526123e-02 4.705296829342842102e-02 3.278516605496406555e-02 2.324182726442813873e-02 2.225142717361450195e-02 2.068510465323925018e-02 2.158109098672866821e-02 1.199243217706680298e-02 3.181742737069725990e-03 6.297395448200404644e-04 2.341460494790226221e-04 1.944922842085361481e-04 1.803302147891372442e-04 1.812743576010689139e-04 2.133750240318477154e-04 2.511405036784708500e-04 3.464983892627060413e-04 1.578597584739327431e-03 0.000000000000000000e+00 0.000000000000000000e+00 0.000000000000000000e+00 0.000000000000000000e+00 0.000000000000000000e+00 0.000000000000000000e+00 0.000000000000000000e+00 0.000000000000000000e+00 0.000000000000000000e+00 0.000000000000000000e+00 0.000000000000000000e+00 0.000000000000000000e+00 0.000000000000000000e+00 0.000000000000000000e+00 0.000000000000000000e+00 2.048777969321236014e-04 1.668290607631206512e-02 6.531447172164916992e-02 6.788158416748046875e-02 1.779887676239013672e-01 2.493315488100051880e-01 2.336673736572265625e-01 1.439781039953231812e-01 3.611513972282409668e-02 8.835236541926860809e-03 0.000000000000000000e+00 0.000000000000000000e+00 0.000000000000000000e+00 0.000000000000000000e+00 0.000000000000000000e+00 0.000000000000000000e+00 0.000000000000000000e+00 0.000000000000000000e+00 0.000000000000000000e+00 0.000000000000000000e+00 0.000000000000000000e+00 0.000000000000000000e+00 0.000000000000000000e+00 0.000000000000000000e+00 0.000000000000000000e+00 0.000000000000000000e+00 0.000000000000000000e+00 0.000000000000000000e+00 0.000000000000000000e+00 0.000000000000000000e+00 3.491362929344177246e-01 6.189122200012207031e-01 3.175511211156845093e-02 1.963805552804842591e-04 0.000000000000000000e+00 0.000000000000000000e+00 0.000000000000000000e+00 0.000000000000000000e+00 0.000000000000000000e+00 0.000000000000000000e+00 0.000000000000000000e+00 0.000000000000000000e+00 0.000000000000000000e+00 0.000000000000000000e+00 0.000000000000000000e+00 0.000000000000000000e+00 0.000000000000000000e+00 0.000000000000000000e+00 0.000000000000000000e+00
1.204013358801603317e-03 4.549888428300619125e-03 6.223523057997226715e-03 5.975473672151565552e-03 6.698717828840017319e-03 7.801003288477659225e-03 7.887402549386024475e-03 6.415830459445714951e-03 6.379598751664161682e-03 6.683389190584421158e-03 7.391304243355989456e-03 9.809086099267005920e-03 1.433528400957584381e-02 1.924609765410423279e-02 3.033862821757793427e-02 4.325529560446739197e-02 5.985228717327117920e-02 7.073438912630081177e-02 6.938127428293228149e-02 7.579849660396575928e-02 7.895345240831375122e-02 8.619286864995956421e-02 9.597965329885482788e-02 1.062806546688079834e-01 9.444816410541534424e-02 6.267976760864257812e-02 1.543896365910768509e-02 6.131549889687448740e-05 4.180601990810828283e-06 0.000000000000000000e+00 0.000000000000000000e+00 0.000000000000000000e+00 0.000000000000000000e+00 0.000000000000000000e+00 0.000000000000000000e+00 0.000000000000000000e+00 0.000000000000000000e+00 0.000000000000000000e+00 0.000000000000000000e+00 0.000000000000000000e+00 0.000000000000000000e+00 0.000000000000000000e+00 0.000000000000000000e+00 0.000000000000000000e+00 0.000000000000000000e+00 0.000000000000000000e+00 0.000000000000000000e+00 2.369007779634557664e-05 7.873452901840209961e-01 2.126309871673583984e-01 0.000000000000000000e+00 0.000000000000000000e+00 0.000000000000000000e+00 0.000000000000000000e+00 0.000000000000000000e+00 0.000000000000000000e+00 0.000000000000000000e+00 0.000000000000000000e+00 0.000000000000000000e+00 0.000000000000000000e+00 0.000000000000000000e+00 0.000000000000000000e+00 0.000000000000000000e+00 0.000000000000000000e+00 0.000000000000000000e+00 0.000000000000000000e+00 0.000000000000000000e+00 0.000000000000000000e+00 0.000000000000000000e+00 0.000000000000000000e+00 0.000000000000000000e+00 0.000000000000000000e+00 0.000000000000000000e+00 0.000000000000000000e+00 0.000000000000000000e+00 0.000000000000000000e+00 0.000000000000000000e+00 0.000000000000000000e+00 1.233821064233779907e-01 8.759796619415283203e-01 6.382385618053376675e-04 0.000000000000000000e+00 0.000000000000000000e+00 0.000000000000000000e+00 0.000000000000000000e+00 0.000000000000000000e+00 0.000000000000000000e+00 0.000000000000000000e+00 0.000000000000000000e+00 0.000000000000000000e+00 0.000000000000000000e+00 0.000000000000000000e+00 0.000000000000000000e+00 0.000000000000000000e+00 0.000000000000000000e+00 0.000000000000000000e+00
3.119050597888417542e-05 4.967377171851694584e-04 2.872992306947708130e-03 6.332828197628259659e-03 2.667019329965114594e-02 5.176699906587600708e-02 7.161687314510345459e-02 1.045517325401306152e-01 1.178885623812675476e-01 1.034739315509796143e-01 9.897672384977340698e-02 9.395042806863784790e-02 6.513039767742156982e-02 3.913484513759613037e-02 3.035067394375801086e-02 2.466706931591033936e-02 2.010747976601123810e-02 2.121185511350631714e-02 1.955413818359375000e-02 1.874664984643459320e-02 1.375501323491334915e-02 1.343271136283874512e-02 1.208805385977029800e-02 1.475773099809885025e-02 1.348354108631610870e-02 6.755632814019918442e-03 2.117488766089081764e-03 1.887603313662111759e-03 1.177152851596474648e-03 9.980961913242936134e-04 7.936251349747180939e-04 1.221050624735653400e-03 0.000000000000000000e+00 0.000000000000000000e+00 0.000000000000000000e+00 0.000000000000000000e+00 0.000000000000000000e+00 0.000000000000000000e+00 0.000000000000000000e+00 0.000000000000000000e+00 0.000000000000000000e+00 0.000000000000000000e+00 0.000000000000000000e+00 0.000000000000000000e+00 0.000000000000000000e+00 0.000000000000000000e+00 0.000000000000000000e+00 1.775895059108734131e-02 3.023827373981475830e-01 3.957347571849822998e-01 1.292372941970825195e-01 8.550819754600524902e-02 5.670780688524246216e-02 1.267027668654918671e-02 0.000000000000000000e+00 0.000000000000000000e+00 0.000000000000000000e+00 0.000000000000000000e+00 0.000000000000000000e+00 0.000000000000000000e+00 0.000000000000000000e+00 0.000000000000000000e+00 0.000000000000000000e+00 0.000000000000000000e+00 0.000000000000000000e+00 0.000000000000000000e+00 0.000000000000000000e+00 0.000000000000000000e+00 0.000000000000000000e+00 0.000000000000000000e+00 0.000000000000000000e+00 0.000000000000000000e+00 0.000000000000000000e+00 1.721253938740119338e-04 1.079422608017921448e-02 5.218403041362762451e-02 1.000187173485755920e-01 1.104478985071182251e-01 1.954986304044723511e-01 5.006734728813171387e-01 3.021089360117912292e-02 0.000000000000000000e+00 0.000000000000000000e+00 0.000000000000000000e+00 0.000000000000000000e+00 0.000000000000000000e+00 0.000000000000000000e+00 0.000000000000000000e+00 0.000000000000000000e+00 0.000000000000000000e+00 0.000000000000000000e+00 0.000000000000000000e+00 0.000000000000000000e+00 0.000000000000000000e+00 0.000000000000000000e+00 0.000000000000000000e+00
7.665542513132095337e-02 1.508079320192337036e-01 1.322630345821380615e-01 1.238693147897720337e-01 1.031546741724014282e-01 7.775070518255233765e-02 5.862069129943847656e-02 4.677661135792732239e-02 4.154797643423080444e-02 3.537814319133758545e-02 3.112610429525375366e-02 2.676786668598651886e-02 2.215350605547428131e-02 1.815967075526714325e-02 1.392428763210773468e-02 9.832583367824554443e-03 7.161002606153488159e-03 6.223971489816904068e-03 5.224470980465412140e-03 4.383224993944168091e-03 3.814759198576211929e-03 2.700733020901679993e-03 1.357654458843171597e-03 2.915209042839705944e-04 4.164584242971614003e-05 1.041146060742903501e-05 2.082292212435277179e-06 0.000000000000000000e+00 0.000000000000000000e+00 0.000000000000000000e+00 0.000000000000000000e+00 0.000000000000000000e+00 0.000000000000000000e+00 0.000000000000000000e+00 0.000000000000000000e+00 0.000000000000000000e+00 0.000000000000000000e+00 0.000000000000000000e+00 0.000000000000000000e+00 0.000000000000000000e+00 0.000000000000000000e+00 0.000000000000000000e+00 0.000000000000000000e+00 0.000000000000000000e+00 0.000000000000000000e+00 0.000000000000000000e+00 0.000000000000000000e+00 1.978177577257156372e-03 5.388118624687194824e-01 3.055347204208374023e-01 1.467266380786895752e-01 6.948608905076980591e-03 0.000000000000000000e+00 0.000000000000000000e+00 0.000000000000000000e+00 0.000000000000000000e+00 0.000000000000000000e+00 0.000000000000000000e+00 0.000000000000000000e+00 0.000000000000000000e+00 0.000000000000000000e+00 0.000000000000000000e+00 0.000000000000000000e+00 0.000000000000000000e+00 0.000000000000000000e+00 0.000000000000000000e+00 0.000000000000000000e+00 0.000000000000000000e+00 0.000000000000000000e+00 0.000000000000000000e+00 0.000000000000000000e+00 0.000000000000000000e+00 0.000000000000000000e+00 0.000000000000000000e+00 0.000000000000000000e+00 0.000000000000000000e+00 1.153798121958971024e-02 1.112443804740905762e-01 2.109736800193786621e-01 6.496126651763916016e-01 1.663126796483993530e-02 0.000000000000000000e+00 0.000000000000000000e+00 0.000000000000000000e+00 0.000000000000000000e+00 0.000000000000000000e+00 0.000000000000000000e+00 0.000000000000000000e+00 0.000000000000000000e+00 0.000000000000000000e+00 0.000000000000000000e+00 0.000000000000000000e+00 0.000000000000000000e+00 0.000000000000000000e+00 0.000000000000000000e+00 0.000000000000000000e+00
8.062370761763304472e-05 1.042733201757073402e-03 1.044793613255023956e-02 2.881043218076229095e-02 4.307097569108009338e-02 4.944114387035369873e-02 5.100076273083686829e-02 4.430183023214340210e-02 3.782326728105545044e-02 4.032887145876884460e-02 4.255408793687820435e-02 4.559987038373947144e-02 4.263650253415107727e-02 3.376431018114089966e-02 3.933003544807434082e-02 4.888036102056503296e-02 5.203901976346969604e-02 5.451864376664161682e-02 4.074722155928611755e-02 3.411547467112541199e-02 4.546639323234558105e-02 5.855072662234306335e-02 6.883114576339721680e-02 4.986396804451942444e-02 1.584524475038051605e-02 8.951919153332710266e-03 6.017216015607118607e-03 3.399632871150970459e-03 1.693097758106887341e-03 6.387188914231956005e-04 1.791637914720922709e-04 2.866620707209222019e-05 0.000000000000000000e+00 0.000000000000000000e+00 0.000000000000000000e+00 0.000000000000000000e+00 0.000000000000000000e+00 0.000000000000000000e+00 0.000000000000000000e+00 0.000000000000000000e+00 0.000000000000000000e+00 0.000000000000000000e+00 0.000000000000000000e+00 3.314530113129876554e-05 4.864296934101730585e-04 9.647969854995608330e-04 8.191368542611598969e-03 1.017560716718435287e-02 3.046922087669372559e-01 2.828557193279266357e-01 1.272600442171096802e-01 5.898967757821083069e-02 8.965714275836944580e-02 9.470508247613906860e-02 2.197175100445747375e-02 1.702056033536791801e-05 0.000000000000000000e+00 0.000000000000000000e+00 0.000000000000000000e+00 0.000000000000000000e+00 0.000000000000000000e+00 0.000000000000000000e+00 0.000000000000000000e+00 0.000000000000000000e+00 0.000000000000000000e+00 0.000000000000000000e+00 0.000000000000000000e+00 0.000000000000000000e+00 0.000000000000000000e+00 0.000000000000000000e+00 0.000000000000000000e+00 0.000000000000000000e+00 0.000000000000000000e+00 0.000000000000000000e+00 5.374913598643615842e-06 1.352686667814850807e-04 2.019534260034561157e-02 2.379465252161026001e-01 6.511214971542358398e-01 7.337832450866699219e-02 7.047407794743776321e-03 9.261871688067913055e-03 5.419704830273985863e-04 3.654941392596811056e-04 8.958189710028818808e-07 0.000000000000000000e+00 0.000000000000000000e+00 0.000000000000000000e+00 0.000000000000000000e+00 0.000000000000000000e+00 0.000000000000000000e+00 0.000000000000000000e+00 0.000000000000000000e+00 0.000000000000000000e+00 0.000000000000000000e+00 0.000000000000000000e+00
2.372417785227298737e-02 1.548429485410451889e-02 7.074436638504266739e-03 9.976217523217201233e-03 8.969989605247974396e-03 1.168314740061759949e-02 1.872889697551727295e-02 1.832798309624195099e-02 2.346957288682460785e-02 3.005990013480186462e-02 3.244386613368988037e-02 4.441174119710922241e-02 5.781544372439384460e-02 7.479652762413024902e-02 9.817860275506973267e-02 1.145005896687507629e-01 1.387748569250106812e-01 1.183426156640052795e-01 8.235794305801391602e-02 4.441747814416885376e-02 1.429518125951290131e-02 9.286273270845413208e-03 2.666540443897247314e-03 1.936433400260284543e-04 1.721274020383134484e-05 2.868790033971890807e-06 0.000000000000000000e+00 0.000000000000000000e+00 0.000000000000000000e+00 0.000000000000000000e+00 0.000000000000000000e+00 0.000000000000000000e+00 0.000000000000000000e+00 0.000000000000000000e+00 0.000000000000000000e+00 0.000000000000000000e+00 0.000000000000000000e+00 0.000000000000000000e+00 0.000000000000000000e+00 0.000000000000000000e+00 0.000000000000000000e+00 4.181261756457388401e-04 7.035707822069525719e-04 3.786802990362048149e-04 3.528611850924789906e-04 6.431110203266143799e-03 8.718253113329410553e-03 7.654721289873123169e-02 2.534382343292236328e-01 2.490181624889373779e-01 1.212967485189437866e-01 2.240116298198699951e-01 5.664497986435890198e-02 1.836025738157331944e-03 2.044012944679707289e-04 0.000000000000000000e+00 0.000000000000000000e+00 0.000000000000000000e+00 0.000000000000000000e+00 0.000000000000000000e+00 0.000000000000000000e+00 0.000000000000000000e+00 0.000000000000000000e+00 0.000000000000000000e+00 0.000000000000000000e+00 0.000000000000000000e+00 0.000000000000000000e+00 0.000000000000000000e+00 0.000000000000000000e+00 0.000000000000000000e+00 3.585987769838538952e-06 9.194472222588956356e-04 9.725916199386119843e-03 4.692049697041511536e-02 1.417720168828964233e-01 1.183526515960693359e-01 8.732310682535171509e-02 2.561205625534057617e-01 1.515940427780151367e-01 1.142531558871269226e-01 6.653728336095809937e-02 6.477728020399808884e-03 0.000000000000000000e+00 0.000000000000000000e+00 0.000000000000000000e+00 0.000000000000000000e+00 0.000000000000000000e+00 0.000000000000000000e+00 0.000000000000000000e+00 0.000000000000000000e+00 0.000000000000000000e+00 0.000000000000000000e+00 0.000000000000000000e+00 0.000000000000000000e+00 0.000000000000000000e+00 0.000000000000000000e+00
6.303726136684417725e-02 5.431839823722839355e-02 3.026984073221683502e-02 3.147129341959953308e-02 3.662493452429771423e-02 4.378560185432434082e-02 4.559721052646636963e-02 4.697251319885253906e-02 5.081064999103546143e-02 5.627841129899024963e-02 5.932841077446937561e-02 5.585605651140213013e-02 5.129887908697128296e-02 4.728740453720092773e-02 4.389332234859466553e-02 3.847025334835052490e-02 3.417139500379562378e-02 3.256063535809516907e-02 2.908931113779544830e-02 2.387767843902111053e-02 1.850872673094272614e-02 1.472909748554229736e-02 1.321675442159175873e-02 1.804038882255554199e-02 1.426812261343002319e-02 1.488525234162807465e-02 9.791930206120014191e-03 1.056753937155008316e-02 8.095016703009605408e-03 9.329276508651673794e-04 8.505231235176324844e-04 1.114269252866506577e-03 0.000000000000000000e+00 0.000000000000000000e+00 0.000000000000000000e+00 0.000000000000000000e+00 0.000000000000000000e+00 0.000000000000000000e+00 0.000000000000000000e+00 0.000000000000000000e+00 0.000000000000000000e+00 0.000000000000000000e+00 0.000000000000000000e+00 6.328873496386222541e-06 4.831513855606317520e-03 2.259343303740024567e-02 5.583461374044418335e-02 2.086846679449081421e-01 1.302338838577270508e-01 1.324218660593032837e-01 1.887838393449783325e-01 1.779683083295822144e-01 7.329003512859344482e-02 5.337307229638099670e-03 1.420767512172460556e-05 0.000000000000000000e+00 0.000000000000000000e+00 0.000000000000000000e+00 0.000000000000000000e+00 0.000000000000000000e+00 0.000000000000000000e+00 0.000000000000000000e+00 0.000000000000000000e+00 0.000000000000000000e+00 0.000000000000000000e+00 0.000000000000000000e+00 0.000000000000000000e+00 0.000000000000000000e+00 0.000000000000000000e+00 0.000000000000000000e+00 3.745659796550171450e-06 7.757390849292278290e-04 6.376275327056646347e-03 2.519795857369899750e-02 6.976705044507980347e-02 7.758643478155136108e-02 1.097318157553672791e-01 1.254148930311203003e-01 1.188598647713661194e-01 1.259412318468093872e-01 2.303942441940307617e-01 6.707340478897094727e-02 2.914924174547195435e-02 1.119009405374526978e-02 2.530903555452823639e-03 7.103837560862302780e-06 0.000000000000000000e+00 0.000000000000000000e+00 0.000000000000000000e+00 0.000000000000000000e+00 0.000000000000000000e+00 0.000000000000000000e+00 0.000000000000000000e+00 0.000000000000000000e+00 0.000000000000000000e+00 0.000000000000000000e+00
8.578463166486471891e-06 3.860308424918912351e-05 3.688739088829606771e-04 1.953030005097389221e-03 6.115014199167490005e-03 1.304212305694818497e-02 1.634340174496173859e-02 2.279154583811759949e-02 4.372442513704299927e-02 4.723158851265907288e-02 4.673975333571434021e-02 4.244194552302360535e-02 3.611103817820549011e-02 3.937371447682380676e-02 3.513595461845397949e-02 1.990346424281597137e-02 1.008827239274978638e-02 1.201699674129486084e-02 1.362688839435577393e-02 1.160666067153215408e-02 3.923789039254188538e-02 8.658099919557571411e-02 1.328475028276443481e-01 1.259790211915969849e-01 9.861514717340469360e-02 9.431876987218856812e-02 2.130318200215697289e-03 1.072307859431020916e-04 1.286769402213394642e-04 2.230400423286482692e-04 3.888903302140533924e-04 7.806401117704808712e-04 0.000000000000000000e+00 0.000000000000000000e+00 0.000000000000000000e+00 0.000000000000000000e+00 0.000000000000000000e+00 0.000000000000000000e+00 0.000000000000000000e+00 0.000000000000000000e+00 0.000000000000000000e+00 0.000000000000000000e+00 0.000000000000000000e+00 0.000000000000000000e+00 3.574359652702696621e-05 9.507796494290232658e-04 3.719049692153930664e-02 2.590552903711795807e-02 3.251094520092010498e-01 3.451930582523345947e-01 7.999988645315170288e-02 3.862595930695533752e-02 1.236456781625747681e-01 2.334342710673809052e-02 0.000000000000000000e+00 0.000000000000000000e+00 0.000000000000000000e+00 0.000000000000000000e+00 0.000000000000000000e+00 0.000000000000000000e+00 0.000000000000000000e+00 0.000000000000000000e+00 0.000000000000000000e+00 0.000000000000000000e+00 0.000000000000000000e+00 0.000000000000000000e+00 0.000000000000000000e+00 0.000000000000000000e+00 0.000000000000000000e+00 0.000000000000000000e+00 0.000000000000000000e+00 0.000000000000000000e+00 0.000000000000000000e+00 3.474277444183826447e-03 5.521241575479507446e-02 9.968174248933792114e-02 7.226211577653884888e-02 7.632544636726379395e-02 5.447967052459716797e-01 9.404426068067550659e-02 1.919431053102016449e-02 1.794900372624397278e-02 1.627048477530479431e-02 7.892185822129249573e-04 0.000000000000000000e+00 0.000000000000000000e+00 0.000000000000000000e+00 0.000000000000000000e+00 0.000000000000000000e+00 0.000000000000000000e+00 0.000000000000000000e+00 0.000000000000000000e+00 0.000000000000000000e+00 0.000000000000000000e+00 0.000000000000000000e+00 0.000000000000000000e+00
2.669016644358634949e-02 1.294248644262552261e-02 2.071614190936088562e-02 5.060482397675514221e-02 1.223599240183830261e-01 9.496475011110305786e-02 1.044823750853538513e-01 1.249499097466468811e-01 1.073246747255325317e-01 6.005565822124481201e-02 2.952133491635322571e-02 1.807421073317527771e-02 1.552875712513923645e-02 1.511688344180583954e-02 1.826345175504684448e-02 2.388868294656276703e-02 2.844155766069889069e-02 2.489053830504417419e-02 2.144341357052326202e-02 2.427458204329013824e-02 2.420779131352901459e-02 1.946938782930374146e-02 9.784786961972713470e-03 1.573283807374536991e-03 3.265306004323065281e-04 7.792207907186821103e-05 2.597402635728940368e-05 0.000000000000000000e+00 0.000000000000000000e+00 0.000000000000000000e+00 0.000000000000000000e+00 0.000000000000000000e+00 0.000000000000000000e+00 0.000000000000000000e+00 0.000000000000000000e+00 0.000000000000000000e+00 0.000000000000000000e+00 0.000000000000000000e+00 0.000000000000000000e+00 0.000000000000000000e+00 0.000000000000000000e+00 0.000000000000000000e+00 0.000000000000000000e+00 0.000000000000000000e+00 0.000000000000000000e+00 0.000000000000000000e+00 0.000000000000000000e+00 1.169573329389095306e-02 2.514545321464538574e-01 2.482857108116149902e-01 2.467384040355682373e-01 2.106530666351318359e-01 3.117254190146923065e-02 0.000000000000000000e+00 0.000000000000000000e+00 0.000000000000000000e+00 0.000000000000000000e+00 0.000000000000000000e+00 0.000000000000000000e+00 0.000000000000000000e+00 0.000000000000000000e+00 0.000000000000000000e+00 0.000000000000000000e+00 0.000000000000000000e+00 0.000000000000000000e+00 0.000000000000000000e+00 0.000000000000000000e+00 0.000000000000000000e+00 0.000000000000000000e+00 0.000000000000000000e+00 0.000000000000000000e+00 0.000000000000000000e+00 0.000000000000000000e+00 0.000000000000000000e+00 0.000000000000000000e+00 0.000000000000000000e+00 9.261595085263252258e-03 2.080742120742797852e-01 4.879925847053527832e-01 2.507384121417999268e-01 4.393320903182029724e-02 0.000000000000000000e+00 0.000000000000000000e+00 0.000000000000000000e+00 0.000000000000000000e+00 0.000000000000000000e+00 0.000000000000000000e+00 0.000000000000000000e+00 0.000000000000000000e+00 0.000000000000000000e+00 0.000000000000000000e+00 0.000000000000000000e+00 0.000000000000000000e+00 0.000000000000000000e+00 0.000000000000000000e+00 0.000000000000000000e+00
5.152230616658926010e-03 9.223111905157566071e-03 1.185504440218210220e-02 1.366710010915994644e-02 1.638706400990486145e-02 1.692369021475315094e-02 1.595591567456722260e-02 1.531951315701007843e-02 1.537196710705757141e-02 1.700111664831638336e-02 1.839890144765377045e-02 1.862696185708045959e-02 2.079194039106369019e-02 2.579501830041408539e-02 3.087153285741806030e-02 3.395137563347816467e-02 4.217501357197761536e-02 5.837221816182136536e-02 7.705801725387573242e-02 1.031931936740875244e-01 1.230855435132980347e-01 1.117846891283988953e-01 9.846469759941101074e-02 6.186348199844360352e-02 2.178252115845680237e-02 7.287105545401573181e-03 3.406882751733064651e-03 2.083561383187770844e-03 1.449096831493079662e-03 1.080322894267737865e-03 1.134715392254292965e-03 4.864532093051820993e-04 0.000000000000000000e+00 0.000000000000000000e+00 0.000000000000000000e+00 0.000000000000000000e+00 0.000000000000000000e+00 0.000000000000000000e+00 0.000000000000000000e+00 0.000000000000000000e+00 0.000000000000000000e+00 0.000000000000000000e+00 0.000000000000000000e+00 0.000000000000000000e+00 0.000000000000000000e+00 0.000000000000000000e+00 2.850757118721958250e-05 2.225965857505798340e-01 3.368312120437622070e-01 3.429433405399322510e-01 8.939655125141143799e-02 7.882343605160713196e-03 2.321656647836789489e-04 8.917168452171608806e-05 1.140302856583730318e-07 0.000000000000000000e+00 0.000000000000000000e+00 0.000000000000000000e+00 0.000000000000000000e+00 0.000000000000000000e+00 0.000000000000000000e+00 0.000000000000000000e+00 0.000000000000000000e+00 0.000000000000000000e+00 0.000000000000000000e+00 0.000000000000000000e+00 0.000000000000000000e+00 0.000000000000000000e+00 0.000000000000000000e+00 0.000000000000000000e+00 4.561211426334921271e-07 1.334154330834280699e-05 1.044517412083223462e-04 3.651249862741678953e-04 2.202722942456603050e-03 1.611111126840114594e-02 5.324245244264602661e-02 1.242206022143363953e-01 2.358719855546951294e-01 2.878420948982238770e-01 2.797736525535583496e-01 2.520069247111678123e-04 0.000000000000000000e+00 0.000000000000000000e+00 0.000000000000000000e+00 0.000000000000000000e+00 0.000000000000000000e+00 0.000000000000000000e+00 0.000000000000000000e+00 0.000000000000000000e+00 0.000000000000000000e+00 0.000000000000000000e+00 0.000000000000000000e+00 0.000000000000000000e+00 0.000000000000000000e+00 0.000000000000000000e+00
4.753267019987106323e-02 6.190730258822441101e-02 4.011085256934165955e-02 3.295012935996055603e-02 4.610149189829826355e-02 5.173755809664726257e-02 4.024784639477729797e-02 3.418871015310287476e-02 2.891124039888381958e-02 2.468942850828170776e-02 1.995106972754001617e-02 1.469052396714687347e-02 1.283305510878562927e-02 1.351399254053831100e-02 1.507007610052824020e-02 1.577841304242610931e-02 1.502091996371746063e-02 1.335524115711450577e-02 1.514421403408050537e-02 2.587240561842918396e-02 7.441399246454238892e-02 9.188306331634521484e-02 4.902347922325134277e-02 6.258985400199890137e-02 7.114548981189727783e-02 7.172408699989318848e-02 9.441260248422622681e-03 1.643920404603704810e-04 7.252589966810774058e-06 0.000000000000000000e+00 0.000000000000000000e+00 0.000000000000000000e+00 0.000000000000000000e+00 0.000000000000000000e+00 0.000000000000000000e+00 0.000000000000000000e+00 0.000000000000000000e+00 0.000000000000000000e+00 0.000000000000000000e+00 0.000000000000000000e+00 0.000000000000000000e+00 0.000000000000000000e+00 0.000000000000000000e+00 0.000000000000000000e+00 0.000000000000000000e+00 0.000000000000000000e+00 5.455559585243463516e-04 1.006828695535659790e-01 3.104962706565856934e-01 4.763751029968261719e-01 3.896171972155570984e-02 3.767397999763488770e-02 2.313334494829177856e-02 1.112547330558300018e-02 1.000857446342706680e-03 4.835059826291399077e-06 0.000000000000000000e+00 0.000000000000000000e+00 0.000000000000000000e+00 0.000000000000000000e+00 0.000000000000000000e+00 0.000000000000000000e+00 0.000000000000000000e+00 0.000000000000000000e+00 0.000000000000000000e+00 0.000000000000000000e+00 0.000000000000000000e+00 0.000000000000000000e+00 0.000000000000000000e+00 0.000000000000000000e+00 0.000000000000000000e+00 0.000000000000000000e+00 0.000000000000000000e+00 0.000000000000000000e+00 0.000000000000000000e+00 2.672982402145862579e-03 1.666484028100967407e-02 3.698740154504776001e-02 5.532082319259643555e-01 1.975814998149871826e-01 1.919752508401870728e-01 9.097971487790346146e-04 0.000000000000000000e+00 0.000000000000000000e+00 0.000000000000000000e+00 0.000000000000000000e+00 0.000000000000000000e+00 0.000000000000000000e+00 0.000000000000000000e+00 0.000000000000000000e+00 0.000000000000000000e+00 0.000000000000000000e+00 0.000000000000000000e+00 0.000000000000000000e+00 0.000000000000000000e+00 0.000000000000000000e+00
1.148950401693582535e-02 2.070764265954494476e-02 5.199665576219558716e-02 4.553660377860069275e-02 3.794293105602264404e-02 4.110798984766006470e-02 4.376914724707603455e-02 5.143706500530242920e-02 4.984697327017784119e-02 4.300469160079956055e-02 4.076013714075088501e-02 3.393779322504997253e-02 2.853298932313919067e-02 2.308762632310390472e-02 1.531933806836605072e-02 8.907407522201538086e-03 5.780156236141920090e-03 4.228560719639062881e-03 3.909579943865537643e-03 3.824335057288408279e-03 3.657282330095767975e-03 6.426367443054914474e-03 1.549601554870605469e-02 6.852523237466812134e-02 1.371343433856964111e-01 1.032006740570068359e-01 6.431248784065246582e-02 3.601323068141937256e-02 1.072436207323335111e-04 0.000000000000000000e+00 0.000000000000000000e+00 0.000000000000000000e+00 0.000000000000000000e+00 0.000000000000000000e+00 0.000000000000000000e+00 0.000000000000000000e+00 0.000000000000000000e+00 0.000000000000000000e+00 0.000000000000000000e+00 0.000000000000000000e+00 0.000000000000000000e+00 0.000000000000000000e+00 0.000000000000000000e+00 0.000000000000000000e+00 0.000000000000000000e+00 0.000000000000000000e+00 0.000000000000000000e+00 1.591467857360839844e-02 4.760179817676544189e-01 4.566949009895324707e-01 2.958823926746845245e-02 1.093884930014610291e-02 3.923329059034585953e-03 6.662166211754083633e-03 2.598595456220209599e-04 0.000000000000000000e+00 0.000000000000000000e+00 0.000000000000000000e+00 0.000000000000000000e+00 0.000000000000000000e+00 0.000000000000000000e+00 0.000000000000000000e+00 0.000000000000000000e+00 0.000000000000000000e+00 0.000000000000000000e+00 0.000000000000000000e+00 0.000000000000000000e+00 0.000000000000000000e+00 0.000000000000000000e+00 0.000000000000000000e+00 0.000000000000000000e+00 0.000000000000000000e+00 0.000000000000000000e+00 0.000000000000000000e+00 9.005713945953175426e-05 7.677542977035045624e-03 1.885425299406051636e-02 3.304478526115417480e-02 5.134061574935913086e-01 2.998566031455993652e-01 8.446122705936431885e-02 3.625109419226646423e-02 6.347309798002243042e-03 1.099934524972923100e-05 0.000000000000000000e+00 0.000000000000000000e+00 0.000000000000000000e+00 0.000000000000000000e+00 0.000000000000000000e+00 0.000000000000000000e+00 0.000000000000000000e+00 0.000000000000000000e+00 0.000000000000000000e+00 0.000000000000000000e+00 0.000000000000000000e+00 0.000000000000000000e+00
4.549517296254634857e-03 4.625357221812009811e-03 5.598222371190786362e-03 8.629715070128440857e-03 1.350709144026041031e-02 1.928715594112873077e-02 2.722791209816932678e-02 4.008704423904418945e-02 4.830850660800933838e-02 5.001255869865417480e-02 5.307285860180854797e-02 5.609622597694396973e-02 5.867342278361320496e-02 7.443390786647796631e-02 8.866209536790847778e-02 8.531517535448074341e-02 7.286934554576873779e-02 5.994767695665359497e-02 5.143566057085990906e-02 4.185807332396507263e-02 3.218716010451316833e-02 2.597545087337493896e-02 2.133088745176792145e-02 2.024352364242076874e-02 1.677164435386657715e-02 9.811385534703731537e-03 4.426770377904176712e-03 2.128311898559331894e-03 1.214296324178576469e-03 7.634442881681025028e-04 8.225401397794485092e-04 1.270560460397973657e-04 0.000000000000000000e+00 0.000000000000000000e+00 0.000000000000000000e+00 0.000000000000000000e+00 0.000000000000000000e+00 0.000000000000000000e+00 0.000000000000000000e+00 0.000000000000000000e+00 0.000000000000000000e+00 0.000000000000000000e+00 0.000000000000000000e+00 1.662070280872285366e-04 5.035334266722202301e-03 5.251896101981401443e-03 1.396360713988542557e-02 1.762018650770187378e-01 3.438971340656280518e-01 2.780649662017822266e-01 1.103129610419273376e-01 5.171513184905052185e-02 1.497180666774511337e-02 4.190879408270120621e-04 0.000000000000000000e+00 0.000000000000000000e+00 0.000000000000000000e+00 0.000000000000000000e+00 0.000000000000000000e+00 0.000000000000000000e+00 0.000000000000000000e+00 0.000000000000000000e+00 0.000000000000000000e+00 0.000000000000000000e+00 0.000000000000000000e+00 0.000000000000000000e+00 0.000000000000000000e+00 0.000000000000000000e+00 0.000000000000000000e+00 0.000000000000000000e+00 0.000000000000000000e+00 1.354279561383009423e-06 1.345661439700052142e-04 2.794986590743064880e-03 1.416945736855268478e-02 2.632300741970539093e-02 5.229057744145393372e-02 1.584167182445526123e-01 3.035244643688201904e-01 2.618640959262847900e-01 1.566679775714874268e-01 8.380035869777202606e-03 5.095784552395343781e-03 4.242465365678071976e-03 4.140648059546947479e-03 1.856101676821708679e-03 9.775436046766117215e-05 0.000000000000000000e+00 0.000000000000000000e+00 0.000000000000000000e+00 0.000000000000000000e+00 0.000000000000000000e+00 0.000000000000000000e+00 0.000000000000000000e+00 0.000000000000000000e+00 0.000000000000000000e+00
6.709753070026636124e-03 7.378445472568273544e-03 9.742195717990398407e-03 1.046681497246026993e-02 1.239399611949920654e-02 1.355489902198314667e-02 1.273255143314599991e-02 1.432203408330678940e-02 1.582391746342182159e-02 1.421902608126401901e-02 1.326585095375776291e-02 1.195600070059299469e-02 1.281743962317705154e-02 2.091123163700103760e-02 4.014780744910240173e-02 8.440378308296203613e-02 1.650460809469223022e-01 2.345805466175079346e-01 1.794958114624023438e-01 6.915882229804992676e-02 2.008388936519622803e-02 8.819979615509510040e-03 5.962021183222532272e-03 4.399646073579788208e-03 3.691148711368441582e-03 2.613707678392529488e-03 4.879301413893699646e-04 3.810705966316163540e-04 4.623922868631780148e-04 5.380071816034615040e-04 6.542829214595258236e-04 2.778919180855154991e-03 0.000000000000000000e+00 0.000000000000000000e+00 0.000000000000000000e+00 0.000000000000000000e+00 0.000000000000000000e+00 0.000000000000000000e+00 0.000000000000000000e+00 0.000000000000000000e+00 0.000000000000000000e+00 0.000000000000000000e+00 0.000000000000000000e+00 0.000000000000000000e+00 0.000000000000000000e+00 1.260914257727563381e-03 3.722250694409012794e-03 1.056397333741188049e-02 3.506156206130981445e-01 5.242146253585815430e-01 1.061245203018188477e-01 2.786766039207577705e-03 6.696912460029125214e-04 4.165953214396722615e-05 0.000000000000000000e+00 0.000000000000000000e+00 0.000000000000000000e+00 0.000000000000000000e+00 0.000000000000000000e+00 0.000000000000000000e+00 0.000000000000000000e+00 0.000000000000000000e+00 0.000000000000000000e+00 0.000000000000000000e+00 0.000000000000000000e+00 0.000000000000000000e+00 0.000000000000000000e+00 0.000000000000000000e+00 0.000000000000000000e+00 0.000000000000000000e+00 0.000000000000000000e+00 0.000000000000000000e+00 2.354048920096829534e-04 4.551161255221813917e-04 6.442960584536194801e-04 5.285767372697591782e-03 4.078411310911178589e-02 1.134256422519683838e-01 2.495374679565429688e-01 5.696895718574523926e-01 1.658448949456214905e-02 2.739256946370005608e-03 6.189008709043264389e-04 0.000000000000000000e+00 0.000000000000000000e+00 0.000000000000000000e+00 0.000000000000000000e+00 0.000000000000000000e+00 0.000000000000000000e+00 0.000000000000000000e+00 0.000000000000000000e+00 0.000000000000000000e+00 0.000000000000000000e+00 0.000000000000000000e+00 0.000000000000000000e+00 0.000000000000000000e+00
1.324251890182495117e-01 2.126720994710922241e-01 2.212221920490264893e-01 1.537464559078216553e-01 4.172473773360252380e-02 1.687921211123466492e-02 1.169303990900516510e-02 9.918065741658210754e-03 9.030064567923545837e-03 8.614841848611831665e-03 8.328091353178024292e-03 7.997146807610988617e-03 7.910813204944133759e-03 7.813174277544021606e-03 7.924174889922142029e-03 7.820368744432926178e-03 8.084507659077644348e-03 8.298286236822605133e-03 8.822453208267688751e-03 9.470981545746326447e-03 1.029114890843629837e-02 1.204248424619436264e-02 1.254404056817293167e-02 1.208976190537214279e-02 1.195306796580553055e-02 1.162520609796047211e-02 1.045764889568090439e-02 8.650814183056354523e-03 6.392783951014280319e-03 2.855169586837291718e-03 6.392784416675567627e-04 6.269450386753305793e-05 0.000000000000000000e+00 0.000000000000000000e+00 0.000000000000000000e+00 0.000000000000000000e+00 0.000000000000000000e+00 0.000000000000000000e+00 0.000000000000000000e+00 0.000000000000000000e+00 0.000000000000000000e+00 0.000000000000000000e+00 0.000000000000000000e+00 0.000000000000000000e+00 0.000000000000000000e+00 0.000000000000000000e+00 0.000000000000000000e+00 1.643932238221168518e-02 9.835144281387329102e-01 4.625004658009856939e-05 0.000000000000000000e+00 0.000000000000000000e+00 0.000000000000000000e+00 0.000000000000000000e+00 0.000000000000000000e+00 0.000000000000000000e+00 0.000000000000000000e+00 0.000000000000000000e+00 0.000000000000000000e+00 0.000000000000000000e+00 0.000000000000000000e+00 0.000000000000000000e+00 0.000000000000000000e+00 0.000000000000000000e+00 0.000000000000000000e+00 0.000000000000000000e+00 0.000000000000000000e+00 0.000000000000000000e+00 0.000000000000000000e+00 0.000000000000000000e+00 0.000000000000000000e+00 0.000000000000000000e+00 0.000000000000000000e+00 0.000000000000000000e+00 0.000000000000000000e+00 0.000000000000000000e+00 0.000000000000000000e+00 0.000000000000000000e+00 2.363891326240263879e-05 3.317649364471435547e-01 6.682114005088806152e-01 0.000000000000000000e+00 0.000000000000000000e+00 0.000000000000000000e+00 0.000000000000000000e+00 0.000000000000000000e+00 0.000000000000000000e+00 0.000000000000000000e+00 0.000000000000000000e+00 0.000000000000000000e+00 0.000000000000000000e+00 0.000000000000000000e+00 0.000000000000000000e+00 0.000000000000000000e+00 0.000000000000000000e+00 0.000000000000000000e+00
1.709371432662010193e-02 1.814546436071395874e-02 1.695287972688674927e-02 2.250648103654384613e-02 4.117365926504135132e-02 6.634628772735595703e-02 7.338385283946990967e-02 6.126930192112922668e-02 5.453976616263389587e-02 4.985337331891059875e-02 4.477291926741600037e-02 3.978473693132400513e-02 3.771870210766792297e-02 4.078445583581924438e-02 3.941079974174499512e-02 4.216435924172401428e-02 4.302393272519111633e-02 4.467717930674552917e-02 5.268255248665809631e-02 5.246262997388839722e-02 5.439060553908348083e-02 3.671482205390930176e-02 2.053965255618095398e-02 9.056428447365760803e-03 5.506425164639949799e-03 4.311759490519762039e-03 3.315510461106896400e-03 2.360887592658400536e-03 1.823218539357185364e-03 1.341050839982926846e-03 1.042731222696602345e-03 8.498640381731092930e-04 0.000000000000000000e+00 0.000000000000000000e+00 0.000000000000000000e+00 0.000000000000000000e+00 0.000000000000000000e+00 0.000000000000000000e+00 0.000000000000000000e+00 0.000000000000000000e+00 0.000000000000000000e+00 0.000000000000000000e+00 0.000000000000000000e+00 1.595663161424454302e-05 2.175305038690567017e-02 7.530628144741058350e-02 1.511183232069015503e-01 1.912971138954162598e-01 3.022574484348297119e-01 1.090462282299995422e-01 3.867748752236366272e-02 3.204230219125747681e-02 3.245093300938606262e-02 2.771181240677833557e-02 1.681135222315788269e-02 1.439565676264464855e-03 7.215172081487253308e-05 0.000000000000000000e+00 0.000000000000000000e+00 0.000000000000000000e+00 0.000000000000000000e+00 0.000000000000000000e+00 0.000000000000000000e+00 0.000000000000000000e+00 0.000000000000000000e+00 0.000000000000000000e+00 0.000000000000000000e+00 0.000000000000000000e+00 0.000000000000000000e+00 0.000000000000000000e+00 0.000000000000000000e+00 0.000000000000000000e+00 8.533328946214169264e-05 1.622026204131543636e-03 1.353122293949127197e-02 2.171281166374683380e-02 2.629652805626392365e-02 3.075606003403663635e-02 7.451538741588592529e-02 1.739876419305801392e-01 1.205877289175987244e-01 1.026774570345878601e-01 1.041156351566314697e-01 1.044479459524154663e-01 8.638087660074234009e-02 6.394238770008087158e-02 5.126449465751647949e-02 2.384545095264911652e-02 2.310242707608267665e-04 0.000000000000000000e+00 0.000000000000000000e+00 0.000000000000000000e+00 0.000000000000000000e+00 0.000000000000000000e+00 0.000000000000000000e+00 0.000000000000000000e+00
5.241845175623893738e-02 1.051091477274894714e-01 1.374513953924179077e-01 1.255220025777816772e-01 7.911539077758789062e-02 4.611851274967193604e-02 3.197364136576652527e-02 2.636384777724742889e-02 2.420835383236408234e-02 2.349128946661949158e-02 2.397555857896804810e-02 2.386395633220672607e-02 2.315832301974296570e-02 2.424977347254753113e-02 2.577313594520092010e-02 2.292540483176708221e-02 2.242171578109264374e-02 2.268806472420692444e-02 2.093448862433433533e-02 1.971115358173847198e-02 1.997111178934574127e-02 1.972160115838050842e-02 1.683060638606548309e-02 1.435185503214597702e-02 1.128988992422819138e-02 7.167815230786800385e-03 4.485768731683492661e-03 3.234655363485217094e-03 2.830400131642818451e-03 3.015627386048436165e-03 6.000158376991748810e-03 9.626900777220726013e-03 0.000000000000000000e+00 0.000000000000000000e+00 0.000000000000000000e+00 0.000000000000000000e+00 0.000000000000000000e+00 0.000000000000000000e+00 0.000000000000000000e+00 0.000000000000000000e+00 0.000000000000000000e+00 0.000000000000000000e+00 0.000000000000000000e+00 0.000000000000000000e+00 2.458225026202853769e-06 5.174563557375222445e-05 1.052857725881040096e-03 1.779189407825469971e-01 5.800694227218627930e-01 7.889918982982635498e-02 1.379187107086181641e-01 2.370638400316238403e-02 3.748793096747249365e-04 5.408094693848397583e-06 0.000000000000000000e+00 0.000000000000000000e+00 0.000000000000000000e+00 0.000000000000000000e+00 0.000000000000000000e+00 0.000000000000000000e+00 0.000000000000000000e+00 0.000000000000000000e+00 0.000000000000000000e+00 0.000000000000000000e+00 0.000000000000000000e+00 0.000000000000000000e+00 0.000000000000000000e+00 0.000000000000000000e+00 0.000000000000000000e+00 0.000000000000000000e+00 1.352023673462099396e-06 1.511808295617811382e-05 1.740423176670446992e-04 9.648532723076641560e-04 5.871715955436229706e-03 4.125122725963592529e-02 1.032561436295509338e-01 4.656664654612541199e-02 5.025545880198478699e-02 4.456149637699127197e-01 3.018375635147094727e-01 4.011208657175302505e-03 1.744110631989315152e-04 5.285183760861400515e-06 0.000000000000000000e+00 0.000000000000000000e+00 0.000000000000000000e+00 0.000000000000000000e+00 0.000000000000000000e+00 0.000000000000000000e+00 0.000000000000000000e+00 0.000000000000000000e+00 0.000000000000000000e+00 0.000000000000000000e+00 0.000000000000000000e+00 0.000000000000000000e+00
2.007322655117604882e-05 3.010984073625877500e-05 2.141144250344950706e-05 2.141144250344950706e-05 4.817574517801403999e-05 2.307751914486289024e-03 2.878366969525814056e-02 9.505944699048995972e-02 1.187672615051269531e-01 2.054394483566284180e-01 1.497315466403961182e-01 8.671166002750396729e-02 6.871534138917922974e-02 5.226131528615951538e-02 4.343645647168159485e-02 3.830774500966072083e-02 3.855264186859130859e-02 1.273579336702823639e-02 5.921601783484220505e-03 6.236082408577203751e-03 7.041688077151775360e-03 8.688361383974552155e-03 6.799471098929643631e-03 5.041725467890501022e-03 3.858743468299508095e-03 4.547924268990755081e-03 4.703826270997524261e-03 4.234112799167633057e-03 1.394420163705945015e-03 1.083954266505315900e-04 1.284686586586758494e-04 3.439213032834231853e-04 0.000000000000000000e+00 0.000000000000000000e+00 0.000000000000000000e+00 0.000000000000000000e+00 0.000000000000000000e+00 0.000000000000000000e+00 0.000000000000000000e+00 0.000000000000000000e+00 0.000000000000000000e+00 0.000000000000000000e+00 0.000000000000000000e+00 0.000000000000000000e+00 0.000000000000000000e+00 0.000000000000000000e+00 9.040727019309997559e-01 4.884552210569381714e-02 4.380781203508377075e-02 3.273943439126014709e-03 0.000000000000000000e+00 0.000000000000000000e+00 0.000000000000000000e+00 0.000000000000000000e+00 0.000000000000000000e+00 0.000000000000000000e+00 0.000000000000000000e+00 0.000000000000000000e+00 0.000000000000000000e+00 0.000000000000000000e+00 0.000000000000000000e+00 0.000000000000000000e+00 0.000000000000000000e+00 0.000000000000000000e+00 0.000000000000000000e+00 0.000000000000000000e+00 0.000000000000000000e+00 0.000000000000000000e+00 0.000000000000000000e+00 0.000000000000000000e+00 0.000000000000000000e+00 0.000000000000000000e+00 0.000000000000000000e+00 0.000000000000000000e+00 0.000000000000000000e+00 0.000000000000000000e+00 0.000000000000000000e+00 7.647899328731000423e-04 6.357712745666503906e-01 3.634639084339141846e-01 0.000000000000000000e+00 0.000000000000000000e+00 0.000000000000000000e+00 0.000000000000000000e+00 0.000000000000000000e+00 0.000000000000000000e+00 0.000000000000000000e+00 0.000000000000000000e+00 0.000000000000000000e+00 0.000000000000000000e+00 0.000000000000000000e+00 0.000000000000000000e+00 0.000000000000000000e+00 0.000000000000000000e+00 0.000000000000000000e+00 0.000000000000000000e+00
2.087614499032497406e-02 4.604160413146018982e-02 3.053628094494342804e-02 2.684943005442619324e-02 2.676403149962425232e-02 2.527087554335594177e-02 2.657121419906616211e-02 3.418243303894996643e-02 4.145539179444313049e-02 6.238157674670219421e-02 7.138720899820327759e-02 6.853299587965011597e-02 5.715686827898025513e-02 5.160190537571907043e-02 4.312601685523986816e-02 3.520389273762702942e-02 3.006791882216930389e-02 2.694683894515037537e-02 2.515278570353984833e-02 2.547570131719112396e-02 2.652851492166519165e-02 2.604614198207855225e-02 2.418870665132999420e-02 2.504870481789112091e-02 3.149635717272758484e-02 2.842931821942329407e-02 2.901176922023296356e-02 1.839555986225605011e-02 1.126404386013746262e-02 2.239064779132604599e-03 1.154225901700556278e-03 6.164767546579241753e-04 0.000000000000000000e+00 0.000000000000000000e+00 0.000000000000000000e+00 0.000000000000000000e+00 0.000000000000000000e+00 0.000000000000000000e+00 0.000000000000000000e+00 0.000000000000000000e+00 0.000000000000000000e+00 0.000000000000000000e+00 0.000000000000000000e+00 0.000000000000000000e+00 0.000000000000000000e+00 0.000000000000000000e+00 0.000000000000000000e+00 1.667956530582159758e-05 5.400956869125366211e-01 4.407361745834350586e-01 1.115996390581130981e-02 7.986175827682018280e-03 5.337461061571957543e-06 0.000000000000000000e+00 0.000000000000000000e+00 0.000000000000000000e+00 0.000000000000000000e+00 0.000000000000000000e+00 0.000000000000000000e+00 0.000000000000000000e+00 0.000000000000000000e+00 0.000000000000000000e+00 0.000000000000000000e+00 0.000000000000000000e+00 0.000000000000000000e+00 0.000000000000000000e+00 0.000000000000000000e+00 0.000000000000000000e+00 0.000000000000000000e+00 0.000000000000000000e+00 0.000000000000000000e+00 0.000000000000000000e+00 0.000000000000000000e+00 0.000000000000000000e+00 0.000000000000000000e+00 0.000000000000000000e+00 1.734674791805446148e-03 8.365802466869354248e-03 3.281938135623931885e-01 6.604040265083312988e-01 1.301673240959644318e-03 0.000000000000000000e+00 0.000000000000000000e+00 0.000000000000000000e+00 0.000000000000000000e+00 0.000000000000000000e+00 0.000000000000000000e+00 0.000000000000000000e+00 0.000000000000000000e+00 0.000000000000000000e+00 0.000000000000000000e+00 0.000000000000000000e+00 0.000000000000000000e+00 0.000000000000000000e+00 0.000000000000000000e+00 0.000000000000000000e+00
3.088732773903757334e-04 6.546702701598405838e-03 6.497784703969955444e-02 6.623764336109161377e-02 7.145164161920547485e-02 6.208745017647743225e-02 5.105737969279289246e-02 4.028836637735366821e-02 3.224981948733329773e-02 2.833481319248676300e-02 2.591399848461151123e-02 2.374090999364852905e-02 2.150902710855007172e-02 2.362018264830112457e-02 2.918695844709873199e-02 3.478979319334030151e-02 3.744030371308326721e-02 4.580418393015861511e-02 4.531186819076538086e-02 4.536674544215202332e-02 4.830182343721389771e-02 4.360287263989448547e-02 3.631064295768737793e-02 3.511748090386390686e-02 2.884515933692455292e-02 1.952721923589706421e-02 8.670402690768241882e-03 7.650493644177913666e-03 5.943066906183958054e-03 3.120874520391225815e-03 1.439318177290260792e-03 5.246142391115427017e-03 0.000000000000000000e+00 0.000000000000000000e+00 0.000000000000000000e+00 0.000000000000000000e+00 0.000000000000000000e+00 0.000000000000000000e+00 0.000000000000000000e+00 0.000000000000000000e+00 0.000000000000000000e+00 0.000000000000000000e+00 1.881461685115937144e-05 6.506721547339111567e-05 1.277826086152344942e-04 2.539973356761038303e-04 2.337716054171323776e-03 1.343159824609756470e-01 5.862705111503601074e-01 1.893197298049926758e-01 6.576649099588394165e-02 1.572039537131786346e-02 5.773735232651233673e-03 2.978980955958832055e-05 0.000000000000000000e+00 0.000000000000000000e+00 0.000000000000000000e+00 0.000000000000000000e+00 0.000000000000000000e+00 0.000000000000000000e+00 0.000000000000000000e+00 0.000000000000000000e+00 0.000000000000000000e+00 0.000000000000000000e+00 0.000000000000000000e+00 0.000000000000000000e+00 0.000000000000000000e+00 0.000000000000000000e+00 0.000000000000000000e+00 0.000000000000000000e+00 0.000000000000000000e+00 0.000000000000000000e+00 0.000000000000000000e+00 0.000000000000000000e+00 0.000000000000000000e+00 1.086544129066169262e-03 1.899335533380508423e-02 7.407941669225692749e-02 1.535743027925491333e-01 5.718702673912048340e-01 1.743581891059875488e-01 6.037923973053693771e-03 0.000000000000000000e+00 0.000000000000000000e+00 0.000000000000000000e+00 0.000000000000000000e+00 0.000000000000000000e+00 0.000000000000000000e+00 0.000000000000000000e+00 0.000000000000000000e+00 0.000000000000000000e+00 0.000000000000000000e+00 0.000000000000000000e+00 0.000000000000000000e+00 0.000000000000000000e+00 0.000000000000000000e+00
1.382466126233339310e-02 3.838527575135231018e-02 4.153638333082199097e-02 3.807675093412399292e-02 3.129614889621734619e-02 2.935833856463432312e-02 3.256837651133537292e-02 3.514403477311134338e-02 3.514750301837921143e-02 3.363607823848724365e-02 3.380940854549407959e-02 4.805698990821838379e-02 6.226990744471549988e-02 4.828231781721115112e-02 4.957187920808792114e-02 4.717994853854179382e-02 4.223662614822387695e-02 3.974070027470588684e-02 3.395847231149673462e-02 3.121641837060451508e-02 2.936873771250247955e-02 2.582590840756893158e-02 2.441848441958427429e-02 2.244947478175163269e-02 2.160709910094738007e-02 2.300065942108631134e-02 2.263666875660419464e-02 2.067112736403942108e-02 1.890317909419536591e-02 1.650778204202651978e-02 8.302423171699047089e-03 1.012236927635967731e-03 0.000000000000000000e+00 0.000000000000000000e+00 0.000000000000000000e+00 0.000000000000000000e+00 0.000000000000000000e+00 0.000000000000000000e+00 0.000000000000000000e+00 0.000000000000000000e+00 0.000000000000000000e+00 0.000000000000000000e+00 0.000000000000000000e+00 0.000000000000000000e+00 0.000000000000000000e+00 0.000000000000000000e+00 0.000000000000000000e+00 0.000000000000000000e+00 7.337400913238525391e-01 6.020383536815643311e-02 1.271986663341522217e-01 7.885742187500000000e-02 0.000000000000000000e+00 0.000000000000000000e+00 0.000000000000000000e+00 0.000000000000000000e+00 0.000000000000000000e+00 0.000000000000000000e+00 0.000000000000000000e+00 0.000000000000000000e+00 0.000000000000000000e+00 0.000000000000000000e+00 0.000000000000000000e+00 0.000000000000000000e+00 0.000000000000000000e+00 0.000000000000000000e+00 0.000000000000000000e+00 0.000000000000000000e+00 0.000000000000000000e+00 0.000000000000000000e+00 0.000000000000000000e+00 0.000000000000000000e+00 0.000000000000000000e+00 0.000000000000000000e+00 0.000000000000000000e+00 1.260443031787872314e-02 9.115679562091827393e-02 1.101709008216857910e-01 3.414913266897201538e-02 7.512392997741699219e-01 6.794467335566878319e-04 0.000000000000000000e+00 0.000000000000000000e+00 0.000000000000000000e+00 0.000000000000000000e+00 0.000000000000000000e+00 0.000000000000000000e+00 0.000000000000000000e+00 0.000000000000000000e+00 0.000000000000000000e+00 0.000000000000000000e+00 0.000000000000000000e+00 0.000000000000000000e+00 0.000000000000000000e+00 0.000000000000000000e+00 0.000000000000000000e+00
1.730576716363430023e-02 3.317769244313240051e-02 5.671171098947525024e-02 5.835723131895065308e-02 7.126413285732269287e-02 7.424537837505340576e-02 1.359345912933349609e-01 2.315006554126739502e-01 1.418893635272979736e-01 6.771274656057357788e-02 2.893024310469627380e-02 1.532419025897979736e-02 1.089751161634922028e-02 9.761870838701725006e-03 8.359703235328197479e-03 6.988436449319124222e-03 5.370728671550750732e-03 3.986328840255737305e-03 2.921762876212596893e-03 2.459781244397163391e-03 2.154626417905092239e-03 2.010160591453313828e-03 1.794620649889111519e-03 1.690327073447406292e-03 1.542771118693053722e-03 1.363540883176028728e-03 1.133322599343955517e-03 7.764071342535316944e-04 6.597529281862080097e-04 6.350314943119883537e-04 7.501405780203640461e-04 2.389479894191026688e-03 0.000000000000000000e+00 0.000000000000000000e+00 0.000000000000000000e+00 0.000000000000000000e+00 0.000000000000000000e+00 0.000000000000000000e+00 0.000000000000000000e+00 0.000000000000000000e+00 0.000000000000000000e+00 0.000000000000000000e+00 0.000000000000000000e+00 0.000000000000000000e+00 0.000000000000000000e+00 0.000000000000000000e+00 0.000000000000000000e+00 9.394139633513987064e-04 9.861243367195129395e-01 1.224560104310512543e-02 6.906546768732368946e-04 0.000000000000000000e+00 0.000000000000000000e+00 0.000000000000000000e+00 0.000000000000000000e+00 0.000000000000000000e+00 0.000000000000000000e+00 0.000000000000000000e+00 0.000000000000000000e+00 0.000000000000000000e+00 0.000000000000000000e+00 0.000000000000000000e+00 0.000000000000000000e+00 0.000000000000000000e+00 0.000000000000000000e+00 0.000000000000000000e+00 0.000000000000000000e+00 0.000000000000000000e+00 0.000000000000000000e+00 0.000000000000000000e+00 0.000000000000000000e+00 0.000000000000000000e+00 0.000000000000000000e+00 0.000000000000000000e+00 0.000000000000000000e+00 0.000000000000000000e+00 0.000000000000000000e+00 2.603474713396281004e-04 8.811641484498977661e-03 9.760797023773193359e-01 1.484830304980278015e-02 0.000000000000000000e+00 0.000000000000000000e+00 0.000000000000000000e+00 0.000000000000000000e+00 0.000000000000000000e+00 0.000000000000000000e+00 0.000000000000000000e+00 0.000000000000000000e+00 0.000000000000000000e+00 0.000000000000000000e+00 0.000000000000000000e+00 0.000000000000000000e+00 0.000000000000000000e+00 0.000000000000000000e+00 0.000000000000000000e+00
2.275179031130392104e-05 2.134431712329387665e-02 1.347070634365081787e-01 8.000548928976058960e-02 5.512366443872451782e-02 6.886496394872665405e-02 5.391703546047210693e-02 4.531921073794364929e-02 4.468059167265892029e-02 7.135432213544845581e-02 9.023281186819076538e-02 9.202942252159118652e-02 7.261116057634353638e-02 4.720682650804519653e-02 3.400137275457382202e-02 1.475335843861103058e-02 6.082573439925909042e-03 5.161518231034278870e-03 4.712758585810661316e-03 4.192605614662170410e-03 3.329606726765632629e-03 2.931842813268303871e-03 3.032264299690723419e-03 3.273119451478123665e-03 3.627733560279011726e-03 4.025497473776340485e-03 3.351574065163731575e-03 3.033833578228950500e-03 3.093458944931626320e-03 3.459841245785355568e-03 5.097969900816679001e-03 1.541943755000829697e-02 0.000000000000000000e+00 0.000000000000000000e+00 0.000000000000000000e+00 0.000000000000000000e+00 0.000000000000000000e+00 0.000000000000000000e+00 0.000000000000000000e+00 0.000000000000000000e+00 0.000000000000000000e+00 0.000000000000000000e+00 0.000000000000000000e+00 0.000000000000000000e+00 0.000000000000000000e+00 0.000000000000000000e+00 8.629988769826013595e-06 1.897813053801655769e-03 3.480725586414337158e-01 1.104011014103889465e-01 6.969030201435089111e-02 4.054682701826095581e-02 1.891615241765975952e-02 2.008983120322227478e-02 1.061567105352878571e-02 2.420555055141448975e-02 6.294949352741241455e-02 1.057205051183700562e-01 1.416204720735549927e-01 4.526507854461669922e-02 0.000000000000000000e+00 0.000000000000000000e+00 0.000000000000000000e+00 0.000000000000000000e+00 0.000000000000000000e+00 0.000000000000000000e+00 0.000000000000000000e+00 0.000000000000000000e+00 0.000000000000000000e+00 0.000000000000000000e+00 0.000000000000000000e+00 0.000000000000000000e+00 0.000000000000000000e+00 0.000000000000000000e+00 1.365436911582946777e-01 2.113453000783920288e-01 5.490085482597351074e-02 8.305580168962478638e-02 1.373541206121444702e-01 3.630008697509765625e-01 1.379935257136821747e-02 0.000000000000000000e+00 0.000000000000000000e+00 0.000000000000000000e+00 0.000000000000000000e+00 0.000000000000000000e+00 0.000000000000000000e+00 0.000000000000000000e+00 0.000000000000000000e+00 0.000000000000000000e+00 0.000000000000000000e+00 0.000000000000000000e+00 0.000000000000000000e+00 0.000000000000000000e+00 0.000000000000000000e+00 0.000000000000000000e+00
1.900033280253410339e-02 2.810218557715415955e-02 3.845201805233955383e-02 5.350702255964279175e-02 6.261546909809112549e-02 7.451807707548141479e-02 5.664022266864776611e-02 4.605060070753097534e-02 4.216820001602172852e-02 3.957981616258621216e-02 4.364648088812828064e-02 4.511042311787605286e-02 4.828375577926635742e-02 4.863366484642028809e-02 4.608229547739028931e-02 4.466566443443298340e-02 4.546808078885078430e-02 4.586379230022430420e-02 3.643817454576492310e-02 2.889175899326801300e-02 2.361528389155864716e-02 2.050846070051193237e-02 1.679459214210510254e-02 1.211937703192234039e-02 1.146074291318655014e-02 8.504407480359077454e-03 5.059822928160429001e-03 3.206532681360840797e-03 1.843921025283634663e-03 1.033757114782929420e-03 8.395445183850824833e-04 1.295521971769630909e-03 0.000000000000000000e+00 0.000000000000000000e+00 0.000000000000000000e+00 0.000000000000000000e+00 0.000000000000000000e+00 0.000000000000000000e+00 0.000000000000000000e+00 0.000000000000000000e+00 0.000000000000000000e+00 0.000000000000000000e+00 0.000000000000000000e+00 0.000000000000000000e+00 0.000000000000000000e+00 0.000000000000000000e+00 9.276862692786380649e-05 5.338186770677566528e-02 3.842379450798034668e-01 1.946979910135269165e-01 1.414298266172409058e-01 1.690467596054077148e-01 5.637070536613464355e-02 7.421490154229104519e-04 0.000000000000000000e+00 0.000000000000000000e+00 0.000000000000000000e+00 0.000000000000000000e+00 0.000000000000000000e+00 0.000000000000000000e+00 0.000000000000000000e+00 0.000000000000000000e+00 0.000000000000000000e+00 0.000000000000000000e+00 0.000000000000000000e+00 0.000000000000000000e+00 0.000000000000000000e+00 0.000000000000000000e+00 0.000000000000000000e+00 4.164177880738861859e-06 1.508357672719284892e-04 2.818223088979721069e-03 1.582063734531402588e-02 5.360511317849159241e-02 6.342343240976333618e-02 7.690554112195968628e-02 6.308347731828689575e-02 8.130533993244171143e-02 1.616747826337814331e-01 2.893157303333282471e-01 1.901264041662216187e-01 1.766305416822433472e-03 0.000000000000000000e+00 0.000000000000000000e+00 0.000000000000000000e+00 0.000000000000000000e+00 0.000000000000000000e+00 0.000000000000000000e+00 0.000000000000000000e+00 0.000000000000000000e+00 0.000000000000000000e+00 0.000000000000000000e+00 0.000000000000000000e+00 0.000000000000000000e+00 0.000000000000000000e+00 0.000000000000000000e+00
5.206505581736564636e-02 6.026042997837066650e-02 4.832897335290908813e-02 4.833842441439628601e-02 6.915348023176193237e-02 8.744914084672927856e-02 9.185265004634857178e-02 7.272128760814666748e-02 4.823065549135208130e-02 4.966760799288749695e-02 4.334406182169914246e-02 4.329017549753189087e-02 4.483490064740180969e-02 4.212170094251632690e-02 3.583974763751029968e-02 3.346877172589302063e-02 2.416826784610748291e-02 2.018733322620391846e-02 1.505872607231140137e-02 1.036120485514402390e-02 6.749909371137619019e-03 6.217668298631906509e-03 6.736674346029758453e-03 6.711149122565984726e-03 5.758220795542001724e-03 3.769172122702002525e-03 3.010043641552329063e-03 2.502382267266511917e-03 1.756489044055342674e-03 1.764051965437829494e-03 2.458895556628704071e-03 1.182274054735898972e-02 0.000000000000000000e+00 0.000000000000000000e+00 0.000000000000000000e+00 0.000000000000000000e+00 0.000000000000000000e+00 0.000000000000000000e+00 0.000000000000000000e+00 0.000000000000000000e+00 0.000000000000000000e+00 0.000000000000000000e+00 0.000000000000000000e+00 0.000000000000000000e+00 0.000000000000000000e+00 2.647023211466148496e-05 7.418282795697450638e-03 3.839885443449020386e-02 5.237343311309814453e-01 6.256806850433349609e-02 3.168486803770065308e-02 2.541898563504219055e-02 2.431196346879005432e-02 2.880339510738849640e-02 3.762932494282722473e-02 4.682773351669311523e-02 4.248945042490959167e-02 7.129190117120742798e-02 4.260478541254997253e-02 1.409445330500602722e-02 2.693346235901117325e-03 3.781461828111787327e-06 0.000000000000000000e+00 0.000000000000000000e+00 0.000000000000000000e+00 0.000000000000000000e+00 0.000000000000000000e+00 0.000000000000000000e+00 0.000000000000000000e+00 0.000000000000000000e+00 0.000000000000000000e+00 0.000000000000000000e+00 1.607121339475270361e-05 2.572433836758136749e-02 7.368367165327072144e-02 8.026435971260070801e-02 8.063116669654846191e-02 5.413162335753440857e-02 9.046579897403717041e-02 4.934628009796142578e-01 8.785186707973480225e-02 1.374183222651481628e-02 2.647023211466148496e-05 0.000000000000000000e+00 0.000000000000000000e+00 0.000000000000000000e+00 0.000000000000000000e+00 0.000000000000000000e+00 0.000000000000000000e+00 0.000000000000000000e+00 0.000000000000000000e+00 0.000000000000000000e+00 0.000000000000000000e+00 0.000000000000000000e+00 0.000000000000000000e+00 0.000000000000000000e+00
7.599006872624158859e-03 3.568417159840464592e-03 5.965168122202157974e-03 1.526714395731687546e-02 3.660459071397781372e-02 5.457066372036933899e-02 5.043258145451545715e-02 3.981596976518630981e-02 4.374417290091514587e-02 5.877839773893356323e-02 6.295759230852127075e-02 5.585375055670738220e-02 5.259301140904426575e-02 5.936665460467338562e-02 7.192412763833999634e-02 7.310299575328826904e-02 5.354497954249382019e-02 4.220957681536674500e-02 3.616611659526824951e-02 3.249963372945785522e-02 3.170569241046905518e-02 2.908178232610225677e-02 2.345440536737442017e-02 1.845914497971534729e-02 1.298456080257892609e-02 1.033197902143001556e-02 8.534480817615985870e-03 5.625412333756685257e-03 2.498612273484468460e-03 6.821300485171377659e-04 7.724697206867858768e-05 0.000000000000000000e+00 0.000000000000000000e+00 0.000000000000000000e+00 0.000000000000000000e+00 0.000000000000000000e+00 0.000000000000000000e+00 0.000000000000000000e+00 0.000000000000000000e+00 0.000000000000000000e+00 0.000000000000000000e+00 0.000000000000000000e+00 0.000000000000000000e+00 0.000000000000000000e+00 3.432907687965780497e-04 8.612251840531826019e-03 4.901503399014472961e-02 1.108003035187721252e-01 2.938307225704193115e-01 1.422967761754989624e-01 8.456121385097503662e-02 1.248169615864753723e-01 1.813227236270904541e-01 4.398625809699296951e-03 2.094833007504348643e-06 0.000000000000000000e+00 0.000000000000000000e+00 0.000000000000000000e+00 0.000000000000000000e+00 0.000000000000000000e+00 0.000000000000000000e+00 0.000000000000000000e+00 0.000000000000000000e+00 0.000000000000000000e+00 0.000000000000000000e+00 0.000000000000000000e+00 0.000000000000000000e+00 0.000000000000000000e+00 2.697097625059541315e-05 4.413551359903067350e-04 2.440218813717365265e-03 1.612065732479095459e-02 5.590716749429702759e-02 8.976215869188308716e-02 7.500667870044708252e-02 5.047775432467460632e-02 4.206333309412002563e-02 9.775289893150329590e-02 9.649102389812469482e-02 3.071227073669433594e-01 1.008278504014015198e-01 5.073541775345802307e-02 1.385496463626623154e-02 9.688602876849472523e-04 0.000000000000000000e+00 0.000000000000000000e+00 0.000000000000000000e+00 0.000000000000000000e+00 0.000000000000000000e+00 0.000000000000000000e+00 0.000000000000000000e+00 0.000000000000000000e+00 0.000000000000000000e+00 0.000000000000000000e+00 0.000000000000000000e+00 0.000000000000000000e+00
7.228118926286697388e-02 9.566989541053771973e-02 1.007768064737319946e-01 9.970004856586456299e-02 8.987078815698623657e-02 7.105829566717147827e-02 5.301491916179656982e-02 4.156283661723136902e-02 4.066297411918640137e-02 3.059529326856136322e-02 2.845716103911399841e-02 2.644208632409572601e-02 2.230426110327243805e-02 1.765882223844528198e-02 1.666666753590106964e-02 1.493616402149200439e-02 1.528226397931575775e-02 1.671281270682811737e-02 1.978157274425029755e-02 2.594985440373420715e-02 2.708814106881618500e-02 2.831871993839740753e-02 2.375019155442714691e-02 1.298261806368827820e-02 6.152899470180273056e-03 2.145823789760470390e-03 1.692047371761873364e-04 7.691124665143433958e-06 0.000000000000000000e+00 0.000000000000000000e+00 0.000000000000000000e+00 0.000000000000000000e+00 0.000000000000000000e+00 0.000000000000000000e+00 0.000000000000000000e+00 0.000000000000000000e+00 0.000000000000000000e+00 0.000000000000000000e+00 0.000000000000000000e+00 0.000000000000000000e+00 0.000000000000000000e+00 0.000000000000000000e+00 0.000000000000000000e+00 5.383786992751993239e-05 1.845869846874848008e-04 3.384094743523746729e-04 4.007075913250446320e-03 1.622596532106399536e-01 5.238116979598999023e-01 2.239270955324172974e-01 8.143362402915954590e-02 3.837871132418513298e-03 1.461313659092411399e-04 0.000000000000000000e+00 0.000000000000000000e+00 0.000000000000000000e+00 0.000000000000000000e+00 0.000000000000000000e+00 0.000000000000000000e+00 0.000000000000000000e+00 0.000000000000000000e+00 0.000000000000000000e+00 0.000000000000000000e+00 0.000000000000000000e+00 0.000000000000000000e+00 0.000000000000000000e+00 0.000000000000000000e+00 0.000000000000000000e+00 0.000000000000000000e+00 0.000000000000000000e+00 0.000000000000000000e+00 0.000000000000000000e+00 0.000000000000000000e+00 0.000000000000000000e+00 0.000000000000000000e+00 5.383786992751993239e-05 4.476234316825866699e-02 1.247654184699058533e-01 1.570143103599548340e-01 3.851791918277740479e-01 2.789570689201354980e-01 8.737117052078247070e-03 3.614828456193208694e-04 1.538224896648898721e-04 1.538224933028686792e-05 0.000000000000000000e+00 0.000000000000000000e+00 0.000000000000000000e+00 0.000000000000000000e+00 0.000000000000000000e+00 0.000000000000000000e+00 0.000000000000000000e+00 0.000000000000000000e+00 0.000000000000000000e+00 0.000000000000000000e+00 0.000000000000000000e+00
7.116895914077758789e-02 7.416623830795288086e-02 4.846983402967453003e-02 4.040691629052162170e-02 3.108406253159046173e-02 2.267773076891899109e-02 1.646924950182437897e-02 1.335149910300970078e-02 1.274236012250185013e-02 1.560789998620748520e-02 1.796676218509674072e-02 1.766838505864143372e-02 2.125453203916549683e-02 2.430697903037071228e-02 2.210800163447856903e-02 1.670232228934764862e-02 1.088116783648729324e-02 4.864548519253730774e-02 9.247978776693344116e-02 8.392370492219924927e-02 6.766726076602935791e-02 4.276465252041816711e-02 6.950480490922927856e-02 3.861553221940994263e-02 4.654559120535850525e-02 3.268741443753242493e-02 1.328619400737807155e-04 0.000000000000000000e+00 0.000000000000000000e+00 0.000000000000000000e+00 0.000000000000000000e+00 0.000000000000000000e+00 0.000000000000000000e+00 0.000000000000000000e+00 0.000000000000000000e+00 0.000000000000000000e+00 0.000000000000000000e+00 0.000000000000000000e+00 0.000000000000000000e+00 0.000000000000000000e+00 0.000000000000000000e+00 0.000000000000000000e+00 0.000000000000000000e+00 0.000000000000000000e+00 2.251897240057587624e-04 2.287927549332380295e-03 1.287972647696733475e-02 5.496768653392791748e-02 5.715844631195068359e-01 1.814713925123214722e-01 3.218636661767959595e-02 3.332019597291946411e-02 2.836039289832115173e-02 1.902740634977817535e-02 1.319274026900529861e-02 2.027720771729946136e-02 2.560744993388652802e-02 4.591618664562702179e-03 2.026707443292252719e-05 0.000000000000000000e+00 0.000000000000000000e+00 0.000000000000000000e+00 0.000000000000000000e+00 0.000000000000000000e+00 0.000000000000000000e+00 0.000000000000000000e+00 0.000000000000000000e+00 0.000000000000000000e+00 0.000000000000000000e+00 0.000000000000000000e+00 0.000000000000000000e+00 4.042155633214861155e-04 6.192717235535383224e-03 4.064111411571502686e-02 4.547931626439094543e-02 2.636070922017097473e-02 1.924696564674377441e-02 2.357623726129531860e-02 4.230301454663276672e-02 6.825759410858154297e-01 1.088161766529083252e-01 4.403585102409124374e-03 0.000000000000000000e+00 0.000000000000000000e+00 0.000000000000000000e+00 0.000000000000000000e+00 0.000000000000000000e+00 0.000000000000000000e+00 0.000000000000000000e+00 0.000000000000000000e+00 0.000000000000000000e+00 0.000000000000000000e+00 0.000000000000000000e+00 0.000000000000000000e+00 0.000000000000000000e+00 0.000000000000000000e+00
1.161980908364057541e-02 1.237695477902889252e-02 2.270632423460483551e-02 3.668433055281639099e-02 4.746359959244728088e-02 5.036635696887969971e-02 4.649547487497329712e-02 4.243512824177742004e-02 4.251515865325927734e-02 4.425885900855064392e-02 4.955024644732475281e-02 5.394505709409713745e-02 5.906014516949653625e-02 6.279569119215011597e-02 6.586509197950363159e-02 5.889862030744552612e-02 5.112759768962860107e-02 4.381510615348815918e-02 3.791156411170959473e-02 3.424785658717155457e-02 2.961807698011398315e-02 2.416165359318256378e-02 1.800017058849334717e-02 1.286006439477205276e-02 1.007113512605428696e-02 8.378786034882068634e-03 6.491701584309339523e-03 4.793500527739524841e-03 3.768171416595578194e-03 3.164210589602589607e-03 1.716782106086611748e-03 2.836772473528981209e-03 0.000000000000000000e+00 0.000000000000000000e+00 0.000000000000000000e+00 0.000000000000000000e+00 0.000000000000000000e+00 0.000000000000000000e+00 0.000000000000000000e+00 0.000000000000000000e+00 0.000000000000000000e+00 0.000000000000000000e+00 0.000000000000000000e+00 0.000000000000000000e+00 0.000000000000000000e+00 1.003967830911278725e-03 5.616953223943710327e-02 2.363413870334625244e-01 1.310889124870300293e-01 2.121478319168090820e-01 3.303667306900024414e-01 3.280438110232353210e-02 7.725080649834126234e-05 0.000000000000000000e+00 0.000000000000000000e+00 0.000000000000000000e+00 0.000000000000000000e+00 0.000000000000000000e+00 0.000000000000000000e+00 0.000000000000000000e+00 0.000000000000000000e+00 0.000000000000000000e+00 0.000000000000000000e+00 0.000000000000000000e+00 0.000000000000000000e+00 0.000000000000000000e+00 0.000000000000000000e+00 0.000000000000000000e+00 0.000000000000000000e+00 0.000000000000000000e+00 0.000000000000000000e+00 0.000000000000000000e+00 1.120721935876645148e-04 6.531204562634229660e-04 4.786331206560134888e-03 6.328772753477096558e-02 2.582850158214569092e-01 2.654918730258941650e-01 1.278120428323745728e-01 6.024158373475074768e-02 1.433763355016708374e-01 7.353428006172180176e-02 2.410576445981860161e-03 8.778501069173216820e-06 2.926167042005545227e-07 0.000000000000000000e+00 0.000000000000000000e+00 0.000000000000000000e+00 0.000000000000000000e+00 0.000000000000000000e+00 0.000000000000000000e+00 0.000000000000000000e+00 0.000000000000000000e+00 0.000000000000000000e+00 0.000000000000000000e+00 0.000000000000000000e+00
3.922360017895698547e-03 1.783749833703041077e-02 5.264286696910858154e-02 7.829748094081878662e-02 7.785151153802871704e-02 9.005075693130493164e-02 1.002558991312980652e-01 8.868631720542907715e-02 5.912102758884429932e-02 4.105629771947860718e-02 3.649790957570075989e-02 4.097029194235801697e-02 4.320223256945610046e-02 5.989296734333038330e-02 4.136847332119941711e-02 3.733992949128150940e-02 2.797150053083896637e-02 3.288029134273529053e-02 1.989424228668212891e-02 1.063093263655900955e-02 8.445709012448787689e-03 5.703030619770288467e-03 6.219074595719575882e-03 5.909023340791463852e-03 4.701734986156225204e-03 2.680031349882483482e-03 1.144640962593257427e-03 4.788804333657026291e-03 3.716366700245998800e-05 0.000000000000000000e+00 0.000000000000000000e+00 0.000000000000000000e+00 0.000000000000000000e+00 0.000000000000000000e+00 0.000000000000000000e+00 0.000000000000000000e+00 0.000000000000000000e+00 0.000000000000000000e+00 0.000000000000000000e+00 6.105459760874509811e-04 9.535135701298713684e-03 4.696213454008102417e-02 5.618297308683395386e-02 9.241755306720733643e-02 1.460776329040527344e-01 1.386056244373321533e-01 1.463229209184646606e-01 7.610906660556793213e-02 4.892012849450111389e-02 2.225360460579395294e-02 3.000594675540924072e-02 2.894412726163864136e-02 1.876659132540225983e-02 1.545690093189477921e-02 1.090594381093978882e-02 9.259062819182872772e-03 1.120643876492977142e-02 1.110981311649084091e-02 1.374843344092369080e-02 2.031153813004493713e-02 1.749983988702297211e-02 2.000042423605918884e-02 7.566522806882858276e-03 1.221091952174901962e-03 4.585996735841035843e-03 2.590838586911559105e-03 7.487948518246412277e-03 8.327847346663475037e-03 6.576907355338335037e-03 7.126929704099893570e-03 1.249867305159568787e-02 2.236722037196159363e-02 4.253753647208213806e-02 4.036398977041244507e-02 4.263522103428840637e-02 8.777952194213867188e-02 1.015513166785240173e-01 1.115940064191818237e-01 2.133470624685287476e-01 1.199579536914825439e-01 3.799188882112503052e-02 1.983265765011310577e-02 5.806770175695419312e-02 5.272144079208374023e-02 5.733823127229698002e-05 0.000000000000000000e+00 0.000000000000000000e+00 0.000000000000000000e+00 0.000000000000000000e+00 0.000000000000000000e+00 0.000000000000000000e+00 0.000000000000000000e+00 0.000000000000000000e+00 0.000000000000000000e+00 0.000000000000000000e+00 0.000000000000000000e+00
8.591417223215103149e-03 8.789764717221260071e-03 1.282254420220851898e-02 1.899376884102821350e-02 2.918582409620285034e-02 3.898464888334274292e-02 4.119956493377685547e-02 4.074623435735702515e-02 4.087695106863975525e-02 4.235858097672462463e-02 4.429007694125175476e-02 4.638000950217247009e-02 4.587864503264427185e-02 4.915531724691390991e-02 5.881888419389724731e-02 6.944479048252105713e-02 6.434989720582962036e-02 6.166182085871696472e-02 5.510453507304191589e-02 4.895828291773796082e-02 4.577517136931419373e-02 3.780759125947952271e-02 2.765388973057270050e-02 1.942296326160430908e-02 1.467266865074634552e-02 9.632142260670661926e-03 6.779887247830629349e-03 4.757224116474390030e-03 2.563815796747803688e-03 1.057930989190936089e-03 9.771583136171102524e-04 2.307995688170194626e-03 0.000000000000000000e+00 0.000000000000000000e+00 0.000000000000000000e+00 0.000000000000000000e+00 0.000000000000000000e+00 0.000000000000000000e+00 0.000000000000000000e+00 0.000000000000000000e+00 0.000000000000000000e+00 0.000000000000000000e+00 0.000000000000000000e+00 0.000000000000000000e+00 2.389724329532327829e-07 2.345036482438445091e-03 9.953441098332405090e-03 1.982073299586772919e-02 1.416903436183929443e-01 3.506242930889129639e-01 3.201802968978881836e-01 1.359436511993408203e-01 1.944160275161266327e-02 3.584586636407038895e-07 0.000000000000000000e+00 0.000000000000000000e+00 0.000000000000000000e+00 0.000000000000000000e+00 0.000000000000000000e+00 0.000000000000000000e+00 0.000000000000000000e+00 0.000000000000000000e+00 0.000000000000000000e+00 0.000000000000000000e+00 0.000000000000000000e+00 0.000000000000000000e+00 0.000000000000000000e+00 0.000000000000000000e+00 0.000000000000000000e+00 0.000000000000000000e+00 0.000000000000000000e+00 0.000000000000000000e+00 4.934780736221000552e-05 2.327352529391646385e-03 1.181563362479209900e-02 1.653438434004783630e-02 1.171441674232482910e-01 3.806731700897216797e-01 2.902388274669647217e-01 1.518373489379882812e-01 2.799836918711662292e-02 1.055899658240377903e-03 2.433934278087690473e-04 8.208703366108238697e-05 0.000000000000000000e+00 0.000000000000000000e+00 0.000000000000000000e+00 0.000000000000000000e+00 0.000000000000000000e+00 0.000000000000000000e+00 0.000000000000000000e+00 0.000000000000000000e+00 0.000000000000000000e+00 0.000000000000000000e+00 0.000000000000000000e+00 0.000000000000000000e+00
2.592986274976283312e-04 5.126704461872577667e-03 3.470527008175849915e-02 9.135831892490386963e-02 1.310384124517440796e-01 7.595597952604293823e-02 7.575964927673339844e-02 6.888083368539810181e-02 5.503798648715019226e-02 4.321397095918655396e-02 3.243084996938705444e-02 2.852655388414859772e-02 2.985638566315174103e-02 3.377550095319747925e-02 3.287165984511375427e-02 2.863397821784019470e-02 2.596320211887359619e-02 2.681147865951061249e-02 2.974525839090347290e-02 2.857841365039348602e-02 2.401846274733543396e-02 1.968447118997573853e-02 1.562829874455928802e-02 1.133875921368598938e-02 1.068680826574563980e-02 1.068680826574563980e-02 9.716290049254894257e-03 8.001214824616909027e-03 6.649157963693141937e-03 4.022832959890365601e-03 9.705177508294582367e-04 6.667678826488554478e-05 0.000000000000000000e+00 0.000000000000000000e+00 0.000000000000000000e+00 0.000000000000000000e+00 0.000000000000000000e+00 0.000000000000000000e+00 0.000000000000000000e+00 0.000000000000000000e+00 0.000000000000000000e+00 0.000000000000000000e+00 0.000000000000000000e+00 0.000000000000000000e+00 0.000000000000000000e+00 0.000000000000000000e+00 0.000000000000000000e+00 3.037498332560062408e-03 5.479387640953063965e-01 1.563756018877029419e-01 1.084349825978279114e-01 1.417548656463623047e-01 4.245829954743385315e-02 0.000000000000000000e+00 0.000000000000000000e+00 0.000000000000000000e+00 0.000000000000000000e+00 0.000000000000000000e+00 0.000000000000000000e+00 0.000000000000000000e+00 0.000000000000000000e+00 0.000000000000000000e+00 0.000000000000000000e+00 0.000000000000000000e+00 0.000000000000000000e+00 0.000000000000000000e+00 0.000000000000000000e+00 0.000000000000000000e+00 0.000000000000000000e+00 0.000000000000000000e+00 0.000000000000000000e+00 0.000000000000000000e+00 0.000000000000000000e+00 1.052011619322001934e-03 1.732485368847846985e-02 6.796958297491073608e-02 8.156424015760421753e-02 6.763990223407745361e-02 1.470223218202590942e-01 3.533869981765747070e-01 2.640400826930999756e-01 0.000000000000000000e+00 0.000000000000000000e+00 0.000000000000000000e+00 0.000000000000000000e+00 0.000000000000000000e+00 0.000000000000000000e+00 0.000000000000000000e+00 0.000000000000000000e+00 0.000000000000000000e+00 0.000000000000000000e+00 0.000000000000000000e+00 0.000000000000000000e+00 0.000000000000000000e+00 0.000000000000000000e+00 0.000000000000000000e+00
9.476355463266372681e-02 2.126237154006958008e-01 1.692073792219161987e-01 1.011239588260650635e-01 5.644410103559494019e-02 4.308797046542167664e-02 3.935810551047325134e-02 3.798751533031463623e-02 3.634566068649291992e-02 2.987104281783103943e-02 2.310731634497642517e-02 1.678617671132087708e-02 1.259587891399860382e-02 1.239600125700235367e-02 1.249593961983919144e-02 1.135734934359788895e-02 9.379985742270946503e-03 9.351431392133235931e-03 1.481595169752836227e-02 1.952379010617733002e-02 2.352134883403778076e-02 1.119316462427377701e-02 1.734654884785413742e-03 3.533556300681084394e-04 2.427089202683418989e-04 2.105856838170439005e-04 1.142159599112346768e-04 7.138497494452167302e-06 0.000000000000000000e+00 0.000000000000000000e+00 0.000000000000000000e+00 0.000000000000000000e+00 0.000000000000000000e+00 0.000000000000000000e+00 0.000000000000000000e+00 0.000000000000000000e+00 0.000000000000000000e+00 0.000000000000000000e+00 0.000000000000000000e+00 0.000000000000000000e+00 0.000000000000000000e+00 0.000000000000000000e+00 0.000000000000000000e+00 0.000000000000000000e+00 0.000000000000000000e+00 0.000000000000000000e+00 0.000000000000000000e+00 2.789367921650409698e-02 5.448458194732666016e-01 1.195198670029640198e-01 1.623544245958328247e-01 1.424380093812942505e-01 2.948199398815631866e-03 0.000000000000000000e+00 0.000000000000000000e+00 0.000000000000000000e+00 0.000000000000000000e+00 0.000000000000000000e+00 0.000000000000000000e+00 0.000000000000000000e+00 0.000000000000000000e+00 0.000000000000000000e+00 0.000000000000000000e+00 0.000000000000000000e+00 0.000000000000000000e+00 0.000000000000000000e+00 0.000000000000000000e+00 0.000000000000000000e+00 0.000000000000000000e+00 0.000000000000000000e+00 0.000000000000000000e+00 0.000000000000000000e+00 0.000000000000000000e+00 0.000000000000000000e+00 3.094538580626249313e-03 2.222928218543529510e-02 8.627945184707641602e-02 1.282859444618225098e-01 1.263835281133651733e-01 2.383758425712585449e-01 3.953514099121093750e-01 0.000000000000000000e+00 0.000000000000000000e+00 0.000000000000000000e+00 0.000000000000000000e+00 0.000000000000000000e+00 0.000000000000000000e+00 0.000000000000000000e+00 0.000000000000000000e+00 0.000000000000000000e+00 0.000000000000000000e+00 0.000000000000000000e+00 0.000000000000000000e+00 0.000000000000000000e+00 0.000000000000000000e+00 0.000000000000000000e+00
3.123601526021957397e-02 2.579334564507007599e-02 3.236756473779678345e-02 4.202451184391975403e-02 4.949096217751502991e-02 5.328330397605895996e-02 5.729884281754493713e-02 5.682514235377311707e-02 5.371115729212760925e-02 5.177808180451393127e-02 4.799791425466537476e-02 4.547213390469551086e-02 4.497287794947624207e-02 4.742100462317466736e-02 4.759692773222923279e-02 4.501038789749145508e-02 4.204929620027542114e-02 3.718199953436851501e-02 3.267510235309600830e-02 3.029333241283893585e-02 2.606381289660930634e-02 2.219710871577262878e-02 1.827797852456569672e-02 1.492829713970422745e-02 1.193188875913619995e-02 9.124895557761192322e-03 6.518722511827945709e-03 4.643335472792387009e-03 3.162460634484887123e-03 2.716070506721735001e-03 3.511895192787051201e-03 2.443629782646894455e-03 0.000000000000000000e+00 0.000000000000000000e+00 0.000000000000000000e+00 0.000000000000000000e+00 0.000000000000000000e+00 0.000000000000000000e+00 0.000000000000000000e+00 0.000000000000000000e+00 0.000000000000000000e+00 2.632276164149516262e-06 5.231649265624582767e-05 5.411521415226161480e-04 4.103389568626880646e-03 3.185942769050598145e-02 1.770995408296585083e-01 2.886324822902679443e-01 1.922760456800460815e-01 8.499938249588012695e-02 1.107620149850845337e-01 8.454234898090362549e-02 1.842527650296688080e-02 3.631444415077567101e-03 1.716353814117610455e-03 9.969746461138129234e-04 3.061117895413190126e-04 4.562612230074591935e-05 7.348437975451815873e-06 1.096781758747056301e-07 0.000000000000000000e+00 0.000000000000000000e+00 0.000000000000000000e+00 0.000000000000000000e+00 4.387127034988225205e-07 3.707122232299298048e-05 1.386332151014357805e-04 2.632276155054569244e-04 6.178171606734395027e-04 5.810749717056751251e-04 8.384896791540086269e-04 1.452577766031026840e-03 5.220462102442979813e-03 1.669323816895484924e-02 3.688213974237442017e-02 6.125010922551155090e-02 7.230972498655319214e-02 7.278189063072204590e-02 9.019418060779571533e-02 2.296983450651168823e-01 2.431024461984634399e-01 8.730163425207138062e-02 5.049133673310279846e-02 2.629786543548107147e-02 2.931368770077824593e-03 5.966493044979870319e-04 2.563179004937410355e-04 5.001324825570918620e-05 1.272266854357440025e-05 2.193563517494112602e-07 0.000000000000000000e+00 0.000000000000000000e+00 0.000000000000000000e+00 0.000000000000000000e+00 0.000000000000000000e+00 0.000000000000000000e+00
4.869065713137388229e-03 2.107196487486362457e-02 3.213583305478096008e-02 2.131783030927181244e-02 1.608237810432910919e-02 1.391781400889158249e-02 1.186412852257490158e-02 1.374426297843456268e-02 1.828068867325782776e-02 1.948108337819576263e-02 2.666898071765899658e-02 2.877087518572807312e-02 2.740175090730190277e-02 2.527575381100177765e-02 1.946179941296577454e-02 1.695495471358299255e-02 8.219561539590358734e-03 1.600524596869945526e-02 5.216167122125625610e-02 1.052296683192253113e-01 1.315274387598037720e-01 1.509313881397247314e-01 1.358131766319274902e-01 7.388927787542343140e-02 6.773304194211959839e-03 6.218905327841639519e-04 8.581125293858349323e-04 5.543985753320157528e-04 1.157005681307055056e-04 0.000000000000000000e+00 0.000000000000000000e+00 0.000000000000000000e+00 0.000000000000000000e+00 0.000000000000000000e+00 0.000000000000000000e+00 0.000000000000000000e+00 0.000000000000000000e+00 0.000000000000000000e+00 0.000000000000000000e+00 0.000000000000000000e+00 0.000000000000000000e+00 0.000000000000000000e+00 0.000000000000000000e+00 0.000000000000000000e+00 0.000000000000000000e+00 0.000000000000000000e+00 0.000000000000000000e+00 6.315322825685143471e-04 2.247049659490585327e-01 4.179152548313140869e-01 3.502304255962371826e-01 6.469590123742818832e-03 4.820857066079042852e-05 0.000000000000000000e+00 0.000000000000000000e+00 0.000000000000000000e+00 0.000000000000000000e+00 0.000000000000000000e+00 0.000000000000000000e+00 0.000000000000000000e+00 0.000000000000000000e+00 0.000000000000000000e+00 0.000000000000000000e+00 0.000000000000000000e+00 0.000000000000000000e+00 0.000000000000000000e+00 0.000000000000000000e+00 0.000000000000000000e+00 0.000000000000000000e+00 0.000000000000000000e+00 0.000000000000000000e+00 0.000000000000000000e+00 0.000000000000000000e+00 0.000000000000000000e+00 0.000000000000000000e+00 1.966909738257527351e-03 4.150758031755685806e-03 1.373510360717773438e-01 6.691301465034484863e-01 1.257183104753494263e-01 6.097901985049247742e-02 7.038451149128377438e-04 0.000000000000000000e+00 0.000000000000000000e+00 0.000000000000000000e+00 0.000000000000000000e+00 0.000000000000000000e+00 0.000000000000000000e+00 0.000000000000000000e+00 0.000000000000000000e+00 0.000000000000000000e+00 0.000000000000000000e+00 0.000000000000000000e+00 0.000000000000000000e+00 0.000000000000000000e+00 0.000000000000000000e+00
9.218244254589080811e-02 9.787133336067199707e-02 7.859046012163162231e-02 6.604363769292831421e-02 4.168542847037315369e-02 3.063604235649108887e-02 2.579075098037719727e-02 2.453420124948024750e-02 2.600705996155738831e-02 3.372235968708992004e-02 5.148416385054588318e-02 6.792256236076354980e-02 6.738474220037460327e-02 6.512137502431869507e-02 7.248665392398834229e-02 6.208618730306625366e-02 4.065108671784400940e-02 2.943356893956661224e-02 1.697523333132266998e-02 7.481294218450784683e-03 1.536767347715795040e-03 2.271230041515082121e-04 7.669088518014177680e-05 3.637900954345241189e-05 9.832165233092382550e-06 1.081538175640162081e-05 5.899299139855429530e-06 3.932866093236953020e-06 1.966433046618476510e-06 0.000000000000000000e+00 0.000000000000000000e+00 0.000000000000000000e+00 0.000000000000000000e+00 0.000000000000000000e+00 0.000000000000000000e+00 0.000000000000000000e+00 0.000000000000000000e+00 0.000000000000000000e+00 0.000000000000000000e+00 0.000000000000000000e+00 0.000000000000000000e+00 0.000000000000000000e+00 0.000000000000000000e+00 0.000000000000000000e+00 0.000000000000000000e+00 0.000000000000000000e+00 0.000000000000000000e+00 5.506012588739395142e-03 2.682774960994720459e-01 7.264199852943420410e-02 4.760242626070976257e-02 5.425683408975601196e-02 6.476938724517822266e-02 8.098655939102172852e-02 1.356671601533889771e-01 1.988604515790939331e-01 7.125173509120941162e-02 1.799286255845800042e-04 0.000000000000000000e+00 0.000000000000000000e+00 0.000000000000000000e+00 0.000000000000000000e+00 0.000000000000000000e+00 0.000000000000000000e+00 0.000000000000000000e+00 0.000000000000000000e+00 0.000000000000000000e+00 0.000000000000000000e+00 0.000000000000000000e+00 0.000000000000000000e+00 3.746054717339575291e-04 4.181521385908126831e-02 1.198924332857131958e-01 1.389235705137252808e-01 1.049868762493133545e-01 7.187706232070922852e-02 6.480871886014938354e-02 5.531772598624229431e-02 5.480252206325531006e-02 2.542352080345153809e-01 9.296607226133346558e-02 0.000000000000000000e+00 0.000000000000000000e+00 0.000000000000000000e+00 0.000000000000000000e+00 0.000000000000000000e+00 0.000000000000000000e+00 0.000000000000000000e+00 0.000000000000000000e+00 0.000000000000000000e+00 0.000000000000000000e+00 0.000000000000000000e+00 0.000000000000000000e+00 0.000000000000000000e+00 0.000000000000000000e+00 0.000000000000000000e+00
1.415151357650756836e-02 4.577656462788581848e-02 5.894269421696662903e-02 4.310318827629089355e-02 4.254304245114326477e-02 3.675594553351402283e-02 3.640517964959144592e-02 2.929812297224998474e-02 2.613691240549087524e-02 2.543214336037635803e-02 2.664525434374809265e-02 2.799759060144424438e-02 2.951937541365623474e-02 3.210856765508651733e-02 3.668579086661338806e-02 4.152959957718849182e-02 4.683209955692291260e-02 6.294897943735122681e-02 7.546646147966384888e-02 6.457329541444778442e-02 5.788715928792953491e-02 5.704316124320030212e-02 4.094139114022254944e-02 2.715575322508811951e-02 9.673582389950752258e-03 3.630696330219507217e-03 8.137768018059432507e-04 2.158559027520823292e-06 0.000000000000000000e+00 0.000000000000000000e+00 0.000000000000000000e+00 0.000000000000000000e+00 0.000000000000000000e+00 0.000000000000000000e+00 0.000000000000000000e+00 0.000000000000000000e+00 0.000000000000000000e+00 0.000000000000000000e+00 0.000000000000000000e+00 0.000000000000000000e+00 0.000000000000000000e+00 0.000000000000000000e+00 0.000000000000000000e+00 0.000000000000000000e+00 0.000000000000000000e+00 0.000000000000000000e+00 3.853027883451431990e-04 2.102004922926425934e-02 2.418956905603408813e-01 1.257814019918441772e-01 1.802580356597900391e-01 4.164475798606872559e-01 1.420547720044851303e-02 6.475677309936145321e-06 0.000000000000000000e+00 0.000000000000000000e+00 0.000000000000000000e+00 0.000000000000000000e+00 0.000000000000000000e+00 0.000000000000000000e+00 0.000000000000000000e+00 0.000000000000000000e+00 0.000000000000000000e+00 0.000000000000000000e+00 0.000000000000000000e+00 0.000000000000000000e+00 0.000000000000000000e+00 0.000000000000000000e+00 0.000000000000000000e+00 0.000000000000000000e+00 0.000000000000000000e+00 0.000000000000000000e+00 0.000000000000000000e+00 0.000000000000000000e+00 0.000000000000000000e+00 0.000000000000000000e+00 2.628045622259378433e-03 4.245259761810302734e-01 2.689758837223052979e-01 2.565663456916809082e-01 4.630217328667640686e-02 9.745894349180161953e-04 2.698198841244447976e-05 0.000000000000000000e+00 0.000000000000000000e+00 0.000000000000000000e+00 0.000000000000000000e+00 0.000000000000000000e+00 0.000000000000000000e+00 0.000000000000000000e+00 0.000000000000000000e+00 0.000000000000000000e+00 0.000000000000000000e+00 0.000000000000000000e+00 0.000000000000000000e+00 0.000000000000000000e+00
1.697166226222179830e-05 5.834008698002435267e-05 3.034745343029499054e-03 2.478711120784282684e-02 9.301213175058364868e-02 9.258572012186050415e-02 1.047809198498725891e-01 1.037562564015388489e-01 7.852257788181304932e-02 7.640748471021652222e-02 6.094099208712577820e-02 4.141297563910484314e-02 3.189505636692047119e-02 2.008065767586231232e-02 1.412148308008909225e-02 1.503052748739719391e-02 2.213635109364986420e-02 3.300033509731292725e-02 3.808546811342239380e-02 3.181231766939163208e-02 2.067572623491287231e-02 1.500082761049270630e-02 1.179636549204587936e-02 1.196077838540077209e-02 1.061153132468461990e-02 1.122569385915994644e-02 1.055425219237804413e-02 8.319295942783355713e-03 6.953077390789985657e-03 3.789984155446290970e-03 1.083004171960055828e-03 2.551052952185273170e-03 0.000000000000000000e+00 0.000000000000000000e+00 0.000000000000000000e+00 0.000000000000000000e+00 0.000000000000000000e+00 0.000000000000000000e+00 0.000000000000000000e+00 0.000000000000000000e+00 0.000000000000000000e+00 0.000000000000000000e+00 0.000000000000000000e+00 0.000000000000000000e+00 3.918332513421773911e-03 1.759218797087669373e-02 5.719131603837013245e-02 2.794988751411437988e-01 3.876221477985382080e-01 9.790633618831634521e-02 8.074798434972763062e-02 1.377144269645214081e-02 6.365433800965547562e-03 1.820847205817699432e-02 2.727239951491355896e-02 5.783093627542257309e-03 1.522145932540297508e-03 2.219044836238026619e-03 3.808016481343656778e-04 0.000000000000000000e+00 0.000000000000000000e+00 0.000000000000000000e+00 0.000000000000000000e+00 0.000000000000000000e+00 0.000000000000000000e+00 0.000000000000000000e+00 0.000000000000000000e+00 0.000000000000000000e+00 0.000000000000000000e+00 0.000000000000000000e+00 4.667207031161524355e-05 2.882000291720032692e-03 4.237611778080463409e-03 3.533287905156612396e-03 3.726340364664793015e-03 4.089852049946784973e-02 6.320565193891525269e-02 7.977529615163803101e-02 1.249432489275932312e-01 2.683994174003601074e-01 9.799331426620483398e-02 8.477663248777389526e-02 1.790902763605117798e-01 4.458137229084968567e-02 1.910372637212276459e-03 0.000000000000000000e+00 0.000000000000000000e+00 0.000000000000000000e+00 0.000000000000000000e+00 0.000000000000000000e+00 0.000000000000000000e+00 0.000000000000000000e+00 0.000000000000000000e+00 0.000000000000000000e+00 0.000000000000000000e+00 0.000000000000000000e+00
2.259694039821624756e-02 2.177966199815273285e-02 1.681452803313732147e-02 3.142991662025451660e-02 3.114535100758075714e-02 2.854781784117221832e-02 3.776325285434722900e-02 6.534809619188308716e-02 5.847294256091117859e-02 6.838727742433547974e-02 8.168227225542068481e-02 8.212392032146453857e-02 7.286523282527923584e-02 6.788643449544906616e-02 6.942538172006607056e-02 6.670263409614562988e-02 5.807682499289512634e-02 5.003153160214424133e-02 3.036222048103809357e-02 1.553738862276077271e-02 1.146465819329023361e-02 7.296312134712934494e-03 3.300983691588044167e-03 9.106161887757480145e-04 4.780734889209270477e-05 0.000000000000000000e+00 0.000000000000000000e+00 0.000000000000000000e+00 0.000000000000000000e+00 0.000000000000000000e+00 0.000000000000000000e+00 0.000000000000000000e+00 0.000000000000000000e+00 0.000000000000000000e+00 0.000000000000000000e+00 0.000000000000000000e+00 0.000000000000000000e+00 0.000000000000000000e+00 0.000000000000000000e+00 0.000000000000000000e+00 0.000000000000000000e+00 0.000000000000000000e+00 0.000000000000000000e+00 0.000000000000000000e+00 4.735204274766147137e-04 4.687396809458732605e-03 1.118919625878334045e-02 6.897917483001947403e-03 6.958018243312835693e-02 2.248539030551910400e-01 4.092423021793365479e-01 1.256377100944519043e-01 5.989122763276100159e-02 4.360030218958854675e-02 4.328386485576629639e-02 6.624732632189989090e-04 0.000000000000000000e+00 0.000000000000000000e+00 0.000000000000000000e+00 0.000000000000000000e+00 0.000000000000000000e+00 0.000000000000000000e+00 0.000000000000000000e+00 0.000000000000000000e+00 0.000000000000000000e+00 0.000000000000000000e+00 0.000000000000000000e+00 0.000000000000000000e+00 0.000000000000000000e+00 0.000000000000000000e+00 0.000000000000000000e+00 0.000000000000000000e+00 0.000000000000000000e+00 0.000000000000000000e+00 5.258808378130197525e-04 2.966787479817867279e-02 1.774381250143051147e-01 3.505439758300781250e-01 2.105777114629745483e-01 2.042421102523803711e-01 2.686773054301738739e-02 1.365924254059791565e-04 0.000000000000000000e+00 0.000000000000000000e+00 0.000000000000000000e+00 0.000000000000000000e+00 0.000000000000000000e+00 0.000000000000000000e+00 0.000000000000000000e+00 0.000000000000000000e+00 0.000000000000000000e+00 0.000000000000000000e+00 0.000000000000000000e+00 0.000000000000000000e+00 0.000000000000000000e+00 0.000000000000000000e+00
3.712730249390006065e-04 5.856851115822792053e-03 2.646895870566368103e-02 4.153398796916007996e-02 4.645164683461189270e-02 4.957216233015060425e-02 5.114305019378662109e-02 5.178993195295333862e-02 5.324085801839828491e-02 5.620193108916282654e-02 5.925411358475685120e-02 6.030491366982460022e-02 5.936951935291290283e-02 5.893826484680175781e-02 5.612524598836898804e-02 5.360757559537887573e-02 4.912572354078292847e-02 4.344122111797332764e-02 3.646599873900413513e-02 2.958491817116737366e-02 2.344486676156520844e-02 1.764192245900630951e-02 1.294596400111913681e-02 1.108048763126134872e-02 1.057862397283315659e-02 1.088763866573572159e-02 8.619001135230064392e-03 6.000349298119544983e-03 4.567645490169525146e-03 3.623138880357146263e-03 1.740959240123629570e-03 2.125898754457011819e-05 0.000000000000000000e+00 0.000000000000000000e+00 0.000000000000000000e+00 0.000000000000000000e+00 0.000000000000000000e+00 0.000000000000000000e+00 0.000000000000000000e+00 0.000000000000000000e+00 0.000000000000000000e+00 0.000000000000000000e+00 0.000000000000000000e+00 0.000000000000000000e+00 0.000000000000000000e+00 0.000000000000000000e+00 0.000000000000000000e+00 1.346908742561936378e-03 8.288226127624511719e-01 1.698304563760757446e-01 0.000000000000000000e+00 0.000000000000000000e+00 0.000000000000000000e+00 0.000000000000000000e+00 0.000000000000000000e+00 0.000000000000000000e+00 0.000000000000000000e+00 0.000000000000000000e+00 0.000000000000000000e+00 0.000000000000000000e+00 0.000000000000000000e+00 0.000000000000000000e+00 0.000000000000000000e+00 0.000000000000000000e+00 0.000000000000000000e+00 0.000000000000000000e+00 0.000000000000000000e+00 0.000000000000000000e+00 0.000000000000000000e+00 0.000000000000000000e+00 0.000000000000000000e+00 0.000000000000000000e+00 0.000000000000000000e+00 0.000000000000000000e+00 0.000000000000000000e+00 0.000000000000000000e+00 0.000000000000000000e+00 4.755179863423109055e-03 3.076874017715454102e-01 6.832752227783203125e-01 4.282167647033929825e-03 0.000000000000000000e+00 0.000000000000000000e+00 0.000000000000000000e+00 0.000000000000000000e+00 0.000000000000000000e+00 0.000000000000000000e+00 0.000000000000000000e+00 0.000000000000000000e+00 0.000000000000000000e+00 0.000000000000000000e+00 0.000000000000000000e+00 0.000000000000000000e+00 0.000000000000000000e+00 0.000000000000000000e+00 0.000000000000000000e+00
3.941740840673446655e-03 1.148186624050140381e-02 1.935212686657905579e-02 2.108351700007915497e-02 1.801043003797531128e-02 1.370883733034133911e-02 1.281966082751750946e-02 1.472505740821361542e-02 1.762791536748409271e-02 2.554702945053577423e-02 3.827943280339241028e-02 4.932817071676254272e-02 4.785930365324020386e-02 4.593678191304206848e-02 4.909536242485046387e-02 4.562376812100410461e-02 3.555687889456748962e-02 2.835041657090187073e-02 2.671610377728939056e-02 2.930544503033161163e-02 3.366231173276901245e-02 4.230515658855438232e-02 5.424155667424201965e-02 6.788291037082672119e-02 6.702860444784164429e-02 6.622303277254104614e-02 4.827669262886047363e-02 3.136193379759788513e-02 1.973023451864719391e-02 1.026280410587787628e-02 3.778939135372638702e-03 8.959760889410972595e-04 0.000000000000000000e+00 0.000000000000000000e+00 0.000000000000000000e+00 0.000000000000000000e+00 0.000000000000000000e+00 0.000000000000000000e+00 0.000000000000000000e+00 0.000000000000000000e+00 0.000000000000000000e+00 0.000000000000000000e+00 0.000000000000000000e+00 0.000000000000000000e+00 0.000000000000000000e+00 0.000000000000000000e+00 2.644111646077362821e-06 2.387144267559051514e-01 3.515181541442871094e-01 7.002803683280944824e-02 1.250454485416412354e-01 2.116803973913192749e-01 2.932697534561157227e-03 7.781243039062246680e-05 3.777302310936647700e-07 0.000000000000000000e+00 0.000000000000000000e+00 0.000000000000000000e+00 0.000000000000000000e+00 0.000000000000000000e+00 0.000000000000000000e+00 0.000000000000000000e+00 0.000000000000000000e+00 0.000000000000000000e+00 0.000000000000000000e+00 0.000000000000000000e+00 0.000000000000000000e+00 0.000000000000000000e+00 0.000000000000000000e+00 0.000000000000000000e+00 0.000000000000000000e+00 0.000000000000000000e+00 0.000000000000000000e+00 0.000000000000000000e+00 3.663983443402685225e-05 6.546102464199066162e-02 1.988575905561447144e-01 7.192197442054748535e-02 6.410711258649826050e-02 4.970258772373199463e-01 1.019956022500991821e-01 5.941696581430733204e-04 0.000000000000000000e+00 0.000000000000000000e+00 0.000000000000000000e+00 0.000000000000000000e+00 0.000000000000000000e+00 0.000000000000000000e+00 0.000000000000000000e+00 0.000000000000000000e+00 0.000000000000000000e+00 0.000000000000000000e+00 0.000000000000000000e+00 0.000000000000000000e+00 0.000000000000000000e+00 0.000000000000000000e+00
9.882693411782383919e-04 2.410412889730650932e-06 4.820825779461301863e-06 3.535272480803541839e-05 3.880764998029917479e-04 4.246344324201345444e-03 2.006106451153755188e-02 6.025470048189163208e-02 7.076811790466308594e-02 6.138598918914794922e-02 5.859472975134849548e-02 5.053993314504623413e-02 4.891370609402656555e-02 4.365980997681617737e-02 3.213723376393318176e-02 2.683914452791213989e-02 3.058251738548278809e-02 3.871123120188713074e-02 4.088462144136428833e-02 3.761368989944458008e-02 4.260485246777534485e-02 4.781455919146537781e-02 5.283303931355476379e-02 4.912582412362098694e-02 4.339064657688140869e-02 4.160051420331001282e-02 2.958701550960540771e-02 2.577775903046131134e-02 2.110557630658149719e-02 1.180700585246086121e-02 4.965450614690780640e-03 2.775992266833782196e-03 0.000000000000000000e+00 0.000000000000000000e+00 0.000000000000000000e+00 0.000000000000000000e+00 0.000000000000000000e+00 0.000000000000000000e+00 0.000000000000000000e+00 0.000000000000000000e+00 0.000000000000000000e+00 0.000000000000000000e+00 0.000000000000000000e+00 0.000000000000000000e+00 1.606941987120080739e-05 3.360115690156817436e-03 7.709304336458444595e-03 2.226016297936439514e-02 3.350088298320770264e-01 6.251679062843322754e-01 6.456692703068256378e-03 2.089024565066210926e-05 0.000000000000000000e+00 0.000000000000000000e+00 0.000000000000000000e+00 0.000000000000000000e+00 0.000000000000000000e+00 0.000000000000000000e+00 0.000000000000000000e+00 0.000000000000000000e+00 0.000000000000000000e+00 0.000000000000000000e+00 0.000000000000000000e+00 0.000000000000000000e+00 0.000000000000000000e+00 0.000000000000000000e+00 0.000000000000000000e+00 0.000000000000000000e+00 0.000000000000000000e+00 0.000000000000000000e+00 0.000000000000000000e+00 0.000000000000000000e+00 0.000000000000000000e+00 0.000000000000000000e+00 0.000000000000000000e+00 0.000000000000000000e+00 7.600835524499416351e-04 5.106379464268684387e-02 7.173581719398498535e-01 1.930748820304870605e-01 3.442873060703277588e-02 3.314317902550101280e-03 0.000000000000000000e+00 0.000000000000000000e+00 0.000000000000000000e+00 0.000000000000000000e+00 0.000000000000000000e+00 0.000000000000000000e+00 0.000000000000000000e+00 0.000000000000000000e+00 0.000000000000000000e+00 0.000000000000000000e+00 0.000000000000000000e+00 0.000000000000000000e+00 0.000000000000000000e+00 0.000000000000000000e+00
1.300017442554235458e-02 1.968386769294738770e-02 2.453591302037239075e-02 2.786397561430931091e-02 3.899500891566276550e-02 4.481194913387298584e-02 4.812457412481307983e-02 4.579449072480201721e-02 3.926187008619308472e-02 3.865977749228477478e-02 4.318982362747192383e-02 4.909057170152664185e-02 5.563532188534736633e-02 5.910122394561767578e-02 5.657926201820373535e-02 4.902881756424903870e-02 4.447230696678161621e-02 4.273770004510879517e-02 3.957945853471755981e-02 3.819111362099647522e-02 3.566474094986915588e-02 3.016649186611175537e-02 2.669286727905273438e-02 2.534421905875205994e-02 2.645247057080268860e-02 2.135010436177253723e-02 9.935665875673294067e-03 4.361327271908521652e-03 1.243888051249086857e-03 4.024992522317916155e-04 4.852045822190120816e-05 0.000000000000000000e+00 0.000000000000000000e+00 0.000000000000000000e+00 0.000000000000000000e+00 0.000000000000000000e+00 0.000000000000000000e+00 0.000000000000000000e+00 0.000000000000000000e+00 0.000000000000000000e+00 0.000000000000000000e+00 0.000000000000000000e+00 0.000000000000000000e+00 0.000000000000000000e+00 4.013965080957859755e-04 1.452305470593273640e-03 4.331553354859352112e-03 3.193197399377822876e-02 1.767798811197280884e-01 3.237406313419342041e-01 2.844214141368865967e-01 1.065145358443260193e-01 4.758974537253379822e-02 1.330232433974742889e-02 4.756107460707426071e-03 3.000549273565411568e-03 8.744709775783121586e-04 3.186911926604807377e-04 3.484651097096502781e-04 2.359858626732602715e-04 0.000000000000000000e+00 0.000000000000000000e+00 0.000000000000000000e+00 0.000000000000000000e+00 0.000000000000000000e+00 0.000000000000000000e+00 0.000000000000000000e+00 0.000000000000000000e+00 0.000000000000000000e+00 0.000000000000000000e+00 4.631498086382634938e-05 1.279175630770623684e-04 2.414995396975427866e-04 7.300123106688261032e-04 3.871711902320384979e-03 1.079800724983215332e-02 1.063347831368446350e-01 2.054290026426315308e-01 3.845852613449096680e-01 2.462236732244491577e-01 3.333355486392974854e-02 3.994115628302097321e-03 1.569195650517940521e-03 1.362983719445765018e-03 1.090607489459216595e-03 2.536296669859439135e-04 7.719163477304391563e-06 0.000000000000000000e+00 0.000000000000000000e+00 0.000000000000000000e+00 0.000000000000000000e+00 0.000000000000000000e+00 0.000000000000000000e+00 0.000000000000000000e+00 0.000000000000000000e+00 0.000000000000000000e+00
8.002786897122859955e-03 1.325626857578754425e-02 1.676418073475360870e-02 2.173770032823085785e-02 2.336328662931919098e-02 2.624289691448211670e-02 2.908896282315254211e-02 3.690596669912338257e-02 3.925403580069541931e-02 3.748911619186401367e-02 4.157501086592674255e-02 3.381477296352386475e-02 2.754078432917594910e-02 2.371162548661231995e-02 2.800910919904708862e-02 3.265105932950973511e-02 4.124989360570907593e-02 5.660394579172134399e-02 7.731468975543975830e-02 9.945878386497497559e-02 8.448016643524169922e-02 6.709413230419158936e-02 3.700272738933563232e-02 2.687377855181694031e-02 1.916901580989360809e-02 1.697705499827861786e-02 1.844782382249832153e-02 1.004896126687526703e-02 4.607117734849452972e-03 9.701911476440727711e-04 1.548177388031035662e-04 1.393359561916440725e-04 0.000000000000000000e+00 0.000000000000000000e+00 0.000000000000000000e+00 0.000000000000000000e+00 0.000000000000000000e+00 0.000000000000000000e+00 0.000000000000000000e+00 0.000000000000000000e+00 0.000000000000000000e+00 0.000000000000000000e+00 0.000000000000000000e+00 5.160591172170825303e-05 1.625586155569180846e-04 8.953625801950693130e-04 1.820398494601249695e-03 1.103076338768005371e-02 3.483605384826660156e-01 3.847994804382324219e-01 2.108746618032455444e-01 4.191561043262481689e-02 8.902019908418878913e-05 0.000000000000000000e+00 0.000000000000000000e+00 0.000000000000000000e+00 0.000000000000000000e+00 0.000000000000000000e+00 0.000000000000000000e+00 0.000000000000000000e+00 0.000000000000000000e+00 0.000000000000000000e+00 0.000000000000000000e+00 0.000000000000000000e+00 0.000000000000000000e+00 0.000000000000000000e+00 0.000000000000000000e+00 0.000000000000000000e+00 0.000000000000000000e+00 0.000000000000000000e+00 0.000000000000000000e+00 0.000000000000000000e+00 0.000000000000000000e+00 0.000000000000000000e+00 0.000000000000000000e+00 8.864605799317359924e-03 1.544358432292938232e-01 1.414337456226348877e-01 2.836299538612365723e-01 3.887898921966552734e-01 1.803368516266345978e-02 4.354248754680156708e-03 4.244586161803454161e-04 3.354384170961566269e-05 0.000000000000000000e+00 0.000000000000000000e+00 0.000000000000000000e+00 0.000000000000000000e+00 0.000000000000000000e+00 0.000000000000000000e+00 0.000000000000000000e+00 0.000000000000000000e+00 0.000000000000000000e+00 0.000000000000000000e+00 0.000000000000000000e+00 0.000000000000000000e+00
9.950392879545688629e-03 3.578751534223556519e-02 4.782885313034057617e-02 4.137329384684562683e-02 3.639933839440345764e-02 3.384539112448692322e-02 3.075320459902286530e-02 2.444894611835479736e-02 2.103265747427940369e-02 2.299545332789421082e-02 2.254568040370941162e-02 2.250434085726737976e-02 2.299793250858783722e-02 3.145432099699974060e-02 3.383629769086837769e-02 4.859776794910430908e-02 7.252170145511627197e-02 8.456469327211380005e-02 6.555932015180587769e-02 5.170897021889686584e-02 4.086482152342796326e-02 4.264654964208602905e-02 5.706077069044113159e-02 5.958247184753417969e-02 2.874493598937988281e-02 5.675072316080331802e-03 2.617610618472099304e-03 2.030591247603297234e-03 5.374121610657311976e-05 1.653575782256666571e-05 8.267879252343846019e-07 0.000000000000000000e+00 0.000000000000000000e+00 0.000000000000000000e+00 0.000000000000000000e+00 0.000000000000000000e+00 0.000000000000000000e+00 0.000000000000000000e+00 0.000000000000000000e+00 0.000000000000000000e+00 0.000000000000000000e+00 0.000000000000000000e+00 0.000000000000000000e+00 0.000000000000000000e+00 0.000000000000000000e+00 0.000000000000000000e+00 0.000000000000000000e+00 2.240595349576324224e-04 3.809822201728820801e-01 5.664820075035095215e-01 4.846878722310066223e-02 3.827201435342431068e-03 1.570897074998356402e-05 0.000000000000000000e+00 0.000000000000000000e+00 0.000000000000000000e+00 0.000000000000000000e+00 0.000000000000000000e+00 0.000000000000000000e+00 0.000000000000000000e+00 0.000000000000000000e+00 0.000000000000000000e+00 0.000000000000000000e+00 0.000000000000000000e+00 0.000000000000000000e+00 0.000000000000000000e+00 0.000000000000000000e+00 0.000000000000000000e+00 0.000000000000000000e+00 0.000000000000000000e+00 0.000000000000000000e+00 0.000000000000000000e+00 0.000000000000000000e+00 0.000000000000000000e+00 0.000000000000000000e+00 2.728400249907281250e-05 6.432409863919019699e-04 1.399090513586997986e-02 4.669781029224395752e-01 5.153666734695434570e-01 2.993799047544598579e-03 0.000000000000000000e+00 0.000000000000000000e+00 0.000000000000000000e+00 0.000000000000000000e+00 0.000000000000000000e+00 0.000000000000000000e+00 0.000000000000000000e+00 0.000000000000000000e+00 0.000000000000000000e+00 0.000000000000000000e+00 0.000000000000000000e+00 0.000000000000000000e+00 0.000000000000000000e+00 0.000000000000000000e+00 0.000000000000000000e+00
5.386811867356300354e-02 4.239529371261596680e-02 3.174974024295806885e-02 3.117168508470058441e-02 2.757182344794273376e-02 2.412080392241477966e-02 2.796296216547489166e-02 3.209241852164268494e-02 3.223087638616561890e-02 2.902561426162719727e-02 2.661128342151641846e-02 2.469885721802711487e-02 2.214087918400764465e-02 2.083766087889671326e-02 2.009865082800388336e-02 2.266008965671062469e-02 2.959847636520862579e-02 4.037209972739219666e-02 5.687954276800155640e-02 6.393735110759735107e-02 6.229317933320999146e-02 4.728971794247627258e-02 4.339737072587013245e-02 4.226375743746757507e-02 3.827102854847908020e-02 3.245067596435546875e-02 2.614918723702430725e-02 1.852717250585556030e-02 1.352544128894805908e-02 9.769816882908344269e-03 5.167878232896327972e-03 8.705434156581759453e-04 0.000000000000000000e+00 0.000000000000000000e+00 0.000000000000000000e+00 0.000000000000000000e+00 0.000000000000000000e+00 0.000000000000000000e+00 0.000000000000000000e+00 0.000000000000000000e+00 0.000000000000000000e+00 0.000000000000000000e+00 0.000000000000000000e+00 0.000000000000000000e+00 0.000000000000000000e+00 0.000000000000000000e+00 0.000000000000000000e+00 1.751471078023314476e-03 2.032952606678009033e-01 5.235115885734558105e-01 1.547230929136276245e-01 1.046988591551780701e-01 9.418483823537826538e-03 2.601246116682887077e-03 0.000000000000000000e+00 0.000000000000000000e+00 0.000000000000000000e+00 0.000000000000000000e+00 0.000000000000000000e+00 0.000000000000000000e+00 0.000000000000000000e+00 0.000000000000000000e+00 0.000000000000000000e+00 0.000000000000000000e+00 0.000000000000000000e+00 0.000000000000000000e+00 0.000000000000000000e+00 0.000000000000000000e+00 0.000000000000000000e+00 0.000000000000000000e+00 0.000000000000000000e+00 0.000000000000000000e+00 0.000000000000000000e+00 0.000000000000000000e+00 0.000000000000000000e+00 2.050882671028375626e-03 6.262720376253128052e-02 1.777068227529525757e-01 5.167341828346252441e-01 2.053392231464385986e-01 3.554170951247215271e-02 0.000000000000000000e+00 0.000000000000000000e+00 0.000000000000000000e+00 0.000000000000000000e+00 0.000000000000000000e+00 0.000000000000000000e+00 0.000000000000000000e+00 0.000000000000000000e+00 0.000000000000000000e+00 0.000000000000000000e+00 0.000000000000000000e+00 0.000000000000000000e+00 0.000000000000000000e+00 0.000000000000000000e+00 0.000000000000000000e+00
4.028197750449180603e-02 9.369804710149765015e-02 1.024917289614677429e-01 9.973665326833724976e-02 1.237154379487037659e-01 1.061439737677574158e-01 9.673363715410232544e-02 7.920031994581222534e-02 4.028197750449180603e-02 2.577391639351844788e-02 2.214392274618148804e-02 1.967571675777435303e-02 1.723611727356910706e-02 1.117208786308765411e-02 1.002142392098903656e-02 6.025886628776788712e-03 7.031923159956932068e-03 7.522226776927709579e-03 1.473056338727474213e-02 2.325485274195671082e-02 2.122847735881805420e-02 1.362519524991512299e-02 7.681952789425849915e-03 3.888258477672934532e-03 2.152726752683520317e-03 1.536072697490453720e-03 1.120466855354607105e-03 1.126824179664254189e-03 4.998394870199263096e-04 2.153521490981802344e-04 5.165272887097671628e-05 7.946573532535694540e-07 0.000000000000000000e+00 0.000000000000000000e+00 0.000000000000000000e+00 0.000000000000000000e+00 0.000000000000000000e+00 0.000000000000000000e+00 0.000000000000000000e+00 0.000000000000000000e+00 0.000000000000000000e+00 0.000000000000000000e+00 0.000000000000000000e+00 0.000000000000000000e+00 0.000000000000000000e+00 0.000000000000000000e+00 1.533688773633912206e-04 1.275186706334352493e-02 7.747313380241394043e-01 7.492426782846450806e-02 2.227503992617130280e-02 2.550691179931163788e-02 3.761828318238258362e-02 2.062771655619144440e-02 3.655423875898122787e-03 1.964393071830272675e-03 1.797514967620372772e-03 2.014456316828727722e-03 2.396686701104044914e-03 3.156379098072648048e-03 9.861697442829608917e-03 4.897473379969596863e-03 1.667191158048808575e-03 0.000000000000000000e+00 0.000000000000000000e+00 0.000000000000000000e+00 0.000000000000000000e+00 0.000000000000000000e+00 0.000000000000000000e+00 0.000000000000000000e+00 0.000000000000000000e+00 0.000000000000000000e+00 0.000000000000000000e+00 5.618227296508848667e-04 1.728697679936885834e-02 2.752375230193138123e-02 5.362268537282943726e-02 3.902164846658706665e-02 6.645004451274871826e-02 4.620837271213531494e-01 3.334358334541320801e-01 1.350917500531068072e-05 0.000000000000000000e+00 0.000000000000000000e+00 0.000000000000000000e+00 0.000000000000000000e+00 0.000000000000000000e+00 0.000000000000000000e+00 0.000000000000000000e+00 0.000000000000000000e+00 0.000000000000000000e+00 0.000000000000000000e+00 0.000000000000000000e+00 0.000000000000000000e+00 0.000000000000000000e+00 0.000000000000000000e+00
4.577085748314857483e-02 4.000625759363174438e-02 3.916761279106140137e-02 3.868468850851058960e-02 4.282312840223312378e-02 4.831006750464439392e-02 4.557740315794944763e-02 4.516569897532463074e-02 4.308637976646423340e-02 3.980572149157524109e-02 3.838022053241729736e-02 3.679256513714790344e-02 3.439436852931976318e-02 3.363484889268875122e-02 3.241886198520660400e-02 3.410064801573753357e-02 4.172878712415695190e-02 4.387164488434791565e-02 4.254924878478050232e-02 4.561873897910118103e-02 4.526466876268386841e-02 3.678406029939651489e-02 2.931878343224525452e-02 2.143920026719570160e-02 1.716742292046546936e-02 1.336144190281629562e-02 9.854969568550586700e-03 6.371409632265567780e-03 3.689649514853954315e-03 2.097623655572533607e-03 1.617653993889689445e-03 1.145360874943435192e-03 0.000000000000000000e+00 0.000000000000000000e+00 0.000000000000000000e+00 0.000000000000000000e+00 0.000000000000000000e+00 0.000000000000000000e+00 0.000000000000000000e+00 0.000000000000000000e+00 0.000000000000000000e+00 0.000000000000000000e+00 0.000000000000000000e+00 0.000000000000000000e+00 0.000000000000000000e+00 0.000000000000000000e+00 3.787556779570877552e-04 2.569739706814289093e-02 1.338381022214889526e-01 2.934795320034027100e-01 2.306710630655288696e-01 2.099606692790985107e-01 8.763251453638076782e-02 1.822467893362045288e-02 1.172760748886503279e-04 0.000000000000000000e+00 0.000000000000000000e+00 0.000000000000000000e+00 0.000000000000000000e+00 0.000000000000000000e+00 0.000000000000000000e+00 0.000000000000000000e+00 0.000000000000000000e+00 0.000000000000000000e+00 0.000000000000000000e+00 0.000000000000000000e+00 0.000000000000000000e+00 0.000000000000000000e+00 0.000000000000000000e+00 0.000000000000000000e+00 2.952569957415107638e-06 2.819113724399358034e-04 1.787840155884623528e-03 8.918650448322296143e-03 3.440665081143379211e-02 9.500779211521148682e-02 1.559037268161773682e-01 1.909495443105697632e-01 2.229843437671661377e-01 2.584604024887084961e-01 3.129180893301963806e-02 4.369803264125948772e-06 0.000000000000000000e+00 0.000000000000000000e+00 0.000000000000000000e+00 0.000000000000000000e+00 0.000000000000000000e+00 0.000000000000000000e+00 0.000000000000000000e+00 0.000000000000000000e+00 0.000000000000000000e+00 0.000000000000000000e+00 0.000000000000000000e+00 0.000000000000000000e+00 0.000000000000000000e+00 0.000000000000000000e+00
2.711057895794510841e-03 1.979687437415122986e-02 2.998818084597587585e-02 4.022680222988128662e-02 6.954691559076309204e-02 9.922377765178680420e-02 1.630978137254714966e-01 1.354365050792694092e-01 8.449700474739074707e-02 5.340263620018959045e-02 3.556737676262855530e-02 2.057092078030109406e-02 1.956503838300704956e-02 1.266863662749528885e-02 1.163152698427438736e-02 1.343132928013801575e-02 1.652089320123195648e-02 1.968332193791866302e-02 2.120965160429477692e-02 2.181431837379932404e-02 2.410144731402397156e-02 2.827354334294795990e-02 2.701500616967678070e-02 1.574116945266723633e-02 8.970621041953563690e-03 2.477329690009355545e-03 6.226443802006542683e-04 4.712414811365306377e-04 4.371758550405502319e-04 3.274087503086775541e-04 2.772565349005162716e-04 6.945607601664960384e-04 0.000000000000000000e+00 0.000000000000000000e+00 0.000000000000000000e+00 0.000000000000000000e+00 0.000000000000000000e+00 0.000000000000000000e+00 0.000000000000000000e+00 0.000000000000000000e+00 0.000000000000000000e+00 0.000000000000000000e+00 0.000000000000000000e+00 3.794535004999488592e-04 1.470405980944633484e-02 7.620012760162353516e-02 3.808047771453857422e-01 1.197644174098968506e-01 1.805734932422637939e-01 5.584022402763366699e-02 3.409971669316291809e-02 3.634142503142356873e-02 4.052582383155822754e-02 3.161197528243064880e-02 1.963033154606819153e-02 1.115650054998695850e-03 3.419812768697738647e-03 4.332961514592170715e-03 3.945937787648290396e-04 2.611699746921658516e-04 0.000000000000000000e+00 0.000000000000000000e+00 0.000000000000000000e+00 0.000000000000000000e+00 0.000000000000000000e+00 0.000000000000000000e+00 4.239280824549496174e-04 8.931824006140232086e-03 2.326683886349201202e-02 2.917912229895591736e-02 2.620594762265682220e-02 1.974104344844818115e-02 1.520558167248964310e-02 1.473150122910737991e-02 1.398868113756179810e-02 1.533900480717420578e-02 2.073746547102928162e-02 4.005174338817596436e-02 4.419355839490890503e-02 2.395354509353637695e-01 2.498223334550857544e-01 6.600219756364822388e-03 5.118364002555608749e-03 1.406343560665845871e-02 1.815434247255325317e-01 3.132052719593048096e-02 0.000000000000000000e+00 0.000000000000000000e+00 0.000000000000000000e+00 0.000000000000000000e+00 0.000000000000000000e+00 0.000000000000000000e+00 0.000000000000000000e+00 0.000000000000000000e+00 0.000000000000000000e+00 0.000000000000000000e+00
2.681641466915607452e-02 3.008185885846614838e-02 2.125214040279388428e-02 2.584801614284515381e-02 3.767477348446846008e-02 4.606933891773223877e-02 4.589456319808959961e-02 4.508310928940773010e-02 4.300096258521080017e-02 4.262911900877952576e-02 4.172135889530181885e-02 4.016888886690139771e-02 4.138161614537239075e-02 4.317395389080047607e-02 4.629672691226005554e-02 4.383382201194763184e-02 4.141817614436149597e-02 4.326669126749038696e-02 4.302592948079109192e-02 4.673098772764205933e-02 4.597035795450210571e-02 3.559887409210205078e-02 2.695284597575664520e-02 2.399147488176822662e-02 2.292588166892528534e-02 2.027393318712711334e-02 1.662237755954265594e-02 9.044621139764785767e-03 2.476280555129051208e-03 6.652161246165633202e-04 1.034384331433102489e-04 6.241974460863275453e-06 0.000000000000000000e+00 0.000000000000000000e+00 0.000000000000000000e+00 0.000000000000000000e+00 0.000000000000000000e+00 0.000000000000000000e+00 0.000000000000000000e+00 0.000000000000000000e+00 0.000000000000000000e+00 0.000000000000000000e+00 0.000000000000000000e+00 0.000000000000000000e+00 0.000000000000000000e+00 0.000000000000000000e+00 6.241974460863275453e-06 2.218932844698429108e-02 2.290679812431335449e-01 1.300765126943588257e-01 1.492866277694702148e-01 1.607290655374526978e-01 1.751658618450164795e-01 5.917302891612052917e-02 3.976405411958694458e-02 2.453274279832839966e-02 7.898773066699504852e-03 2.043800894170999527e-03 6.598659092560410500e-05 0.000000000000000000e+00 0.000000000000000000e+00 0.000000000000000000e+00 0.000000000000000000e+00 0.000000000000000000e+00 0.000000000000000000e+00 0.000000000000000000e+00 0.000000000000000000e+00 0.000000000000000000e+00 0.000000000000000000e+00 0.000000000000000000e+00 7.133685357985086739e-06 8.032529614865779877e-03 3.349265083670616150e-02 4.682194441556930542e-02 4.136556386947631836e-02 4.539253190159797668e-02 6.943661719560623169e-02 1.408813595771789551e-01 2.319508790969848633e-01 3.234716057777404785e-01 5.914716795086860657e-02 0.000000000000000000e+00 0.000000000000000000e+00 0.000000000000000000e+00 0.000000000000000000e+00 0.000000000000000000e+00 0.000000000000000000e+00 0.000000000000000000e+00 0.000000000000000000e+00 0.000000000000000000e+00 0.000000000000000000e+00 0.000000000000000000e+00 0.000000000000000000e+00 0.000000000000000000e+00 0.000000000000000000e+00 0.000000000000000000e+00
2.067921496927738190e-02 6.125678122043609619e-02 7.296290248632431030e-02 9.947805106639862061e-02 1.466655731201171875e-01 1.429667323827743530e-01 9.738890081644058228e-02 6.740095466375350952e-02 4.415310546755790710e-02 3.381692245602607727e-02 3.107019513845443726e-02 2.783714234828948975e-02 2.300811000168323517e-02 1.864485815167427063e-02 1.576113700866699219e-02 1.260343007743358612e-02 1.178831700235605240e-02 1.169242151081562042e-02 1.121294312179088593e-02 1.076086331158876419e-02 1.315140537917613983e-02 1.463778875768184662e-02 6.137322634458541870e-03 1.705572940409183502e-03 1.198695856146514416e-03 9.726560092531144619e-04 5.479752435348927975e-04 4.931777366437017918e-04 6.849690180388279259e-06 0.000000000000000000e+00 0.000000000000000000e+00 0.000000000000000000e+00 0.000000000000000000e+00 0.000000000000000000e+00 0.000000000000000000e+00 0.000000000000000000e+00 0.000000000000000000e+00 0.000000000000000000e+00 0.000000000000000000e+00 0.000000000000000000e+00 0.000000000000000000e+00 0.000000000000000000e+00 0.000000000000000000e+00 6.438709096983075142e-04 1.452134363353252411e-02 2.832346968352794647e-02 4.141322895884513855e-02 6.916132569313049316e-02 6.309249997138977051e-01 2.076072692871093750e-01 7.404515519738197327e-03 0.000000000000000000e+00 0.000000000000000000e+00 0.000000000000000000e+00 0.000000000000000000e+00 0.000000000000000000e+00 0.000000000000000000e+00 0.000000000000000000e+00 0.000000000000000000e+00 0.000000000000000000e+00 0.000000000000000000e+00 0.000000000000000000e+00 0.000000000000000000e+00 0.000000000000000000e+00 0.000000000000000000e+00 0.000000000000000000e+00 0.000000000000000000e+00 0.000000000000000000e+00 0.000000000000000000e+00 0.000000000000000000e+00 0.000000000000000000e+00 0.000000000000000000e+00 0.000000000000000000e+00 0.000000000000000000e+00 0.000000000000000000e+00 0.000000000000000000e+00 0.000000000000000000e+00 6.722286343574523926e-02 1.789207607507705688e-01 5.474340915679931641e-01 7.979204505681991577e-02 3.503616526722908020e-02 2.699463069438934326e-02 1.999424584209918976e-02 1.796673797070980072e-02 1.638446003198623657e-02 1.025398634374141693e-02 0.000000000000000000e+00 0.000000000000000000e+00 0.000000000000000000e+00 0.000000000000000000e+00 0.000000000000000000e+00 0.000000000000000000e+00 0.000000000000000000e+00 0.000000000000000000e+00 0.000000000000000000e+00
1.666616153670474887e-04 1.361675933003425598e-02 4.018060117959976196e-02 4.261083155870437622e-02 6.884639710187911987e-02 6.785450875759124756e-02 1.017464101314544678e-01 9.802126884460449219e-02 3.282425925135612488e-02 1.399755571037530899e-02 1.076128985732793808e-02 1.323798298835754395e-02 2.055493183434009552e-02 2.492853812873363495e-02 3.101825155317783356e-02 3.370605036616325378e-02 3.630799055099487305e-02 4.081391543149948120e-02 4.157651960849761963e-02 3.829479962587356567e-02 3.904225304722785950e-02 3.831904008984565735e-02 4.021292179822921753e-02 4.724402353167533875e-02 3.686453774571418762e-02 2.164580859243869781e-02 5.469531286507844925e-03 1.363595074508339167e-04 0.000000000000000000e+00 0.000000000000000000e+00 0.000000000000000000e+00 0.000000000000000000e+00 0.000000000000000000e+00 0.000000000000000000e+00 0.000000000000000000e+00 0.000000000000000000e+00 0.000000000000000000e+00 0.000000000000000000e+00 0.000000000000000000e+00 0.000000000000000000e+00 0.000000000000000000e+00 0.000000000000000000e+00 0.000000000000000000e+00 0.000000000000000000e+00 0.000000000000000000e+00 0.000000000000000000e+00 0.000000000000000000e+00 1.454501325497403741e-04 2.715907692909240723e-01 4.038362577557563782e-02 2.757512331008911133e-01 4.116723835468292236e-01 4.565518174786120653e-04 0.000000000000000000e+00 0.000000000000000000e+00 0.000000000000000000e+00 0.000000000000000000e+00 0.000000000000000000e+00 0.000000000000000000e+00 0.000000000000000000e+00 0.000000000000000000e+00 0.000000000000000000e+00 0.000000000000000000e+00 0.000000000000000000e+00 0.000000000000000000e+00 0.000000000000000000e+00 0.000000000000000000e+00 0.000000000000000000e+00 0.000000000000000000e+00 0.000000000000000000e+00 0.000000000000000000e+00 0.000000000000000000e+00 0.000000000000000000e+00 0.000000000000000000e+00 0.000000000000000000e+00 2.717089373618364334e-04 4.643061459064483643e-01 1.938789784908294678e-01 6.651818752288818359e-02 2.716604471206665039e-01 3.364544594660401344e-03 0.000000000000000000e+00 0.000000000000000000e+00 0.000000000000000000e+00 0.000000000000000000e+00 0.000000000000000000e+00 0.000000000000000000e+00 0.000000000000000000e+00 0.000000000000000000e+00 0.000000000000000000e+00 0.000000000000000000e+00 0.000000000000000000e+00 0.000000000000000000e+00 0.000000000000000000e+00 0.000000000000000000e+00 0.000000000000000000e+00
8.656394493300467730e-05 9.988147212425246835e-05 2.929856709670275450e-04 1.531515968963503838e-03 7.815170101821422577e-03 2.734976634383201599e-02 4.580120369791984558e-02 5.335668474435806274e-02 5.237340554594993591e-02 1.671572029590606689e-02 9.118068963289260864e-03 1.177047658711671829e-02 1.484460663050413132e-02 7.566576357930898666e-03 4.330416675657033920e-03 3.862083656713366508e-03 4.583450034260749817e-03 5.136127583682537079e-03 5.748733878135681152e-03 1.126663014292716980e-02 1.856685616075992584e-02 2.459747716784477234e-02 2.392050251364707947e-02 2.781366184353828430e-02 2.731203474104404449e-02 3.342922031879425049e-02 4.666462540626525879e-02 5.301486700773239136e-02 7.449604570865631104e-02 1.046491488814353943e-01 9.172448515892028809e-02 1.901610046625137329e-01 0.000000000000000000e+00 0.000000000000000000e+00 0.000000000000000000e+00 0.000000000000000000e+00 0.000000000000000000e+00 0.000000000000000000e+00 0.000000000000000000e+00 0.000000000000000000e+00 0.000000000000000000e+00 0.000000000000000000e+00 0.000000000000000000e+00 0.000000000000000000e+00 0.000000000000000000e+00 0.000000000000000000e+00 0.000000000000000000e+00 4.960780031979084015e-03 7.679575681686401367e-01 9.719799458980560303e-02 4.779883474111557007e-02 7.342176139354705811e-02 8.663053624331951141e-03 0.000000000000000000e+00 0.000000000000000000e+00 0.000000000000000000e+00 0.000000000000000000e+00 0.000000000000000000e+00 0.000000000000000000e+00 0.000000000000000000e+00 0.000000000000000000e+00 0.000000000000000000e+00 0.000000000000000000e+00 0.000000000000000000e+00 0.000000000000000000e+00 0.000000000000000000e+00 0.000000000000000000e+00 0.000000000000000000e+00 0.000000000000000000e+00 0.000000000000000000e+00 0.000000000000000000e+00 0.000000000000000000e+00 0.000000000000000000e+00 0.000000000000000000e+00 0.000000000000000000e+00 7.482232060283422470e-03 6.845432519912719727e-02 7.422081381082534790e-02 9.231933951377868652e-02 4.709034264087677002e-01 2.866198718547821045e-01 0.000000000000000000e+00 0.000000000000000000e+00 0.000000000000000000e+00 0.000000000000000000e+00 0.000000000000000000e+00 0.000000000000000000e+00 0.000000000000000000e+00 0.000000000000000000e+00 0.000000000000000000e+00 0.000000000000000000e+00 0.000000000000000000e+00 0.000000000000000000e+00 0.000000000000000000e+00 0.000000000000000000e+00 0.000000000000000000e+00
8.025087416172027588e-02 6.691375374794006348e-02 4.665289819240570068e-02 4.209474846720695496e-02 3.999097645282745361e-02 4.220969229936599731e-02 4.207583516836166382e-02 3.899307548999786377e-02 3.492636606097221375e-02 3.150466829538345337e-02 3.101363219320774078e-02 3.298166766762733459e-02 3.490570932626724243e-02 3.686448931694030762e-02 3.722837567329406738e-02 3.836965560913085938e-02 3.909434005618095398e-02 3.758461400866508484e-02 3.614181652665138245e-02 3.586873784661293030e-02 3.540613502264022827e-02 3.137577325105667114e-02 2.602144889533519745e-02 2.072962932288646698e-02 1.674795337021350861e-02 1.353415288031101227e-02 1.050745788961648941e-02 7.487737108021974564e-03 5.119334440678358078e-03 3.928426653146743774e-03 3.190865740180015564e-03 2.851526078302413225e-04 0.000000000000000000e+00 0.000000000000000000e+00 0.000000000000000000e+00 0.000000000000000000e+00 0.000000000000000000e+00 0.000000000000000000e+00 0.000000000000000000e+00 0.000000000000000000e+00 0.000000000000000000e+00 0.000000000000000000e+00 0.000000000000000000e+00 0.000000000000000000e+00 0.000000000000000000e+00 0.000000000000000000e+00 0.000000000000000000e+00 1.748068630695343018e-02 4.346989095211029053e-01 2.723951637744903564e-01 2.006605118513107300e-01 4.373122379183769226e-02 2.851821109652519226e-02 2.512320410460233688e-03 2.950779617094667628e-06 0.000000000000000000e+00 0.000000000000000000e+00 0.000000000000000000e+00 0.000000000000000000e+00 0.000000000000000000e+00 0.000000000000000000e+00 0.000000000000000000e+00 0.000000000000000000e+00 0.000000000000000000e+00 0.000000000000000000e+00 0.000000000000000000e+00 0.000000000000000000e+00 0.000000000000000000e+00 0.000000000000000000e+00 0.000000000000000000e+00 0.000000000000000000e+00 0.000000000000000000e+00 2.776415203697979450e-04 7.426307071000337601e-03 2.299958281219005585e-02 5.011563748121261597e-02 1.205955445766448975e-01 1.148448735475540161e-01 2.691122889518737793e-01 1.762041896581649780e-01 2.384239286184310913e-01 0.000000000000000000e+00 0.000000000000000000e+00 0.000000000000000000e+00 0.000000000000000000e+00 0.000000000000000000e+00 0.000000000000000000e+00 0.000000000000000000e+00 0.000000000000000000e+00 0.000000000000000000e+00 0.000000000000000000e+00 0.000000000000000000e+00 0.000000000000000000e+00 0.000000000000000000e+00 0.000000000000000000e+00 0.000000000000000000e+00
8.111855946481227875e-03 5.275166127830743790e-03 5.983543116599321365e-03 7.572020404040813446e-03 1.049901451915502548e-02 1.405787188559770584e-02 1.831197924911975861e-02 2.361446246504783630e-02 3.155684843659400940e-02 4.100549593567848206e-02 5.209937691688537598e-02 6.437198817729949951e-02 7.357916235923767090e-02 9.383897483348846436e-02 1.062191277742385864e-01 8.301653712987899780e-02 6.794702261686325073e-02 5.417584255337715149e-02 4.142466187477111816e-02 4.224694520235061646e-02 4.844133183360099792e-02 3.248031064867973328e-02 1.757071539759635925e-02 1.225961372256278992e-02 1.088211126625537872e-02 1.005027815699577332e-02 9.896853938698768616e-03 8.354921825230121613e-03 4.449168685823678970e-03 6.858339766040444374e-04 2.095161653414834291e-05 0.000000000000000000e+00 0.000000000000000000e+00 0.000000000000000000e+00 0.000000000000000000e+00 0.000000000000000000e+00 0.000000000000000000e+00 0.000000000000000000e+00 0.000000000000000000e+00 0.000000000000000000e+00 0.000000000000000000e+00 0.000000000000000000e+00 0.000000000000000000e+00 3.315129333714139648e-06 1.986425486393272877e-04 2.280145883560180664e-03 2.179843373596668243e-02 6.800841540098190308e-02 3.018215596675872803e-01 3.302607536315917969e-01 1.033323183655738831e-01 1.461895108222961426e-01 2.003160305321216583e-02 5.135267972946166992e-03 9.361925185658037663e-04 3.845550054393243045e-06 0.000000000000000000e+00 0.000000000000000000e+00 0.000000000000000000e+00 0.000000000000000000e+00 0.000000000000000000e+00 0.000000000000000000e+00 0.000000000000000000e+00 0.000000000000000000e+00 0.000000000000000000e+00 0.000000000000000000e+00 0.000000000000000000e+00 0.000000000000000000e+00 0.000000000000000000e+00 5.304206638356845360e-07 3.341650153743103147e-05 2.482368727214634418e-04 2.676900709047913551e-03 2.391401678323745728e-02 6.406673043966293335e-02 6.595635414123535156e-02 5.551489070057868958e-02 1.648733168840408325e-01 3.679040372371673584e-01 1.580604612827301025e-01 5.552921071648597717e-02 3.410790488123893738e-02 5.329401697963476181e-03 1.548828440718352795e-03 2.357719931751489639e-04 0.000000000000000000e+00 0.000000000000000000e+00 0.000000000000000000e+00 0.000000000000000000e+00 0.000000000000000000e+00 0.000000000000000000e+00 0.000000000000000000e+00 0.000000000000000000e+00 0.000000000000000000e+00 0.000000000000000000e+00 0.000000000000000000e+00
3.000636026263237000e-02 8.907992392778396606e-03 2.228073775768280029e-02 1.976913958787918091e-02 3.569651395082473755e-02 7.150901854038238525e-02 1.009279340505599976e-01 7.807472348213195801e-02 6.402567028999328613e-02 6.419778615236282349e-02 6.730431318283081055e-02 6.295648217201232910e-02 5.681265518069267273e-02 5.279503017663955688e-02 4.890649393200874329e-02 4.322850331664085388e-02 4.118180647492408752e-02 3.931096941232681274e-02 3.216998279094696045e-02 2.187850698828697205e-02 1.642595231533050537e-02 1.069464161992073059e-02 6.080221384763717651e-03 2.924118889495730400e-03 1.198271289467811584e-03 5.098031833767890930e-04 1.870837440947070718e-04 2.899797982536256313e-05 7.483349691028706729e-06 9.354187113785883412e-07 9.354187113785883412e-07 9.354187113785883412e-07 0.000000000000000000e+00 0.000000000000000000e+00 0.000000000000000000e+00 0.000000000000000000e+00 0.000000000000000000e+00 0.000000000000000000e+00 0.000000000000000000e+00 0.000000000000000000e+00 0.000000000000000000e+00 0.000000000000000000e+00 0.000000000000000000e+00 1.964379225682932884e-05 1.636982779018580914e-04 3.302028053440153599e-04 1.826872699894011021e-03 5.436653271317481995e-03 7.680058479309082031e-01 2.207045555114746094e-01 1.285265316255390644e-03 6.828556652180850506e-04 7.548828725703060627e-04 3.788445610553026199e-04 8.044600690482184291e-05 6.454389222199097276e-05 7.670433114981278777e-05 6.360847328323870897e-05 1.253461086889728904e-04 0.000000000000000000e+00 0.000000000000000000e+00 0.000000000000000000e+00 0.000000000000000000e+00 0.000000000000000000e+00 0.000000000000000000e+00 0.000000000000000000e+00 0.000000000000000000e+00 0.000000000000000000e+00 0.000000000000000000e+00 9.167103416984900832e-05 2.245004870928823948e-04 2.441442920826375484e-04 3.152361023239791393e-04 2.478859678376466036e-04 3.386215539649128914e-04 7.492703734897077084e-04 8.961310959421098232e-04 1.284329919144511223e-03 1.224266663193702698e-01 8.299474120140075684e-01 4.132399335503578186e-02 1.604243065230548382e-03 3.058818983845412731e-04 0.000000000000000000e+00 0.000000000000000000e+00 0.000000000000000000e+00 0.000000000000000000e+00 0.000000000000000000e+00 0.000000000000000000e+00 0.000000000000000000e+00 0.000000000000000000e+00 0.000000000000000000e+00 0.000000000000000000e+00 0.000000000000000000e+00 0.000000000000000000e+00 0.000000000000000000e+00
2.189565449953079224e-02 2.263346500694751740e-02 3.009648062288761139e-02 3.752874955534934998e-02 4.205866158008575439e-02 4.612640663981437683e-02 4.430872574448585510e-02 4.536901786923408508e-02 4.726753383874893188e-02 4.813985899090766907e-02 5.270100012421607971e-02 5.404978990554809570e-02 5.033839866518974304e-02 4.833635315299034119e-02 5.225372686982154846e-02 6.482376158237457275e-02 6.447005271911621094e-02 5.516833439469337463e-02 4.555962607264518738e-02 3.842906281352043152e-02 2.982059866189956665e-02 2.320036478340625763e-02 1.460030581802129745e-02 7.524510379880666733e-03 4.543483722954988480e-03 2.590682823210954666e-03 1.713069505058228970e-03 1.175716053694486618e-03 7.591890171170234680e-04 5.445598508231341839e-04 5.395154003053903580e-04 1.433343044482171535e-03 0.000000000000000000e+00 0.000000000000000000e+00 0.000000000000000000e+00 0.000000000000000000e+00 0.000000000000000000e+00 0.000000000000000000e+00 0.000000000000000000e+00 0.000000000000000000e+00 0.000000000000000000e+00 0.000000000000000000e+00 0.000000000000000000e+00 0.000000000000000000e+00 4.591646138578653336e-04 8.894678205251693726e-03 7.083782553672790527e-02 1.997289210557937622e-01 1.274068355560302734e-01 1.763937920331954956e-01 2.402224838733673096e-01 1.505135148763656616e-01 2.521682158112525940e-02 3.259672375861555338e-04 0.000000000000000000e+00 0.000000000000000000e+00 0.000000000000000000e+00 0.000000000000000000e+00 0.000000000000000000e+00 0.000000000000000000e+00 0.000000000000000000e+00 0.000000000000000000e+00 0.000000000000000000e+00 0.000000000000000000e+00 0.000000000000000000e+00 0.000000000000000000e+00 0.000000000000000000e+00 0.000000000000000000e+00 0.000000000000000000e+00 0.000000000000000000e+00 0.000000000000000000e+00 0.000000000000000000e+00 1.189047816296806559e-05 2.847349038347601891e-03 2.803126163780689240e-02 5.574748292565345764e-02 8.261071890592575073e-02 1.519455313682556152e-01 2.955183684825897217e-01 2.255967110395431519e-01 1.504099816083908081e-01 7.107743527740240097e-03 1.729524083202704787e-04 0.000000000000000000e+00 0.000000000000000000e+00 0.000000000000000000e+00 0.000000000000000000e+00 0.000000000000000000e+00 0.000000000000000000e+00 0.000000000000000000e+00 0.000000000000000000e+00 0.000000000000000000e+00 0.000000000000000000e+00 0.000000000000000000e+00 0.000000000000000000e+00 0.000000000000000000e+00
1.030158600769937038e-03 5.568424967350438237e-06 8.352637451025657356e-06 5.568424967350438237e-06 5.568424967350438237e-06 2.784212483675219119e-06 2.141059376299381256e-03 5.838493257761001587e-02 4.793021827936172485e-02 1.441929638385772705e-01 2.520979046821594238e-01 1.447261422872543335e-01 9.748641401529312134e-02 6.692828983068466187e-02 5.004621669650077820e-02 3.937989845871925354e-02 3.199756145477294922e-02 3.525508940219879150e-02 1.021388359367847443e-02 8.195329457521438599e-03 5.973527673631906509e-03 2.738273004069924355e-03 1.053824438713490963e-03 1.823659113142639399e-04 1.392106241837609559e-05 4.176318725512828678e-06 0.000000000000000000e+00 0.000000000000000000e+00 0.000000000000000000e+00 0.000000000000000000e+00 0.000000000000000000e+00 0.000000000000000000e+00 0.000000000000000000e+00 0.000000000000000000e+00 0.000000000000000000e+00 0.000000000000000000e+00 0.000000000000000000e+00 0.000000000000000000e+00 0.000000000000000000e+00 0.000000000000000000e+00 0.000000000000000000e+00 0.000000000000000000e+00 0.000000000000000000e+00 0.000000000000000000e+00 0.000000000000000000e+00 0.000000000000000000e+00 0.000000000000000000e+00 3.820022940635681152e-01 4.683546423912048340e-01 1.398426294326782227e-01 9.800427593290805817e-03 0.000000000000000000e+00 0.000000000000000000e+00 0.000000000000000000e+00 0.000000000000000000e+00 0.000000000000000000e+00 0.000000000000000000e+00 0.000000000000000000e+00 0.000000000000000000e+00 0.000000000000000000e+00 0.000000000000000000e+00 0.000000000000000000e+00 0.000000000000000000e+00 0.000000000000000000e+00 0.000000000000000000e+00 0.000000000000000000e+00 0.000000000000000000e+00 0.000000000000000000e+00 0.000000000000000000e+00 0.000000000000000000e+00 0.000000000000000000e+00 0.000000000000000000e+00 0.000000000000000000e+00 0.000000000000000000e+00 0.000000000000000000e+00 0.000000000000000000e+00 0.000000000000000000e+00 1.392106241837609559e-06 3.271922767162322998e-01 5.228305459022521973e-01 2.908249013125896454e-02 1.208932846784591675e-01 0.000000000000000000e+00 0.000000000000000000e+00 0.000000000000000000e+00 0.000000000000000000e+00 0.000000000000000000e+00 0.000000000000000000e+00 0.000000000000000000e+00 0.000000000000000000e+00 0.000000000000000000e+00 0.000000000000000000e+00 0.000000000000000000e+00 0.000000000000000000e+00 0.000000000000000000e+00 0.000000000000000000e+00
6.271821912378072739e-03 3.227019915357232094e-03 3.097704146057367325e-03 3.309311810880899429e-03 3.394542960450053215e-03 3.811880713328719139e-03 5.272562615573406219e-03 8.587752468883991241e-03 8.226255886256694794e-03 6.730305962264537811e-03 4.473155364394187927e-03 4.623044282197952271e-03 6.189530249685049057e-03 7.955867797136306763e-03 9.146162308752536774e-03 3.428341448307037354e-02 5.636116862297058105e-02 5.791883543133735657e-02 5.214664340019226074e-02 2.749432809650897980e-02 8.986280858516693115e-02 1.173159927129745483e-01 1.635640710592269897e-01 2.622174024581909180e-01 4.959559440612792969e-02 3.938257694244384766e-03 9.786863811314105988e-04 5.877996500203153118e-06 0.000000000000000000e+00 0.000000000000000000e+00 0.000000000000000000e+00 0.000000000000000000e+00 0.000000000000000000e+00 0.000000000000000000e+00 0.000000000000000000e+00 0.000000000000000000e+00 0.000000000000000000e+00 0.000000000000000000e+00 0.000000000000000000e+00 0.000000000000000000e+00 0.000000000000000000e+00 0.000000000000000000e+00 0.000000000000000000e+00 0.000000000000000000e+00 0.000000000000000000e+00 0.000000000000000000e+00 0.000000000000000000e+00 1.880958880065008998e-04 4.544043838977813721e-01 5.454075336456298828e-01 0.000000000000000000e+00 0.000000000000000000e+00 0.000000000000000000e+00 0.000000000000000000e+00 0.000000000000000000e+00 0.000000000000000000e+00 0.000000000000000000e+00 0.000000000000000000e+00 0.000000000000000000e+00 0.000000000000000000e+00 0.000000000000000000e+00 0.000000000000000000e+00 0.000000000000000000e+00 0.000000000000000000e+00 0.000000000000000000e+00 0.000000000000000000e+00 0.000000000000000000e+00 0.000000000000000000e+00 0.000000000000000000e+00 0.000000000000000000e+00 0.000000000000000000e+00 0.000000000000000000e+00 0.000000000000000000e+00 0.000000000000000000e+00 0.000000000000000000e+00 0.000000000000000000e+00 0.000000000000000000e+00 1.616449007997289300e-04 5.229241847991943359e-01 4.752947688102722168e-01 1.619388000108301640e-03 0.000000000000000000e+00 0.000000000000000000e+00 0.000000000000000000e+00 0.000000000000000000e+00 0.000000000000000000e+00 0.000000000000000000e+00 0.000000000000000000e+00 0.000000000000000000e+00 0.000000000000000000e+00 0.000000000000000000e+00 0.000000000000000000e+00 0.000000000000000000e+00 0.000000000000000000e+00 0.000000000000000000e+00 0.000000000000000000e+00
3.824891522526741028e-02 2.363437786698341370e-02 1.918798685073852539e-02 1.908370479941368103e-02 2.169616147875785828e-02 3.354151919484138489e-02 5.003134533762931824e-02 3.702689334750175476e-02 3.526967391371726990e-02 3.685308992862701416e-02 2.674487419426441193e-02 3.624537214636802673e-02 4.578123241662979126e-02 8.277545869350433350e-02 8.392706513404846191e-02 8.145664632320404053e-02 5.297013372182846069e-02 1.253937557339668274e-02 8.750443346798419952e-03 1.276082638651132584e-02 1.465679053217172623e-02 1.783980615437030792e-02 2.244651690125465393e-02 2.211419120430946350e-02 1.615300588309764862e-02 1.602355018258094788e-02 1.710952818393707275e-02 1.834653504192829132e-02 2.278064005076885223e-02 2.355317026376724243e-02 2.223105914890766144e-02 2.822011336684226990e-02 0.000000000000000000e+00 0.000000000000000000e+00 0.000000000000000000e+00 0.000000000000000000e+00 0.000000000000000000e+00 0.000000000000000000e+00 0.000000000000000000e+00 0.000000000000000000e+00 0.000000000000000000e+00 0.000000000000000000e+00 0.000000000000000000e+00 0.000000000000000000e+00 0.000000000000000000e+00 0.000000000000000000e+00 1.521985628642141819e-03 2.069423943758010864e-01 7.356764078140258789e-01 3.223558887839317322e-02 1.606790162622928619e-02 2.377521945163607597e-03 1.401221612468361855e-03 1.171380514279007912e-03 1.105155097320675850e-03 1.079384237527847290e-03 4.156318318564444780e-04 5.393924311647424474e-06 0.000000000000000000e+00 0.000000000000000000e+00 0.000000000000000000e+00 0.000000000000000000e+00 0.000000000000000000e+00 0.000000000000000000e+00 0.000000000000000000e+00 0.000000000000000000e+00 0.000000000000000000e+00 0.000000000000000000e+00 0.000000000000000000e+00 2.696962155823712237e-06 2.313394215889275074e-04 1.871392014436423779e-03 4.181489814072847366e-03 4.335816018283367157e-03 3.798221703618764877e-03 4.659751430153846741e-03 5.791576579213142395e-03 7.546100299805402756e-03 3.402196764945983887e-01 3.987320661544799805e-01 2.120762169361114502e-01 1.591147668659687042e-02 6.409779889509081841e-04 1.198649897560244426e-06 0.000000000000000000e+00 0.000000000000000000e+00 0.000000000000000000e+00 0.000000000000000000e+00 0.000000000000000000e+00 0.000000000000000000e+00 0.000000000000000000e+00 0.000000000000000000e+00 0.000000000000000000e+00 0.000000000000000000e+00 0.000000000000000000e+00 0.000000000000000000e+00
1.472777593880891800e-02 1.369019877165555954e-02 1.634548231959342957e-02 1.931451074779033661e-02 2.531032636761665344e-02 3.220521286129951477e-02 3.821639344096183777e-02 5.667226389050483704e-02 8.747821301221847534e-02 1.012254804372787476e-01 8.851752430200576782e-02 7.093207538127899170e-02 4.947829991579055786e-02 4.414659366011619568e-02 4.595305398106575012e-02 4.307159036397933960e-02 3.586064651608467102e-02 3.015062026679515839e-02 2.751994319260120392e-02 2.997110597789287567e-02 3.449546173214912415e-02 3.191503509879112244e-02 2.620131149888038635e-02 1.861886493861675262e-02 1.042544562369585037e-02 4.368175286799669266e-03 1.140272361226379871e-03 4.739679279737174511e-04 3.137452877126634121e-04 6.515181739814579487e-04 3.892936510965228081e-04 2.195985871367156506e-04 0.000000000000000000e+00 0.000000000000000000e+00 0.000000000000000000e+00 0.000000000000000000e+00 0.000000000000000000e+00 0.000000000000000000e+00 0.000000000000000000e+00 0.000000000000000000e+00 0.000000000000000000e+00 0.000000000000000000e+00 0.000000000000000000e+00 1.270691427635028958e-06 5.569094209931790829e-04 9.940388612449169159e-03 1.579007506370544434e-02 5.216084420680999756e-02 2.077913284301757812e-01 2.038297653198242188e-01 1.640566736459732056e-01 7.081517577171325684e-02 5.060933157801628113e-02 7.621526718139648438e-02 1.022861599922180176e-01 4.290963336825370789e-02 3.036721609532833099e-03 4.620696358870191034e-07 0.000000000000000000e+00 0.000000000000000000e+00 0.000000000000000000e+00 0.000000000000000000e+00 0.000000000000000000e+00 0.000000000000000000e+00 0.000000000000000000e+00 0.000000000000000000e+00 0.000000000000000000e+00 0.000000000000000000e+00 0.000000000000000000e+00 2.194830813095904887e-06 1.087018827092833817e-04 7.723493617959320545e-04 3.291668603196740150e-03 4.500627517700195312e-02 8.220045268535614014e-02 8.578599989414215088e-02 1.111537367105484009e-01 3.287624120712280273e-01 1.882504075765609741e-01 1.004124656319618225e-01 2.459746785461902618e-02 1.343710068613290787e-02 7.782638538628816605e-03 7.696924731135368347e-03 6.197508773766458035e-04 1.194450014736503363e-04 0.000000000000000000e+00 0.000000000000000000e+00 0.000000000000000000e+00 0.000000000000000000e+00 0.000000000000000000e+00 0.000000000000000000e+00 0.000000000000000000e+00 0.000000000000000000e+00 0.000000000000000000e+00 0.000000000000000000e+00
3.431662172079086304e-02 3.691976889967918396e-02 4.032877832651138306e-02 4.239201918244361877e-02 3.745751827955245972e-02 3.310146927833557129e-02 2.920164354145526886e-02 2.822382561862468719e-02 2.762489765882492065e-02 2.654901891946792603e-02 2.721827849745750427e-02 2.675099298357963562e-02 2.591193467378616333e-02 2.718533761799335480e-02 3.039428219199180603e-02 3.443859517574310303e-02 3.956794366240501404e-02 4.106354340910911560e-02 3.615868091583251953e-02 3.407827019691467285e-02 3.399979695677757263e-02 4.049844667315483093e-02 5.526709556579589844e-02 9.195677936077117920e-02 5.927642807364463806e-02 2.321492135524749756e-02 1.331400126218795776e-02 1.926358416676521301e-02 3.855311311781406403e-03 2.822293317876756191e-04 1.327838836004957557e-04 5.519943078979849815e-05 0.000000000000000000e+00 0.000000000000000000e+00 0.000000000000000000e+00 0.000000000000000000e+00 0.000000000000000000e+00 0.000000000000000000e+00 0.000000000000000000e+00 0.000000000000000000e+00 0.000000000000000000e+00 0.000000000000000000e+00 0.000000000000000000e+00 0.000000000000000000e+00 0.000000000000000000e+00 1.422975212335586548e-03 2.360627800226211548e-02 1.122420653700828552e-01 2.971705794334411621e-01 3.330700695514678955e-01 1.845989823341369629e-01 4.261866584420204163e-02 5.268111359328031540e-03 2.289377334818709642e-06 0.000000000000000000e+00 0.000000000000000000e+00 0.000000000000000000e+00 0.000000000000000000e+00 0.000000000000000000e+00 0.000000000000000000e+00 0.000000000000000000e+00 0.000000000000000000e+00 0.000000000000000000e+00 0.000000000000000000e+00 0.000000000000000000e+00 0.000000000000000000e+00 0.000000000000000000e+00 0.000000000000000000e+00 0.000000000000000000e+00 0.000000000000000000e+00 0.000000000000000000e+00 5.977818545943591744e-06 2.219424059148877859e-04 1.988705713301897049e-03 9.397766552865505219e-03 2.526111528277397156e-02 6.810617446899414062e-02 1.982980966567993164e-01 2.754088938236236572e-01 2.655285894870758057e-01 1.387405842542648315e-01 1.583397015929222107e-02 7.959401700645685196e-04 3.904660115949809551e-04 2.174908513552509248e-05 0.000000000000000000e+00 0.000000000000000000e+00 0.000000000000000000e+00 0.000000000000000000e+00 0.000000000000000000e+00 0.000000000000000000e+00 0.000000000000000000e+00 0.000000000000000000e+00 0.000000000000000000e+00 0.000000000000000000e+00 0.000000000000000000e+00
2.799255598802119493e-04 5.936068948358297348e-03 5.547583848237991333e-02 6.634706258773803711e-02 1.107540801167488098e-01 8.372127264738082886e-02 5.949241667985916138e-02 6.170241907238960266e-02 4.934805631637573242e-02 3.824983164668083191e-02 4.268982633948326111e-02 4.856944084167480469e-02 5.277067422866821289e-02 5.202381312847137451e-02 4.768496751785278320e-02 3.930837288498878479e-02 3.134578466415405273e-02 2.621420659124851227e-02 2.287156507372856140e-02 2.025343850255012512e-02 1.705781742930412292e-02 1.352699194103479385e-02 1.021022628992795944e-02 8.030805736780166626e-03 6.835829466581344604e-03 5.894903093576431274e-03 4.298856947571039200e-03 4.027164541184902191e-03 4.138899501413106918e-03 3.895434783771634102e-03 3.522592829540371895e-03 3.521416569128632545e-03 0.000000000000000000e+00 0.000000000000000000e+00 0.000000000000000000e+00 0.000000000000000000e+00 0.000000000000000000e+00 0.000000000000000000e+00 0.000000000000000000e+00 0.000000000000000000e+00 0.000000000000000000e+00 0.000000000000000000e+00 0.000000000000000000e+00 0.000000000000000000e+00 0.000000000000000000e+00 0.000000000000000000e+00 0.000000000000000000e+00 9.303409024141728878e-04 6.050332784652709961e-01 6.611771136522293091e-02 3.540588170289993286e-02 7.548463344573974609e-02 1.289233714342117310e-01 4.879996553063392639e-02 3.831334412097930908e-02 9.915010305121541023e-04 0.000000000000000000e+00 0.000000000000000000e+00 0.000000000000000000e+00 0.000000000000000000e+00 0.000000000000000000e+00 0.000000000000000000e+00 0.000000000000000000e+00 0.000000000000000000e+00 0.000000000000000000e+00 0.000000000000000000e+00 0.000000000000000000e+00 0.000000000000000000e+00 0.000000000000000000e+00 0.000000000000000000e+00 0.000000000000000000e+00 0.000000000000000000e+00 2.217057626694440842e-03 3.079534135758876801e-02 1.202950775623321533e-01 9.354101121425628662e-02 4.148191213607788086e-02 4.534088447690010071e-02 6.331140547990798950e-02 6.019082069396972656e-01 1.109116827137768269e-03 0.000000000000000000e+00 0.000000000000000000e+00 0.000000000000000000e+00 0.000000000000000000e+00 0.000000000000000000e+00 0.000000000000000000e+00 0.000000000000000000e+00 0.000000000000000000e+00 0.000000000000000000e+00 0.000000000000000000e+00 0.000000000000000000e+00 0.000000000000000000e+00 0.000000000000000000e+00 0.000000000000000000e+00 0.000000000000000000e+00
2.936388179659843445e-02 4.425146803259849548e-02 5.374596267938613892e-02 4.615531489253044128e-02 4.175064712762832642e-02 5.144478753209114075e-02 8.636735379695892334e-02 1.022779047489166260e-01 8.310201019048690796e-02 7.926344871520996094e-02 6.941032409667968750e-02 5.325505882501602173e-02 5.772292613983154297e-02 5.475545302033424377e-02 2.571394294500350952e-02 1.352388132363557816e-02 1.227310393005609512e-02 1.160705089569091797e-02 9.131216444075107574e-03 8.935001678764820099e-03 9.749746881425380707e-03 1.083639916032552719e-02 1.202936563640832901e-02 8.786064572632312775e-03 6.264177151024341583e-03 1.244678162038326263e-02 4.315011668950319290e-03 1.494760275818407536e-03 2.694585782592184842e-05 0.000000000000000000e+00 0.000000000000000000e+00 0.000000000000000000e+00 0.000000000000000000e+00 0.000000000000000000e+00 0.000000000000000000e+00 0.000000000000000000e+00 0.000000000000000000e+00 0.000000000000000000e+00 0.000000000000000000e+00 0.000000000000000000e+00 0.000000000000000000e+00 0.000000000000000000e+00 0.000000000000000000e+00 0.000000000000000000e+00 0.000000000000000000e+00 0.000000000000000000e+00 0.000000000000000000e+00 7.141289114952087402e-02 3.507096469402313232e-01 3.837864398956298828e-01 1.455242931842803955e-01 4.804348573088645935e-02 5.232396069914102554e-04 0.000000000000000000e+00 0.000000000000000000e+00 0.000000000000000000e+00 0.000000000000000000e+00 0.000000000000000000e+00 0.000000000000000000e+00 0.000000000000000000e+00 0.000000000000000000e+00 0.000000000000000000e+00 0.000000000000000000e+00 0.000000000000000000e+00 0.000000000000000000e+00 0.000000000000000000e+00 0.000000000000000000e+00 0.000000000000000000e+00 0.000000000000000000e+00 0.000000000000000000e+00 0.000000000000000000e+00 8.328719559358432889e-05 1.338474219664931297e-03 4.303008783608675003e-03 7.968135178089141846e-03 3.026362881064414978e-02 8.661428093910217285e-02 1.359428316354751587e-01 2.440814673900604248e-01 2.823668718338012695e-01 2.066629827022552490e-01 3.750373434741050005e-04 0.000000000000000000e+00 0.000000000000000000e+00 0.000000000000000000e+00 0.000000000000000000e+00 0.000000000000000000e+00 0.000000000000000000e+00 0.000000000000000000e+00 0.000000000000000000e+00 0.000000000000000000e+00 0.000000000000000000e+00 0.000000000000000000e+00 0.000000000000000000e+00 0.000000000000000000e+00 0.000000000000000000e+00
7.495500540244393051e-06 6.755319773219525814e-04 5.412875488400459290e-02 2.280862033367156982e-01 1.962425112724304199e-01 1.213868185877799988e-01 7.082591950893402100e-02 3.169191256165504456e-02 2.341875433921813965e-02 3.065097518265247345e-02 3.501897677779197693e-02 3.129090368747711182e-02 1.910790428519248962e-02 1.571525260806083679e-02 1.330638676881790161e-02 1.051056571304798126e-02 1.217925082892179489e-02 1.340570207685232162e-02 1.429204549640417099e-02 1.470710895955562592e-02 1.161615177989006042e-02 1.076166424900293350e-02 7.931176573038101196e-03 6.788112688809633255e-03 7.762527558952569962e-03 7.576076779514551163e-03 5.615066736936569214e-03 2.463208744302392006e-03 8.750996785238385201e-04 7.495500613003969193e-04 7.439284236170351505e-04 4.684687592089176178e-04 0.000000000000000000e+00 0.000000000000000000e+00 0.000000000000000000e+00 0.000000000000000000e+00 0.000000000000000000e+00 0.000000000000000000e+00 0.000000000000000000e+00 0.000000000000000000e+00 0.000000000000000000e+00 0.000000000000000000e+00 0.000000000000000000e+00 0.000000000000000000e+00 0.000000000000000000e+00 0.000000000000000000e+00 6.421769969165325165e-03 2.673448324203491211e-01 3.288847506046295166e-01 2.411293089389801025e-01 5.453819781541824341e-02 6.709784269332885742e-02 3.441559150815010071e-02 1.677118270890787244e-04 0.000000000000000000e+00 0.000000000000000000e+00 0.000000000000000000e+00 0.000000000000000000e+00 0.000000000000000000e+00 0.000000000000000000e+00 0.000000000000000000e+00 0.000000000000000000e+00 0.000000000000000000e+00 0.000000000000000000e+00 0.000000000000000000e+00 0.000000000000000000e+00 0.000000000000000000e+00 0.000000000000000000e+00 0.000000000000000000e+00 0.000000000000000000e+00 0.000000000000000000e+00 0.000000000000000000e+00 0.000000000000000000e+00 3.948254976421594620e-03 1.906480453908443451e-02 2.806034311652183533e-02 4.942720383405685425e-02 8.095515519380569458e-02 1.229140236973762512e-01 3.118474781513214111e-01 3.725479245185852051e-01 1.123200729489326477e-02 2.810812702591647394e-06 0.000000000000000000e+00 0.000000000000000000e+00 0.000000000000000000e+00 0.000000000000000000e+00 0.000000000000000000e+00 0.000000000000000000e+00 0.000000000000000000e+00 0.000000000000000000e+00 0.000000000000000000e+00 0.000000000000000000e+00 0.000000000000000000e+00 0.000000000000000000e+00 0.000000000000000000e+00
3.194738924503326416e-02 4.843112826347351074e-02 3.314361348748207092e-02 2.672706171870231628e-02 2.864330261945724487e-02 3.204034641385078430e-02 3.475243970751762390e-02 4.495090991258621216e-02 1.077179610729217529e-01 1.196720376610755920e-01 1.081175208091735840e-01 9.689569473266601562e-02 6.798737496137619019e-02 5.210704728960990906e-02 5.169036984443664551e-02 3.375599160790443420e-02 2.468769438564777374e-02 2.402475662529468536e-02 1.771095022559165955e-02 6.501353811472654343e-03 7.356730289757251740e-03 8.333605364896357059e-04 2.258716849610209465e-04 6.197201582835987210e-05 1.712384619168005884e-05 0.000000000000000000e+00 0.000000000000000000e+00 0.000000000000000000e+00 0.000000000000000000e+00 0.000000000000000000e+00 0.000000000000000000e+00 0.000000000000000000e+00 0.000000000000000000e+00 0.000000000000000000e+00 0.000000000000000000e+00 0.000000000000000000e+00 0.000000000000000000e+00 0.000000000000000000e+00 0.000000000000000000e+00 0.000000000000000000e+00 0.000000000000000000e+00 0.000000000000000000e+00 1.934179221279919147e-03 1.895609684288501740e-02 9.747545234858989716e-03 2.492824383080005646e-02 5.995792523026466370e-02 9.375713765621185303e-02 1.838204078376293182e-02 2.226915396749973297e-02 1.933445408940315247e-02 3.468231111764907837e-02 2.458576560020446777e-01 1.617771238088607788e-01 1.164462342858314514e-01 8.217325806617736816e-02 5.681366100907325745e-02 2.608940191566944122e-02 6.845461204648017883e-03 4.810985410585999489e-05 0.000000000000000000e+00 0.000000000000000000e+00 0.000000000000000000e+00 0.000000000000000000e+00 0.000000000000000000e+00 0.000000000000000000e+00 0.000000000000000000e+00 0.000000000000000000e+00 0.000000000000000000e+00 0.000000000000000000e+00 4.892527431366033852e-05 1.587625220417976379e-02 1.091278269886970520e-01 1.149491146206855774e-01 1.913190186023712158e-01 2.270923703908920288e-01 5.047457665205001831e-02 4.320590943098068237e-02 4.075882956385612488e-02 5.062787607312202454e-02 8.388482779264450073e-02 6.375044584274291992e-02 8.884014561772346497e-03 0.000000000000000000e+00 0.000000000000000000e+00 0.000000000000000000e+00 0.000000000000000000e+00 0.000000000000000000e+00 0.000000000000000000e+00 0.000000000000000000e+00 0.000000000000000000e+00 0.000000000000000000e+00 0.000000000000000000e+00 0.000000000000000000e+00 0.000000000000000000e+00 0.000000000000000000e+00
7.712583243846893311e-02 1.173603981733322144e-01 1.219837740063667297e-01 1.011283174157142639e-01 9.010555595159530640e-02 5.591134354472160339e-02 2.649177797138690948e-02 2.448981627821922302e-02 2.306230366230010986e-02 2.215084061026573181e-02 1.808755658566951752e-02 1.715024374425411224e-02 1.692141965031623840e-02 1.523732021450996399e-02 1.445893850177526474e-02 1.463223155587911606e-02 1.463701855391263962e-02 1.245889067649841309e-02 1.405203528702259064e-02 1.629239507019519806e-02 1.916369423270225525e-02 2.319155633449554443e-02 2.602072805166244507e-02 3.040666319429874420e-02 3.449005633592605591e-02 2.209435403347015381e-02 1.009981054812669754e-02 8.096890524029731750e-03 6.772780790925025940e-03 4.472103435546159744e-03 3.839249256998300552e-04 1.069436781108379364e-03 0.000000000000000000e+00 0.000000000000000000e+00 0.000000000000000000e+00 0.000000000000000000e+00 0.000000000000000000e+00 0.000000000000000000e+00 0.000000000000000000e+00 0.000000000000000000e+00 0.000000000000000000e+00 0.000000000000000000e+00 0.000000000000000000e+00 0.000000000000000000e+00 0.000000000000000000e+00 0.000000000000000000e+00 0.000000000000000000e+00 3.215969773009419441e-03 9.391694664955139160e-01 5.650398507714271545e-02 1.110605779103934765e-03 0.000000000000000000e+00 0.000000000000000000e+00 0.000000000000000000e+00 0.000000000000000000e+00 0.000000000000000000e+00 0.000000000000000000e+00 0.000000000000000000e+00 0.000000000000000000e+00 0.000000000000000000e+00 0.000000000000000000e+00 0.000000000000000000e+00 0.000000000000000000e+00 0.000000000000000000e+00 0.000000000000000000e+00 0.000000000000000000e+00 0.000000000000000000e+00 0.000000000000000000e+00 0.000000000000000000e+00 0.000000000000000000e+00 0.000000000000000000e+00 0.000000000000000000e+00 0.000000000000000000e+00 0.000000000000000000e+00 0.000000000000000000e+00 0.000000000000000000e+00 0.000000000000000000e+00 1.244644408870954067e-05 1.435840968042612076e-02 9.561071395874023438e-01 2.952200919389724731e-02 0.000000000000000000e+00 0.000000000000000000e+00 0.000000000000000000e+00 0.000000000000000000e+00 0.000000000000000000e+00 0.000000000000000000e+00 0.000000000000000000e+00 0.000000000000000000e+00 0.000000000000000000e+00 0.000000000000000000e+00 0.000000000000000000e+00 0.000000000000000000e+00 0.000000000000000000e+00 0.000000000000000000e+00 0.000000000000000000e+00
1.585967652499675751e-02 2.375327423214912415e-02 2.929392457008361816e-02 3.270147368311882019e-02 3.595051169395446777e-02 4.463665559887886047e-02 5.673910677433013916e-02 6.790404766798019409e-02 8.266371488571166992e-02 8.530420809984207153e-02 7.177597284317016602e-02 5.426668375730514526e-02 5.023545399308204651e-02 6.267403811216354370e-02 6.653640419244766235e-02 6.087707355618476868e-02 5.148680135607719421e-02 3.424036502838134766e-02 2.287151664495468140e-02 1.590507850050926208e-02 9.868986904621124268e-03 5.838553421199321747e-03 4.306032788008451462e-03 3.666420234367251396e-03 2.932021161541342735e-03 2.172132954001426697e-03 1.464019180275499821e-03 9.884918108582496643e-04 7.941388175822794437e-04 6.101407343521714211e-04 6.571359117515385151e-04 1.025928650051355362e-03 0.000000000000000000e+00 0.000000000000000000e+00 0.000000000000000000e+00 0.000000000000000000e+00 0.000000000000000000e+00 0.000000000000000000e+00 0.000000000000000000e+00 0.000000000000000000e+00 0.000000000000000000e+00 0.000000000000000000e+00 0.000000000000000000e+00 4.779170467372750863e-06 1.178862075903452933e-04 1.585091522429138422e-04 3.998572647105902433e-04 1.014872789382934570e-01 2.701760530471801758e-01 1.955548971891403198e-01 2.944399118423461914e-01 1.025155931711196899e-01 3.468562662601470947e-02 4.595968930516391993e-04 0.000000000000000000e+00 0.000000000000000000e+00 0.000000000000000000e+00 0.000000000000000000e+00 0.000000000000000000e+00 0.000000000000000000e+00 0.000000000000000000e+00 0.000000000000000000e+00 0.000000000000000000e+00 0.000000000000000000e+00 0.000000000000000000e+00 0.000000000000000000e+00 0.000000000000000000e+00 0.000000000000000000e+00 0.000000000000000000e+00 0.000000000000000000e+00 0.000000000000000000e+00 3.194079035893082619e-04 1.612173509784042835e-03 4.137168638408184052e-03 8.461521007120609283e-03 3.509504348039627075e-02 8.757670223712921143e-02 2.668816149234771729e-01 1.560168117284774780e-01 2.699108123779296875e-01 1.688751727342605591e-01 7.598880911245942116e-04 1.728466595523059368e-04 1.083278621081262827e-04 7.248408655868843198e-05 0.000000000000000000e+00 0.000000000000000000e+00 0.000000000000000000e+00 0.000000000000000000e+00 0.000000000000000000e+00 0.000000000000000000e+00 0.000000000000000000e+00 0.000000000000000000e+00 0.000000000000000000e+00 0.000000000000000000e+00 0.000000000000000000e+00
3.768849652260541916e-03 4.233337193727493286e-02 3.895518183708190918e-02 1.793270744383335114e-02 1.022927369922399521e-02 7.439765147864818573e-03 5.113022401928901672e-03 4.678238183259963989e-03 5.562873557209968567e-03 3.086539218202233315e-03 3.096225205808877945e-03 2.713098190724849701e-03 9.344637393951416016e-03 4.506476595997810364e-02 1.015447750687599182e-01 9.289428591728210449e-02 1.033043637871742249e-01 1.046399250626564026e-01 7.428034394979476929e-02 6.409089267253875732e-02 6.543506681919097900e-02 6.980551034212112427e-02 6.141868978738784790e-02 4.953206703066825867e-02 1.317160204052925110e-02 5.510139744728803635e-04 9.685792974778451025e-06 1.076199168892344460e-06 1.076199168892344460e-06 1.076199168892344460e-06 0.000000000000000000e+00 0.000000000000000000e+00 0.000000000000000000e+00 0.000000000000000000e+00 0.000000000000000000e+00 0.000000000000000000e+00 0.000000000000000000e+00 0.000000000000000000e+00 0.000000000000000000e+00 0.000000000000000000e+00 0.000000000000000000e+00 0.000000000000000000e+00 0.000000000000000000e+00 0.000000000000000000e+00 3.088691737502813339e-04 2.985376631841063499e-03 1.824372820556163788e-02 7.698913663625717163e-02 7.016603648662567139e-02 8.313068747520446777e-01 0.000000000000000000e+00 0.000000000000000000e+00 0.000000000000000000e+00 0.000000000000000000e+00 0.000000000000000000e+00 0.000000000000000000e+00 0.000000000000000000e+00 0.000000000000000000e+00 0.000000000000000000e+00 0.000000000000000000e+00 0.000000000000000000e+00 0.000000000000000000e+00 0.000000000000000000e+00 0.000000000000000000e+00 0.000000000000000000e+00 0.000000000000000000e+00 0.000000000000000000e+00 0.000000000000000000e+00 0.000000000000000000e+00 0.000000000000000000e+00 0.000000000000000000e+00 0.000000000000000000e+00 0.000000000000000000e+00 0.000000000000000000e+00 3.809164166450500488e-01 4.529604017734527588e-01 1.438125036656856537e-02 1.094279345124959946e-02 1.012703496962785721e-02 3.980968520045280457e-02 5.973228439688682556e-02 2.397018484771251678e-02 6.823102943599224091e-03 3.368503530509769917e-04 0.000000000000000000e+00 0.000000000000000000e+00 0.000000000000000000e+00 0.000000000000000000e+00 0.000000000000000000e+00 0.000000000000000000e+00 0.000000000000000000e+00 0.000000000000000000e+00 0.000000000000000000e+00 0.000000000000000000e+00 0.000000000000000000e+00 0.000000000000000000e+00
6.420772479032166302e-06 3.202360239811241627e-04 1.693478785455226898e-03 2.469589700922369957e-03 2.650976413860917091e-03 2.870085416361689568e-03 4.603693727403879166e-03 1.520117931067943573e-02 7.865285873413085938e-02 1.141187995672225952e-01 1.131259873509407043e-01 1.084596887230873108e-01 9.158027917146682739e-02 7.287897914648056030e-02 5.107242986559867859e-02 4.334021359682083130e-02 3.438243269920349121e-02 2.502255327999591827e-02 2.237478643655776978e-02 2.611328102648258209e-02 3.307982161641120911e-02 3.169453889131546021e-02 2.403134666383266449e-02 2.647444978356361389e-02 3.034296631813049316e-02 1.738263666629791260e-02 7.130268029868602753e-03 4.194369539618492126e-03 3.058695467188954353e-03 2.496877918019890785e-03 3.501728875562548637e-03 5.674357526004314423e-03 0.000000000000000000e+00 0.000000000000000000e+00 0.000000000000000000e+00 0.000000000000000000e+00 0.000000000000000000e+00 0.000000000000000000e+00 0.000000000000000000e+00 0.000000000000000000e+00 0.000000000000000000e+00 0.000000000000000000e+00 0.000000000000000000e+00 0.000000000000000000e+00 0.000000000000000000e+00 0.000000000000000000e+00 0.000000000000000000e+00 2.728828403633087873e-04 1.109589710831642151e-01 3.264962732791900635e-01 5.083044767379760742e-01 5.387910827994346619e-02 8.828561840346083045e-05 0.000000000000000000e+00 0.000000000000000000e+00 0.000000000000000000e+00 0.000000000000000000e+00 0.000000000000000000e+00 0.000000000000000000e+00 0.000000000000000000e+00 0.000000000000000000e+00 0.000000000000000000e+00 0.000000000000000000e+00 0.000000000000000000e+00 0.000000000000000000e+00 0.000000000000000000e+00 0.000000000000000000e+00 0.000000000000000000e+00 0.000000000000000000e+00 0.000000000000000000e+00 0.000000000000000000e+00 9.631158718548249453e-06 2.528179029468446970e-04 8.838996291160583496e-03 3.790743649005889893e-02 1.984620690345764160e-01 4.169208109378814697e-01 1.124453842639923096e-01 1.307847201824188232e-01 9.401375055313110352e-02 3.643788513727486134e-04 0.000000000000000000e+00 0.000000000000000000e+00 0.000000000000000000e+00 0.000000000000000000e+00 0.000000000000000000e+00 0.000000000000000000e+00 0.000000000000000000e+00 0.000000000000000000e+00 0.000000000000000000e+00 0.000000000000000000e+00 0.000000000000000000e+00 0.000000000000000000e+00 0.000000000000000000e+00 0.000000000000000000e+00 0.000000000000000000e+00
4.291103978175669909e-04 7.020135875791311264e-03 8.573019877076148987e-03 6.042462773621082306e-03 4.541035741567611694e-03 2.567311516031622887e-03 3.744378918781876564e-03 5.850419867783784866e-03 8.761387318372726440e-03 1.399708539247512817e-02 3.676290810108184814e-02 5.132509768009185791e-02 7.042004913091659546e-02 1.034615486860275269e-01 1.314998269081115723e-01 1.100957617163658142e-01 5.313893780112266541e-02 7.357543706893920898e-02 8.443459123373031616e-02 9.593603760004043579e-02 7.312059402465820312e-02 2.565014362335205078e-02 1.761190406978130341e-02 7.248014677315950394e-03 2.299921587109565735e-03 1.223929459229111671e-03 5.660214228555560112e-04 1.001563941827043891e-04 2.756597950792638585e-06 0.000000000000000000e+00 0.000000000000000000e+00 0.000000000000000000e+00 0.000000000000000000e+00 0.000000000000000000e+00 0.000000000000000000e+00 0.000000000000000000e+00 0.000000000000000000e+00 0.000000000000000000e+00 0.000000000000000000e+00 0.000000000000000000e+00 0.000000000000000000e+00 0.000000000000000000e+00 0.000000000000000000e+00 0.000000000000000000e+00 0.000000000000000000e+00 0.000000000000000000e+00 0.000000000000000000e+00 3.135501444339752197e-01 1.412195861339569092e-01 1.072105243802070618e-01 1.363881975412368774e-01 2.784448862075805664e-01 2.318666316568851471e-02 0.000000000000000000e+00 0.000000000000000000e+00 0.000000000000000000e+00 0.000000000000000000e+00 0.000000000000000000e+00 0.000000000000000000e+00 0.000000000000000000e+00 0.000000000000000000e+00 0.000000000000000000e+00 0.000000000000000000e+00 0.000000000000000000e+00 0.000000000000000000e+00 0.000000000000000000e+00 0.000000000000000000e+00 0.000000000000000000e+00 0.000000000000000000e+00 0.000000000000000000e+00 0.000000000000000000e+00 0.000000000000000000e+00 0.000000000000000000e+00 2.161999791860580444e-02 1.398523151874542236e-01 1.745294034481048584e-01 7.128010690212249756e-02 5.510990694165229797e-02 5.673537775874137878e-02 5.557852610945701599e-02 3.557711243629455566e-01 6.907574832439422607e-02 4.474877205211669207e-04 0.000000000000000000e+00 0.000000000000000000e+00 0.000000000000000000e+00 0.000000000000000000e+00 0.000000000000000000e+00 0.000000000000000000e+00 0.000000000000000000e+00 0.000000000000000000e+00 0.000000000000000000e+00 0.000000000000000000e+00 0.000000000000000000e+00 0.000000000000000000e+00 0.000000000000000000e+00
5.853828042745590210e-05 1.055577420629560947e-03 3.526931256055831909e-02 4.303130134940147400e-02 3.424017131328582764e-02 2.764895185828208923e-02 2.367684617638587952e-02 2.084340527653694153e-02 2.151848375797271729e-02 1.790610514581203461e-02 1.592902094125747681e-02 1.524544507265090942e-02 1.797219552099704742e-02 1.642470806837081909e-02 1.715832576155662537e-02 2.375332266092300415e-02 4.951677471399307251e-02 7.763497531414031982e-02 7.361849397420883179e-02 6.520692259073257446e-02 5.352003872394561768e-02 8.155326545238494873e-02 6.477638334035873413e-02 9.841418266296386719e-02 7.481759041547775269e-02 1.987752318382263184e-02 2.534141065552830696e-03 1.830737455748021603e-03 1.193425618112087250e-03 1.230248017236590385e-03 1.326552941463887691e-03 1.217029755935072899e-03 0.000000000000000000e+00 0.000000000000000000e+00 0.000000000000000000e+00 0.000000000000000000e+00 0.000000000000000000e+00 0.000000000000000000e+00 0.000000000000000000e+00 0.000000000000000000e+00 0.000000000000000000e+00 0.000000000000000000e+00 0.000000000000000000e+00 0.000000000000000000e+00 0.000000000000000000e+00 1.616600714623928070e-02 5.257492884993553162e-02 6.041339412331581116e-02 1.438191086053848267e-01 5.656119585037231445e-01 8.050335198640823364e-02 9.872198104858398438e-03 8.193470537662506104e-03 1.964620128273963928e-02 1.631612889468669891e-02 7.368269842118024826e-03 1.001287810504436493e-02 7.118065841495990753e-03 2.344363601878285408e-03 3.965496580349281430e-05 0.000000000000000000e+00 0.000000000000000000e+00 0.000000000000000000e+00 0.000000000000000000e+00 0.000000000000000000e+00 0.000000000000000000e+00 0.000000000000000000e+00 0.000000000000000000e+00 0.000000000000000000e+00 0.000000000000000000e+00 2.462384523823857307e-03 1.845277659595012665e-02 2.285919897258281708e-02 9.809882380068302155e-03 5.715979728847742081e-03 6.440155208110809326e-03 3.542604669928550720e-02 5.987210273742675781e-01 4.611400142312049866e-02 9.992956370115280151e-02 6.302495300769805908e-02 7.189916819334030151e-02 1.914484985172748566e-02 0.000000000000000000e+00 0.000000000000000000e+00 0.000000000000000000e+00 0.000000000000000000e+00 0.000000000000000000e+00 0.000000000000000000e+00 0.000000000000000000e+00 0.000000000000000000e+00 0.000000000000000000e+00 0.000000000000000000e+00 0.000000000000000000e+00 0.000000000000000000e+00 0.000000000000000000e+00
1.321214767813216895e-05 7.215865480247884989e-05 3.817497566342353821e-02 1.525850594043731689e-01 3.112446665763854980e-01 1.114373505115509033e-01 6.026568636298179626e-02 4.568049311637878418e-02 2.865613065659999847e-02 2.155511081218719482e-02 2.542423643171787262e-02 2.607264928519725800e-02 2.445263601839542389e-02 2.072071284055709839e-02 2.237528003752231598e-02 2.276961132884025574e-02 1.845736987888813019e-02 9.864392690360546112e-03 8.122421801090240479e-03 7.926272228360176086e-03 5.935302935540676117e-03 4.863086622208356857e-03 4.323421046137809753e-03 2.967651467770338058e-03 1.695220125839114189e-03 1.116934581659734249e-03 9.573725401423871517e-04 1.090510282665491104e-03 1.282594632357358932e-03 1.311051542870700359e-03 1.655583735555410385e-03 1.693085953593254089e-02 0.000000000000000000e+00 0.000000000000000000e+00 0.000000000000000000e+00 0.000000000000000000e+00 0.000000000000000000e+00 0.000000000000000000e+00 0.000000000000000000e+00 0.000000000000000000e+00 0.000000000000000000e+00 0.000000000000000000e+00 0.000000000000000000e+00 0.000000000000000000e+00 0.000000000000000000e+00 0.000000000000000000e+00 0.000000000000000000e+00 8.635662496089935303e-03 9.652246236801147461e-01 1.093457639217376709e-02 1.317454408854246140e-02 2.026540227234363556e-03 4.065276243636617437e-06 0.000000000000000000e+00 0.000000000000000000e+00 0.000000000000000000e+00 0.000000000000000000e+00 0.000000000000000000e+00 0.000000000000000000e+00 0.000000000000000000e+00 0.000000000000000000e+00 0.000000000000000000e+00 0.000000000000000000e+00 0.000000000000000000e+00 0.000000000000000000e+00 0.000000000000000000e+00 0.000000000000000000e+00 0.000000000000000000e+00 0.000000000000000000e+00 0.000000000000000000e+00 0.000000000000000000e+00 0.000000000000000000e+00 0.000000000000000000e+00 0.000000000000000000e+00 0.000000000000000000e+00 0.000000000000000000e+00 1.189093236462213099e-04 7.271762471646070480e-03 6.115394830703735352e-02 8.642248511314392090e-01 6.723052263259887695e-02 0.000000000000000000e+00 0.000000000000000000e+00 0.000000000000000000e+00 0.000000000000000000e+00 0.000000000000000000e+00 0.000000000000000000e+00 0.000000000000000000e+00 0.000000000000000000e+00 0.000000000000000000e+00 0.000000000000000000e+00 0.000000000000000000e+00 0.000000000000000000e+00 0.000000000000000000e+00 0.000000000000000000e+00 0.000000000000000000e+00
9.766575694084167480e-02 3.493868187069892883e-02 1.065923199057579041e-01 1.425406634807586670e-01 1.181213483214378357e-01 8.245927840471267700e-02 5.278604477643966675e-02 3.338335081934928894e-02 2.370746433734893799e-02 1.679062470793724060e-02 1.761584356427192688e-02 2.034030854701995850e-02 2.550200000405311584e-02 3.300772979855537415e-02 4.236947745084762573e-02 4.599505290389060974e-02 4.131754115223884583e-02 2.983078733086585999e-02 1.668783277273178101e-02 8.382824249565601349e-03 5.637223366647958755e-03 2.600539242848753929e-03 9.184024529531598091e-04 3.640946815721690655e-04 1.786849898053333163e-04 8.069644536590203643e-05 7.877510506659746170e-05 6.916838174220174551e-05 1.825276740419212729e-05 1.633142346690874547e-05 2.882016133298748173e-06 0.000000000000000000e+00 0.000000000000000000e+00 0.000000000000000000e+00 0.000000000000000000e+00 0.000000000000000000e+00 0.000000000000000000e+00 0.000000000000000000e+00 0.000000000000000000e+00 0.000000000000000000e+00 0.000000000000000000e+00 0.000000000000000000e+00 0.000000000000000000e+00 0.000000000000000000e+00 0.000000000000000000e+00 0.000000000000000000e+00 0.000000000000000000e+00 8.122481405735015869e-03 6.523568034172058105e-01 5.924176052212715149e-02 2.230190485715866089e-01 4.117248207330703735e-02 9.096602909266948700e-03 6.883215159177780151e-03 1.075952677638269961e-04 0.000000000000000000e+00 0.000000000000000000e+00 0.000000000000000000e+00 0.000000000000000000e+00 0.000000000000000000e+00 0.000000000000000000e+00 0.000000000000000000e+00 0.000000000000000000e+00 0.000000000000000000e+00 0.000000000000000000e+00 0.000000000000000000e+00 0.000000000000000000e+00 0.000000000000000000e+00 0.000000000000000000e+00 0.000000000000000000e+00 0.000000000000000000e+00 0.000000000000000000e+00 0.000000000000000000e+00 5.571897781919687986e-05 4.863882437348365784e-03 5.390618741512298584e-02 1.974229067564010620e-01 5.380435660481452942e-02 2.899596281349658966e-02 5.640748739242553711e-01 9.687608480453491211e-02 0.000000000000000000e+00 0.000000000000000000e+00 0.000000000000000000e+00 0.000000000000000000e+00 0.000000000000000000e+00 0.000000000000000000e+00 0.000000000000000000e+00 0.000000000000000000e+00 0.000000000000000000e+00 0.000000000000000000e+00 0.000000000000000000e+00 0.000000000000000000e+00 0.000000000000000000e+00 0.000000000000000000e+00 0.000000000000000000e+00
2.101562544703483582e-02 2.140754275023937225e-02 1.320052519440650940e-02 9.316215291619300842e-03 2.190932258963584900e-02 3.716873377561569214e-02 2.974554896354675293e-02 2.136317454278469086e-02 2.315585128962993622e-02 3.590213134884834290e-02 3.267172351479530334e-02 2.991457097232341766e-02 2.792751975357532501e-02 2.120049111545085907e-02 2.138747088611125946e-02 5.697586014866828918e-02 5.023509636521339417e-02 6.081685796380043030e-02 7.517200708389282227e-02 9.570381045341491699e-02 8.395263552665710449e-02 4.440071061253547668e-02 3.885788470506668091e-02 4.875722154974937439e-02 5.167705565690994263e-02 2.449850924313068390e-02 1.613092375919222832e-03 5.281900303089059889e-05 0.000000000000000000e+00 0.000000000000000000e+00 0.000000000000000000e+00 0.000000000000000000e+00 0.000000000000000000e+00 0.000000000000000000e+00 0.000000000000000000e+00 0.000000000000000000e+00 0.000000000000000000e+00 0.000000000000000000e+00 0.000000000000000000e+00 2.831098681781440973e-04 1.419774838723242283e-03 1.524356426671147346e-03 1.222548633813858032e-02 3.593805059790611267e-02 3.308054059743881226e-02 1.655241847038269043e-02 1.335053145885467529e-02 1.752957142889499664e-02 1.164437159895896912e-01 5.038320422172546387e-01 3.461757302284240723e-02 2.091421186923980713e-02 3.108187019824981689e-02 2.560031414031982422e-02 3.266538307070732117e-02 1.088810898363590240e-02 2.406222559511661530e-02 4.288797453045845032e-02 2.297837845981121063e-02 2.124380320310592651e-03 0.000000000000000000e+00 0.000000000000000000e+00 0.000000000000000000e+00 0.000000000000000000e+00 0.000000000000000000e+00 0.000000000000000000e+00 0.000000000000000000e+00 6.669983733445405960e-03 7.268951274454593658e-03 7.586921565234661102e-03 1.894089393317699432e-03 3.069840371608734131e-03 2.929658815264701843e-02 4.315523803234100342e-02 2.518621273338794708e-02 2.884128876030445099e-02 2.567954361438751221e-02 7.703229039907455444e-02 5.074532628059387207e-01 1.570308953523635864e-01 1.747041381895542145e-02 1.070429943501949310e-02 8.973948657512664795e-03 4.242422524839639664e-03 9.240156039595603943e-03 2.424814738333225250e-02 4.758992232382297516e-03 1.964866969501599669e-04 0.000000000000000000e+00 0.000000000000000000e+00 0.000000000000000000e+00 0.000000000000000000e+00 0.000000000000000000e+00 0.000000000000000000e+00 0.000000000000000000e+00 0.000000000000000000e+00
2.418095573375467211e-05 1.531460584374144673e-04 7.070050924085080624e-04 4.440084099769592285e-03 1.138116978108882904e-02 1.164485793560743332e-02 8.254918269813060760e-03 8.292916230857372284e-03 9.876193478703498840e-03 1.175309624522924423e-02 2.061944641172885895e-02 6.844823062419891357e-02 5.159410089254379272e-02 2.392417751252651215e-02 4.081284999847412109e-02 3.328911587595939636e-02 2.014273591339588165e-02 1.786166615784168243e-02 2.711606398224830627e-02 4.286823049187660217e-02 1.147179082036018372e-01 1.921937018632888794e-01 1.235289946198463440e-01 5.805271863937377930e-02 5.648326128721237183e-02 2.361903712153434753e-02 1.023660507053136826e-02 3.794107120484113693e-03 3.104374278336763382e-03 7.346404599957168102e-04 3.016862319782376289e-04 2.878685336327180266e-05 0.000000000000000000e+00 0.000000000000000000e+00 0.000000000000000000e+00 0.000000000000000000e+00 0.000000000000000000e+00 0.000000000000000000e+00 0.000000000000000000e+00 0.000000000000000000e+00 0.000000000000000000e+00 0.000000000000000000e+00 0.000000000000000000e+00 0.000000000000000000e+00 0.000000000000000000e+00 0.000000000000000000e+00 8.751203131396323442e-05 1.271227374672889709e-03 1.542295962572097778e-01 6.915753483772277832e-01 1.051526144146919250e-01 4.728183150291442871e-02 3.189583367202430964e-04 8.290613914141431451e-05 0.000000000000000000e+00 0.000000000000000000e+00 0.000000000000000000e+00 0.000000000000000000e+00 0.000000000000000000e+00 0.000000000000000000e+00 0.000000000000000000e+00 0.000000000000000000e+00 0.000000000000000000e+00 0.000000000000000000e+00 0.000000000000000000e+00 0.000000000000000000e+00 0.000000000000000000e+00 0.000000000000000000e+00 0.000000000000000000e+00 0.000000000000000000e+00 0.000000000000000000e+00 0.000000000000000000e+00 0.000000000000000000e+00 0.000000000000000000e+00 0.000000000000000000e+00 2.190103754401206970e-03 1.086335256695747375e-01 6.968490779399871826e-02 7.077892422676086426e-01 1.056788414716720581e-01 5.995725747197866440e-03 2.763537850114516914e-05 0.000000000000000000e+00 0.000000000000000000e+00 0.000000000000000000e+00 0.000000000000000000e+00 0.000000000000000000e+00 0.000000000000000000e+00 0.000000000000000000e+00 0.000000000000000000e+00 0.000000000000000000e+00 0.000000000000000000e+00 0.000000000000000000e+00 0.000000000000000000e+00 0.000000000000000000e+00 0.000000000000000000e+00
3.181532258167862892e-03 7.327606435865163803e-04 1.169298891909420490e-03 2.062123501673340797e-03 4.651211202144622803e-03 1.340276375412940979e-02 2.091849781572818756e-02 4.479298368096351624e-02 6.568029522895812988e-02 5.161441117525100708e-02 2.503131143748760223e-02 2.248795703053474426e-02 3.418094664812088013e-02 5.118203163146972656e-02 6.394038349390029907e-02 6.380422413349151611e-02 5.934529751539230347e-02 4.012410342693328857e-02 3.616511449217796326e-02 7.120146602392196655e-02 5.566278472542762756e-02 5.509632453322410583e-02 6.607733666896820068e-02 1.268881559371948242e-01 1.816726662218570709e-02 1.421867404133081436e-03 9.915654081851243973e-04 2.598442006274126470e-05 0.000000000000000000e+00 0.000000000000000000e+00 0.000000000000000000e+00 0.000000000000000000e+00 0.000000000000000000e+00 0.000000000000000000e+00 0.000000000000000000e+00 0.000000000000000000e+00 0.000000000000000000e+00 0.000000000000000000e+00 0.000000000000000000e+00 0.000000000000000000e+00 0.000000000000000000e+00 0.000000000000000000e+00 0.000000000000000000e+00 0.000000000000000000e+00 0.000000000000000000e+00 0.000000000000000000e+00 0.000000000000000000e+00 2.899861137848347425e-04 2.610883414745330811e-01 3.886011540889739990e-01 1.300655305385589600e-01 2.164304703474044800e-01 3.524526720866560936e-03 0.000000000000000000e+00 0.000000000000000000e+00 0.000000000000000000e+00 0.000000000000000000e+00 0.000000000000000000e+00 0.000000000000000000e+00 0.000000000000000000e+00 0.000000000000000000e+00 0.000000000000000000e+00 0.000000000000000000e+00 0.000000000000000000e+00 0.000000000000000000e+00 0.000000000000000000e+00 0.000000000000000000e+00 0.000000000000000000e+00 0.000000000000000000e+00 0.000000000000000000e+00 0.000000000000000000e+00 0.000000000000000000e+00 0.000000000000000000e+00 0.000000000000000000e+00 0.000000000000000000e+00 0.000000000000000000e+00 1.852325350046157837e-01 1.681628525257110596e-01 4.478944838047027588e-01 1.268548965454101562e-01 7.185523211956024170e-02 0.000000000000000000e+00 0.000000000000000000e+00 0.000000000000000000e+00 0.000000000000000000e+00 0.000000000000000000e+00 0.000000000000000000e+00 0.000000000000000000e+00 0.000000000000000000e+00 0.000000000000000000e+00 0.000000000000000000e+00 0.000000000000000000e+00 0.000000000000000000e+00 0.000000000000000000e+00 0.000000000000000000e+00 0.000000000000000000e+00
1.097158878110349178e-03 6.768685416318476200e-04 9.966338984668254852e-04 1.324058277532458305e-03 2.304416615515947342e-03 3.645707620307803154e-03 6.894102320075035095e-03 9.177456609904766083e-03 1.800642535090446472e-02 3.693002462387084961e-02 6.106464564800262451e-02 7.170115411281585693e-02 6.258209794759750366e-02 8.345875144004821777e-02 1.470441818237304688e-01 1.721974611282348633e-01 1.026379689574241638e-01 6.447675079107284546e-02 5.059376731514930725e-02 3.600327670574188232e-02 3.851257264614105225e-02 2.008873037993907928e-02 3.005219623446464539e-03 2.427918836474418640e-03 1.908060745336115360e-03 6.500618183054029942e-04 4.375232092570513487e-04 3.159357947879470885e-05 1.244595569005468860e-05 1.531809903099201620e-05 1.053119376592803746e-05 8.712169073987752199e-05 0.000000000000000000e+00 0.000000000000000000e+00 0.000000000000000000e+00 0.000000000000000000e+00 0.000000000000000000e+00 0.000000000000000000e+00 0.000000000000000000e+00 0.000000000000000000e+00 0.000000000000000000e+00 0.000000000000000000e+00 0.000000000000000000e+00 0.000000000000000000e+00 0.000000000000000000e+00 0.000000000000000000e+00 0.000000000000000000e+00 2.776405563054140657e-05 1.317739486694335938e-02 8.883961439132690430e-01 8.726912736892700195e-02 1.112955622375011444e-02 0.000000000000000000e+00 0.000000000000000000e+00 0.000000000000000000e+00 0.000000000000000000e+00 0.000000000000000000e+00 0.000000000000000000e+00 0.000000000000000000e+00 0.000000000000000000e+00 0.000000000000000000e+00 0.000000000000000000e+00 0.000000000000000000e+00 0.000000000000000000e+00 0.000000000000000000e+00 0.000000000000000000e+00 0.000000000000000000e+00 0.000000000000000000e+00 0.000000000000000000e+00 0.000000000000000000e+00 0.000000000000000000e+00 0.000000000000000000e+00 0.000000000000000000e+00 0.000000000000000000e+00 0.000000000000000000e+00 1.148857427324401215e-05 1.867371983826160431e-02 8.402647823095321655e-02 8.810721635818481445e-01 1.612325757741928101e-02 9.286597924074158072e-05 0.000000000000000000e+00 0.000000000000000000e+00 0.000000000000000000e+00 0.000000000000000000e+00 0.000000000000000000e+00 0.000000000000000000e+00 0.000000000000000000e+00 0.000000000000000000e+00 0.000000000000000000e+00 0.000000000000000000e+00 0.000000000000000000e+00 0.000000000000000000e+00 0.000000000000000000e+00 0.000000000000000000e+00 0.000000000000000000e+00
7.918566465377807617e-03 1.212491840124130249e-02 2.003421820700168610e-02 8.790720254182815552e-02 1.725839674472808838e-01 1.514255851507186890e-01 9.127043187618255615e-02 7.168093323707580566e-02 6.085004284977912903e-02 3.662491217255592346e-02 2.964829653501510620e-02 2.611212059855461121e-02 1.904594339430332184e-02 1.175122614949941635e-02 8.224314078688621521e-03 1.138679869472980499e-02 1.675128750503063202e-02 2.320905774831771851e-02 2.266859449446201324e-02 1.709100790321826935e-02 1.319966930896043777e-02 1.396867167204618454e-02 1.271788403391838074e-02 1.221448089927434921e-02 1.375248655676841736e-02 1.318113878369331360e-02 1.326761301606893539e-02 8.042100816965103149e-03 1.090192585252225399e-03 2.316273166798055172e-04 2.470691470080055296e-05 0.000000000000000000e+00 0.000000000000000000e+00 0.000000000000000000e+00 0.000000000000000000e+00 0.000000000000000000e+00 0.000000000000000000e+00 0.000000000000000000e+00 0.000000000000000000e+00 0.000000000000000000e+00 0.000000000000000000e+00 0.000000000000000000e+00 0.000000000000000000e+00 0.000000000000000000e+00 0.000000000000000000e+00 0.000000000000000000e+00 0.000000000000000000e+00 1.204462096211500466e-04 6.450203061103820801e-01 1.721763014793395996e-01 1.069284379482269287e-01 7.000086456537246704e-02 5.753622855991125107e-03 0.000000000000000000e+00 0.000000000000000000e+00 0.000000000000000000e+00 0.000000000000000000e+00 0.000000000000000000e+00 0.000000000000000000e+00 0.000000000000000000e+00 0.000000000000000000e+00 0.000000000000000000e+00 0.000000000000000000e+00 0.000000000000000000e+00 0.000000000000000000e+00 0.000000000000000000e+00 0.000000000000000000e+00 0.000000000000000000e+00 0.000000000000000000e+00 0.000000000000000000e+00 0.000000000000000000e+00 0.000000000000000000e+00 0.000000000000000000e+00 0.000000000000000000e+00 0.000000000000000000e+00 0.000000000000000000e+00 3.443834930658340454e-02 7.897873967885971069e-02 2.736692130565643311e-01 6.101588606834411621e-01 2.754820976406335831e-03 0.000000000000000000e+00 0.000000000000000000e+00 0.000000000000000000e+00 0.000000000000000000e+00 0.000000000000000000e+00 0.000000000000000000e+00 0.000000000000000000e+00 0.000000000000000000e+00 0.000000000000000000e+00 0.000000000000000000e+00 0.000000000000000000e+00 0.000000000000000000e+00 0.000000000000000000e+00 0.000000000000000000e+00 0.000000000000000000e+00
1.760752093105111271e-05 1.837306444940622896e-05 3.062177347601391375e-05 4.133939728490076959e-05 3.590403066482394934e-04 2.199409063905477524e-03 7.418124936521053314e-03 2.071027271449565887e-02 3.584431856870651245e-02 2.865202911198139191e-02 1.150077302008867264e-02 1.028049550950527191e-02 1.123359799385070801e-02 1.018633320927619934e-02 7.263484876602888107e-03 6.323396693915128708e-03 3.775664838030934334e-03 2.702371682971715927e-03 3.163229441270232201e-03 5.634406581521034241e-03 1.476505398750305176e-02 3.807664662599563599e-02 7.139083743095397949e-02 9.256120771169662476e-02 1.216312199831008911e-01 1.201575472950935364e-01 1.231431737542152405e-01 1.367729306221008301e-01 1.026977747678756714e-01 9.173518046736717224e-03 2.071563154458999634e-03 2.036348014371469617e-04 0.000000000000000000e+00 0.000000000000000000e+00 0.000000000000000000e+00 0.000000000000000000e+00 0.000000000000000000e+00 0.000000000000000000e+00 0.000000000000000000e+00 0.000000000000000000e+00 0.000000000000000000e+00 0.000000000000000000e+00 0.000000000000000000e+00 0.000000000000000000e+00 0.000000000000000000e+00 0.000000000000000000e+00 0.000000000000000000e+00 4.378913727123290300e-04 7.510066777467727661e-02 6.128466129302978516e-01 2.176090478897094727e-01 9.389325231313705444e-02 1.125350245274603367e-04 0.000000000000000000e+00 0.000000000000000000e+00 0.000000000000000000e+00 0.000000000000000000e+00 0.000000000000000000e+00 0.000000000000000000e+00 0.000000000000000000e+00 0.000000000000000000e+00 0.000000000000000000e+00 0.000000000000000000e+00 0.000000000000000000e+00 0.000000000000000000e+00 0.000000000000000000e+00 0.000000000000000000e+00 0.000000000000000000e+00 0.000000000000000000e+00 0.000000000000000000e+00 0.000000000000000000e+00 0.000000000000000000e+00 0.000000000000000000e+00 0.000000000000000000e+00 0.000000000000000000e+00 1.338937086984515190e-03 9.352349489927291870e-02 2.354783862829208374e-01 5.904949903488159180e-01 7.860150188207626343e-02 5.626751226373016834e-04 0.000000000000000000e+00 0.000000000000000000e+00 0.000000000000000000e+00 0.000000000000000000e+00 0.000000000000000000e+00 0.000000000000000000e+00 0.000000000000000000e+00 0.000000000000000000e+00 0.000000000000000000e+00 0.000000000000000000e+00 0.000000000000000000e+00 0.000000000000000000e+00 0.000000000000000000e+00 0.000000000000000000e+00 0.000000000000000000e+00
2.888693660497665405e-02 3.165122866630554199e-02 3.155541419982910156e-02 3.566592186689376831e-02 4.481156170368194580e-02 5.330006405711174011e-02 7.413686066865921021e-02 1.002323552966117859e-01 9.371526539325714111e-02 7.589747756719589233e-02 6.437240540981292725e-02 5.275950208306312561e-02 4.316352680325508118e-02 3.802219778299331665e-02 3.266927599906921387e-02 2.805653214454650879e-02 2.415761724114418030e-02 2.039124816656112671e-02 1.545033510774374008e-02 1.189875416457653046e-02 8.664962835609912872e-03 7.220536470413208008e-03 7.682848721742630005e-03 9.053817018866539001e-03 1.029702927917242050e-02 1.427259668707847595e-02 1.129990443587303162e-02 8.849409408867359161e-03 8.248163387179374695e-03 7.544714026153087616e-03 4.409134387969970703e-03 1.662408118136227131e-03 0.000000000000000000e+00 0.000000000000000000e+00 0.000000000000000000e+00 0.000000000000000000e+00 0.000000000000000000e+00 0.000000000000000000e+00 0.000000000000000000e+00 0.000000000000000000e+00 0.000000000000000000e+00 0.000000000000000000e+00 0.000000000000000000e+00 0.000000000000000000e+00 0.000000000000000000e+00 0.000000000000000000e+00 0.000000000000000000e+00 4.279782879166305065e-04 4.615290760993957520e-01 5.039619803428649902e-01 3.274752572178840637e-02 1.333439839072525501e-03 0.000000000000000000e+00 0.000000000000000000e+00 0.000000000000000000e+00 0.000000000000000000e+00 0.000000000000000000e+00 0.000000000000000000e+00 0.000000000000000000e+00 0.000000000000000000e+00 0.000000000000000000e+00 0.000000000000000000e+00 0.000000000000000000e+00 0.000000000000000000e+00 0.000000000000000000e+00 0.000000000000000000e+00 0.000000000000000000e+00 0.000000000000000000e+00 0.000000000000000000e+00 0.000000000000000000e+00 0.000000000000000000e+00 0.000000000000000000e+00 0.000000000000000000e+00 0.000000000000000000e+00 0.000000000000000000e+00 0.000000000000000000e+00 4.080964718014001846e-03 4.914643988013267517e-02 4.984964728355407715e-01 4.381906688213348389e-01 1.008543558418750763e-02 0.000000000000000000e+00 0.000000000000000000e+00 0.000000000000000000e+00 0.000000000000000000e+00 0.000000000000000000e+00 0.000000000000000000e+00 0.000000000000000000e+00 0.000000000000000000e+00 0.000000000000000000e+00 0.000000000000000000e+00 0.000000000000000000e+00 0.000000000000000000e+00 0.000000000000000000e+00 0.000000000000000000e+00 0.000000000000000000e+00
2.134421141818165779e-03 1.735538430511951447e-02 2.610524930059909821e-02 2.623539604246616364e-02 3.130563348531723022e-02 4.351190477609634399e-02 5.093347281217575073e-02 7.381422072649002075e-02 9.052438288927078247e-02 3.849215060472488403e-02 1.155158877372741699e-02 8.967566303908824921e-03 9.526018053293228149e-03 1.218260731548070908e-02 1.267559081315994263e-02 2.696422301232814789e-02 3.854736313223838806e-02 5.384168028831481934e-02 5.978666990995407104e-02 6.100137904286384583e-02 5.508636683225631714e-02 5.208271741867065430e-02 4.679872468113899231e-02 4.055321589112281799e-02 3.223244100809097290e-02 2.425478585064411163e-02 1.962626352906227112e-02 1.714557036757469177e-02 1.201696507632732391e-02 4.359551239758729935e-03 3.864990430884063244e-04 0.000000000000000000e+00 0.000000000000000000e+00 0.000000000000000000e+00 0.000000000000000000e+00 0.000000000000000000e+00 0.000000000000000000e+00 0.000000000000000000e+00 0.000000000000000000e+00 0.000000000000000000e+00 0.000000000000000000e+00 0.000000000000000000e+00 0.000000000000000000e+00 0.000000000000000000e+00 0.000000000000000000e+00 0.000000000000000000e+00 1.104283001041039824e-05 4.485597461462020874e-02 4.956708252429962158e-01 4.238143265247344971e-01 2.514452300965785980e-02 9.757917374372482300e-03 7.453910075128078461e-04 0.000000000000000000e+00 0.000000000000000000e+00 0.000000000000000000e+00 0.000000000000000000e+00 0.000000000000000000e+00 0.000000000000000000e+00 0.000000000000000000e+00 0.000000000000000000e+00 0.000000000000000000e+00 0.000000000000000000e+00 0.000000000000000000e+00 0.000000000000000000e+00 0.000000000000000000e+00 0.000000000000000000e+00 0.000000000000000000e+00 0.000000000000000000e+00 0.000000000000000000e+00 0.000000000000000000e+00 0.000000000000000000e+00 0.000000000000000000e+00 0.000000000000000000e+00 0.000000000000000000e+00 0.000000000000000000e+00 5.205905472394078970e-05 5.123872775584459305e-03 2.921530306339263916e-01 6.465687155723571777e-01 5.483395978808403015e-02 1.268347841687500477e-03 0.000000000000000000e+00 0.000000000000000000e+00 0.000000000000000000e+00 0.000000000000000000e+00 0.000000000000000000e+00 0.000000000000000000e+00 0.000000000000000000e+00 0.000000000000000000e+00 0.000000000000000000e+00 0.000000000000000000e+00 0.000000000000000000e+00 0.000000000000000000e+00 0.000000000000000000e+00 0.000000000000000000e+00
3.712418765644542873e-05 9.772395715117454529e-04 3.180669154971837997e-03 6.431219168007373810e-03 9.968935512006282806e-03 2.082885242998600006e-02 2.736052498221397400e-02 2.431306615471839905e-02 2.609393559396266937e-02 2.693250402808189392e-02 2.654270082712173462e-02 2.984784543514251709e-02 2.793376520276069641e-02 3.820078819990158081e-02 2.890882268548011780e-02 1.529188919812440872e-02 1.602127030491828918e-02 1.518597546964883804e-02 1.630734466016292572e-02 1.639688014984130859e-02 1.169848628342151642e-02 8.987328968942165375e-03 1.026265323162078857e-02 3.075083717703819275e-02 1.350053846836090088e-01 1.228242740035057068e-01 1.765386015176773071e-01 1.144593209028244019e-01 7.275248412042856216e-03 1.431464916095137596e-03 2.883675741031765938e-03 1.121368841268122196e-03 0.000000000000000000e+00 0.000000000000000000e+00 0.000000000000000000e+00 0.000000000000000000e+00 0.000000000000000000e+00 0.000000000000000000e+00 0.000000000000000000e+00 0.000000000000000000e+00 0.000000000000000000e+00 0.000000000000000000e+00 0.000000000000000000e+00 0.000000000000000000e+00 0.000000000000000000e+00 0.000000000000000000e+00 0.000000000000000000e+00 2.108435379341244698e-03 2.704092860221862793e-01 6.314059495925903320e-01 2.157679572701454163e-02 1.328609138727188110e-02 1.350774429738521576e-02 1.821924000978469849e-02 2.581113576889038086e-02 3.674202598631381989e-03 1.091887838811089750e-06 0.000000000000000000e+00 0.000000000000000000e+00 0.000000000000000000e+00 0.000000000000000000e+00 0.000000000000000000e+00 0.000000000000000000e+00 0.000000000000000000e+00 0.000000000000000000e+00 0.000000000000000000e+00 0.000000000000000000e+00 0.000000000000000000e+00 0.000000000000000000e+00 0.000000000000000000e+00 0.000000000000000000e+00 0.000000000000000000e+00 0.000000000000000000e+00 1.277508708881214261e-04 4.296578466892242432e-03 5.815394688397645950e-03 3.061544336378574371e-02 1.110548153519630432e-01 5.093154311180114746e-01 3.332332372665405273e-01 5.541330669075250626e-03 0.000000000000000000e+00 0.000000000000000000e+00 0.000000000000000000e+00 0.000000000000000000e+00 0.000000000000000000e+00 0.000000000000000000e+00 0.000000000000000000e+00 0.000000000000000000e+00 0.000000000000000000e+00 0.000000000000000000e+00 0.000000000000000000e+00 0.000000000000000000e+00 0.000000000000000000e+00 0.000000000000000000e+00 0.000000000000000000e+00
6.807653605937957764e-02 4.987041279673576355e-02 3.055272065103054047e-02 2.910360321402549744e-02 3.537341579794883728e-02 3.809705749154090881e-02 2.457777783274650574e-02 1.689667627215385437e-02 1.846315898001194000e-02 1.771241053938865662e-02 2.141668274998664856e-02 2.387552708387374878e-02 2.463403530418872833e-02 2.923648804426193237e-02 3.648498654365539551e-02 4.407103359699249268e-02 4.971716180443763733e-02 5.507035925984382629e-02 5.782601237297058105e-02 5.569210276007652283e-02 5.225069075822830200e-02 5.369108170270919800e-02 5.113814771175384521e-02 4.762690141797065735e-02 3.747822344303131104e-02 2.301517315208911896e-02 7.521057967096567154e-03 4.917689366266131401e-04 3.200862920493818820e-05 5.819750640512211248e-06 9.699584779809811153e-07 0.000000000000000000e+00 0.000000000000000000e+00 0.000000000000000000e+00 0.000000000000000000e+00 0.000000000000000000e+00 0.000000000000000000e+00 0.000000000000000000e+00 0.000000000000000000e+00 0.000000000000000000e+00 0.000000000000000000e+00 0.000000000000000000e+00 0.000000000000000000e+00 0.000000000000000000e+00 0.000000000000000000e+00 0.000000000000000000e+00 0.000000000000000000e+00 8.807222475297749043e-04 8.986063599586486816e-01 2.905122563242912292e-02 1.712267659604549408e-02 4.102245345711708069e-02 1.331655960530042648e-02 0.000000000000000000e+00 0.000000000000000000e+00 0.000000000000000000e+00 0.000000000000000000e+00 0.000000000000000000e+00 0.000000000000000000e+00 0.000000000000000000e+00 0.000000000000000000e+00 0.000000000000000000e+00 0.000000000000000000e+00 0.000000000000000000e+00 0.000000000000000000e+00 0.000000000000000000e+00 0.000000000000000000e+00 0.000000000000000000e+00 0.000000000000000000e+00 0.000000000000000000e+00 0.000000000000000000e+00 0.000000000000000000e+00 0.000000000000000000e+00 0.000000000000000000e+00 1.183349304483272135e-04 1.867946051061153412e-02 3.727162256836891174e-02 1.569489762187004089e-02 1.370754987001419067e-01 7.557227611541748047e-01 3.543743118643760681e-02 0.000000000000000000e+00 0.000000000000000000e+00 0.000000000000000000e+00 0.000000000000000000e+00 0.000000000000000000e+00 0.000000000000000000e+00 0.000000000000000000e+00 0.000000000000000000e+00 0.000000000000000000e+00 0.000000000000000000e+00 0.000000000000000000e+00 0.000000000000000000e+00 0.000000000000000000e+00 0.000000000000000000e+00 0.000000000000000000e+00
2.977211959660053253e-03 2.102996781468391418e-02 4.000064358115196228e-02 2.462210506200790405e-02 2.058575302362442017e-02 1.869538985192775726e-02 1.870968937873840332e-02 1.995920762419700623e-02 2.188353613018989563e-02 2.533088065683841705e-02 3.061496280133724213e-02 3.721648827195167542e-02 4.288132488727569580e-02 4.760232195258140564e-02 4.601316526532173157e-02 3.957430645823478699e-02 3.457981348037719727e-02 3.203430026769638062e-02 4.100794345140457153e-02 5.702643468976020813e-02 7.275712490081787109e-02 7.872674614191055298e-02 5.701481550931930542e-02 3.338660299777984619e-02 5.449522286653518677e-02 3.519473969936370850e-02 1.806973665952682495e-02 2.155194059014320374e-02 6.319089792668819427e-03 1.340683811577036977e-04 4.468946372071513906e-06 0.000000000000000000e+00 0.000000000000000000e+00 0.000000000000000000e+00 0.000000000000000000e+00 0.000000000000000000e+00 0.000000000000000000e+00 0.000000000000000000e+00 0.000000000000000000e+00 0.000000000000000000e+00 0.000000000000000000e+00 0.000000000000000000e+00 0.000000000000000000e+00 0.000000000000000000e+00 0.000000000000000000e+00 0.000000000000000000e+00 2.207659417763352394e-04 2.835903875529766083e-02 5.681648254394531250e-01 2.295510023832321167e-01 1.554085016250610352e-01 1.826369017362594604e-02 3.217641278752125800e-05 0.000000000000000000e+00 0.000000000000000000e+00 0.000000000000000000e+00 0.000000000000000000e+00 0.000000000000000000e+00 0.000000000000000000e+00 0.000000000000000000e+00 0.000000000000000000e+00 0.000000000000000000e+00 0.000000000000000000e+00 0.000000000000000000e+00 0.000000000000000000e+00 0.000000000000000000e+00 0.000000000000000000e+00 0.000000000000000000e+00 0.000000000000000000e+00 0.000000000000000000e+00 0.000000000000000000e+00 0.000000000000000000e+00 0.000000000000000000e+00 0.000000000000000000e+00 0.000000000000000000e+00 0.000000000000000000e+00 1.328170765191316605e-03 9.919809550046920776e-02 3.641788959503173828e-01 5.208789110183715820e-01 1.441592629998922348e-02 0.000000000000000000e+00 0.000000000000000000e+00 0.000000000000000000e+00 0.000000000000000000e+00 0.000000000000000000e+00 0.000000000000000000e+00 0.000000000000000000e+00 0.000000000000000000e+00 0.000000000000000000e+00 0.000000000000000000e+00 0.000000000000000000e+00 0.000000000000000000e+00 0.000000000000000000e+00 0.000000000000000000e+00 0.000000000000000000e+00
2.309174509719014168e-03 1.982625201344490051e-02 3.262044116854667664e-02 3.584712371230125427e-02 3.230109065771102905e-02 4.185356944799423218e-02 4.405301809310913086e-02 5.405154824256896973e-02 5.391381680965423584e-02 5.604796856641769409e-02 6.349494308233261108e-02 6.291884183883666992e-02 5.513056740164756775e-02 4.293702170252799988e-02 3.028088808059692383e-02 2.694912627339363098e-02 2.076192200183868408e-02 2.304374426603317261e-02 4.809536784887313843e-02 6.750194728374481201e-02 3.646376729011535645e-02 2.175423875451087952e-02 2.198731899261474609e-02 2.462146431207656860e-02 2.208807505667209625e-02 2.567205205559730530e-02 2.021176367998123169e-02 5.491208285093307495e-03 3.028953680768609047e-03 2.091229893267154694e-03 2.117391908541321754e-03 5.341587821021676064e-04 0.000000000000000000e+00 0.000000000000000000e+00 0.000000000000000000e+00 0.000000000000000000e+00 0.000000000000000000e+00 0.000000000000000000e+00 0.000000000000000000e+00 0.000000000000000000e+00 0.000000000000000000e+00 0.000000000000000000e+00 0.000000000000000000e+00 0.000000000000000000e+00 0.000000000000000000e+00 4.054028249811381102e-05 2.778566069900989532e-02 1.054411679506301880e-01 1.622208058834075928e-01 1.975892335176467896e-01 2.576709091663360596e-01 2.229982465505599976e-01 2.623950876295566559e-02 1.394585706293582916e-05 0.000000000000000000e+00 0.000000000000000000e+00 0.000000000000000000e+00 0.000000000000000000e+00 0.000000000000000000e+00 0.000000000000000000e+00 0.000000000000000000e+00 0.000000000000000000e+00 0.000000000000000000e+00 0.000000000000000000e+00 0.000000000000000000e+00 0.000000000000000000e+00 0.000000000000000000e+00 0.000000000000000000e+00 0.000000000000000000e+00 0.000000000000000000e+00 5.167534618522040546e-05 5.629153456538915634e-04 9.826207533478736877e-03 4.141443967819213867e-02 6.797870248556137085e-02 1.053305715322494507e-01 1.372892856597900391e-01 2.342489957809448242e-01 1.044070124626159668e-01 1.230980232357978821e-01 1.237089410424232483e-01 5.078356713056564331e-02 1.299667404964566231e-03 0.000000000000000000e+00 0.000000000000000000e+00 0.000000000000000000e+00 0.000000000000000000e+00 0.000000000000000000e+00 0.000000000000000000e+00 0.000000000000000000e+00 0.000000000000000000e+00 0.000000000000000000e+00 0.000000000000000000e+00 0.000000000000000000e+00 0.000000000000000000e+00 0.000000000000000000e+00
1.125245075672864914e-02 8.792749606072902679e-03 1.022753585129976273e-02 1.310618314892053604e-02 1.747479103505611420e-02 2.370465546846389771e-02 3.116640262305736542e-02 3.890342265367507935e-02 4.853442683815956116e-02 6.195565685629844666e-02 6.896466016769409180e-02 7.254362106323242188e-02 6.526232510805130005e-02 5.518992617726325989e-02 5.228440836071968079e-02 4.559510946273803711e-02 4.389042034745216370e-02 3.759272396564483643e-02 2.654902823269367218e-02 1.947314850986003876e-02 1.591078750789165497e-02 1.952581666409969330e-02 3.384489193558692932e-02 5.360191687941551208e-02 6.577478349208831787e-02 4.178649187088012695e-02 1.032964512705802917e-02 5.022705066949129105e-03 1.385223818942904472e-03 2.792183368001133204e-04 7.488019036827608943e-05 0.000000000000000000e+00 0.000000000000000000e+00 0.000000000000000000e+00 0.000000000000000000e+00 0.000000000000000000e+00 0.000000000000000000e+00 0.000000000000000000e+00 0.000000000000000000e+00 0.000000000000000000e+00 0.000000000000000000e+00 0.000000000000000000e+00 0.000000000000000000e+00 0.000000000000000000e+00 1.597324619069695473e-03 2.173472195863723755e-02 4.100174084305763245e-02 1.075125485658645630e-01 3.746805489063262939e-01 1.435879617929458618e-01 1.225608438253402710e-01 1.588463187217712402e-01 2.418558485805988312e-02 4.031587857753038406e-03 2.608266950119286776e-04 0.000000000000000000e+00 0.000000000000000000e+00 0.000000000000000000e+00 0.000000000000000000e+00 0.000000000000000000e+00 0.000000000000000000e+00 0.000000000000000000e+00 0.000000000000000000e+00 0.000000000000000000e+00 0.000000000000000000e+00 0.000000000000000000e+00 0.000000000000000000e+00 0.000000000000000000e+00 0.000000000000000000e+00 5.374176453187828884e-06 1.152462282334454358e-04 1.345454948022961617e-03 4.816098138689994812e-03 2.116637304425239563e-02 5.294471606612205505e-02 8.821424096822738647e-02 9.734496474266052246e-02 1.119854152202606201e-01 2.424520254135131836e-01 2.631947994232177734e-01 9.210944175720214844e-02 1.661349087953567505e-02 4.376490600407123566e-03 2.970366971567273140e-03 3.454998368397355080e-04 0.000000000000000000e+00 0.000000000000000000e+00 0.000000000000000000e+00 0.000000000000000000e+00 0.000000000000000000e+00 0.000000000000000000e+00 0.000000000000000000e+00 0.000000000000000000e+00 0.000000000000000000e+00 0.000000000000000000e+00 0.000000000000000000e+00
6.284222763497382402e-06 2.827900243573822081e-05 1.466318644816055894e-04 7.527102716267108917e-04 5.109771620482206345e-03 7.189849391579627991e-03 6.804067641496658325e-03 5.411763209849596024e-03 6.282826419919729233e-03 5.460291169583797455e-03 3.902851603925228119e-03 3.359964583069086075e-03 3.490885719656944275e-03 5.185182206332683563e-03 9.561444632709026337e-03 1.704944483935832977e-02 4.833265766501426697e-02 1.711553484201431274e-01 2.669593691825866699e-01 2.549355626106262207e-01 1.096132546663284302e-01 3.885918855667114258e-02 1.668775454163551331e-02 9.209877811372280121e-03 2.683013910427689552e-03 7.719120476394891739e-04 2.681268379092216492e-04 4.049832568853162229e-05 3.351585473865270615e-05 4.084744796273298562e-05 9.705632692202925682e-05 5.697695305570960045e-04 0.000000000000000000e+00 0.000000000000000000e+00 0.000000000000000000e+00 0.000000000000000000e+00 0.000000000000000000e+00 0.000000000000000000e+00 0.000000000000000000e+00 0.000000000000000000e+00 0.000000000000000000e+00 0.000000000000000000e+00 0.000000000000000000e+00 0.000000000000000000e+00 0.000000000000000000e+00 0.000000000000000000e+00 0.000000000000000000e+00 5.791958537884056568e-04 3.851809725165367126e-02 7.932588458061218262e-01 1.349247097969055176e-01 3.271810710430145264e-02 1.047370460582897067e-06 0.000000000000000000e+00 0.000000000000000000e+00 0.000000000000000000e+00 0.000000000000000000e+00 0.000000000000000000e+00 0.000000000000000000e+00 0.000000000000000000e+00 0.000000000000000000e+00 0.000000000000000000e+00 0.000000000000000000e+00 0.000000000000000000e+00 0.000000000000000000e+00 0.000000000000000000e+00 0.000000000000000000e+00 0.000000000000000000e+00 0.000000000000000000e+00 0.000000000000000000e+00 0.000000000000000000e+00 0.000000000000000000e+00 0.000000000000000000e+00 0.000000000000000000e+00 0.000000000000000000e+00 0.000000000000000000e+00 8.112233132123947144e-03 2.223804891109466553e-01 7.042438983917236328e-01 5.230498313903808594e-02 1.295841671526432037e-02 0.000000000000000000e+00 0.000000000000000000e+00 0.000000000000000000e+00 0.000000000000000000e+00 0.000000000000000000e+00 0.000000000000000000e+00 0.000000000000000000e+00 0.000000000000000000e+00 0.000000000000000000e+00 0.000000000000000000e+00 0.000000000000000000e+00 0.000000000000000000e+00 0.000000000000000000e+00 0.000000000000000000e+00 0.000000000000000000e+00
1.564035750925540924e-02 2.051602490246295929e-02 2.476162463426589966e-02 3.053933754563331604e-02 3.702902421355247498e-02 4.277208447456359863e-02 4.270067811012268066e-02 4.708909243345260620e-02 4.706703871488571167e-02 5.046730116009712219e-02 4.827676713466644287e-02 4.818540811538696289e-02 4.752488806843757629e-02 4.963561147451400757e-02 4.944344237446784973e-02 4.891628399491310120e-02 5.314193293452262878e-02 5.706304684281349182e-02 5.712605640292167664e-02 4.712479561567306519e-02 3.991368040442466736e-02 2.976855635643005371e-02 2.175830677151679993e-02 2.304889261722564697e-02 1.269689574837684631e-02 4.252950660884380341e-03 2.061368431895971298e-03 1.184525550343096256e-03 2.814298204611986876e-04 1.260133558389497921e-05 0.000000000000000000e+00 0.000000000000000000e+00 0.000000000000000000e+00 0.000000000000000000e+00 0.000000000000000000e+00 0.000000000000000000e+00 0.000000000000000000e+00 0.000000000000000000e+00 0.000000000000000000e+00 0.000000000000000000e+00 0.000000000000000000e+00 0.000000000000000000e+00 0.000000000000000000e+00 0.000000000000000000e+00 0.000000000000000000e+00 7.560801168438047171e-05 7.294703274965286255e-02 4.170097038149833679e-02 1.516098231077194214e-01 2.784443795680999756e-01 3.061967194080352783e-01 7.934536039829254150e-02 6.329966336488723755e-02 5.905826110392808914e-03 3.108329547103494406e-04 8.190868538804352283e-05 8.190868538804352283e-05 0.000000000000000000e+00 0.000000000000000000e+00 0.000000000000000000e+00 0.000000000000000000e+00 0.000000000000000000e+00 0.000000000000000000e+00 0.000000000000000000e+00 0.000000000000000000e+00 0.000000000000000000e+00 0.000000000000000000e+00 0.000000000000000000e+00 0.000000000000000000e+00 0.000000000000000000e+00 0.000000000000000000e+00 0.000000000000000000e+00 0.000000000000000000e+00 0.000000000000000000e+00 1.627672463655471802e-04 1.443063002079725266e-02 8.179526776075363159e-02 2.855567634105682373e-01 2.755712568759918213e-01 2.162525653839111328e-01 3.709938377141952515e-02 8.462007343769073486e-02 4.511278122663497925e-03 0.000000000000000000e+00 0.000000000000000000e+00 0.000000000000000000e+00 0.000000000000000000e+00 0.000000000000000000e+00 0.000000000000000000e+00 0.000000000000000000e+00 0.000000000000000000e+00 0.000000000000000000e+00 0.000000000000000000e+00 0.000000000000000000e+00 0.000000000000000000e+00 0.000000000000000000e+00
3.012332506477832794e-02 3.769296407699584961e-02 2.089008688926696777e-02 3.243387863039970398e-02 7.393768429756164551e-02 7.260967791080474854e-02 7.162802666425704956e-02 8.770409226417541504e-02 8.075897395610809326e-02 6.253387033939361572e-02 5.063923820853233337e-02 4.527606442570686340e-02 4.504545778036117554e-02 4.942249506711959839e-02 4.982987046241760254e-02 3.780871629714965820e-02 2.259944751858711243e-02 1.979896798729896545e-02 2.069268189370632172e-02 2.164471894502639771e-02 2.263534069061279297e-02 2.740808948874473572e-02 1.424018293619155884e-02 1.930096535943448544e-03 1.229303743457421660e-04 2.153524837922304869e-05 5.114621308166533709e-05 2.216335851699113846e-04 2.144551690435037017e-04 8.434638584731146693e-05 0.000000000000000000e+00 0.000000000000000000e+00 0.000000000000000000e+00 0.000000000000000000e+00 0.000000000000000000e+00 0.000000000000000000e+00 0.000000000000000000e+00 0.000000000000000000e+00 0.000000000000000000e+00 0.000000000000000000e+00 0.000000000000000000e+00 0.000000000000000000e+00 0.000000000000000000e+00 0.000000000000000000e+00 0.000000000000000000e+00 0.000000000000000000e+00 0.000000000000000000e+00 1.665356606245040894e-01 4.728646874427795410e-01 1.882692128419876099e-01 5.728555470705032349e-02 3.373048081994056702e-02 6.655558198690414429e-02 1.393868960440158844e-02 8.201340097002685070e-04 0.000000000000000000e+00 0.000000000000000000e+00 0.000000000000000000e+00 0.000000000000000000e+00 0.000000000000000000e+00 0.000000000000000000e+00 0.000000000000000000e+00 0.000000000000000000e+00 0.000000000000000000e+00 0.000000000000000000e+00 0.000000000000000000e+00 0.000000000000000000e+00 1.713846868369728327e-04 1.922918134368956089e-03 1.170620135962963104e-02 2.742065116763114929e-02 1.823048479855060577e-02 1.081248931586742401e-02 6.768349092453718185e-03 4.731473512947559357e-03 5.192686803638935089e-03 7.620785851031541824e-03 3.647532686591148376e-02 1.573033183813095093e-01 4.051058292388916016e-01 3.053751885890960693e-01 1.162903383374214172e-03 0.000000000000000000e+00 0.000000000000000000e+00 0.000000000000000000e+00 0.000000000000000000e+00 0.000000000000000000e+00 0.000000000000000000e+00 0.000000000000000000e+00 0.000000000000000000e+00 0.000000000000000000e+00 0.000000000000000000e+00 0.000000000000000000e+00 0.000000000000000000e+00 0.000000000000000000e+00 0.000000000000000000e+00
1.158471126109361649e-02 2.162928879261016846e-02 2.453174628317356110e-02 2.426932938396930695e-02 2.734496816992759705e-02 3.070351667702198029e-02 3.128718212246894836e-02 3.159851208329200745e-02 3.109350800514221191e-02 3.180078044533729553e-02 3.387235850095748901e-02 3.643373772501945496e-02 3.918548673391342163e-02 4.556481167674064636e-02 4.944489151239395142e-02 4.882553219795227051e-02 4.859484359622001648e-02 4.910381510853767395e-02 4.998492822051048279e-02 5.217681080102920532e-02 5.778606981039047241e-02 5.878417938947677612e-02 5.092288926243782043e-02 3.978237137198448181e-02 3.060634993016719818e-02 2.008518949151039124e-02 1.255638338625431061e-02 7.003971375524997711e-03 2.610294613987207413e-03 7.733716629445552826e-04 5.816812699777074158e-05 0.000000000000000000e+00 0.000000000000000000e+00 0.000000000000000000e+00 0.000000000000000000e+00 0.000000000000000000e+00 0.000000000000000000e+00 0.000000000000000000e+00 0.000000000000000000e+00 0.000000000000000000e+00 0.000000000000000000e+00 0.000000000000000000e+00 0.000000000000000000e+00 0.000000000000000000e+00 0.000000000000000000e+00 0.000000000000000000e+00 0.000000000000000000e+00 3.828255832195281982e-02 6.361735463142395020e-01 2.754122018814086914e-01 4.148313030600547791e-02 7.503027562052011490e-03 8.467428269796073437e-04 2.326725079910829663e-04 5.221911487751640379e-05 1.388103009958285838e-05 0.000000000000000000e+00 0.000000000000000000e+00 0.000000000000000000e+00 0.000000000000000000e+00 0.000000000000000000e+00 0.000000000000000000e+00 0.000000000000000000e+00 0.000000000000000000e+00 0.000000000000000000e+00 0.000000000000000000e+00 0.000000000000000000e+00 0.000000000000000000e+00 0.000000000000000000e+00 0.000000000000000000e+00 0.000000000000000000e+00 0.000000000000000000e+00 0.000000000000000000e+00 0.000000000000000000e+00 0.000000000000000000e+00 5.089710975880734622e-05 1.768839894793927670e-03 2.450927160680294037e-02 2.246182113885879517e-01 6.251553297042846680e-01 1.234122738242149353e-01 4.825310606975108385e-04 2.644005689944606274e-06 0.000000000000000000e+00 0.000000000000000000e+00 0.000000000000000000e+00 0.000000000000000000e+00 0.000000000000000000e+00 0.000000000000000000e+00 0.000000000000000000e+00 0.000000000000000000e+00 0.000000000000000000e+00 0.000000000000000000e+00 0.000000000000000000e+00 0.000000000000000000e+00 0.000000000000000000e+00
7.897431351011618972e-05 8.260531467385590076e-05 9.349832544103264809e-05 1.479633647250011563e-04 5.524571053683757782e-03 5.499880015850067139e-02 2.465278506278991699e-01 1.642012149095535278e-01 1.155566722154617310e-01 8.955687284469604492e-02 6.108890101313591003e-02 4.410307109355926514e-02 3.361764177680015564e-02 3.138639032840728760e-02 3.235859051346778870e-02 2.795872278511524200e-02 1.910906098783016205e-02 9.995243512094020844e-03 6.895274389535188675e-03 4.890961106866598129e-03 3.762626787647604942e-03 3.897881601005792618e-03 4.898223094642162323e-03 6.583916023373603821e-03 8.714406751096248627e-03 1.189516577869653702e-02 7.980036549270153046e-03 2.867584582418203354e-03 9.858172852545976639e-04 2.378306962782517076e-04 3.631002982729114592e-06 0.000000000000000000e+00 0.000000000000000000e+00 0.000000000000000000e+00 0.000000000000000000e+00 0.000000000000000000e+00 0.000000000000000000e+00 0.000000000000000000e+00 0.000000000000000000e+00 0.000000000000000000e+00 0.000000000000000000e+00 0.000000000000000000e+00 0.000000000000000000e+00 0.000000000000000000e+00 0.000000000000000000e+00 0.000000000000000000e+00 0.000000000000000000e+00 7.661416311748325825e-04 8.658335208892822266e-01 4.419656842947006226e-02 1.522297970950603485e-02 1.766392216086387634e-02 1.481449231505393982e-02 1.663453318178653717e-02 1.468377560377120972e-02 9.728364646434783936e-03 4.556908679660409689e-04 0.000000000000000000e+00 0.000000000000000000e+00 0.000000000000000000e+00 0.000000000000000000e+00 0.000000000000000000e+00 0.000000000000000000e+00 0.000000000000000000e+00 0.000000000000000000e+00 0.000000000000000000e+00 0.000000000000000000e+00 0.000000000000000000e+00 0.000000000000000000e+00 0.000000000000000000e+00 0.000000000000000000e+00 0.000000000000000000e+00 0.000000000000000000e+00 0.000000000000000000e+00 0.000000000000000000e+00 0.000000000000000000e+00 0.000000000000000000e+00 0.000000000000000000e+00 1.086849942803382874e-01 8.845041394233703613e-01 6.810853723436594009e-03 0.000000000000000000e+00 0.000000000000000000e+00 0.000000000000000000e+00 0.000000000000000000e+00 0.000000000000000000e+00 0.000000000000000000e+00 0.000000000000000000e+00 0.000000000000000000e+00 0.000000000000000000e+00 0.000000000000000000e+00 0.000000000000000000e+00 0.000000000000000000e+00 0.000000000000000000e+00 0.000000000000000000e+00 0.000000000000000000e+00
1.312417164444923401e-02 1.171472072601318359e-01 1.368255466222763062e-01 1.526418924331665039e-01 1.148672625422477722e-01 5.548592656850814819e-02 2.879987470805644989e-02 1.502002216875553131e-02 8.674153126776218414e-03 8.057144470512866974e-03 6.682499311864376068e-03 5.599658470600843430e-03 8.006166666746139526e-03 1.148936338722705841e-02 1.567921973764896393e-02 1.950959302484989166e-02 2.339973300695419312e-02 2.643819153308868408e-02 2.991347759962081909e-02 3.356982395052909851e-02 3.535932302474975586e-02 3.471506759524345398e-02 2.821187116205692291e-02 2.492467500269412994e-02 2.266582846641540527e-02 1.283939834684133530e-02 5.694582592695951462e-03 3.538569202646613121e-03 1.089872326701879501e-03 2.988359483424574137e-05 0.000000000000000000e+00 0.000000000000000000e+00 0.000000000000000000e+00 0.000000000000000000e+00 0.000000000000000000e+00 0.000000000000000000e+00 0.000000000000000000e+00 0.000000000000000000e+00 0.000000000000000000e+00 0.000000000000000000e+00 0.000000000000000000e+00 0.000000000000000000e+00 0.000000000000000000e+00 0.000000000000000000e+00 0.000000000000000000e+00 0.000000000000000000e+00 0.000000000000000000e+00 3.164145350456237793e-02 7.481471896171569824e-01 1.689750254154205322e-01 1.091454364359378815e-02 4.892120137810707092e-03 1.539268810302019119e-02 1.412263512611389160e-02 5.476608406752347946e-03 4.377067671157419682e-04 0.000000000000000000e+00 0.000000000000000000e+00 0.000000000000000000e+00 0.000000000000000000e+00 0.000000000000000000e+00 0.000000000000000000e+00 0.000000000000000000e+00 0.000000000000000000e+00 0.000000000000000000e+00 0.000000000000000000e+00 0.000000000000000000e+00 0.000000000000000000e+00 0.000000000000000000e+00 0.000000000000000000e+00 0.000000000000000000e+00 0.000000000000000000e+00 0.000000000000000000e+00 0.000000000000000000e+00 0.000000000000000000e+00 0.000000000000000000e+00 1.770866662263870239e-02 5.740286782383918762e-02 9.930846095085144043e-02 8.177021741867065430e-01 7.877842523157596588e-03 0.000000000000000000e+00 0.000000000000000000e+00 0.000000000000000000e+00 0.000000000000000000e+00 0.000000000000000000e+00 0.000000000000000000e+00 0.000000000000000000e+00 0.000000000000000000e+00 0.000000000000000000e+00 0.000000000000000000e+00 0.000000000000000000e+00 0.000000000000000000e+00 0.000000000000000000e+00 0.000000000000000000e+00 0.000000000000000000e+00
6.446802988648414612e-03 1.045340858399868011e-02 1.500673405826091766e-02 2.024786733090877533e-02 2.460879832506179810e-02 2.738969400525093079e-02 2.947716973721981049e-02 3.254906088113784790e-02 3.470627963542938232e-02 3.651317954063415527e-02 3.615003451704978943e-02 3.575963526964187622e-02 3.692121431231498718e-02 4.201965779066085815e-02 4.769046977162361145e-02 5.071586742997169495e-02 5.307509750127792358e-02 5.776309967041015625e-02 6.236532330513000488e-02 6.488889455795288086e-02 6.418985873460769653e-02 5.536298453807830811e-02 4.551481455564498901e-02 3.749518841505050659e-02 3.030446358025074005e-02 2.182950638234615326e-02 1.198294106870889664e-02 5.716507323086261749e-03 2.297505270689725876e-03 4.705637111328542233e-04 7.936253678053617477e-05 8.016417268663644791e-06 0.000000000000000000e+00 0.000000000000000000e+00 0.000000000000000000e+00 0.000000000000000000e+00 0.000000000000000000e+00 0.000000000000000000e+00 0.000000000000000000e+00 0.000000000000000000e+00 0.000000000000000000e+00 0.000000000000000000e+00 0.000000000000000000e+00 0.000000000000000000e+00 0.000000000000000000e+00 0.000000000000000000e+00 1.122298453992698342e-05 8.930289186537265778e-04 7.237702608108520508e-02 2.671447098255157471e-01 4.323686957359313965e-01 1.728067100048065186e-01 3.725950792431831360e-02 1.090713776648044586e-02 4.186173435300588608e-03 1.968832220882177353e-03 7.695760723436251283e-05 0.000000000000000000e+00 0.000000000000000000e+00 0.000000000000000000e+00 0.000000000000000000e+00 0.000000000000000000e+00 0.000000000000000000e+00 0.000000000000000000e+00 0.000000000000000000e+00 0.000000000000000000e+00 0.000000000000000000e+00 0.000000000000000000e+00 0.000000000000000000e+00 0.000000000000000000e+00 0.000000000000000000e+00 0.000000000000000000e+00 0.000000000000000000e+00 2.805746225931216031e-05 2.799333073198795319e-03 4.360690712928771973e-02 2.472944557666778564e-01 4.184602200984954834e-01 1.909109801054000854e-01 9.356602281332015991e-02 3.298755967989563942e-03 3.527223816490732133e-05 0.000000000000000000e+00 0.000000000000000000e+00 0.000000000000000000e+00 0.000000000000000000e+00 0.000000000000000000e+00 0.000000000000000000e+00 0.000000000000000000e+00 0.000000000000000000e+00 0.000000000000000000e+00 0.000000000000000000e+00 0.000000000000000000e+00 0.000000000000000000e+00 0.000000000000000000e+00 0.000000000000000000e+00
6.622516593779437244e-06 1.615158165805041790e-03 8.743193931877613068e-03 4.902869928628206253e-03 5.608535837382078171e-03 1.025974936783313751e-02 1.542163360863924026e-02 2.151582017540931702e-02 2.775349467992782593e-02 3.729875013232231140e-02 4.890949279069900513e-02 3.551434725522994995e-02 2.563796937465667725e-02 3.590654954314231873e-02 3.556438535451889038e-02 4.922222346067428589e-02 1.147064045071601868e-01 1.887115538120269775e-01 1.757012456655502319e-01 9.112877398729324341e-02 3.063208237290382385e-02 1.807358302175998688e-02 9.153054095804691315e-03 4.210448823869228363e-03 2.278145635500550270e-03 1.149374525994062424e-03 2.847682044375687838e-04 6.696100172121077776e-05 8.094187251117546111e-06 1.103752765629906207e-05 3.679175961224245839e-06 0.000000000000000000e+00 0.000000000000000000e+00 0.000000000000000000e+00 0.000000000000000000e+00 0.000000000000000000e+00 0.000000000000000000e+00 0.000000000000000000e+00 0.000000000000000000e+00 0.000000000000000000e+00 0.000000000000000000e+00 0.000000000000000000e+00 0.000000000000000000e+00 0.000000000000000000e+00 0.000000000000000000e+00 0.000000000000000000e+00 0.000000000000000000e+00 1.968138292431831360e-02 3.157718777656555176e-01 4.411979317665100098e-01 2.149558514356613159e-01 8.362030610442161560e-03 3.090507743763737381e-05 0.000000000000000000e+00 0.000000000000000000e+00 0.000000000000000000e+00 0.000000000000000000e+00 0.000000000000000000e+00 0.000000000000000000e+00 0.000000000000000000e+00 0.000000000000000000e+00 0.000000000000000000e+00 0.000000000000000000e+00 0.000000000000000000e+00 0.000000000000000000e+00 0.000000000000000000e+00 0.000000000000000000e+00 0.000000000000000000e+00 0.000000000000000000e+00 0.000000000000000000e+00 0.000000000000000000e+00 0.000000000000000000e+00 0.000000000000000000e+00 0.000000000000000000e+00 6.100073806010186672e-04 1.554819755256175995e-02 2.299050837755203247e-01 3.845401108264923096e-01 2.653554081916809082e-01 8.466225117444992065e-02 1.937821879982948303e-02 7.358351581387978513e-07 0.000000000000000000e+00 0.000000000000000000e+00 0.000000000000000000e+00 0.000000000000000000e+00 0.000000000000000000e+00 0.000000000000000000e+00 0.000000000000000000e+00 0.000000000000000000e+00 0.000000000000000000e+00 0.000000000000000000e+00 0.000000000000000000e+00 0.000000000000000000e+00 0.000000000000000000e+00 0.000000000000000000e+00
9.542861022055149078e-03 3.816324518993496895e-03 4.271332174539566040e-03 6.265576928853988647e-03 2.143454365432262421e-02 3.982545807957649231e-02 6.404128670692443848e-02 8.697407692670822144e-02 1.244937554001808167e-01 1.431244611740112305e-01 1.491768807172775269e-01 1.390109509229660034e-01 7.745990902185440063e-02 7.651299983263015747e-02 3.577958047389984131e-02 4.703794140368700027e-03 2.820226829499006271e-03 2.412359695881605148e-03 1.809782232157886028e-03 1.414212631061673164e-03 1.344526768662035465e-03 9.530563256703317165e-04 6.005279719829559326e-04 6.886600749567151070e-04 6.292221369221806526e-04 4.919000202789902687e-04 1.229750050697475672e-04 2.049583563348278403e-04 6.558667519129812717e-05 8.198334398912265897e-06 0.000000000000000000e+00 0.000000000000000000e+00 0.000000000000000000e+00 0.000000000000000000e+00 0.000000000000000000e+00 0.000000000000000000e+00 0.000000000000000000e+00 0.000000000000000000e+00 0.000000000000000000e+00 0.000000000000000000e+00 0.000000000000000000e+00 0.000000000000000000e+00 0.000000000000000000e+00 0.000000000000000000e+00 0.000000000000000000e+00 0.000000000000000000e+00 6.148750799184199423e-06 8.366400375962257385e-03 2.394487410783767700e-01 6.063078045845031738e-01 1.450592726469039917e-01 2.992391819134354591e-04 1.557683426653966308e-04 1.414212601957842708e-04 1.209254260174930096e-04 7.993375766091048717e-05 1.434708428860176355e-05 0.000000000000000000e+00 0.000000000000000000e+00 0.000000000000000000e+00 0.000000000000000000e+00 0.000000000000000000e+00 0.000000000000000000e+00 0.000000000000000000e+00 0.000000000000000000e+00 0.000000000000000000e+00 0.000000000000000000e+00 0.000000000000000000e+00 0.000000000000000000e+00 0.000000000000000000e+00 0.000000000000000000e+00 0.000000000000000000e+00 0.000000000000000000e+00 0.000000000000000000e+00 0.000000000000000000e+00 1.311733503825962543e-04 3.060028189793229103e-03 9.748844057321548462e-02 6.712775230407714844e-01 2.259276360273361206e-01 2.115170238539576530e-03 0.000000000000000000e+00 0.000000000000000000e+00 0.000000000000000000e+00 0.000000000000000000e+00 0.000000000000000000e+00 0.000000000000000000e+00 0.000000000000000000e+00 0.000000000000000000e+00 0.000000000000000000e+00 0.000000000000000000e+00 0.000000000000000000e+00 0.000000000000000000e+00 0.000000000000000000e+00 0.000000000000000000e+00 0.000000000000000000e+00
1.751862652599811554e-02 3.575816377997398376e-02 5.737727135419845581e-02 8.312277495861053467e-02 8.607356250286102295e-02 6.207497790455818176e-02 5.709691718220710754e-02 5.725005269050598145e-02 5.102570727467536926e-02 5.091615766286849976e-02 5.058986321091651917e-02 4.340194910764694214e-02 3.562623262405395508e-02 3.428807109594345093e-02 3.133727982640266418e-02 2.330948039889335632e-02 1.787554845213890076e-02 2.493624202907085419e-02 3.698913380503654480e-02 3.383808955550193787e-02 3.589127585291862488e-02 3.331271931529045105e-02 2.169567346572875977e-02 1.113643683493137360e-02 4.722442943602800369e-03 1.976617379114031792e-03 6.549459649249911308e-04 1.766940549714490771e-04 2.709308864723425359e-05 0.000000000000000000e+00 0.000000000000000000e+00 0.000000000000000000e+00 0.000000000000000000e+00 0.000000000000000000e+00 0.000000000000000000e+00 0.000000000000000000e+00 0.000000000000000000e+00 0.000000000000000000e+00 0.000000000000000000e+00 0.000000000000000000e+00 0.000000000000000000e+00 0.000000000000000000e+00 0.000000000000000000e+00 0.000000000000000000e+00 0.000000000000000000e+00 9.581529535353183746e-03 3.997055068612098694e-02 7.358718197792768478e-03 2.762481868267059326e-01 3.153199553489685059e-01 1.913207918405532837e-01 7.238330692052841187e-02 3.429985046386718750e-02 3.393585979938507080e-02 1.936802454292774200e-02 2.132108202204108238e-04 0.000000000000000000e+00 0.000000000000000000e+00 0.000000000000000000e+00 0.000000000000000000e+00 0.000000000000000000e+00 0.000000000000000000e+00 0.000000000000000000e+00 0.000000000000000000e+00 0.000000000000000000e+00 0.000000000000000000e+00 0.000000000000000000e+00 0.000000000000000000e+00 0.000000000000000000e+00 5.889801741432165727e-06 9.894867253024131060e-05 6.832170183770358562e-04 1.774008269421756268e-03 2.139176009222865105e-03 4.287775605916976929e-03 2.307035401463508606e-02 1.554589569568634033e-01 2.821108996868133545e-01 2.076838314533233643e-01 2.628536224365234375e-01 8.167977444827556610e-03 3.066819719970226288e-02 2.099714428186416626e-02 0.000000000000000000e+00 0.000000000000000000e+00 0.000000000000000000e+00 0.000000000000000000e+00 0.000000000000000000e+00 0.000000000000000000e+00 0.000000000000000000e+00 0.000000000000000000e+00 0.000000000000000000e+00 0.000000000000000000e+00 0.000000000000000000e+00 0.000000000000000000e+00 0.000000000000000000e+00
4.956383691023802385e-06 2.478191845511901192e-06 1.486915152781875804e-05 7.558485231129452586e-05 7.223929278552532196e-04 1.224226783961057663e-03 1.116425497457385063e-03 1.019775983877480030e-03 9.838421829044818878e-04 1.441068598069250584e-03 2.516603795811533928e-03 7.557246368378400803e-03 2.670623548328876495e-02 3.332300856709480286e-02 6.326451897621154785e-02 7.637663930654525757e-02 8.232057839632034302e-02 9.839413315057754517e-02 1.335856914520263672e-01 1.402433514595031738e-01 1.349375545978546143e-01 7.696892321109771729e-02 3.941068425774574280e-02 1.807221397757530212e-02 1.673027314245700836e-02 5.293417721986770630e-03 6.637836806476116180e-03 2.413759008049964905e-03 3.578509204089641571e-03 3.889522282406687737e-03 2.889571711421012878e-03 1.828409917652606964e-02 0.000000000000000000e+00 0.000000000000000000e+00 0.000000000000000000e+00 0.000000000000000000e+00 0.000000000000000000e+00 0.000000000000000000e+00 0.000000000000000000e+00 0.000000000000000000e+00 0.000000000000000000e+00 0.000000000000000000e+00 0.000000000000000000e+00 0.000000000000000000e+00 0.000000000000000000e+00 0.000000000000000000e+00 8.797581540420651436e-05 5.439011752605438232e-02 3.325188457965850830e-01 3.403189480304718018e-01 1.030828729271888733e-01 1.277470737695693970e-01 9.356413967907428741e-03 5.667624995112419128e-03 3.846153849735856056e-03 4.599524196237325668e-03 5.759317893534898758e-03 6.917872931808233261e-03 4.991078283637762070e-03 7.161974790506064892e-04 0.000000000000000000e+00 0.000000000000000000e+00 0.000000000000000000e+00 0.000000000000000000e+00 0.000000000000000000e+00 0.000000000000000000e+00 0.000000000000000000e+00 0.000000000000000000e+00 0.000000000000000000e+00 0.000000000000000000e+00 0.000000000000000000e+00 0.000000000000000000e+00 0.000000000000000000e+00 8.194141089916229248e-03 1.048399042338132858e-02 6.014571990817785263e-03 4.512787610292434692e-02 1.102783009409904480e-01 4.024224281311035156e-01 3.312264680862426758e-01 8.506146073341369629e-02 1.190771232359111309e-03 0.000000000000000000e+00 0.000000000000000000e+00 0.000000000000000000e+00 0.000000000000000000e+00 0.000000000000000000e+00 0.000000000000000000e+00 0.000000000000000000e+00 0.000000000000000000e+00 0.000000000000000000e+00 0.000000000000000000e+00 0.000000000000000000e+00 0.000000000000000000e+00 0.000000000000000000e+00 0.000000000000000000e+00
1.619804278016090393e-02 2.008842490613460541e-02 2.838326431810855865e-02 2.440566569566726685e-02 2.262862026691436768e-02 2.749599888920783997e-02 2.709849178791046143e-02 2.934013679623603821e-02 3.053350001573562622e-02 3.072302974760532379e-02 3.103835135698318481e-02 3.424525260925292969e-02 3.744041547179222107e-02 4.459640383720397949e-02 5.940987542271614075e-02 6.791940331459045410e-02 6.612893939018249512e-02 6.761834025382995605e-02 6.566769629716873169e-02 6.673777848482131958e-02 6.446678191423416138e-02 5.968913808465003967e-02 4.518428072333335876e-02 2.380185574293136597e-02 6.625137757509946823e-03 1.096082967706024647e-03 7.941779331304132938e-04 5.652332911267876625e-04 3.102912887698039412e-05 1.593387605680618435e-05 1.761112616804894060e-05 1.509525100118480623e-05 0.000000000000000000e+00 0.000000000000000000e+00 0.000000000000000000e+00 0.000000000000000000e+00 0.000000000000000000e+00 0.000000000000000000e+00 0.000000000000000000e+00 0.000000000000000000e+00 0.000000000000000000e+00 0.000000000000000000e+00 0.000000000000000000e+00 0.000000000000000000e+00 0.000000000000000000e+00 9.895776020130142570e-05 2.315443707630038261e-03 2.216821536421775818e-02 2.365140765905380249e-01 4.428124725818634033e-01 2.784436345100402832e-01 1.762789860367774963e-02 1.928837627929169685e-05 0.000000000000000000e+00 0.000000000000000000e+00 0.000000000000000000e+00 0.000000000000000000e+00 0.000000000000000000e+00 0.000000000000000000e+00 0.000000000000000000e+00 0.000000000000000000e+00 0.000000000000000000e+00 0.000000000000000000e+00 0.000000000000000000e+00 0.000000000000000000e+00 0.000000000000000000e+00 0.000000000000000000e+00 0.000000000000000000e+00 0.000000000000000000e+00 0.000000000000000000e+00 0.000000000000000000e+00 0.000000000000000000e+00 0.000000000000000000e+00 0.000000000000000000e+00 0.000000000000000000e+00 3.824130399152636528e-04 1.769247278571128845e-02 4.090913534164428711e-01 2.985974848270416260e-01 2.182983011007308960e-01 4.741418361663818359e-02 6.800410803407430649e-03 1.590871717780828476e-03 1.325027551501989365e-04 0.000000000000000000e+00 0.000000000000000000e+00 0.000000000000000000e+00 0.000000000000000000e+00 0.000000000000000000e+00 0.000000000000000000e+00 0.000000000000000000e+00 0.000000000000000000e+00 0.000000000000000000e+00 0.000000000000000000e+00 0.000000000000000000e+00 0.000000000000000000e+00
2.468642592430114746e-02 1.827328093349933624e-02 1.541895233094692230e-02 1.564810425043106079e-02 1.605066657066345215e-02 1.610176265239715576e-02 1.227895822376012802e-02 1.186323352158069611e-02 1.906679570674896240e-02 2.379304543137550354e-02 3.236842155456542969e-02 5.218924954533576965e-02 6.430408358573913574e-02 4.678251221776008606e-02 3.190702199935913086e-02 2.809428051114082336e-02 3.027586452662944794e-02 3.090448305010795593e-02 3.738575428724288940e-02 5.293708667159080505e-02 7.499136775732040405e-02 7.623776793479919434e-02 6.872918456792831421e-02 8.311230689287185669e-02 8.035939931869506836e-02 3.520107269287109375e-02 7.315815892070531845e-04 2.121199504472315311e-04 3.870801810990087688e-05 4.644962245947681367e-05 9.289924491895362735e-06 7.741604122202261351e-07 0.000000000000000000e+00 0.000000000000000000e+00 0.000000000000000000e+00 0.000000000000000000e+00 0.000000000000000000e+00 0.000000000000000000e+00 0.000000000000000000e+00 0.000000000000000000e+00 0.000000000000000000e+00 0.000000000000000000e+00 0.000000000000000000e+00 0.000000000000000000e+00 0.000000000000000000e+00 0.000000000000000000e+00 2.327126218006014824e-03 2.605514228343963623e-02 5.269988179206848145e-01 3.460643887519836426e-01 8.372312039136886597e-02 1.483136508613824844e-02 0.000000000000000000e+00 0.000000000000000000e+00 0.000000000000000000e+00 0.000000000000000000e+00 0.000000000000000000e+00 0.000000000000000000e+00 0.000000000000000000e+00 0.000000000000000000e+00 0.000000000000000000e+00 0.000000000000000000e+00 0.000000000000000000e+00 0.000000000000000000e+00 0.000000000000000000e+00 0.000000000000000000e+00 0.000000000000000000e+00 0.000000000000000000e+00 0.000000000000000000e+00 0.000000000000000000e+00 0.000000000000000000e+00 0.000000000000000000e+00 0.000000000000000000e+00 0.000000000000000000e+00 7.602255209349095821e-04 1.330239791423082352e-02 4.328717663884162903e-02 7.404689490795135498e-02 3.721071481704711914e-01 4.640836119651794434e-01 1.877958327531814575e-02 1.307789143174886703e-02 5.550729692913591862e-04 0.000000000000000000e+00 0.000000000000000000e+00 0.000000000000000000e+00 0.000000000000000000e+00 0.000000000000000000e+00 0.000000000000000000e+00 0.000000000000000000e+00 0.000000000000000000e+00 0.000000000000000000e+00 0.000000000000000000e+00 0.000000000000000000e+00 0.000000000000000000e+00 0.000000000000000000e+00
1.311372667551040649e-01 7.234463095664978027e-02 6.456227600574493408e-02 8.690188080072402954e-02 8.021057397127151489e-02 3.518371284008026123e-02 7.954706437885761261e-03 6.714234128594398499e-03 6.858475040644407272e-03 9.403034113347530365e-03 7.079644594341516495e-03 5.631316918879747391e-03 4.925645422190427780e-03 5.086899735033512115e-03 5.581757053732872009e-03 5.953825078904628754e-03 4.776966292411088943e-03 5.078023299574851990e-03 7.169887889176607132e-03 1.307563297450542450e-02 2.283076383173465729e-02 2.929423935711383820e-02 3.388628363609313965e-02 5.512373521924018860e-02 1.155762523412704468e-01 1.080594509840011597e-01 6.864688545465469360e-02 9.512509568594396114e-04 7.396974979201331735e-07 0.000000000000000000e+00 0.000000000000000000e+00 0.000000000000000000e+00 0.000000000000000000e+00 0.000000000000000000e+00 0.000000000000000000e+00 0.000000000000000000e+00 0.000000000000000000e+00 0.000000000000000000e+00 0.000000000000000000e+00 0.000000000000000000e+00 0.000000000000000000e+00 0.000000000000000000e+00 0.000000000000000000e+00 0.000000000000000000e+00 0.000000000000000000e+00 0.000000000000000000e+00 3.619339782744646072e-03 2.914704009890556335e-02 4.309877157211303711e-01 4.047262370586395264e-01 8.751361072063446045e-02 5.910182837396860123e-03 1.607066765427589417e-02 1.084692403674125671e-02 3.168864175677299500e-03 3.970696125179529190e-03 3.795387921854853630e-03 2.433604822726920247e-04 0.000000000000000000e+00 0.000000000000000000e+00 0.000000000000000000e+00 0.000000000000000000e+00 0.000000000000000000e+00 0.000000000000000000e+00 0.000000000000000000e+00 0.000000000000000000e+00 0.000000000000000000e+00 0.000000000000000000e+00 0.000000000000000000e+00 0.000000000000000000e+00 0.000000000000000000e+00 0.000000000000000000e+00 0.000000000000000000e+00 5.303631187416613102e-04 3.478797385469079018e-03 1.479986775666475296e-02 1.638429984450340271e-02 9.211896359920501709e-02 4.050590991973876953e-01 3.805625140666961670e-01 8.121287077665328979e-02 5.853226408362388611e-03 0.000000000000000000e+00 0.000000000000000000e+00 0.000000000000000000e+00 0.000000000000000000e+00 0.000000000000000000e+00 0.000000000000000000e+00 0.000000000000000000e+00 0.000000000000000000e+00 0.000000000000000000e+00 0.000000000000000000e+00 0.000000000000000000e+00 0.000000000000000000e+00 0.000000000000000000e+00 0.000000000000000000e+00
5.702530965209007263e-02 2.961906604468822479e-02 1.416207756847143173e-02 1.347364298999309540e-02 1.322777383029460907e-02 1.457185950130224228e-02 2.219380997121334076e-02 4.404340311884880066e-02 6.336873769760131836e-02 8.887358754873275757e-02 8.764424175024032593e-02 5.056713894009590149e-02 4.969840124249458313e-02 4.450235888361930847e-02 7.810451090335845947e-02 5.940204486250877380e-02 5.969708785414695740e-02 4.966561868786811829e-02 3.681484237313270569e-02 4.227314516901969910e-02 5.664831027388572693e-02 2.366902679204940796e-02 7.539994549006223679e-04 0.000000000000000000e+00 0.000000000000000000e+00 0.000000000000000000e+00 0.000000000000000000e+00 0.000000000000000000e+00 0.000000000000000000e+00 0.000000000000000000e+00 0.000000000000000000e+00 0.000000000000000000e+00 0.000000000000000000e+00 0.000000000000000000e+00 0.000000000000000000e+00 0.000000000000000000e+00 0.000000000000000000e+00 0.000000000000000000e+00 0.000000000000000000e+00 0.000000000000000000e+00 0.000000000000000000e+00 0.000000000000000000e+00 0.000000000000000000e+00 0.000000000000000000e+00 0.000000000000000000e+00 0.000000000000000000e+00 0.000000000000000000e+00 6.654865108430385590e-03 6.462103128433227539e-01 3.468397557735443115e-01 2.950432826764881611e-04 0.000000000000000000e+00 0.000000000000000000e+00 0.000000000000000000e+00 0.000000000000000000e+00 0.000000000000000000e+00 0.000000000000000000e+00 0.000000000000000000e+00 0.000000000000000000e+00 0.000000000000000000e+00 0.000000000000000000e+00 0.000000000000000000e+00 0.000000000000000000e+00 0.000000000000000000e+00 0.000000000000000000e+00 0.000000000000000000e+00 0.000000000000000000e+00 0.000000000000000000e+00 0.000000000000000000e+00 0.000000000000000000e+00 0.000000000000000000e+00 0.000000000000000000e+00 0.000000000000000000e+00 0.000000000000000000e+00 0.000000000000000000e+00 0.000000000000000000e+00 0.000000000000000000e+00 8.195646660169586539e-05 2.044649869203567505e-01 7.174960374832153320e-01 7.795698940753936768e-02 0.000000000000000000e+00 0.000000000000000000e+00 0.000000000000000000e+00 0.000000000000000000e+00 0.000000000000000000e+00 0.000000000000000000e+00 0.000000000000000000e+00 0.000000000000000000e+00 0.000000000000000000e+00 0.000000000000000000e+00 0.000000000000000000e+00 0.000000000000000000e+00 0.000000000000000000e+00 0.000000000000000000e+00 0.000000000000000000e+00
1.820167526602745056e-04 1.820167526602745056e-04 1.773496478563174605e-04 2.053522184723988175e-04 1.773496478563174605e-04 2.846928546205163002e-04 4.839778412133455276e-03 1.256848964840173721e-02 1.621815934777259827e-02 1.594746671617031097e-02 2.374151721596717834e-02 2.510431036353111267e-02 3.497055172920227051e-02 3.678138554096221924e-02 3.627267107367515564e-02 2.670979127287864685e-02 2.600505948066711426e-02 2.952871657907962799e-02 1.845836453139781952e-02 1.393594872206449509e-02 3.743477910757064819e-02 1.137837991118431091e-01 1.920323371887207031e-01 1.738213300704956055e-01 9.117639064788818359e-02 6.812559813261032104e-02 6.067224894650280476e-04 5.553844384849071503e-04 1.726825576042756438e-04 0.000000000000000000e+00 0.000000000000000000e+00 0.000000000000000000e+00 0.000000000000000000e+00 0.000000000000000000e+00 0.000000000000000000e+00 0.000000000000000000e+00 0.000000000000000000e+00 0.000000000000000000e+00 0.000000000000000000e+00 0.000000000000000000e+00 0.000000000000000000e+00 0.000000000000000000e+00 0.000000000000000000e+00 0.000000000000000000e+00 0.000000000000000000e+00 0.000000000000000000e+00 0.000000000000000000e+00 1.519606448709964752e-02 7.894299626350402832e-01 7.020712643861770630e-02 7.089785486459732056e-02 5.426899343729019165e-02 0.000000000000000000e+00 0.000000000000000000e+00 0.000000000000000000e+00 0.000000000000000000e+00 0.000000000000000000e+00 0.000000000000000000e+00 0.000000000000000000e+00 0.000000000000000000e+00 0.000000000000000000e+00 0.000000000000000000e+00 0.000000000000000000e+00 0.000000000000000000e+00 0.000000000000000000e+00 0.000000000000000000e+00 0.000000000000000000e+00 0.000000000000000000e+00 0.000000000000000000e+00 0.000000000000000000e+00 0.000000000000000000e+00 0.000000000000000000e+00 0.000000000000000000e+00 0.000000000000000000e+00 0.000000000000000000e+00 0.000000000000000000e+00 2.285476960241794586e-02 9.154975414276123047e-02 5.873073637485504150e-02 7.650350332260131836e-01 6.182968989014625549e-02 0.000000000000000000e+00 0.000000000000000000e+00 0.000000000000000000e+00 0.000000000000000000e+00 0.000000000000000000e+00 0.000000000000000000e+00 0.000000000000000000e+00 0.000000000000000000e+00 0.000000000000000000e+00 0.000000000000000000e+00 0.000000000000000000e+00 0.000000000000000000e+00 0.000000000000000000e+00 0.000000000000000000e+00 0.000000000000000000e+00
6.506405770778656006e-04 8.766378276050090790e-03 4.087927192449569702e-02 1.112399324774742126e-01 1.142924353480339050e-01 1.290200650691986084e-01 8.156344294548034668e-02 5.105334520339965820e-02 3.033739887177944183e-02 2.146647125482559204e-02 1.972365006804466248e-02 1.765971072018146515e-02 1.778106391429901123e-02 1.959669589996337891e-02 2.257358655333518982e-02 1.813765615224838257e-02 1.562657579779624939e-02 1.359437406063079834e-02 1.464921422302722931e-02 1.757569611072540283e-02 2.004850469529628754e-02 2.161956205964088440e-02 2.575677819550037384e-02 2.922001481056213379e-02 3.748231008648872375e-02 3.889654204249382019e-02 3.554999083280563354e-02 2.408023551106452942e-02 1.132319914177060127e-03 2.333717930014245212e-05 2.800461516017094254e-06 0.000000000000000000e+00 0.000000000000000000e+00 0.000000000000000000e+00 0.000000000000000000e+00 0.000000000000000000e+00 0.000000000000000000e+00 0.000000000000000000e+00 0.000000000000000000e+00 0.000000000000000000e+00 0.000000000000000000e+00 0.000000000000000000e+00 0.000000000000000000e+00 0.000000000000000000e+00 0.000000000000000000e+00 0.000000000000000000e+00 0.000000000000000000e+00 6.058611720800399780e-02 6.149467825889587402e-01 1.688575595617294312e-01 6.358167529106140137e-02 7.040360569953918457e-02 2.162422984838485718e-02 0.000000000000000000e+00 0.000000000000000000e+00 0.000000000000000000e+00 0.000000000000000000e+00 0.000000000000000000e+00 0.000000000000000000e+00 0.000000000000000000e+00 0.000000000000000000e+00 0.000000000000000000e+00 0.000000000000000000e+00 0.000000000000000000e+00 0.000000000000000000e+00 0.000000000000000000e+00 0.000000000000000000e+00 0.000000000000000000e+00 0.000000000000000000e+00 0.000000000000000000e+00 0.000000000000000000e+00 0.000000000000000000e+00 0.000000000000000000e+00 1.480510691180825233e-03 3.020297735929489136e-02 4.189023748040199280e-02 4.110797494649887085e-02 1.968911103904247284e-02 7.258889824151992798e-02 6.204926371574401855e-01 1.725476384162902832e-01 0.000000000000000000e+00 0.000000000000000000e+00 0.000000000000000000e+00 0.000000000000000000e+00 0.000000000000000000e+00 0.000000000000000000e+00 0.000000000000000000e+00 0.000000000000000000e+00 0.000000000000000000e+00 0.000000000000000000e+00 0.000000000000000000e+00 0.000000000000000000e+00 0.000000000000000000e+00 0.000000000000000000e+00 0.000000000000000000e+00
7.100772112607955933e-02 3.442638367414474487e-02 2.940489538013935089e-02 3.387830033898353577e-02 4.545497149229049683e-02 2.772328071296215057e-02 2.148106694221496582e-02 2.217395417392253876e-02 2.331527136266231537e-02 2.288396842777729034e-02 2.744612656533718109e-02 2.674078196287155151e-02 3.091990575194358826e-02 3.464125469326972961e-02 4.262581095099449158e-02 4.683763161301612854e-02 5.258470401167869568e-02 6.581495702266693115e-02 7.720634341239929199e-02 5.932673066854476929e-02 4.133813083171844482e-02 3.369301185011863708e-02 2.797552384436130524e-02 2.925697527825832367e-02 2.414985001087188721e-02 1.728948764503002167e-02 1.733152754604816437e-02 1.260432228446006775e-02 4.671151109505444765e-04 0.000000000000000000e+00 0.000000000000000000e+00 0.000000000000000000e+00 0.000000000000000000e+00 0.000000000000000000e+00 0.000000000000000000e+00 0.000000000000000000e+00 0.000000000000000000e+00 0.000000000000000000e+00 0.000000000000000000e+00 0.000000000000000000e+00 0.000000000000000000e+00 0.000000000000000000e+00 0.000000000000000000e+00 0.000000000000000000e+00 0.000000000000000000e+00 0.000000000000000000e+00 0.000000000000000000e+00 5.793784279376268387e-03 2.630496323108673096e-01 5.945472121238708496e-01 6.848841905593872070e-02 3.717768937349319458e-02 1.025940477848052979e-02 5.077540874481201172e-03 5.410749930888414383e-03 4.893809091299772263e-03 3.800759790465235710e-03 1.485425978899002075e-03 1.557050381961744279e-05 0.000000000000000000e+00 0.000000000000000000e+00 0.000000000000000000e+00 0.000000000000000000e+00 0.000000000000000000e+00 0.000000000000000000e+00 0.000000000000000000e+00 0.000000000000000000e+00 0.000000000000000000e+00 0.000000000000000000e+00 0.000000000000000000e+00 0.000000000000000000e+00 0.000000000000000000e+00 0.000000000000000000e+00 0.000000000000000000e+00 6.072496398701332510e-05 7.867774926126003265e-03 6.808046996593475342e-02 5.215744972229003906e-01 1.933311522006988525e-01 1.556988060474395752e-01 5.338658392429351807e-02 0.000000000000000000e+00 0.000000000000000000e+00 0.000000000000000000e+00 0.000000000000000000e+00 0.000000000000000000e+00 0.000000000000000000e+00 0.000000000000000000e+00 0.000000000000000000e+00 0.000000000000000000e+00 0.000000000000000000e+00 0.000000000000000000e+00 0.000000000000000000e+00 0.000000000000000000e+00 0.000000000000000000e+00 0.000000000000000000e+00
2.109615597873926163e-04 3.902789030689746141e-04 4.535673651844263077e-04 1.634952146559953690e-03 4.693894647061824799e-03 6.307750940322875977e-03 1.012615486979484558e-02 1.688747294247150421e-02 2.904940769076347351e-02 4.355301335453987122e-02 4.617948457598686218e-02 4.973419010639190674e-02 5.259271711111068726e-02 5.718113109469413757e-02 5.521918833255767822e-02 4.212902486324310303e-02 3.516729176044464111e-02 3.314206004142761230e-02 3.460824489593505859e-02 3.680224344134330750e-02 4.303615912795066833e-02 5.114763230085372925e-02 9.137800335884094238e-02 1.043943315744400024e-01 7.389983534812927246e-02 3.912282362580299377e-02 1.991477236151695251e-02 9.324501268565654755e-03 4.968144930899143219e-03 4.651702474802732468e-03 2.099067438393831253e-03 0.000000000000000000e+00 0.000000000000000000e+00 0.000000000000000000e+00 0.000000000000000000e+00 0.000000000000000000e+00 0.000000000000000000e+00 0.000000000000000000e+00 0.000000000000000000e+00 0.000000000000000000e+00 0.000000000000000000e+00 0.000000000000000000e+00 0.000000000000000000e+00 0.000000000000000000e+00 0.000000000000000000e+00 0.000000000000000000e+00 0.000000000000000000e+00 2.531538775656372309e-04 2.479958683252334595e-01 7.014577388763427734e-01 4.001940786838531494e-02 2.162355929613113403e-03 1.677144435234367847e-03 1.487278961576521397e-03 1.413442427292466164e-03 1.909202197566628456e-03 1.466182875446975231e-03 1.582211698405444622e-04 0.000000000000000000e+00 0.000000000000000000e+00 0.000000000000000000e+00 0.000000000000000000e+00 0.000000000000000000e+00 0.000000000000000000e+00 0.000000000000000000e+00 0.000000000000000000e+00 0.000000000000000000e+00 0.000000000000000000e+00 0.000000000000000000e+00 0.000000000000000000e+00 0.000000000000000000e+00 0.000000000000000000e+00 0.000000000000000000e+00 0.000000000000000000e+00 1.750980969518423080e-03 3.976625390350818634e-03 6.297202780842781067e-03 1.866060495376586914e-01 6.287287473678588867e-01 1.725876480340957642e-01 5.274038994684815407e-05 0.000000000000000000e+00 0.000000000000000000e+00 0.000000000000000000e+00 0.000000000000000000e+00 0.000000000000000000e+00 0.000000000000000000e+00 0.000000000000000000e+00 0.000000000000000000e+00 0.000000000000000000e+00 0.000000000000000000e+00 0.000000000000000000e+00 0.000000000000000000e+00 0.000000000000000000e+00 0.000000000000000000e+00 0.000000000000000000e+00
1.795386895537376404e-02 1.525371968746185303e-01 1.400620043277740479e-01 8.966765552759170532e-02 7.391369342803955078e-02 6.345734000205993652e-02 5.174851045012474060e-02 4.448164626955986023e-02 3.855902701616287231e-02 3.246031701564788818e-02 2.988343313336372375e-02 2.902529761195182800e-02 2.842261828482151031e-02 3.119047544896602631e-02 3.778025880455970764e-02 3.507192432880401611e-02 2.803323417901992798e-02 2.320188470184803009e-02 1.943452470004558563e-02 1.612103171646595001e-02 1.071428600698709488e-02 4.250992089509963989e-03 1.103670685552060604e-03 5.084325675852596760e-04 2.256944426335394382e-04 1.289682550122961402e-04 5.952380888629704714e-05 2.480158627804485150e-06 0.000000000000000000e+00 0.000000000000000000e+00 0.000000000000000000e+00 0.000000000000000000e+00 0.000000000000000000e+00 0.000000000000000000e+00 0.000000000000000000e+00 0.000000000000000000e+00 0.000000000000000000e+00 0.000000000000000000e+00 0.000000000000000000e+00 0.000000000000000000e+00 0.000000000000000000e+00 0.000000000000000000e+00 0.000000000000000000e+00 0.000000000000000000e+00 0.000000000000000000e+00 0.000000000000000000e+00 0.000000000000000000e+00 1.063988078385591507e-03 7.416517734527587891e-01 2.531051635742187500e-01 2.048611175268888474e-03 1.210317481309175491e-03 7.490079151466488838e-04 1.661706337472423911e-04 4.960317255608970299e-06 0.000000000000000000e+00 0.000000000000000000e+00 0.000000000000000000e+00 0.000000000000000000e+00 0.000000000000000000e+00 0.000000000000000000e+00 0.000000000000000000e+00 0.000000000000000000e+00 0.000000000000000000e+00 0.000000000000000000e+00 0.000000000000000000e+00 0.000000000000000000e+00 0.000000000000000000e+00 0.000000000000000000e+00 0.000000000000000000e+00 0.000000000000000000e+00 0.000000000000000000e+00 0.000000000000000000e+00 0.000000000000000000e+00 0.000000000000000000e+00 0.000000000000000000e+00 0.000000000000000000e+00 2.504960400983691216e-03 1.067782714962959290e-01 6.676735877990722656e-01 2.230431586503982544e-01 0.000000000000000000e+00 0.000000000000000000e+00 0.000000000000000000e+00 0.000000000000000000e+00 0.000000000000000000e+00 0.000000000000000000e+00 0.000000000000000000e+00 0.000000000000000000e+00 0.000000000000000000e+00 0.000000000000000000e+00 0.000000000000000000e+00 0.000000000000000000e+00 0.000000000000000000e+00 0.000000000000000000e+00 0.000000000000000000e+00
3.515711287036538124e-03 3.608251689001917839e-03 6.421312224119901657e-03 1.573184691369533539e-02 3.330712765455245972e-02 6.358662992715835571e-02 7.535480707883834839e-02 6.436871737241744995e-02 5.392395332455635071e-02 5.296333506703376770e-02 6.220917403697967529e-02 6.815549731254577637e-02 5.192655697464942932e-02 2.788737975060939789e-02 7.995315827429294586e-03 2.613238990306854248e-03 2.854007529094815254e-03 6.070805713534355164e-03 1.004839967936277390e-02 1.692667976021766663e-02 3.861959278583526611e-02 6.894250214099884033e-02 8.084498345851898193e-02 7.461038976907730103e-02 4.986774176359176636e-02 4.215250164270401001e-02 1.410624943673610687e-02 1.280003925785422325e-03 1.023675577016547322e-04 4.913642897008685395e-06 0.000000000000000000e+00 0.000000000000000000e+00 0.000000000000000000e+00 0.000000000000000000e+00 0.000000000000000000e+00 0.000000000000000000e+00 0.000000000000000000e+00 0.000000000000000000e+00 0.000000000000000000e+00 0.000000000000000000e+00 0.000000000000000000e+00 0.000000000000000000e+00 0.000000000000000000e+00 0.000000000000000000e+00 0.000000000000000000e+00 0.000000000000000000e+00 0.000000000000000000e+00 7.042887591524049640e-05 8.420984745025634766e-01 1.295940577983856201e-01 1.884873397648334503e-02 8.006780408322811127e-03 1.295563764870166779e-03 8.189404616132378578e-05 4.094702489965129644e-06 0.000000000000000000e+00 0.000000000000000000e+00 0.000000000000000000e+00 0.000000000000000000e+00 0.000000000000000000e+00 0.000000000000000000e+00 0.000000000000000000e+00 0.000000000000000000e+00 0.000000000000000000e+00 0.000000000000000000e+00 0.000000000000000000e+00 0.000000000000000000e+00 0.000000000000000000e+00 0.000000000000000000e+00 0.000000000000000000e+00 0.000000000000000000e+00 0.000000000000000000e+00 0.000000000000000000e+00 0.000000000000000000e+00 0.000000000000000000e+00 0.000000000000000000e+00 0.000000000000000000e+00 5.814477117382921278e-05 2.122431546449661255e-01 7.863588929176330566e-01 1.339786569587886333e-03 0.000000000000000000e+00 0.000000000000000000e+00 0.000000000000000000e+00 0.000000000000000000e+00 0.000000000000000000e+00 0.000000000000000000e+00 0.000000000000000000e+00 0.000000000000000000e+00 0.000000000000000000e+00 0.000000000000000000e+00 0.000000000000000000e+00 0.000000000000000000e+00 0.000000000000000000e+00 0.000000000000000000e+00 0.000000000000000000e+00
9.957167319953441620e-03 1.148689258843660355e-02 1.638151705265045166e-02 2.090044878423213959e-02 2.522296458482742310e-02 3.246775269508361816e-02 4.158922657370567322e-02 5.016909539699554443e-02 5.857738107442855835e-02 6.424585729837417603e-02 6.918470561504364014e-02 7.411090284585952759e-02 7.433380931615829468e-02 7.864532619714736938e-02 7.355275005102157593e-02 5.462689325213432312e-02 4.397155717015266418e-02 4.741745814681053162e-02 5.474325269460678101e-02 4.568481072783470154e-02 2.498846687376499176e-02 9.756964631378650665e-03 4.820833913981914520e-03 3.141991095617413521e-03 2.483911346644163132e-03 2.091546775773167610e-03 1.351635670289397240e-03 9.196561877615749836e-04 8.535525994375348091e-04 7.355357520282268524e-04 7.263119914568960667e-04 8.598199929110705853e-04 0.000000000000000000e+00 0.000000000000000000e+00 0.000000000000000000e+00 0.000000000000000000e+00 0.000000000000000000e+00 0.000000000000000000e+00 0.000000000000000000e+00 0.000000000000000000e+00 0.000000000000000000e+00 0.000000000000000000e+00 0.000000000000000000e+00 0.000000000000000000e+00 1.856577364378608763e-05 8.417626842856407166e-03 7.016786187887191772e-02 1.900439858436584473e-01 1.407355368137359619e-01 1.410627514123916626e-01 1.231305748224258423e-01 2.683612704277038574e-01 5.224006623029708862e-02 5.770999472588300705e-03 5.073068314231932163e-05 0.000000000000000000e+00 0.000000000000000000e+00 0.000000000000000000e+00 0.000000000000000000e+00 0.000000000000000000e+00 0.000000000000000000e+00 0.000000000000000000e+00 0.000000000000000000e+00 0.000000000000000000e+00 0.000000000000000000e+00 0.000000000000000000e+00 0.000000000000000000e+00 0.000000000000000000e+00 0.000000000000000000e+00 5.321400294633349404e-06 2.886563888750970364e-04 8.833524188958108425e-04 6.047948729246854782e-03 9.448441676795482635e-03 1.666650734841823578e-02 9.887800365686416626e-02 2.155329138040542603e-01 8.486403524875640869e-02 1.402457356452941895e-01 2.451169341802597046e-01 1.367487460374832153e-01 3.995934128761291504e-02 5.314068403095006943e-03 0.000000000000000000e+00 0.000000000000000000e+00 0.000000000000000000e+00 0.000000000000000000e+00 0.000000000000000000e+00 0.000000000000000000e+00 0.000000000000000000e+00 0.000000000000000000e+00 0.000000000000000000e+00 0.000000000000000000e+00 0.000000000000000000e+00 0.000000000000000000e+00 0.000000000000000000e+00
4.632380325347185135e-03 3.503084555268287659e-02 7.061871141195297241e-02 8.231304585933685303e-02 8.750639855861663818e-02 1.608122587203979492e-01 1.943150460720062256e-01 1.401352286338806152e-01 4.323765635490417480e-02 3.042058832943439484e-02 2.284902147948741913e-02 1.640730164945125580e-02 1.264087576419115067e-02 1.057396363466978073e-02 8.770945481956005096e-03 7.488606497645378113e-03 6.681910250335931778e-03 6.776723079383373260e-03 7.239724043756723404e-03 7.746180519461631775e-03 7.040617521852254868e-03 5.668207071721553802e-03 4.869411699473857880e-03 4.265772178769111633e-03 4.197033122181892395e-03 4.423792939633131027e-03 2.966050757095217705e-03 2.216242020949721336e-03 2.610503928735852242e-03 2.317375270649790764e-03 1.820399891585111618e-03 1.407175441272556782e-03 0.000000000000000000e+00 0.000000000000000000e+00 0.000000000000000000e+00 0.000000000000000000e+00 0.000000000000000000e+00 0.000000000000000000e+00 0.000000000000000000e+00 0.000000000000000000e+00 0.000000000000000000e+00 0.000000000000000000e+00 0.000000000000000000e+00 0.000000000000000000e+00 0.000000000000000000e+00 0.000000000000000000e+00 0.000000000000000000e+00 1.422187429852783680e-03 9.206261634826660156e-01 4.093687236309051514e-02 2.291301824152469635e-02 1.242043636739253998e-02 1.681341556832194328e-03 0.000000000000000000e+00 0.000000000000000000e+00 0.000000000000000000e+00 0.000000000000000000e+00 0.000000000000000000e+00 0.000000000000000000e+00 0.000000000000000000e+00 0.000000000000000000e+00 0.000000000000000000e+00 0.000000000000000000e+00 0.000000000000000000e+00 0.000000000000000000e+00 0.000000000000000000e+00 0.000000000000000000e+00 0.000000000000000000e+00 0.000000000000000000e+00 0.000000000000000000e+00 0.000000000000000000e+00 0.000000000000000000e+00 0.000000000000000000e+00 0.000000000000000000e+00 0.000000000000000000e+00 0.000000000000000000e+00 8.278710767626762390e-03 1.968860439956188202e-02 4.048730432987213135e-02 7.945105433464050293e-01 1.370348632335662842e-01 0.000000000000000000e+00 0.000000000000000000e+00 0.000000000000000000e+00 0.000000000000000000e+00 0.000000000000000000e+00 0.000000000000000000e+00 0.000000000000000000e+00 0.000000000000000000e+00 0.000000000000000000e+00 0.000000000000000000e+00 0.000000000000000000e+00 0.000000000000000000e+00 0.000000000000000000e+00 0.000000000000000000e+00 0.000000000000000000e+00
7.857145392335951328e-04 5.673559848219156265e-03 1.947443559765815735e-02 3.097031824290752411e-02 3.704827651381492615e-02 4.090674221515655518e-02 4.509779065847396851e-02 4.699923843145370483e-02 4.641871526837348938e-02 4.506530240178108215e-02 4.291933402419090271e-02 4.037324339151382446e-02 4.030655696988105774e-02 3.906514495611190796e-02 4.217636957764625549e-02 4.873311147093772888e-02 5.788382142782211304e-02 6.677205860614776611e-02 7.508660852909088135e-02 6.971997767686843872e-02 4.270559549331665039e-02 2.641847543418407440e-02 2.243005484342575073e-02 1.963345892727375031e-02 1.537230424582958221e-02 1.113337837159633636e-02 7.156927604228258133e-03 4.704882390797138214e-03 4.024329129606485367e-03 2.724779304116964340e-03 2.198974834755063057e-03 2.051920455414801836e-05 0.000000000000000000e+00 0.000000000000000000e+00 0.000000000000000000e+00 0.000000000000000000e+00 0.000000000000000000e+00 0.000000000000000000e+00 0.000000000000000000e+00 0.000000000000000000e+00 0.000000000000000000e+00 0.000000000000000000e+00 0.000000000000000000e+00 0.000000000000000000e+00 0.000000000000000000e+00 0.000000000000000000e+00 0.000000000000000000e+00 5.035754875279963017e-04 9.716039896011352539e-01 2.789243869483470917e-02 0.000000000000000000e+00 0.000000000000000000e+00 0.000000000000000000e+00 0.000000000000000000e+00 0.000000000000000000e+00 0.000000000000000000e+00 0.000000000000000000e+00 0.000000000000000000e+00 0.000000000000000000e+00 0.000000000000000000e+00 0.000000000000000000e+00 0.000000000000000000e+00 0.000000000000000000e+00 0.000000000000000000e+00 0.000000000000000000e+00 0.000000000000000000e+00 0.000000000000000000e+00 0.000000000000000000e+00 0.000000000000000000e+00 0.000000000000000000e+00 0.000000000000000000e+00 0.000000000000000000e+00 0.000000000000000000e+00 0.000000000000000000e+00 0.000000000000000000e+00 0.000000000000000000e+00 0.000000000000000000e+00 0.000000000000000000e+00 2.318507581949234009e-01 7.663974165916442871e-01 1.751827076077461243e-03 0.000000000000000000e+00 0.000000000000000000e+00 0.000000000000000000e+00 0.000000000000000000e+00 0.000000000000000000e+00 0.000000000000000000e+00 0.000000000000000000e+00 0.000000000000000000e+00 0.000000000000000000e+00 0.000000000000000000e+00 0.000000000000000000e+00 0.000000000000000000e+00 0.000000000000000000e+00 0.000000000000000000e+00 0.000000000000000000e+00
8.995433151721954346e-02 6.543872505426406860e-02 5.916063115000724792e-02 6.060522794723510742e-02 6.990242749452590942e-02 6.164740398526191711e-02 5.108516663312911987e-02 4.296829178929328918e-02 3.809326887130737305e-02 3.662607446312904358e-02 3.489705547690391541e-02 3.032493405044078827e-02 2.927285060286521912e-02 3.283396735787391663e-02 3.853520750999450684e-02 3.931388631463050842e-02 3.345078974962234497e-02 3.413284569978713989e-02 3.324173390865325928e-02 2.862307801842689514e-02 2.516526542603969574e-02 2.143794856965541840e-02 1.848886534571647644e-02 1.259727124124765396e-02 5.936679430305957794e-03 2.190549159422516823e-03 1.048854202963411808e-03 5.527022876776754856e-04 3.536626754794269800e-04 2.977802068926393986e-04 3.477627469692379236e-04 1.474763383157551289e-03 0.000000000000000000e+00 0.000000000000000000e+00 0.000000000000000000e+00 0.000000000000000000e+00 0.000000000000000000e+00 0.000000000000000000e+00 0.000000000000000000e+00 0.000000000000000000e+00 0.000000000000000000e+00 0.000000000000000000e+00 0.000000000000000000e+00 5.550400237552821636e-04 2.987375482916831970e-03 3.185190493240952492e-03 1.371258310973644257e-02 9.546109288930892944e-02 5.424153804779052734e-01 2.228826284408569336e-01 7.104890793561935425e-02 3.562197089195251465e-02 7.526102475821971893e-03 4.547854885458946228e-03 5.588249041466042399e-05 0.000000000000000000e+00 0.000000000000000000e+00 0.000000000000000000e+00 0.000000000000000000e+00 0.000000000000000000e+00 0.000000000000000000e+00 0.000000000000000000e+00 0.000000000000000000e+00 0.000000000000000000e+00 0.000000000000000000e+00 0.000000000000000000e+00 0.000000000000000000e+00 0.000000000000000000e+00 0.000000000000000000e+00 0.000000000000000000e+00 0.000000000000000000e+00 0.000000000000000000e+00 0.000000000000000000e+00 0.000000000000000000e+00 1.400401815772056580e-04 3.871098160743713379e-02 3.808692097663879395e-02 9.639473259449005127e-02 1.863451749086380005e-01 4.476203024387359619e-01 1.515746861696243286e-01 2.935901284217834473e-02 5.463570822030305862e-03 3.752587130293250084e-03 1.795698073692619801e-03 7.563060498796403408e-04 0.000000000000000000e+00 0.000000000000000000e+00 0.000000000000000000e+00 0.000000000000000000e+00 0.000000000000000000e+00 0.000000000000000000e+00 0.000000000000000000e+00 0.000000000000000000e+00 0.000000000000000000e+00 0.000000000000000000e+00
2.316960162715986371e-04 2.971965877804905176e-04 1.891695312224328518e-03 7.954701036214828491e-02 3.936573863029479980e-01 1.298084259033203125e-01 6.429124623537063599e-02 3.519237786531448364e-02 3.485802933573722839e-02 3.403194248676300049e-02 3.538789972662925720e-02 2.671542949974536896e-02 2.146658673882484436e-02 1.607403345406055450e-02 1.330443471670150757e-02 1.330932322889566422e-02 1.473469380289316177e-02 1.565561257302761078e-02 1.383625995367765427e-02 1.043902989476919174e-02 5.874520633369684219e-03 4.727771971374750137e-03 3.396252868697047234e-03 2.168361796066164970e-03 1.697148894891142845e-03 8.847463759593665600e-04 7.038866169750690460e-04 7.332152454182505608e-04 9.258064674213528633e-04 1.001083175651729107e-03 1.636536442674696445e-03 2.152035571634769440e-02 0.000000000000000000e+00 0.000000000000000000e+00 0.000000000000000000e+00 0.000000000000000000e+00 0.000000000000000000e+00 0.000000000000000000e+00 0.000000000000000000e+00 0.000000000000000000e+00 0.000000000000000000e+00 0.000000000000000000e+00 0.000000000000000000e+00 0.000000000000000000e+00 0.000000000000000000e+00 0.000000000000000000e+00 0.000000000000000000e+00 4.474568180739879608e-03 9.143135547637939453e-01 6.947067379951477051e-02 1.104710996150970459e-02 6.941104074940085411e-04 0.000000000000000000e+00 0.000000000000000000e+00 0.000000000000000000e+00 0.000000000000000000e+00 0.000000000000000000e+00 0.000000000000000000e+00 0.000000000000000000e+00 0.000000000000000000e+00 0.000000000000000000e+00 0.000000000000000000e+00 0.000000000000000000e+00 0.000000000000000000e+00 0.000000000000000000e+00 0.000000000000000000e+00 0.000000000000000000e+00 0.000000000000000000e+00 0.000000000000000000e+00 0.000000000000000000e+00 0.000000000000000000e+00 0.000000000000000000e+00 0.000000000000000000e+00 0.000000000000000000e+00 0.000000000000000000e+00 0.000000000000000000e+00 1.001083175651729107e-03 9.719501249492168427e-03 9.560344368219375610e-02 8.588707447052001953e-01 3.480523824691772461e-02 0.000000000000000000e+00 0.000000000000000000e+00 0.000000000000000000e+00 0.000000000000000000e+00 0.000000000000000000e+00 0.000000000000000000e+00 0.000000000000000000e+00 0.000000000000000000e+00 0.000000000000000000e+00 0.000000000000000000e+00 0.000000000000000000e+00 0.000000000000000000e+00 0.000000000000000000e+00 0.000000000000000000e+00 0.000000000000000000e+00
3.854323178529739380e-02 5.986215546727180481e-02 4.854845628142356873e-02 4.437343403697013855e-02 4.277673363685607910e-02 4.296888038516044617e-02 3.277673199772834778e-02 2.492481283843517303e-02 1.878759451210498810e-02 2.034461125731468201e-02 2.703425288200378418e-02 4.075396806001663208e-02 3.875939920544624329e-02 4.526524618268013000e-02 4.098162055015563965e-02 4.077694192528724670e-02 4.159461334347724915e-02 4.605263099074363708e-02 5.299707502126693726e-02 5.423558875918388367e-02 5.160923302173614502e-02 4.430137947201728821e-02 3.528404235839843750e-02 2.198830433189868927e-02 1.593985036015510559e-02 1.059419382363557816e-02 9.479950182139873505e-03 5.505430046468973160e-03 1.899540540762245655e-03 9.920635493472218513e-04 4.803675983566790819e-05 0.000000000000000000e+00 0.000000000000000000e+00 0.000000000000000000e+00 0.000000000000000000e+00 0.000000000000000000e+00 0.000000000000000000e+00 0.000000000000000000e+00 0.000000000000000000e+00 0.000000000000000000e+00 0.000000000000000000e+00 0.000000000000000000e+00 5.221386800258187577e-06 4.803675983566790819e-05 9.130116552114486694e-03 4.476190358400344849e-02 8.228487521409988403e-02 1.062385141849517822e-01 1.860254853963851929e-01 5.328602790832519531e-01 3.606516122817993164e-02 2.118838718160986900e-03 4.615705984178930521e-04 0.000000000000000000e+00 0.000000000000000000e+00 0.000000000000000000e+00 0.000000000000000000e+00 0.000000000000000000e+00 0.000000000000000000e+00 0.000000000000000000e+00 0.000000000000000000e+00 0.000000000000000000e+00 0.000000000000000000e+00 0.000000000000000000e+00 0.000000000000000000e+00 0.000000000000000000e+00 0.000000000000000000e+00 0.000000000000000000e+00 0.000000000000000000e+00 0.000000000000000000e+00 0.000000000000000000e+00 0.000000000000000000e+00 0.000000000000000000e+00 0.000000000000000000e+00 0.000000000000000000e+00 2.088554765578010119e-06 1.245822873897850513e-03 1.077725589275360107e-01 5.677297115325927734e-01 2.972347438335418701e-01 1.836466230452060699e-02 3.717627376317977905e-03 1.752297393977642059e-03 9.314953931607306004e-04 5.106516182422637939e-04 4.375522257760167122e-04 1.952798629645258188e-04 1.054720123647712171e-04 0.000000000000000000e+00 0.000000000000000000e+00 0.000000000000000000e+00 0.000000000000000000e+00 0.000000000000000000e+00 0.000000000000000000e+00 0.000000000000000000e+00 0.000000000000000000e+00
4.182612974545918405e-05 2.174958644900470972e-04 1.171131618320941925e-03 1.437145750969648361e-02 5.150609090924263000e-02 9.288188815116882324e-02 1.034011617302894592e-01 9.641341120004653931e-02 9.556433558464050293e-02 9.927850216627120972e-02 1.041024476289749146e-01 1.027277633547782898e-01 9.622100740671157837e-02 7.003645598888397217e-02 3.738977015018463135e-02 1.710688695311546326e-02 8.236958645284175873e-03 4.012519959360361099e-03 2.018807921558618546e-03 1.367714372463524342e-03 7.249862537719309330e-04 2.732640423346310854e-04 1.017769100144505501e-04 1.129305455833673477e-04 1.171131589217111468e-04 1.185073633678257465e-04 1.756697456585243344e-04 2.007654111366719007e-04 1.045653189066797495e-04 2.788408664855523966e-06 0.000000000000000000e+00 0.000000000000000000e+00 0.000000000000000000e+00 0.000000000000000000e+00 0.000000000000000000e+00 0.000000000000000000e+00 0.000000000000000000e+00 0.000000000000000000e+00 0.000000000000000000e+00 0.000000000000000000e+00 0.000000000000000000e+00 0.000000000000000000e+00 0.000000000000000000e+00 0.000000000000000000e+00 0.000000000000000000e+00 2.188900718465447426e-03 7.822462171316146851e-02 3.996291458606719971e-01 3.297488391399383545e-01 1.846024096012115479e-01 5.105576012283563614e-03 5.005193524993956089e-04 0.000000000000000000e+00 0.000000000000000000e+00 0.000000000000000000e+00 0.000000000000000000e+00 0.000000000000000000e+00 0.000000000000000000e+00 0.000000000000000000e+00 0.000000000000000000e+00 0.000000000000000000e+00 0.000000000000000000e+00 0.000000000000000000e+00 0.000000000000000000e+00 0.000000000000000000e+00 0.000000000000000000e+00 0.000000000000000000e+00 0.000000000000000000e+00 0.000000000000000000e+00 0.000000000000000000e+00 0.000000000000000000e+00 0.000000000000000000e+00 0.000000000000000000e+00 0.000000000000000000e+00 0.000000000000000000e+00 0.000000000000000000e+00 0.000000000000000000e+00 1.014980720356106758e-03 1.640825122594833374e-01 2.854968011379241943e-01 2.907348275184631348e-01 1.489595770835876465e-01 6.698454171419143677e-02 3.042711503803730011e-02 8.752814494073390961e-03 3.266620682552456856e-03 2.802350500132888556e-04 0.000000000000000000e+00 0.000000000000000000e+00 0.000000000000000000e+00 0.000000000000000000e+00 0.000000000000000000e+00 0.000000000000000000e+00 0.000000000000000000e+00 0.000000000000000000e+00 0.000000000000000000e+00
3.236716613173484802e-02 2.528548799455165863e-02 1.159948203712701797e-02 8.831973187625408173e-03 1.031328178942203522e-02 1.527339313179254532e-02 2.534610405564308167e-02 4.679287970066070557e-02 4.441843181848526001e-02 2.782473899424076080e-02 2.505344152450561523e-02 2.110107429325580597e-02 2.115979604423046112e-02 3.253670409321784973e-02 4.168406873941421509e-02 4.992787539958953857e-02 4.792753979563713074e-02 5.921636521816253662e-02 9.347116202116012573e-02 6.736451387405395508e-02 1.259586066007614136e-01 1.520756781101226807e-01 9.196617640554904938e-03 2.571453806012868881e-03 1.586440135724842548e-03 7.984293042682111263e-04 1.591175823705270886e-04 4.262078073224984109e-05 3.883226600009948015e-05 5.682770643034018576e-05 1.988969779631588608e-05 0.000000000000000000e+00 0.000000000000000000e+00 0.000000000000000000e+00 0.000000000000000000e+00 0.000000000000000000e+00 0.000000000000000000e+00 0.000000000000000000e+00 0.000000000000000000e+00 0.000000000000000000e+00 0.000000000000000000e+00 0.000000000000000000e+00 0.000000000000000000e+00 0.000000000000000000e+00 0.000000000000000000e+00 0.000000000000000000e+00 1.231267015100456774e-05 1.040231157094240189e-02 2.900789380073547363e-01 5.893071293830871582e-01 2.557152137160301208e-02 3.161136060953140259e-02 3.939770162105560303e-02 1.360265910625457764e-02 1.610118306416552514e-05 0.000000000000000000e+00 0.000000000000000000e+00 0.000000000000000000e+00 0.000000000000000000e+00 0.000000000000000000e+00 0.000000000000000000e+00 0.000000000000000000e+00 0.000000000000000000e+00 0.000000000000000000e+00 0.000000000000000000e+00 0.000000000000000000e+00 0.000000000000000000e+00 0.000000000000000000e+00 0.000000000000000000e+00 0.000000000000000000e+00 0.000000000000000000e+00 0.000000000000000000e+00 0.000000000000000000e+00 0.000000000000000000e+00 2.485265024006366730e-03 1.709282770752906799e-02 3.996692597866058350e-02 4.124649614095687866e-02 6.339168548583984375e-01 2.347571551799774170e-01 3.050795383751392365e-02 2.651959584909491241e-05 0.000000000000000000e+00 0.000000000000000000e+00 0.000000000000000000e+00 0.000000000000000000e+00 0.000000000000000000e+00 0.000000000000000000e+00 0.000000000000000000e+00 0.000000000000000000e+00 0.000000000000000000e+00 0.000000000000000000e+00 0.000000000000000000e+00 0.000000000000000000e+00 0.000000000000000000e+00 0.000000000000000000e+00
6.043390557169914246e-02 1.163487434387207031e-01 1.674702614545822144e-01 1.499170660972595215e-01 1.305505782365798950e-01 1.120379641652107239e-01 8.463046699762344360e-02 5.001508072018623352e-02 2.803988382220268250e-02 1.871053501963615417e-02 8.889224380254745483e-03 7.785610388964414597e-03 6.793207023292779922e-03 6.297476124018430710e-03 6.108985282480716705e-03 6.001545581966638565e-03 5.353137385100126266e-03 5.069458857178688049e-03 6.314440164715051651e-03 3.585094120353460312e-03 2.800972666591405869e-03 2.635100856423377991e-03 3.880082163959741592e-03 4.507756326347589493e-03 3.373041981831192970e-03 8.095678058452904224e-04 3.279739175923168659e-04 3.798088582698255777e-04 2.384407998761162162e-04 2.148794592358171940e-04 3.543626226019114256e-04 1.253463560715317726e-04 0.000000000000000000e+00 0.000000000000000000e+00 0.000000000000000000e+00 0.000000000000000000e+00 0.000000000000000000e+00 0.000000000000000000e+00 0.000000000000000000e+00 0.000000000000000000e+00 0.000000000000000000e+00 0.000000000000000000e+00 0.000000000000000000e+00 0.000000000000000000e+00 6.597176252398639917e-06 3.590748819988220930e-04 2.846210496500134468e-03 1.430277228355407715e-01 3.705652952194213867e-01 2.185776531696319580e-01 1.584274172782897949e-01 8.284074068069458008e-02 2.334552258253097534e-02 3.769815066334558651e-06 0.000000000000000000e+00 0.000000000000000000e+00 0.000000000000000000e+00 0.000000000000000000e+00 0.000000000000000000e+00 0.000000000000000000e+00 0.000000000000000000e+00 0.000000000000000000e+00 0.000000000000000000e+00 0.000000000000000000e+00 0.000000000000000000e+00 0.000000000000000000e+00 0.000000000000000000e+00 0.000000000000000000e+00 0.000000000000000000e+00 0.000000000000000000e+00 0.000000000000000000e+00 0.000000000000000000e+00 0.000000000000000000e+00 0.000000000000000000e+00 4.825363284908235073e-04 5.664146970957517624e-03 6.566452234983444214e-02 8.524306118488311768e-02 2.537773549556732178e-01 4.393314123153686523e-01 1.331423223018646240e-01 1.590861938893795013e-02 7.860064506530761719e-04 0.000000000000000000e+00 0.000000000000000000e+00 0.000000000000000000e+00 0.000000000000000000e+00 0.000000000000000000e+00 0.000000000000000000e+00 0.000000000000000000e+00 0.000000000000000000e+00 0.000000000000000000e+00 0.000000000000000000e+00 0.000000000000000000e+00 0.000000000000000000e+00 0.000000000000000000e+00
8.554674685001373291e-03 1.128812599927186966e-02 1.648418977856636047e-02 1.473856437951326370e-02 9.935777634382247925e-03 8.597341366112232208e-03 6.007657852023839951e-03 4.630265291780233383e-03 5.068062804639339447e-03 1.027525588870048523e-02 1.997914910316467285e-02 3.755876049399375916e-02 5.121210590004920959e-02 7.218372076749801636e-02 7.629734277725219727e-02 8.857793360948562622e-02 8.706976473331451416e-02 7.552656531333923340e-02 7.088609784841537476e-02 5.612155795097351074e-02 6.368562579154968262e-02 6.130556389689445496e-02 4.390589520335197449e-02 4.156015440821647644e-02 2.749683707952499390e-02 1.975932344794273376e-02 1.077334303408861160e-02 3.728699230123311281e-04 5.008700463804416358e-05 8.069572504609823227e-05 1.669566700002178550e-05 0.000000000000000000e+00 0.000000000000000000e+00 0.000000000000000000e+00 0.000000000000000000e+00 0.000000000000000000e+00 0.000000000000000000e+00 0.000000000000000000e+00 0.000000000000000000e+00 0.000000000000000000e+00 0.000000000000000000e+00 0.000000000000000000e+00 0.000000000000000000e+00 0.000000000000000000e+00 2.179712173528969288e-04 3.051597159355878830e-04 3.135075385216623545e-04 3.284408943727612495e-03 1.181877031922340393e-01 8.776894211769104004e-01 1.855074174272886012e-06 0.000000000000000000e+00 0.000000000000000000e+00 0.000000000000000000e+00 0.000000000000000000e+00 0.000000000000000000e+00 0.000000000000000000e+00 0.000000000000000000e+00 0.000000000000000000e+00 0.000000000000000000e+00 0.000000000000000000e+00 0.000000000000000000e+00 0.000000000000000000e+00 0.000000000000000000e+00 0.000000000000000000e+00 0.000000000000000000e+00 0.000000000000000000e+00 0.000000000000000000e+00 0.000000000000000000e+00 0.000000000000000000e+00 0.000000000000000000e+00 0.000000000000000000e+00 0.000000000000000000e+00 0.000000000000000000e+00 0.000000000000000000e+00 0.000000000000000000e+00 0.000000000000000000e+00 1.855074151535518467e-05 8.679233789443969727e-01 1.204833611845970154e-01 9.697400033473968506e-03 1.275363494642078876e-03 3.552467096596956253e-04 2.235364372609183192e-04 2.318842780368868262e-05 0.000000000000000000e+00 0.000000000000000000e+00 0.000000000000000000e+00 0.000000000000000000e+00 0.000000000000000000e+00 0.000000000000000000e+00 0.000000000000000000e+00 0.000000000000000000e+00 0.000000000000000000e+00 0.000000000000000000e+00 0.000000000000000000e+00
2.116834558546543121e-02 1.656595990061759949e-02 1.836957037448883057e-02 2.700356952846050262e-02 3.547058999538421631e-02 4.254901036620140076e-02 4.439576715230941772e-02 4.756738245487213135e-02 5.112731084227561951e-02 5.202692374587059021e-02 5.145334452390670776e-02 4.762612655758857727e-02 4.545138776302337646e-02 4.606518521904945374e-02 4.431252181529998779e-02 4.122854024171829224e-02 3.972537070512771606e-02 3.902540355920791626e-02 3.204997256398200989e-02 3.127468004822731018e-02 3.392110392451286316e-02 3.410173580050468445e-02 3.721655160188674927e-02 4.299217462539672852e-02 3.657752275466918945e-02 2.066497318446636200e-02 9.500215761363506317e-03 3.717279527336359024e-03 2.182175638154149055e-03 1.965347444638609886e-03 1.965225674211978912e-03 7.387268706224858761e-04 0.000000000000000000e+00 0.000000000000000000e+00 0.000000000000000000e+00 0.000000000000000000e+00 0.000000000000000000e+00 0.000000000000000000e+00 0.000000000000000000e+00 0.000000000000000000e+00 0.000000000000000000e+00 0.000000000000000000e+00 0.000000000000000000e+00 0.000000000000000000e+00 2.657027835084591061e-05 1.014180248603224754e-03 1.013729255646467209e-02 9.044133126735687256e-02 3.442594110965728760e-01 2.171924114227294922e-01 1.969723105430603027e-01 1.074287593364715576e-01 2.897172048687934875e-02 3.556029638275504112e-03 0.000000000000000000e+00 0.000000000000000000e+00 0.000000000000000000e+00 0.000000000000000000e+00 0.000000000000000000e+00 0.000000000000000000e+00 0.000000000000000000e+00 0.000000000000000000e+00 0.000000000000000000e+00 0.000000000000000000e+00 0.000000000000000000e+00 0.000000000000000000e+00 0.000000000000000000e+00 0.000000000000000000e+00 3.656460307865927462e-07 5.550506757572293282e-04 2.962829777970910072e-03 5.937604233622550964e-03 6.672430783510208130e-03 1.313632167875766754e-02 2.377186715602874756e-02 4.438796639442443848e-02 9.069996327161788940e-02 1.462261229753494263e-01 2.345776557922363281e-01 2.998474240303039551e-01 1.260441690683364868e-01 5.002159625291824341e-03 1.652720093261450529e-04 1.279761181649519131e-05 0.000000000000000000e+00 0.000000000000000000e+00 0.000000000000000000e+00 0.000000000000000000e+00 0.000000000000000000e+00 0.000000000000000000e+00 0.000000000000000000e+00 0.000000000000000000e+00 0.000000000000000000e+00 0.000000000000000000e+00 0.000000000000000000e+00 0.000000000000000000e+00
2.082597836852073669e-02 3.624937310814857483e-02 5.722050368785858154e-02 6.397986412048339844e-02 1.471059210598468781e-02 1.131966710090637207e-02 1.255514658987522125e-02 1.585543900728225708e-02 1.925454102456569672e-02 1.838295906782150269e-02 2.057724818587303162e-02 2.327376976609230042e-02 2.807190269231796265e-02 3.677954897284507751e-02 4.712268710136413574e-02 5.085979402065277100e-02 5.624125152826309204e-02 6.588385254144668579e-02 6.678269803524017334e-02 6.153548508882522583e-02 5.177498981356620789e-02 4.694278538227081299e-02 4.680036008358001709e-02 3.666233643889427185e-02 3.907196596264839172e-02 2.980620786547660828e-02 1.606192067265510559e-02 4.651619121432304382e-03 6.746415165252983570e-04 6.473832763731479645e-05 6.133104761829599738e-06 0.000000000000000000e+00 0.000000000000000000e+00 0.000000000000000000e+00 0.000000000000000000e+00 0.000000000000000000e+00 0.000000000000000000e+00 0.000000000000000000e+00 0.000000000000000000e+00 0.000000000000000000e+00 0.000000000000000000e+00 0.000000000000000000e+00 0.000000000000000000e+00 0.000000000000000000e+00 0.000000000000000000e+00 0.000000000000000000e+00 0.000000000000000000e+00 4.838338281842879951e-05 5.129858255386352539e-01 4.661479890346527100e-01 1.958709210157394409e-02 1.230709720402956009e-03 0.000000000000000000e+00 0.000000000000000000e+00 0.000000000000000000e+00 0.000000000000000000e+00 0.000000000000000000e+00 0.000000000000000000e+00 0.000000000000000000e+00 0.000000000000000000e+00 0.000000000000000000e+00 0.000000000000000000e+00 0.000000000000000000e+00 0.000000000000000000e+00 0.000000000000000000e+00 0.000000000000000000e+00 0.000000000000000000e+00 0.000000000000000000e+00 0.000000000000000000e+00 0.000000000000000000e+00 0.000000000000000000e+00 0.000000000000000000e+00 0.000000000000000000e+00 0.000000000000000000e+00 0.000000000000000000e+00 6.187621038407087326e-04 9.753680787980556488e-03 3.857586532831192017e-02 7.153115272521972656e-01 2.324248999357223511e-01 3.315283916890621185e-03 0.000000000000000000e+00 0.000000000000000000e+00 0.000000000000000000e+00 0.000000000000000000e+00 0.000000000000000000e+00 0.000000000000000000e+00 0.000000000000000000e+00 0.000000000000000000e+00 0.000000000000000000e+00 0.000000000000000000e+00 0.000000000000000000e+00 0.000000000000000000e+00 0.000000000000000000e+00 0.000000000000000000e+00 0.000000000000000000e+00
5.279782414436340332e-02 9.624917060136795044e-02 8.552103489637374878e-02 8.234132826328277588e-02 8.668294548988342285e-02 7.826459407806396484e-02 5.760100111365318298e-02 3.962144628167152405e-02 3.239912167191505432e-02 3.230279684066772461e-02 3.304529562592506409e-02 3.620894998311996460e-02 3.830501064658164978e-02 3.861706331372261047e-02 3.830601647496223450e-02 3.978098183870315552e-02 4.154191166162490845e-02 3.258574753999710083e-02 1.401219330728054047e-02 6.231989245861768723e-03 4.429920110851526260e-03 6.010242272168397903e-03 5.608890671283006668e-03 5.222589708864688873e-03 4.196132533252239227e-03 3.709493670612573624e-03 3.152617951855063438e-03 2.463296288624405861e-03 1.683670561760663986e-03 1.012409804388880730e-03 9.431766375200822949e-05 0.000000000000000000e+00 0.000000000000000000e+00 0.000000000000000000e+00 0.000000000000000000e+00 0.000000000000000000e+00 0.000000000000000000e+00 0.000000000000000000e+00 0.000000000000000000e+00 0.000000000000000000e+00 0.000000000000000000e+00 0.000000000000000000e+00 8.348116534762084484e-04 8.302964270114898682e-03 6.423334032297134399e-02 1.823531687259674072e-01 2.208448052406311035e-01 2.742777764797210693e-01 1.361204534769058228e-01 3.249644860625267029e-02 3.061812184751033783e-02 1.031775027513504028e-02 1.106727495789527893e-02 1.076325029134750366e-02 8.668194524943828583e-03 6.020276341587305069e-03 3.081378061324357986e-03 0.000000000000000000e+00 0.000000000000000000e+00 0.000000000000000000e+00 0.000000000000000000e+00 0.000000000000000000e+00 0.000000000000000000e+00 0.000000000000000000e+00 0.000000000000000000e+00 0.000000000000000000e+00 0.000000000000000000e+00 0.000000000000000000e+00 0.000000000000000000e+00 0.000000000000000000e+00 0.000000000000000000e+00 0.000000000000000000e+00 0.000000000000000000e+00 2.191380597651004791e-03 1.091676764190196991e-02 9.761878289282321930e-03 3.304931148886680603e-02 2.785080112516880035e-02 5.150847882032394409e-02 7.623275369405746460e-02 3.084368109703063965e-01 1.793169379234313965e-01 1.728240698575973511e-01 8.791811019182205200e-02 3.249444067478179932e-02 7.498254068195819855e-03 0.000000000000000000e+00 0.000000000000000000e+00 0.000000000000000000e+00 0.000000000000000000e+00 0.000000000000000000e+00 0.000000000000000000e+00 0.000000000000000000e+00 0.000000000000000000e+00 0.000000000000000000e+00 0.000000000000000000e+00
2.330345101654529572e-02 9.583469480276107788e-03 8.959407918155193329e-03 9.584573097527027130e-03 1.121656503528356552e-02 1.407930627465248108e-02 1.833494938910007477e-02 2.208290435373783112e-02 2.467208541929721832e-02 2.742286585271358490e-02 2.775902487337589264e-02 3.271704912185668945e-02 4.085025563836097717e-02 4.049644619226455688e-02 4.011671617627143860e-02 4.256029054522514343e-02 4.460786283016204834e-02 5.053520947694778442e-02 6.048986315727233887e-02 6.234550103545188904e-02 4.967867583036422729e-02 4.333712905645370483e-02 3.667486086487770081e-02 3.096289187669754028e-02 2.783348225057125092e-02 3.665693849325180054e-02 3.229043632745742798e-02 3.328457847237586975e-02 3.543170168995857239e-02 2.666091918945312500e-02 1.282814983278512955e-02 2.264243736863136292e-02 0.000000000000000000e+00 0.000000000000000000e+00 0.000000000000000000e+00 0.000000000000000000e+00 0.000000000000000000e+00 0.000000000000000000e+00 0.000000000000000000e+00 0.000000000000000000e+00 0.000000000000000000e+00 0.000000000000000000e+00 0.000000000000000000e+00 0.000000000000000000e+00 2.349538553971797228e-04 4.507418721914291382e-03 2.370138280093669891e-02 7.013234496116638184e-02 2.533764839172363281e-01 2.863695919513702393e-01 2.251379042863845825e-01 1.167182922363281250e-01 1.502215489745140076e-02 2.141609787940979004e-03 2.657846547663211823e-03 0.000000000000000000e+00 0.000000000000000000e+00 0.000000000000000000e+00 0.000000000000000000e+00 0.000000000000000000e+00 0.000000000000000000e+00 0.000000000000000000e+00 0.000000000000000000e+00 0.000000000000000000e+00 0.000000000000000000e+00 0.000000000000000000e+00 0.000000000000000000e+00 0.000000000000000000e+00 0.000000000000000000e+00 0.000000000000000000e+00 0.000000000000000000e+00 0.000000000000000000e+00 5.184427573112770915e-05 5.702319089323282242e-03 2.878129482269287109e-02 8.034594357013702393e-02 1.302251070737838745e-01 2.007495909929275513e-01 2.401156723499298096e-01 2.033346295356750488e-01 8.945040404796600342e-02 1.943167671561241150e-02 1.804070547223091125e-03 7.445720711984904483e-06 0.000000000000000000e+00 0.000000000000000000e+00 0.000000000000000000e+00 0.000000000000000000e+00 0.000000000000000000e+00 0.000000000000000000e+00 0.000000000000000000e+00 0.000000000000000000e+00 0.000000000000000000e+00 0.000000000000000000e+00 0.000000000000000000e+00 0.000000000000000000e+00
1.734098233282566071e-02 4.056408256292343140e-02 3.101753070950508118e-02 3.274461999535560608e-02 2.723795734345912933e-02 8.209934458136558533e-03 8.275012485682964325e-03 1.653000153601169586e-02 2.528559602797031403e-02 3.286977112293243408e-02 3.496731072664260864e-02 2.145596221089363098e-02 1.086815074086189270e-02 1.126863528043031693e-02 4.362779110670089722e-02 7.517596334218978882e-02 1.131068617105484009e-01 1.432783603668212891e-01 1.040809378027915955e-01 1.048618853092193604e-01 7.470038533210754395e-02 9.581593796610832214e-03 3.003634512424468994e-03 4.124991130083799362e-03 3.994833678007125854e-03 1.792168477550148964e-03 3.504240157781168818e-05 0.000000000000000000e+00 0.000000000000000000e+00 0.000000000000000000e+00 0.000000000000000000e+00 0.000000000000000000e+00 0.000000000000000000e+00 0.000000000000000000e+00 0.000000000000000000e+00 0.000000000000000000e+00 0.000000000000000000e+00 0.000000000000000000e+00 0.000000000000000000e+00 0.000000000000000000e+00 0.000000000000000000e+00 0.000000000000000000e+00 0.000000000000000000e+00 0.000000000000000000e+00 0.000000000000000000e+00 0.000000000000000000e+00 0.000000000000000000e+00 1.767138252034783363e-03 4.725517928600311279e-01 3.640805482864379883e-01 1.548523753881454468e-01 4.905936308205127716e-03 1.757126068696379662e-03 8.510297629982233047e-05 0.000000000000000000e+00 0.000000000000000000e+00 0.000000000000000000e+00 0.000000000000000000e+00 0.000000000000000000e+00 0.000000000000000000e+00 0.000000000000000000e+00 0.000000000000000000e+00 0.000000000000000000e+00 0.000000000000000000e+00 0.000000000000000000e+00 0.000000000000000000e+00 0.000000000000000000e+00 0.000000000000000000e+00 0.000000000000000000e+00 0.000000000000000000e+00 0.000000000000000000e+00 0.000000000000000000e+00 0.000000000000000000e+00 0.000000000000000000e+00 0.000000000000000000e+00 0.000000000000000000e+00 0.000000000000000000e+00 6.084862723946571350e-02 6.818400025367736816e-01 2.228946983814239502e-01 3.441664576530456543e-02 0.000000000000000000e+00 0.000000000000000000e+00 0.000000000000000000e+00 0.000000000000000000e+00 0.000000000000000000e+00 0.000000000000000000e+00 0.000000000000000000e+00 0.000000000000000000e+00 0.000000000000000000e+00 0.000000000000000000e+00 0.000000000000000000e+00 0.000000000000000000e+00 0.000000000000000000e+00 0.000000000000000000e+00 0.000000000000000000e+00
9.119139611721038818e-02 1.930846273899078369e-01 1.358403414487838745e-01 1.007557213306427002e-01 7.025199383497238159e-02 5.963571742177009583e-02 3.917319700121879578e-02 2.961448207497596741e-02 1.725898496806621552e-02 1.302593946456909180e-02 1.196978241205215454e-02 1.099076773971319199e-02 1.090941764414310455e-02 1.067939121276140213e-02 1.024598814547061920e-02 9.617622941732406616e-03 9.306246414780616760e-03 1.062889769673347473e-02 1.167663931846618652e-02 1.298666652292013168e-02 1.405264250934123993e-02 1.511721499264240265e-02 1.646370999515056610e-02 1.924506574869155884e-02 1.882007718086242676e-02 1.660537347197532654e-02 1.835862174630165100e-02 1.267528999596834183e-02 5.408423021435737610e-03 2.859900007024407387e-03 1.382962916977703571e-03 1.669093180680647492e-04 0.000000000000000000e+00 0.000000000000000000e+00 0.000000000000000000e+00 0.000000000000000000e+00 0.000000000000000000e+00 0.000000000000000000e+00 0.000000000000000000e+00 0.000000000000000000e+00 0.000000000000000000e+00 0.000000000000000000e+00 0.000000000000000000e+00 0.000000000000000000e+00 0.000000000000000000e+00 0.000000000000000000e+00 0.000000000000000000e+00 4.569668322801589966e-03 3.916435837745666504e-01 2.634614408016204834e-01 1.093999370932579041e-01 7.442472130060195923e-02 4.628858342766761780e-02 3.601033613085746765e-02 2.727073803544044495e-02 2.601120434701442719e-02 1.519996859133243561e-02 5.266760475933551788e-03 4.193772037979215384e-04 3.366238161106593907e-05 0.000000000000000000e+00 0.000000000000000000e+00 0.000000000000000000e+00 0.000000000000000000e+00 0.000000000000000000e+00 0.000000000000000000e+00 0.000000000000000000e+00 0.000000000000000000e+00 0.000000000000000000e+00 0.000000000000000000e+00 0.000000000000000000e+00 1.262339355889707804e-05 6.311696779448539019e-05 1.206235392601229250e-04 1.977664942387491465e-04 2.235743217170238495e-03 3.320092707872390747e-02 1.410972774028778076e-01 2.907013297080993652e-01 4.505920410156250000e-01 8.177714794874191284e-02 1.402599309585639276e-06 0.000000000000000000e+00 0.000000000000000000e+00 0.000000000000000000e+00 0.000000000000000000e+00 0.000000000000000000e+00 0.000000000000000000e+00 0.000000000000000000e+00 0.000000000000000000e+00 0.000000000000000000e+00 0.000000000000000000e+00 0.000000000000000000e+00 0.000000000000000000e+00 0.000000000000000000e+00 0.000000000000000000e+00
7.943491637706756592e-02 1.454642266035079956e-01 1.346119344234466553e-01 1.184069663286209106e-01 9.639118611812591553e-02 6.501879543066024780e-02 4.800361022353172302e-02 4.576564580202102661e-02 3.649011626839637756e-02 3.255825862288475037e-02 1.830085180699825287e-02 9.472362697124481201e-03 7.798567879945039749e-03 8.179070428013801575e-03 8.251151069998741150e-03 8.429966866970062256e-03 1.021673437207937241e-02 1.048634294420480728e-02 1.073169428855180740e-02 1.128685381263494492e-02 1.138527132570743561e-02 1.051961071789264679e-02 1.236251834779977798e-02 1.185656804591417313e-02 1.406473014503717422e-02 1.403354108333587646e-02 1.317203883081674576e-02 6.417946889996528625e-03 8.088276372291147709e-04 7.970452134031802416e-05 0.000000000000000000e+00 0.000000000000000000e+00 0.000000000000000000e+00 0.000000000000000000e+00 0.000000000000000000e+00 0.000000000000000000e+00 0.000000000000000000e+00 0.000000000000000000e+00 0.000000000000000000e+00 0.000000000000000000e+00 0.000000000000000000e+00 0.000000000000000000e+00 0.000000000000000000e+00 2.079248406516853720e-05 1.621813862584531307e-04 1.358442386845126748e-04 9.356618102174252272e-05 2.228677086532115936e-02 8.086460828781127930e-01 6.406442075967788696e-02 8.447501063346862793e-02 1.997741870582103729e-02 1.379234890919178724e-04 0.000000000000000000e+00 0.000000000000000000e+00 0.000000000000000000e+00 0.000000000000000000e+00 0.000000000000000000e+00 0.000000000000000000e+00 0.000000000000000000e+00 0.000000000000000000e+00 0.000000000000000000e+00 0.000000000000000000e+00 0.000000000000000000e+00 0.000000000000000000e+00 0.000000000000000000e+00 0.000000000000000000e+00 0.000000000000000000e+00 0.000000000000000000e+00 0.000000000000000000e+00 0.000000000000000000e+00 0.000000000000000000e+00 0.000000000000000000e+00 0.000000000000000000e+00 0.000000000000000000e+00 0.000000000000000000e+00 4.900788888335227966e-03 9.242883324623107910e-02 7.440382987260818481e-02 7.594171166419982910e-01 6.878015398979187012e-02 6.930828385520726442e-05 0.000000000000000000e+00 0.000000000000000000e+00 0.000000000000000000e+00 0.000000000000000000e+00 0.000000000000000000e+00 0.000000000000000000e+00 0.000000000000000000e+00 0.000000000000000000e+00 0.000000000000000000e+00 0.000000000000000000e+00 0.000000000000000000e+00 0.000000000000000000e+00 0.000000000000000000e+00 0.000000000000000000e+00
8.169924840331077576e-03 7.380866911262273788e-03 7.678200025111436844e-03 9.070171043276786804e-03 1.261506043374538422e-02 1.843667589128017426e-02 2.407226897776126862e-02 2.895528450608253479e-02 3.518829494714736938e-02 4.194701090455055237e-02 3.993201255798339844e-02 3.507673367857933044e-02 3.554434701800346375e-02 3.926850855350494385e-02 3.968240320682525635e-02 3.383942320942878723e-02 3.147574886679649353e-02 3.835564479231834412e-02 5.989070981740951538e-02 1.020964533090591431e-01 1.347611546516418457e-01 1.113743782043457031e-01 5.750542134046554565e-02 2.054299600422382355e-02 6.858159322291612625e-03 3.072904190048575401e-03 2.062719780951738358e-03 2.069341251626610756e-03 2.364675747230648994e-03 2.425141865387558937e-03 5.321519915014505386e-03 2.965839114040136337e-03 0.000000000000000000e+00 0.000000000000000000e+00 0.000000000000000000e+00 0.000000000000000000e+00 0.000000000000000000e+00 0.000000000000000000e+00 0.000000000000000000e+00 0.000000000000000000e+00 0.000000000000000000e+00 0.000000000000000000e+00 0.000000000000000000e+00 0.000000000000000000e+00 0.000000000000000000e+00 0.000000000000000000e+00 2.374420408159494400e-03 1.991809532046318054e-02 9.825485199689865112e-02 5.161159634590148926e-01 1.906679719686508179e-01 1.310827136039733887e-01 4.042173922061920166e-02 1.164223067462444305e-03 0.000000000000000000e+00 0.000000000000000000e+00 0.000000000000000000e+00 0.000000000000000000e+00 0.000000000000000000e+00 0.000000000000000000e+00 0.000000000000000000e+00 0.000000000000000000e+00 0.000000000000000000e+00 0.000000000000000000e+00 0.000000000000000000e+00 0.000000000000000000e+00 0.000000000000000000e+00 0.000000000000000000e+00 0.000000000000000000e+00 0.000000000000000000e+00 0.000000000000000000e+00 0.000000000000000000e+00 6.246501925488701090e-06 6.099084275774657726e-04 1.326307281851768494e-02 9.509812295436859131e-02 1.130640581250190735e-01 1.467963010072708130e-01 5.185298919677734375e-01 6.134477257728576660e-02 4.091871157288551331e-02 8.515231311321258545e-03 1.853711903095245361e-03 0.000000000000000000e+00 0.000000000000000000e+00 0.000000000000000000e+00 0.000000000000000000e+00 0.000000000000000000e+00 0.000000000000000000e+00 0.000000000000000000e+00 0.000000000000000000e+00 0.000000000000000000e+00 0.000000000000000000e+00 0.000000000000000000e+00 0.000000000000000000e+00 0.000000000000000000e+00
1.243676524609327316e-02 3.849701583385467529e-02 3.202616795897483826e-02 3.354665264487266541e-02 3.789985179901123047e-02 5.403275042772293091e-02 5.692727491259574890e-02 6.375566124916076660e-02 7.833954691886901855e-02 8.621200919151306152e-02 8.075101673603057861e-02 6.591514497995376587e-02 4.418907687067985535e-02 3.340686857700347900e-02 2.985432185232639313e-02 2.325986139476299286e-02 2.308489568531513214e-02 3.119698725640773773e-02 4.051386564970016479e-02 4.224069043993949890e-02 3.828401491045951843e-02 2.860199287533760071e-02 1.538929715752601624e-02 6.081928964704275131e-03 2.130957320332527161e-03 9.119090391322970390e-04 3.375679953023791313e-04 1.141074899351224303e-04 3.613403896451927722e-05 1.331254043179797009e-05 1.141074881161330268e-05 9.508957532489148434e-07 0.000000000000000000e+00 0.000000000000000000e+00 0.000000000000000000e+00 0.000000000000000000e+00 0.000000000000000000e+00 0.000000000000000000e+00 0.000000000000000000e+00 0.000000000000000000e+00 0.000000000000000000e+00 0.000000000000000000e+00 0.000000000000000000e+00 0.000000000000000000e+00 1.806701948225963861e-05 1.089060865342617035e-02 5.926457792520523071e-02 5.962591618299484253e-02 4.974002540111541748e-01 2.875575423240661621e-01 4.381822794675827026e-02 1.983948796987533569e-02 1.746224984526634216e-02 2.921151695773005486e-03 1.142025808803737164e-03 5.990643330733291805e-05 0.000000000000000000e+00 0.000000000000000000e+00 0.000000000000000000e+00 0.000000000000000000e+00 0.000000000000000000e+00 0.000000000000000000e+00 0.000000000000000000e+00 0.000000000000000000e+00 0.000000000000000000e+00 0.000000000000000000e+00 0.000000000000000000e+00 0.000000000000000000e+00 0.000000000000000000e+00 6.656270215898985043e-06 1.949336292454972863e-04 3.946217475458979607e-04 3.223536477889865637e-04 3.955726278945803642e-04 2.638735575601458549e-03 1.681183651089668274e-02 8.954489976167678833e-02 1.388469487428665161e-01 1.444068253040313721e-01 2.110170722007751465e-01 2.312397807836532593e-01 1.040555685758590698e-01 2.545452862977981567e-02 3.370830416679382324e-02 9.404359152540564537e-04 2.091970600304193795e-05 0.000000000000000000e+00 0.000000000000000000e+00 0.000000000000000000e+00 0.000000000000000000e+00 0.000000000000000000e+00 0.000000000000000000e+00 0.000000000000000000e+00 0.000000000000000000e+00 0.000000000000000000e+00 0.000000000000000000e+00
1.256732619367539883e-03 6.861718371510505676e-03 1.097256503999233246e-02 1.715822517871856689e-02 2.523352764546871185e-02 2.668207138776779175e-02 2.596758306026458740e-02 2.254799194633960724e-02 2.314054593443870544e-02 2.530183270573616028e-02 2.916321903467178345e-02 2.960344217717647552e-02 2.762593142688274384e-02 2.855354547500610352e-02 2.977865934371948242e-02 3.094385191798210144e-02 3.546627238392829895e-02 4.136928170919418335e-02 4.608264192938804626e-02 5.265594273805618286e-02 6.221455335617065430e-02 7.318921387195587158e-02 8.222724497318267822e-02 8.504939079284667969e-02 7.327079772949218750e-02 4.782222211360931396e-02 2.181481011211872101e-02 8.237591013312339783e-03 3.341504139825701714e-03 1.823607482947409153e-03 1.946939853951334953e-03 2.696542302146553993e-03 0.000000000000000000e+00 0.000000000000000000e+00 0.000000000000000000e+00 0.000000000000000000e+00 0.000000000000000000e+00 0.000000000000000000e+00 0.000000000000000000e+00 0.000000000000000000e+00 0.000000000000000000e+00 0.000000000000000000e+00 5.188345676288008690e-05 1.811553665902465582e-04 2.026424626819789410e-04 2.317461185157299042e-03 3.413896635174751282e-02 1.010371819138526917e-01 4.791363775730133057e-01 2.201217710971832275e-01 1.256531774997711182e-01 3.398506343364715576e-02 3.023914527148008347e-03 1.504096144344657660e-04 0.000000000000000000e+00 0.000000000000000000e+00 0.000000000000000000e+00 0.000000000000000000e+00 0.000000000000000000e+00 0.000000000000000000e+00 0.000000000000000000e+00 0.000000000000000000e+00 0.000000000000000000e+00 0.000000000000000000e+00 0.000000000000000000e+00 0.000000000000000000e+00 0.000000000000000000e+00 0.000000000000000000e+00 1.921609509736299515e-06 6.428657070500776172e-05 1.591442123753950000e-04 2.917352539952844381e-04 5.518512916751205921e-04 2.739516319707036018e-03 1.860642060637474060e-02 4.161280393600463867e-02 5.566378682851791382e-02 8.442241698503494263e-02 2.623954415321350098e-01 3.957944214344024658e-01 9.969974309206008911e-02 3.056389838457107544e-02 5.796098150312900543e-03 1.508114044554531574e-03 1.030681451084092259e-04 2.428215702821034938e-05 1.048150693350180518e-06 0.000000000000000000e+00 0.000000000000000000e+00 0.000000000000000000e+00 0.000000000000000000e+00 0.000000000000000000e+00 0.000000000000000000e+00 0.000000000000000000e+00 0.000000000000000000e+00 0.000000000000000000e+00
4.164827056229114532e-03 1.492367405444383621e-02 1.979599893093109131e-02 3.470340743660926819e-02 5.991426482796669006e-02 8.242988586425781250e-02 4.324449971318244934e-02 3.332674875855445862e-02 4.723622649908065796e-02 5.218290537595748901e-02 4.598736017942428589e-02 4.300866648554801941e-02 5.318316072225570679e-02 6.082506477832794189e-02 6.866214424371719360e-02 6.969376653432846069e-02 6.521991640329360962e-02 6.558354198932647705e-02 2.343455888330936432e-02 1.661167852580547333e-02 2.033388242125511169e-02 1.503984723240137100e-02 1.387230213731527328e-02 1.853900030255317688e-02 1.222379691898822784e-02 7.657008711248636246e-03 2.337415004149079323e-03 1.311601139605045319e-03 1.940100803039968014e-03 1.797207165509462357e-03 7.469968986697494984e-04 6.854248204035684466e-05 0.000000000000000000e+00 0.000000000000000000e+00 0.000000000000000000e+00 0.000000000000000000e+00 0.000000000000000000e+00 0.000000000000000000e+00 0.000000000000000000e+00 0.000000000000000000e+00 0.000000000000000000e+00 0.000000000000000000e+00 0.000000000000000000e+00 0.000000000000000000e+00 8.015985804377123713e-05 1.068798010237514973e-03 6.467389874160289764e-03 2.936638891696929932e-02 2.472583055496215820e-01 2.690931558609008789e-01 1.014126688241958618e-01 2.338123619556427002e-01 1.112444549798965454e-01 1.847161911427974701e-04 1.161737054644618183e-05 0.000000000000000000e+00 0.000000000000000000e+00 0.000000000000000000e+00 0.000000000000000000e+00 0.000000000000000000e+00 0.000000000000000000e+00 0.000000000000000000e+00 0.000000000000000000e+00 0.000000000000000000e+00 0.000000000000000000e+00 0.000000000000000000e+00 0.000000000000000000e+00 0.000000000000000000e+00 0.000000000000000000e+00 0.000000000000000000e+00 0.000000000000000000e+00 0.000000000000000000e+00 0.000000000000000000e+00 0.000000000000000000e+00 3.951067570596933365e-03 1.484118998050689697e-01 1.924254745244979858e-01 1.383117586374282837e-01 1.689212173223495483e-01 3.091382086277008057e-01 3.882757574319839478e-02 1.277910723729291931e-05 0.000000000000000000e+00 0.000000000000000000e+00 0.000000000000000000e+00 0.000000000000000000e+00 0.000000000000000000e+00 0.000000000000000000e+00 0.000000000000000000e+00 0.000000000000000000e+00 0.000000000000000000e+00 0.000000000000000000e+00 0.000000000000000000e+00 0.000000000000000000e+00 0.000000000000000000e+00 0.000000000000000000e+00
4.970902577042579651e-03 1.251975190825760365e-03 1.551542198285460472e-03 1.612410414963960648e-03 1.731759868562221527e-03 2.696102950721979141e-03 4.273902159184217453e-03 6.481865886598825455e-03 4.953000228852033615e-03 6.987907458096742630e-03 1.337906811386346817e-02 2.532116882503032684e-02 3.892819583415985107e-02 5.344585701823234558e-02 9.206254780292510986e-02 1.214439868927001953e-01 7.479149848222732544e-02 5.913762748241424561e-02 6.511226296424865723e-02 1.208854317665100098e-01 8.214700222015380859e-02 8.521905541419982910e-02 9.838687628507614136e-02 2.075605466961860657e-02 4.760847892612218857e-03 2.945543266832828522e-03 3.928982187062501907e-03 7.662231801077723503e-04 7.041615026537328959e-05 0.000000000000000000e+00 0.000000000000000000e+00 0.000000000000000000e+00 0.000000000000000000e+00 0.000000000000000000e+00 0.000000000000000000e+00 0.000000000000000000e+00 0.000000000000000000e+00 0.000000000000000000e+00 0.000000000000000000e+00 0.000000000000000000e+00 0.000000000000000000e+00 0.000000000000000000e+00 0.000000000000000000e+00 0.000000000000000000e+00 0.000000000000000000e+00 0.000000000000000000e+00 0.000000000000000000e+00 1.168430666439235210e-03 8.512238413095474243e-02 6.534726023674011230e-01 1.983109712600708008e-01 5.922833457589149475e-02 1.453675678931176662e-03 1.038339803926646709e-03 2.052809722954407334e-04 0.000000000000000000e+00 0.000000000000000000e+00 0.000000000000000000e+00 0.000000000000000000e+00 0.000000000000000000e+00 0.000000000000000000e+00 0.000000000000000000e+00 0.000000000000000000e+00 0.000000000000000000e+00 0.000000000000000000e+00 0.000000000000000000e+00 0.000000000000000000e+00 0.000000000000000000e+00 0.000000000000000000e+00 0.000000000000000000e+00 0.000000000000000000e+00 0.000000000000000000e+00 0.000000000000000000e+00 0.000000000000000000e+00 0.000000000000000000e+00 3.819180710706859827e-05 3.616048023104667664e-02 1.733251661062240601e-01 4.218500256538391113e-01 3.617898225784301758e-01 6.836333777755498886e-03 0.000000000000000000e+00 0.000000000000000000e+00 0.000000000000000000e+00 0.000000000000000000e+00 0.000000000000000000e+00 0.000000000000000000e+00 0.000000000000000000e+00 0.000000000000000000e+00 0.000000000000000000e+00 0.000000000000000000e+00 0.000000000000000000e+00 0.000000000000000000e+00 0.000000000000000000e+00 0.000000000000000000e+00 0.000000000000000000e+00
4.748934414237737656e-03 3.408898133784532547e-03 4.734846297651529312e-03 8.680250495672225952e-03 2.374687045812606812e-02 5.175489559769630432e-02 6.615705043077468872e-02 5.817111954092979431e-02 5.493799597024917603e-02 5.557867512106895447e-02 5.542680993676185608e-02 5.679877102375030518e-02 6.036237999796867371e-02 6.094605848193168640e-02 5.274363607168197632e-02 4.295392706990242004e-02 3.782229125499725342e-02 3.971214592456817627e-02 4.366349428892135620e-02 3.674010187387466431e-02 2.817216888070106506e-02 2.437888830900192261e-02 2.176356874406337738e-02 1.880949176847934723e-02 1.757143251597881317e-02 1.719816587865352631e-02 1.529629155993461609e-02 1.256581302732229233e-02 1.051594968885183334e-02 8.604123257100582123e-03 5.098677705973386765e-03 9.362676064483821392e-04 0.000000000000000000e+00 0.000000000000000000e+00 0.000000000000000000e+00 0.000000000000000000e+00 0.000000000000000000e+00 0.000000000000000000e+00 0.000000000000000000e+00 0.000000000000000000e+00 6.113398558227345347e-05 6.554131978191435337e-04 2.427394036203622818e-03 3.834121860563755035e-03 7.674835622310638428e-03 3.081204555928707123e-02 1.488912403583526611e-01 2.020178288221359253e-01 8.073524385690689087e-02 1.548420488834381104e-01 3.353947401046752930e-01 3.168911859393119812e-02 9.533282718621194363e-04 1.150301159213995561e-05 0.000000000000000000e+00 0.000000000000000000e+00 0.000000000000000000e+00 0.000000000000000000e+00 0.000000000000000000e+00 0.000000000000000000e+00 0.000000000000000000e+00 0.000000000000000000e+00 0.000000000000000000e+00 0.000000000000000000e+00 0.000000000000000000e+00 0.000000000000000000e+00 0.000000000000000000e+00 0.000000000000000000e+00 0.000000000000000000e+00 0.000000000000000000e+00 0.000000000000000000e+00 0.000000000000000000e+00 4.523656389210373163e-05 2.464746357873082161e-04 3.280038712546229362e-03 6.540535390377044678e-02 2.105164974927902222e-01 1.409588158130645752e-01 1.090793162584304810e-01 8.806305378675460815e-02 3.065629005432128906e-01 5.515435710549354553e-02 9.024048224091529846e-03 4.254434257745742798e-03 3.098704619333148003e-03 2.618292346596717834e-03 1.407891162671148777e-03 2.486718585714697838e-04 3.593075598473660648e-05 0.000000000000000000e+00 0.000000000000000000e+00 0.000000000000000000e+00 0.000000000000000000e+00 0.000000000000000000e+00 0.000000000000000000e+00 0.000000000000000000e+00
2.769666723906993866e-02 4.868220910429954529e-02 6.627112627029418945e-02 1.086998283863067627e-01 1.738574504852294922e-01 1.543429046869277954e-01 1.251091510057449341e-01 1.046012565493583679e-01 8.109428733587265015e-02 4.197608679533004761e-02 2.504105493426322937e-02 1.565128564834594727e-02 9.612072259187698364e-03 7.426099386066198349e-03 4.988784901797771454e-03 1.341824885457754135e-03 3.985420044045895338e-04 1.482015504734590650e-04 1.331811217823997140e-04 1.331811217823997140e-04 1.021389107336290181e-04 1.482015504734590650e-04 2.954017545562237501e-04 3.384603187441825867e-04 2.032764605246484280e-04 1.802451297407969832e-04 2.463350247126072645e-04 3.114235296379774809e-04 4.826564108952879906e-04 4.125610867049545050e-04 7.410077523672953248e-05 0.000000000000000000e+00 0.000000000000000000e+00 0.000000000000000000e+00 0.000000000000000000e+00 0.000000000000000000e+00 0.000000000000000000e+00 0.000000000000000000e+00 0.000000000000000000e+00 0.000000000000000000e+00 0.000000000000000000e+00 0.000000000000000000e+00 0.000000000000000000e+00 0.000000000000000000e+00 0.000000000000000000e+00 0.000000000000000000e+00 0.000000000000000000e+00 3.061163239181041718e-03 9.963640570640563965e-01 5.747816758230328560e-04 0.000000000000000000e+00 0.000000000000000000e+00 0.000000000000000000e+00 0.000000000000000000e+00 0.000000000000000000e+00 0.000000000000000000e+00 0.000000000000000000e+00 0.000000000000000000e+00 0.000000000000000000e+00 0.000000000000000000e+00 0.000000000000000000e+00 0.000000000000000000e+00 0.000000000000000000e+00 0.000000000000000000e+00 0.000000000000000000e+00 0.000000000000000000e+00 0.000000000000000000e+00 0.000000000000000000e+00 0.000000000000000000e+00 0.000000000000000000e+00 0.000000000000000000e+00 0.000000000000000000e+00 0.000000000000000000e+00 0.000000000000000000e+00 0.000000000000000000e+00 0.000000000000000000e+00 0.000000000000000000e+00 4.506128243519924581e-05 4.297845065593719482e-03 9.651626348495483398e-01 3.049447201192378998e-02 0.000000000000000000e+00 0.000000000000000000e+00 0.000000000000000000e+00 0.000000000000000000e+00 0.000000000000000000e+00 0.000000000000000000e+00 0.000000000000000000e+00 0.000000000000000000e+00 0.000000000000000000e+00 0.000000000000000000e+00 0.000000000000000000e+00 0.000000000000000000e+00 0.000000000000000000e+00 0.000000000000000000e+00 0.000000000000000000e+00
1.707389391958713531e-02 2.452377043664455414e-02 3.088978119194507599e-02 3.695793077349662781e-02 3.746028617024421692e-02 4.384177550673484802e-02 4.491116851568222046e-02 4.870311543345451355e-02 5.811673030257225037e-02 6.563933938741683960e-02 7.372319698333740234e-02 7.937368005514144897e-02 7.866696268320083618e-02 7.434158027172088623e-02 6.303658336400985718e-02 4.919124767184257507e-02 3.804066032171249390e-02 3.263921290636062622e-02 2.595230937004089355e-02 2.044175937771797180e-02 1.500130351632833481e-02 1.107609085738658905e-02 9.199811145663261414e-03 8.058564737439155579e-03 4.618341103196144104e-03 2.309422241523861885e-03 1.531225512735545635e-03 1.089777564629912376e-03 9.474520920775830746e-04 1.169812050648033619e-03 1.209703390486538410e-03 2.635097189340740442e-04 0.000000000000000000e+00 0.000000000000000000e+00 0.000000000000000000e+00 0.000000000000000000e+00 0.000000000000000000e+00 0.000000000000000000e+00 0.000000000000000000e+00 0.000000000000000000e+00 0.000000000000000000e+00 0.000000000000000000e+00 0.000000000000000000e+00 0.000000000000000000e+00 9.941388270817697048e-06 7.241106126457452774e-03 6.129193305969238281e-02 4.666399583220481873e-02 1.386149227619171143e-01 2.761526405811309814e-01 2.386819124221801758e-01 1.640464961528778076e-01 4.646391049027442932e-02 1.350644603371620178e-02 6.422011181712150574e-03 9.046663763001561165e-04 0.000000000000000000e+00 0.000000000000000000e+00 0.000000000000000000e+00 0.000000000000000000e+00 0.000000000000000000e+00 0.000000000000000000e+00 0.000000000000000000e+00 0.000000000000000000e+00 0.000000000000000000e+00 0.000000000000000000e+00 0.000000000000000000e+00 0.000000000000000000e+00 0.000000000000000000e+00 0.000000000000000000e+00 1.015531743178144097e-04 2.572177036199718714e-04 3.471306292340159416e-03 2.421986497938632965e-02 7.922933995723724365e-02 1.121628955006599426e-01 1.274147480726242065e-01 2.450846731662750244e-01 1.859818547964096069e-01 1.489367187023162842e-01 7.133160531520843506e-02 1.808200147934257984e-03 0.000000000000000000e+00 0.000000000000000000e+00 0.000000000000000000e+00 0.000000000000000000e+00 0.000000000000000000e+00 0.000000000000000000e+00 0.000000000000000000e+00 0.000000000000000000e+00 0.000000000000000000e+00 0.000000000000000000e+00 0.000000000000000000e+00 0.000000000000000000e+00 0.000000000000000000e+00 0.000000000000000000e+00
3.588723018765449524e-02 4.036656767129898071e-02 9.185554832220077515e-02 1.748060882091522217e-01 2.775739729404449463e-01 1.466466635465621948e-01 1.057559996843338013e-01 4.494981095194816589e-02 3.931038826704025269e-02 1.481275912374258041e-02 9.461075067520141602e-03 5.166710820049047470e-03 3.589864820241928101e-03 2.452617511153221130e-03 1.756110694259405136e-03 1.455813529901206493e-03 8.392336312681436539e-04 6.348488386720418930e-04 4.658603284042328596e-04 3.836496616713702679e-04 3.573879366740584373e-04 3.322680131532251835e-04 4.110532172489911318e-04 2.443483099341392517e-04 1.278832205571234226e-04 1.712721714284271002e-04 1.838321331888437271e-04 1.141814550464914646e-06 0.000000000000000000e+00 0.000000000000000000e+00 0.000000000000000000e+00 0.000000000000000000e+00 0.000000000000000000e+00 0.000000000000000000e+00 0.000000000000000000e+00 0.000000000000000000e+00 0.000000000000000000e+00 0.000000000000000000e+00 0.000000000000000000e+00 0.000000000000000000e+00 0.000000000000000000e+00 0.000000000000000000e+00 0.000000000000000000e+00 0.000000000000000000e+00 0.000000000000000000e+00 0.000000000000000000e+00 0.000000000000000000e+00 5.115328822284936905e-04 9.724137783050537109e-01 2.707470580935478210e-02 0.000000000000000000e+00 0.000000000000000000e+00 0.000000000000000000e+00 0.000000000000000000e+00 0.000000000000000000e+00 0.000000000000000000e+00 0.000000000000000000e+00 0.000000000000000000e+00 0.000000000000000000e+00 0.000000000000000000e+00 0.000000000000000000e+00 0.000000000000000000e+00 0.000000000000000000e+00 0.000000000000000000e+00 0.000000000000000000e+00 0.000000000000000000e+00 0.000000000000000000e+00 0.000000000000000000e+00 0.000000000000000000e+00 0.000000000000000000e+00 0.000000000000000000e+00 0.000000000000000000e+00 0.000000000000000000e+00 0.000000000000000000e+00 0.000000000000000000e+00 0.000000000000000000e+00 0.000000000000000000e+00 3.425443355808965862e-05 1.456498540937900543e-02 9.351974725723266602e-01 5.020330101251602173e-02 0.000000000000000000e+00 0.000000000000000000e+00 0.000000000000000000e+00 0.000000000000000000e+00 0.000000000000000000e+00 0.000000000000000000e+00 0.000000000000000000e+00 0.000000000000000000e+00 0.000000000000000000e+00 0.000000000000000000e+00 0.000000000000000000e+00 0.000000000000000000e+00 0.000000000000000000e+00 0.000000000000000000e+00 0.000000000000000000e+00
3.409678116440773010e-02 3.004965186119079590e-02 3.735018521547317505e-02 4.444787278771400452e-02 4.655566066503524780e-02 5.103669688105583191e-02 6.454682350158691406e-02 6.563952565193176270e-02 6.691566109657287598e-02 7.166039198637008667e-02 7.938688993453979492e-02 7.963912189006805420e-02 6.927744299173355103e-02 5.896515399217605591e-02 4.714390262961387634e-02 3.704768419265747070e-02 2.893490530550479889e-02 2.389826253056526184e-02 2.079125866293907166e-02 1.791708171367645264e-02 1.257176604121923447e-02 5.810969509184360504e-03 1.651835744269192219e-03 8.969124173745512962e-04 6.658494239673018456e-04 1.198528916575014591e-03 1.845858059823513031e-03 5.732478530262596905e-05 0.000000000000000000e+00 0.000000000000000000e+00 0.000000000000000000e+00 0.000000000000000000e+00 0.000000000000000000e+00 0.000000000000000000e+00 0.000000000000000000e+00 0.000000000000000000e+00 0.000000000000000000e+00 0.000000000000000000e+00 0.000000000000000000e+00 0.000000000000000000e+00 0.000000000000000000e+00 0.000000000000000000e+00 0.000000000000000000e+00 0.000000000000000000e+00 0.000000000000000000e+00 0.000000000000000000e+00 4.939632490277290344e-03 1.373607665300369263e-01 4.264514148235321045e-01 2.683487832546234131e-01 1.389843821525573730e-01 2.334706112742424011e-02 5.679563037119805813e-04 0.000000000000000000e+00 0.000000000000000000e+00 0.000000000000000000e+00 0.000000000000000000e+00 0.000000000000000000e+00 0.000000000000000000e+00 0.000000000000000000e+00 0.000000000000000000e+00 0.000000000000000000e+00 0.000000000000000000e+00 0.000000000000000000e+00 0.000000000000000000e+00 0.000000000000000000e+00 0.000000000000000000e+00 0.000000000000000000e+00 0.000000000000000000e+00 0.000000000000000000e+00 0.000000000000000000e+00 0.000000000000000000e+00 0.000000000000000000e+00 0.000000000000000000e+00 0.000000000000000000e+00 1.146495706052519381e-04 8.792740292847156525e-03 9.033063054084777832e-02 2.653978765010833740e-01 4.695746600627899170e-01 1.621374189853668213e-01 3.652029670774936676e-03 0.000000000000000000e+00 0.000000000000000000e+00 0.000000000000000000e+00 0.000000000000000000e+00 0.000000000000000000e+00 0.000000000000000000e+00 0.000000000000000000e+00 0.000000000000000000e+00 0.000000000000000000e+00 0.000000000000000000e+00 0.000000000000000000e+00 0.000000000000000000e+00 0.000000000000000000e+00 0.000000000000000000e+00
5.796010047197341919e-02 6.169373914599418640e-02 4.358539730310440063e-02 5.173868313431739807e-02 7.362797856330871582e-02 8.449771255254745483e-02 8.058665692806243896e-02 8.357514441013336182e-02 9.195710718631744385e-02 8.317694067955017090e-02 5.963570252060890198e-02 4.728749394416809082e-02 3.500236570835113525e-02 3.862166777253150940e-02 2.498028613626956940e-02 1.234821043908596039e-02 9.194133803248405457e-03 6.584134884178638458e-03 6.836460903286933899e-03 5.330389365553855896e-03 2.684907754883170128e-03 1.320769544690847397e-03 8.476580842398107052e-04 9.028544300235807896e-04 1.281343633309006691e-03 4.076643846929073334e-03 1.442990079522132874e-02 1.050701737403869629e-02 5.093833897262811661e-03 5.992745864205062389e-04 3.548336098901927471e-05 0.000000000000000000e+00 0.000000000000000000e+00 0.000000000000000000e+00 0.000000000000000000e+00 0.000000000000000000e+00 0.000000000000000000e+00 0.000000000000000000e+00 0.000000000000000000e+00 0.000000000000000000e+00 0.000000000000000000e+00 0.000000000000000000e+00 0.000000000000000000e+00 0.000000000000000000e+00 0.000000000000000000e+00 0.000000000000000000e+00 0.000000000000000000e+00 6.446144077926874161e-03 4.079955816268920898e-01 3.291555047035217285e-01 1.935538500547409058e-01 3.126872703433036804e-02 7.688061799854040146e-03 5.992745514959096909e-03 6.099195685237646103e-03 5.011039320379495621e-03 6.229301448911428452e-03 5.598486168310046196e-04 0.000000000000000000e+00 0.000000000000000000e+00 0.000000000000000000e+00 0.000000000000000000e+00 0.000000000000000000e+00 0.000000000000000000e+00 0.000000000000000000e+00 0.000000000000000000e+00 0.000000000000000000e+00 0.000000000000000000e+00 0.000000000000000000e+00 0.000000000000000000e+00 0.000000000000000000e+00 0.000000000000000000e+00 0.000000000000000000e+00 0.000000000000000000e+00 5.913893619435839355e-05 2.404983388260006905e-04 2.206276543438434601e-02 1.074278503656387329e-01 4.077905714511871338e-01 4.304447174072265625e-01 3.197445347905158997e-02 0.000000000000000000e+00 0.000000000000000000e+00 0.000000000000000000e+00 0.000000000000000000e+00 0.000000000000000000e+00 0.000000000000000000e+00 0.000000000000000000e+00 0.000000000000000000e+00 0.000000000000000000e+00 0.000000000000000000e+00 0.000000000000000000e+00 0.000000000000000000e+00 0.000000000000000000e+00 0.000000000000000000e+00 0.000000000000000000e+00
6.561661139130592346e-03 2.691235579550266266e-02 3.228634223341941833e-02 2.572350390255451202e-02 3.019141778349876404e-02 2.832978591322898865e-02 4.543440788984298706e-02 6.004114449024200439e-02 4.846486076712608337e-02 2.659894153475761414e-02 2.098694816231727600e-02 3.277178108692169189e-02 4.599407687783241272e-02 3.998029977083206177e-02 6.949540227651596069e-02 9.373667091131210327e-02 4.738676548004150391e-02 5.292924121022224426e-02 8.560793846845626831e-02 9.619449824094772339e-02 5.518440902233123779e-02 1.587453112006187439e-02 3.705588867887854576e-03 2.552084391936659813e-03 1.881661475636065006e-03 1.484592095948755741e-03 1.882839715108275414e-03 1.708459109067916870e-03 9.779455285752192140e-05 0.000000000000000000e+00 0.000000000000000000e+00 0.000000000000000000e+00 0.000000000000000000e+00 0.000000000000000000e+00 0.000000000000000000e+00 0.000000000000000000e+00 0.000000000000000000e+00 0.000000000000000000e+00 0.000000000000000000e+00 0.000000000000000000e+00 0.000000000000000000e+00 0.000000000000000000e+00 0.000000000000000000e+00 0.000000000000000000e+00 1.461027131881564856e-04 3.277885029092431068e-03 8.776177465915679932e-02 1.726710200309753418e-01 4.807957261800765991e-02 2.684425115585327148e-01 3.101725280284881592e-01 4.969495162367820740e-02 2.473730966448783875e-02 2.278141863644123077e-02 6.347220391035079956e-03 4.130936227738857269e-03 1.756767276674509048e-03 0.000000000000000000e+00 0.000000000000000000e+00 0.000000000000000000e+00 0.000000000000000000e+00 0.000000000000000000e+00 0.000000000000000000e+00 0.000000000000000000e+00 0.000000000000000000e+00 0.000000000000000000e+00 0.000000000000000000e+00 0.000000000000000000e+00 0.000000000000000000e+00 0.000000000000000000e+00 0.000000000000000000e+00 0.000000000000000000e+00 6.135135423392057419e-03 1.484827697277069092e-02 8.584712632000446320e-03 3.637250512838363647e-03 7.708096411079168320e-03 1.085519567131996155e-01 4.751318991184234619e-01 9.283412992954254150e-02 2.340447604656219482e-01 4.668217152357101440e-02 1.841601100750267506e-03 0.000000000000000000e+00 0.000000000000000000e+00 0.000000000000000000e+00 0.000000000000000000e+00 0.000000000000000000e+00 0.000000000000000000e+00 0.000000000000000000e+00 0.000000000000000000e+00 0.000000000000000000e+00 0.000000000000000000e+00 0.000000000000000000e+00 0.000000000000000000e+00 0.000000000000000000e+00
6.285633891820907593e-02 4.967998713254928589e-02 4.142231121659278870e-02 4.435398802161216736e-02 5.088485777378082275e-02 5.511258542537689209e-02 5.491165444254875183e-02 5.140449106693267822e-02 4.821408912539482117e-02 4.476168379187583923e-02 4.125100001692771912e-02 3.681967034935951233e-02 3.327462822198867798e-02 3.332331404089927673e-02 3.534575551748275757e-02 3.687381744384765625e-02 4.079073667526245117e-02 4.587998613715171814e-02 4.564943164587020874e-02 3.792704641819000244e-02 3.088504262268543243e-02 2.533370628952980042e-02 2.003441751003265381e-02 1.432804111391305923e-02 9.020738303661346436e-03 5.150198470801115036e-03 2.485498785972595215e-03 1.086252392269670963e-03 4.606283036991953850e-04 2.363846288062632084e-04 1.609892206033691764e-04 8.073743083514273167e-05 0.000000000000000000e+00 0.000000000000000000e+00 0.000000000000000000e+00 0.000000000000000000e+00 0.000000000000000000e+00 0.000000000000000000e+00 0.000000000000000000e+00 0.000000000000000000e+00 0.000000000000000000e+00 0.000000000000000000e+00 0.000000000000000000e+00 0.000000000000000000e+00 0.000000000000000000e+00 4.029708448797464371e-03 1.467248052358627319e-02 6.959579139947891235e-02 4.027543663978576660e-01 2.785838544368743896e-01 1.815123111009597778e-01 3.653763234615325928e-02 8.685041218996047974e-03 3.343986580148339272e-03 2.848270814865827560e-04 0.000000000000000000e+00 0.000000000000000000e+00 0.000000000000000000e+00 0.000000000000000000e+00 0.000000000000000000e+00 0.000000000000000000e+00 0.000000000000000000e+00 0.000000000000000000e+00 0.000000000000000000e+00 0.000000000000000000e+00 0.000000000000000000e+00 0.000000000000000000e+00 0.000000000000000000e+00 0.000000000000000000e+00 0.000000000000000000e+00 9.239275823347270489e-05 4.629350733011960983e-04 7.856420124880969524e-04 2.488898346200585365e-03 9.443973191082477570e-03 1.815803162753582001e-02 6.738819926977157593e-02 1.536355614662170410e-01 2.222937047481536865e-01 2.864225506782531738e-01 2.079807221889495850e-01 1.504921447485685349e-02 1.122905965894460678e-02 4.562332760542631149e-03 6.798941740271402523e-06 0.000000000000000000e+00 0.000000000000000000e+00 0.000000000000000000e+00 0.000000000000000000e+00 0.000000000000000000e+00 0.000000000000000000e+00 0.000000000000000000e+00 0.000000000000000000e+00 0.000000000000000000e+00 0.000000000000000000e+00 0.000000000000000000e+00
8.772699534893035889e-02 3.900235146284103394e-02 9.126839227974414825e-03 1.351614855229854584e-02 2.831374667584896088e-02 2.585009112954139709e-02 2.994689717888832092e-02 3.543658182024955750e-02 3.632802143692970276e-02 3.913467377424240112e-02 4.078175500035285950e-02 3.351092711091041565e-02 2.383912168443202972e-02 1.790023595094680786e-02 1.458518300205469131e-02 1.046226173639297485e-02 3.551318868994712830e-02 2.251275330781936646e-01 1.714738458395004272e-01 6.764342635869979858e-02 4.075911827385425568e-03 3.243666840717196465e-03 2.528075128793716431e-03 1.499085919931530952e-03 9.436754626221954823e-04 5.763036315329372883e-04 3.604074299801141024e-04 3.342909330967813730e-04 4.317924613133072853e-04 4.317924613133072853e-04 2.681291953194886446e-04 8.705493382876738906e-05 0.000000000000000000e+00 0.000000000000000000e+00 0.000000000000000000e+00 0.000000000000000000e+00 0.000000000000000000e+00 0.000000000000000000e+00 0.000000000000000000e+00 0.000000000000000000e+00 0.000000000000000000e+00 0.000000000000000000e+00 0.000000000000000000e+00 0.000000000000000000e+00 0.000000000000000000e+00 0.000000000000000000e+00 1.479933853261172771e-04 3.307373523712158203e-01 3.852563798427581787e-01 2.002367824316024780e-01 6.540959328413009644e-02 1.807086355984210968e-02 1.410289842169731855e-04 0.000000000000000000e+00 0.000000000000000000e+00 0.000000000000000000e+00 0.000000000000000000e+00 0.000000000000000000e+00 0.000000000000000000e+00 0.000000000000000000e+00 0.000000000000000000e+00 0.000000000000000000e+00 0.000000000000000000e+00 0.000000000000000000e+00 0.000000000000000000e+00 0.000000000000000000e+00 0.000000000000000000e+00 0.000000000000000000e+00 0.000000000000000000e+00 0.000000000000000000e+00 0.000000000000000000e+00 0.000000000000000000e+00 0.000000000000000000e+00 0.000000000000000000e+00 0.000000000000000000e+00 8.183163299690932035e-05 1.049708388745784760e-02 4.166623204946517944e-02 1.421937793493270874e-01 3.642221689224243164e-01 2.284060269594192505e-01 2.129328846931457520e-01 0.000000000000000000e+00 0.000000000000000000e+00 0.000000000000000000e+00 0.000000000000000000e+00 0.000000000000000000e+00 0.000000000000000000e+00 0.000000000000000000e+00 0.000000000000000000e+00 0.000000000000000000e+00 0.000000000000000000e+00 0.000000000000000000e+00 0.000000000000000000e+00 0.000000000000000000e+00 0.000000000000000000e+00
8.542159572243690491e-03 1.686367206275463104e-02 2.327817119657993317e-02 5.459417030215263367e-02 1.074389293789863586e-01 1.703388541936874390e-01 1.628053635358810425e-01 1.679432690143585205e-01 1.088888868689537048e-01 5.878644436597824097e-02 3.106383047997951508e-02 2.064617723226547241e-02 1.478329394012689590e-02 1.615445315837860107e-02 8.069345727562904358e-03 4.980299621820449829e-03 5.011820234358310699e-03 4.948778543621301651e-03 2.947202417999505997e-03 2.773837652057409286e-03 1.796690281480550766e-03 1.166272675618529320e-03 1.055949600413441658e-03 5.988967604935169220e-04 8.825847180560231209e-04 8.668242953717708588e-04 3.624901582952588797e-04 5.200945888645946980e-04 2.206461795140057802e-04 3.624901582952588797e-04 9.613869478926062584e-04 3.467297065071761608e-04 0.000000000000000000e+00 0.000000000000000000e+00 0.000000000000000000e+00 0.000000000000000000e+00 0.000000000000000000e+00 0.000000000000000000e+00 0.000000000000000000e+00 0.000000000000000000e+00 0.000000000000000000e+00 0.000000000000000000e+00 0.000000000000000000e+00 0.000000000000000000e+00 0.000000000000000000e+00 0.000000000000000000e+00 0.000000000000000000e+00 0.000000000000000000e+00 2.858313620090484619e-01 5.788179636001586914e-01 1.310953497886657715e-01 4.255319014191627502e-03 0.000000000000000000e+00 0.000000000000000000e+00 0.000000000000000000e+00 0.000000000000000000e+00 0.000000000000000000e+00 0.000000000000000000e+00 0.000000000000000000e+00 0.000000000000000000e+00 0.000000000000000000e+00 0.000000000000000000e+00 0.000000000000000000e+00 0.000000000000000000e+00 0.000000000000000000e+00 0.000000000000000000e+00 0.000000000000000000e+00 0.000000000000000000e+00 0.000000000000000000e+00 0.000000000000000000e+00 0.000000000000000000e+00 0.000000000000000000e+00 0.000000000000000000e+00 0.000000000000000000e+00 0.000000000000000000e+00 1.371158403344452381e-03 1.725768297910690308e-02 1.739637553691864014e-01 5.667769908905029297e-01 2.404412925243377686e-01 1.891252904897555709e-04 0.000000000000000000e+00 0.000000000000000000e+00 0.000000000000000000e+00 0.000000000000000000e+00 0.000000000000000000e+00 0.000000000000000000e+00 0.000000000000000000e+00 0.000000000000000000e+00 0.000000000000000000e+00 0.000000000000000000e+00 0.000000000000000000e+00 0.000000000000000000e+00 0.000000000000000000e+00 0.000000000000000000e+00 0.000000000000000000e+00
1.698641665279865265e-02 3.194476664066314697e-02 3.912009671330451965e-02 4.918605089187622070e-02 4.086336120963096619e-02 4.948082938790321350e-02 6.196758896112442017e-02 8.063922077417373657e-02 8.135212957859039307e-02 7.478903234004974365e-02 8.405682444572448730e-02 8.798597753047943115e-02 8.020839095115661621e-02 6.365915387868881226e-02 2.985774539411067963e-02 1.640683971345424652e-02 1.251215394586324692e-02 1.472887769341468811e-02 2.715577371418476105e-02 2.267516031861305237e-02 2.430686540901660919e-02 9.021085686981678009e-03 7.963516400195658207e-04 2.331006544409319758e-04 6.621146894758567214e-05 0.000000000000000000e+00 0.000000000000000000e+00 0.000000000000000000e+00 0.000000000000000000e+00 0.000000000000000000e+00 0.000000000000000000e+00 0.000000000000000000e+00 0.000000000000000000e+00 0.000000000000000000e+00 0.000000000000000000e+00 0.000000000000000000e+00 0.000000000000000000e+00 0.000000000000000000e+00 0.000000000000000000e+00 0.000000000000000000e+00 0.000000000000000000e+00 0.000000000000000000e+00 0.000000000000000000e+00 0.000000000000000000e+00 0.000000000000000000e+00 0.000000000000000000e+00 5.068351980298757553e-03 1.265772879123687744e-01 6.905657052993774414e-01 4.851849749684333801e-02 2.716393582522869110e-02 2.327197045087814331e-02 3.233024477958679199e-02 3.075931034982204437e-02 1.574472524225711823e-02 0.000000000000000000e+00 0.000000000000000000e+00 0.000000000000000000e+00 0.000000000000000000e+00 0.000000000000000000e+00 0.000000000000000000e+00 0.000000000000000000e+00 0.000000000000000000e+00 0.000000000000000000e+00 0.000000000000000000e+00 0.000000000000000000e+00 0.000000000000000000e+00 0.000000000000000000e+00 0.000000000000000000e+00 0.000000000000000000e+00 0.000000000000000000e+00 0.000000000000000000e+00 1.814012830436695367e-05 7.528153219027444720e-05 2.512407954782247543e-04 1.227633189409971237e-02 4.072186723351478577e-02 5.255286023020744324e-02 4.790626466274261475e-02 4.137074053287506104e-01 3.984560966491699219e-01 3.403450921177864075e-02 0.000000000000000000e+00 0.000000000000000000e+00 0.000000000000000000e+00 0.000000000000000000e+00 0.000000000000000000e+00 0.000000000000000000e+00 0.000000000000000000e+00 0.000000000000000000e+00 0.000000000000000000e+00 0.000000000000000000e+00 0.000000000000000000e+00 0.000000000000000000e+00 0.000000000000000000e+00 0.000000000000000000e+00
5.500614643096923828e-02 2.459320798516273499e-02 2.013633027672767639e-02 2.140181511640548706e-02 2.302104979753494263e-02 2.437105029821395874e-02 2.499996311962604523e-02 2.669629827141761780e-02 3.035671822726726532e-02 3.419382870197296143e-02 3.647200018167495728e-02 3.805750235915184021e-02 4.244617745280265808e-02 4.772447422146797180e-02 5.184057727456092834e-02 5.411813035607337952e-02 5.258884653449058533e-02 5.130383744835853577e-02 5.022171512246131897e-02 5.204185470938682556e-02 4.886775836348533630e-02 4.236932471394538879e-02 3.944148123264312744e-02 4.340610280632972717e-02 4.112088680267333984e-02 1.388241536915302277e-02 3.623106051236391068e-03 1.975453458726406097e-03 1.280807424336671829e-03 7.821253384463489056e-04 7.323312456719577312e-04 9.266887791454792023e-04 0.000000000000000000e+00 0.000000000000000000e+00 0.000000000000000000e+00 0.000000000000000000e+00 0.000000000000000000e+00 0.000000000000000000e+00 0.000000000000000000e+00 0.000000000000000000e+00 0.000000000000000000e+00 0.000000000000000000e+00 0.000000000000000000e+00 3.072405699640512466e-03 3.397179394960403442e-02 6.976829469203948975e-02 6.916323304176330566e-02 1.364282369613647461e-01 4.262229800224304199e-01 2.160034924745559692e-01 4.170630872249603271e-02 3.535132389515638351e-03 1.281301665585488081e-04 0.000000000000000000e+00 0.000000000000000000e+00 0.000000000000000000e+00 0.000000000000000000e+00 0.000000000000000000e+00 0.000000000000000000e+00 0.000000000000000000e+00 0.000000000000000000e+00 0.000000000000000000e+00 0.000000000000000000e+00 0.000000000000000000e+00 0.000000000000000000e+00 0.000000000000000000e+00 0.000000000000000000e+00 0.000000000000000000e+00 0.000000000000000000e+00 0.000000000000000000e+00 0.000000000000000000e+00 0.000000000000000000e+00 0.000000000000000000e+00 0.000000000000000000e+00 3.990939876530319452e-05 2.360461745411157608e-03 1.584328897297382355e-02 8.317662030458450317e-02 2.291766852140426636e-01 3.722953796386718750e-01 1.997026652097702026e-01 4.955313727259635925e-02 4.370462149381637573e-02 4.147241357713937759e-03 0.000000000000000000e+00 0.000000000000000000e+00 0.000000000000000000e+00 0.000000000000000000e+00 0.000000000000000000e+00 0.000000000000000000e+00 0.000000000000000000e+00 0.000000000000000000e+00 0.000000000000000000e+00 0.000000000000000000e+00 0.000000000000000000e+00 0.000000000000000000e+00
4.822233750019222498e-04 2.433944027870893478e-03 1.005535572767257690e-02 3.130742534995079041e-02 5.706785246729850769e-02 4.609941318631172180e-02 3.014609403908252716e-02 3.286252170801162720e-02 4.358842596411705017e-02 6.169320270419120789e-02 8.407235890626907349e-02 5.158933997154235840e-02 3.080522827804088593e-02 3.547908365726470947e-02 4.591394215822219849e-02 5.092164501547813416e-02 3.582434356212615967e-02 3.094504401087760925e-02 4.307196289300918579e-02 3.957941010594367981e-02 3.576442226767539978e-02 6.497175246477127075e-02 4.860183596611022949e-02 4.098613187670707703e-02 2.429663948714733124e-02 1.246076542884111404e-02 5.994977895170450211e-03 2.048735972493886948e-03 7.190549513325095177e-04 2.168578503187745810e-04 0.000000000000000000e+00 0.000000000000000000e+00 0.000000000000000000e+00 0.000000000000000000e+00 0.000000000000000000e+00 0.000000000000000000e+00 0.000000000000000000e+00 0.000000000000000000e+00 0.000000000000000000e+00 0.000000000000000000e+00 0.000000000000000000e+00 0.000000000000000000e+00 0.000000000000000000e+00 5.304171517491340637e-02 4.788278415799140930e-02 2.157735638320446014e-02 1.435627490282058716e-01 1.672373414039611816e-01 8.823831379413604736e-02 1.115334108471870422e-01 1.349169611930847168e-01 1.911373585462570190e-01 1.015237160027027130e-02 1.370484475046396255e-02 6.959424819797277451e-03 2.322661690413951874e-03 3.027449594810605049e-03 2.602294087409973145e-03 1.957427477464079857e-03 1.455230230931192636e-04 0.000000000000000000e+00 0.000000000000000000e+00 0.000000000000000000e+00 0.000000000000000000e+00 0.000000000000000000e+00 0.000000000000000000e+00 0.000000000000000000e+00 0.000000000000000000e+00 0.000000000000000000e+00 0.000000000000000000e+00 2.197112335124984384e-04 1.036352198570966721e-02 5.826627835631370544e-03 4.531187471002340317e-03 5.561262369155883789e-03 2.838269621133804321e-02 2.057267576456069946e-01 1.907550096511840820e-01 1.220339015126228333e-01 8.732237666845321655e-02 1.056868135929107666e-01 4.711522161960601807e-02 3.858928382396697998e-02 5.249672010540962219e-02 9.187353402376174927e-02 3.515379736199975014e-03 0.000000000000000000e+00 0.000000000000000000e+00 0.000000000000000000e+00 0.000000000000000000e+00 0.000000000000000000e+00 0.000000000000000000e+00 0.000000000000000000e+00 0.000000000000000000e+00 0.000000000000000000e+00 0.000000000000000000e+00
1.391009209328331053e-05 2.695080365811008960e-05 1.825699655455537140e-05 1.651823367865290493e-05 1.912637708301190287e-05 1.912637708301190287e-05 1.825699655455537140e-05 3.738337181857787073e-05 7.824426575098186731e-05 2.529897901695221663e-04 1.097158528864383698e-03 5.122391507029533386e-03 2.140415459871292114e-02 5.272185802459716797e-02 8.297978341579437256e-02 1.048594936728477478e-01 1.642173379659652710e-01 1.859083771705627441e-01 1.257515847682952881e-01 9.129106253385543823e-02 5.759473517537117004e-02 5.247321352362632751e-02 3.764679655432701111e-02 1.056123711168766022e-02 1.767451060004532337e-03 1.197137287817895412e-03 1.009351108223199844e-03 7.511449512094259262e-04 6.676844204775989056e-04 4.572942852973937988e-04 1.999575761146843433e-05 0.000000000000000000e+00 0.000000000000000000e+00 0.000000000000000000e+00 0.000000000000000000e+00 0.000000000000000000e+00 0.000000000000000000e+00 0.000000000000000000e+00 0.000000000000000000e+00 0.000000000000000000e+00 0.000000000000000000e+00 0.000000000000000000e+00 0.000000000000000000e+00 0.000000000000000000e+00 0.000000000000000000e+00 0.000000000000000000e+00 3.567242994904518127e-02 1.436608284711837769e-01 3.108557872474193573e-02 1.142714079469442368e-02 3.957334160804748535e-02 3.377083539962768555e-01 3.962107300758361816e-01 1.579664880409836769e-03 1.361450296826660633e-03 1.568362931720912457e-03 1.521416270406916738e-04 0.000000000000000000e+00 0.000000000000000000e+00 0.000000000000000000e+00 0.000000000000000000e+00 0.000000000000000000e+00 0.000000000000000000e+00 0.000000000000000000e+00 0.000000000000000000e+00 0.000000000000000000e+00 0.000000000000000000e+00 0.000000000000000000e+00 0.000000000000000000e+00 0.000000000000000000e+00 0.000000000000000000e+00 0.000000000000000000e+00 1.643998920917510986e-02 1.727277040481567383e-01 1.072650700807571411e-01 4.559032618999481201e-01 1.808398962020874023e-02 1.212699245661497116e-02 1.560712326318025589e-02 1.157484874129295349e-01 8.584352582693099976e-02 2.538591797929257154e-04 0.000000000000000000e+00 0.000000000000000000e+00 0.000000000000000000e+00 0.000000000000000000e+00 0.000000000000000000e+00 0.000000000000000000e+00 0.000000000000000000e+00 0.000000000000000000e+00 0.000000000000000000e+00 0.000000000000000000e+00 0.000000000000000000e+00 0.000000000000000000e+00 0.000000000000000000e+00 0.000000000000000000e+00
1.367043005302548409e-04 5.018745549023151398e-03 7.634890731424093246e-03 5.760343745350837708e-03 9.980307891964912415e-03 2.050296403467655182e-02 2.843360044062137604e-02 1.821651868522167206e-02 1.185842789709568024e-02 1.682713814079761505e-02 4.314584285020828247e-02 4.189495369791984558e-02 4.379451647400856018e-02 4.781880602240562439e-02 5.684844031929969788e-02 7.091468572616577148e-02 9.045089036226272583e-02 9.458865225315093994e-02 7.572167366743087769e-02 4.855951294302940369e-02 6.131679192185401917e-02 7.348436862230300903e-02 5.704053863883018494e-02 3.473182767629623413e-02 1.335234660655260086e-02 1.111593563109636307e-02 8.704400621354579926e-03 1.985339680686593056e-03 1.590416068211197853e-04 1.786984284990467131e-06 0.000000000000000000e+00 0.000000000000000000e+00 0.000000000000000000e+00 0.000000000000000000e+00 0.000000000000000000e+00 0.000000000000000000e+00 0.000000000000000000e+00 0.000000000000000000e+00 0.000000000000000000e+00 0.000000000000000000e+00 0.000000000000000000e+00 0.000000000000000000e+00 0.000000000000000000e+00 0.000000000000000000e+00 0.000000000000000000e+00 0.000000000000000000e+00 0.000000000000000000e+00 0.000000000000000000e+00 4.217282985337078571e-04 1.895722374320030212e-02 1.294464617967605591e-01 2.030916661024093628e-01 2.572069168090820312e-01 1.492980718612670898e-01 1.785822808742523193e-01 6.297601014375686646e-02 1.965682713489513844e-05 0.000000000000000000e+00 0.000000000000000000e+00 0.000000000000000000e+00 0.000000000000000000e+00 0.000000000000000000e+00 0.000000000000000000e+00 0.000000000000000000e+00 0.000000000000000000e+00 0.000000000000000000e+00 0.000000000000000000e+00 0.000000000000000000e+00 0.000000000000000000e+00 0.000000000000000000e+00 0.000000000000000000e+00 0.000000000000000000e+00 6.611841672565788031e-05 3.588979318737983704e-02 1.679792106151580811e-01 4.935221672058105469e-01 1.996472477912902832e-01 7.139717042446136475e-02 2.441467344760894775e-02 7.083605974912643433e-03 0.000000000000000000e+00 0.000000000000000000e+00 0.000000000000000000e+00 0.000000000000000000e+00 0.000000000000000000e+00 0.000000000000000000e+00 0.000000000000000000e+00 0.000000000000000000e+00 0.000000000000000000e+00 0.000000000000000000e+00 0.000000000000000000e+00 0.000000000000000000e+00 0.000000000000000000e+00 0.000000000000000000e+00 0.000000000000000000e+00 0.000000000000000000e+00
7.858687895350158215e-04 1.444268226623535156e-02 3.392934426665306091e-02 2.527181059122085571e-02 3.544340282678604126e-02 5.225666984915733337e-02 4.265465214848518372e-02 8.263590186834335327e-02 6.560490280389785767e-02 4.075126349925994873e-02 2.795962430536746979e-02 1.913482323288917542e-02 1.070367731153964996e-02 9.979812428355216980e-03 1.097620744258165359e-02 1.147800963371992111e-02 1.368421036750078201e-02 2.268781512975692749e-02 4.922566562891006470e-02 1.092573925852775574e-01 1.682018786668777466e-01 8.592069149017333984e-02 4.133092984557151794e-02 1.675847172737121582e-02 1.922134077176451683e-03 1.110309967771172523e-03 5.767844268120825291e-04 6.171593558974564075e-04 6.589762051589787006e-04 5.306417006067931652e-04 8.752703433856368065e-04 2.633020980283617973e-03 0.000000000000000000e+00 0.000000000000000000e+00 0.000000000000000000e+00 0.000000000000000000e+00 0.000000000000000000e+00 0.000000000000000000e+00 0.000000000000000000e+00 0.000000000000000000e+00 0.000000000000000000e+00 0.000000000000000000e+00 0.000000000000000000e+00 0.000000000000000000e+00 0.000000000000000000e+00 0.000000000000000000e+00 0.000000000000000000e+00 2.883922206819988787e-05 2.715630829334259033e-01 6.521384119987487793e-01 6.870944797992706299e-02 3.868781495839357376e-03 1.751982723362743855e-03 1.378514803946018219e-03 5.609228392131626606e-04 0.000000000000000000e+00 0.000000000000000000e+00 0.000000000000000000e+00 0.000000000000000000e+00 0.000000000000000000e+00 0.000000000000000000e+00 0.000000000000000000e+00 0.000000000000000000e+00 0.000000000000000000e+00 0.000000000000000000e+00 0.000000000000000000e+00 0.000000000000000000e+00 0.000000000000000000e+00 0.000000000000000000e+00 0.000000000000000000e+00 0.000000000000000000e+00 0.000000000000000000e+00 0.000000000000000000e+00 0.000000000000000000e+00 0.000000000000000000e+00 4.325883310229983181e-06 3.899062750861048698e-03 5.277087092399597168e-01 1.747628003358840942e-01 2.932689189910888672e-01 3.561643825378268957e-04 0.000000000000000000e+00 0.000000000000000000e+00 0.000000000000000000e+00 0.000000000000000000e+00 0.000000000000000000e+00 0.000000000000000000e+00 0.000000000000000000e+00 0.000000000000000000e+00 0.000000000000000000e+00 0.000000000000000000e+00 0.000000000000000000e+00 0.000000000000000000e+00 0.000000000000000000e+00 0.000000000000000000e+00 0.000000000000000000e+00
1.510840374976396561e-02 1.266452390700578690e-02 1.463946979492902756e-02 1.929441653192043304e-02 1.943000406026840210e-02 2.150085382163524628e-02 3.154754638671875000e-02 4.295210167765617371e-02 5.045636743307113647e-02 5.477995052933692932e-02 5.448628962039947510e-02 6.174186989665031433e-02 6.905499100685119629e-02 7.754342257976531982e-02 7.919494062662124634e-02 7.413654029369354248e-02 5.680714920163154602e-02 4.235154762864112854e-02 3.551926836371421814e-02 2.926835790276527405e-02 2.376681566238403320e-02 2.109541371464729309e-02 2.024419046938419342e-02 1.960395276546478271e-02 1.796896755695343018e-02 1.140256877988576889e-02 8.120031096041202545e-03 5.778668448328971863e-03 3.512044204398989677e-03 2.488855272531509399e-03 1.693188911303877831e-03 1.847295556217432022e-03 0.000000000000000000e+00 0.000000000000000000e+00 0.000000000000000000e+00 0.000000000000000000e+00 0.000000000000000000e+00 0.000000000000000000e+00 0.000000000000000000e+00 0.000000000000000000e+00 0.000000000000000000e+00 0.000000000000000000e+00 2.711747765715699643e-05 7.149754674173891544e-04 1.174649782478809357e-02 3.132994845509529114e-02 8.212825655937194824e-02 1.672910302877426147e-01 3.868348002433776855e-01 1.221781298518180847e-01 4.611228033900260925e-02 5.915644764900207520e-02 7.727026194334030151e-02 1.481341850012540817e-02 3.968411474488675594e-04 0.000000000000000000e+00 0.000000000000000000e+00 0.000000000000000000e+00 0.000000000000000000e+00 0.000000000000000000e+00 0.000000000000000000e+00 0.000000000000000000e+00 0.000000000000000000e+00 0.000000000000000000e+00 0.000000000000000000e+00 0.000000000000000000e+00 0.000000000000000000e+00 0.000000000000000000e+00 0.000000000000000000e+00 0.000000000000000000e+00 0.000000000000000000e+00 0.000000000000000000e+00 2.447187143843621016e-04 6.887177936732769012e-03 2.166157402098178864e-02 7.238448411226272583e-02 1.145376116037368774e-01 1.246828585863113403e-01 2.364611029624938965e-01 3.324735164642333984e-01 7.821011543273925781e-02 1.185695175081491470e-02 5.998915294185280800e-04 0.000000000000000000e+00 0.000000000000000000e+00 0.000000000000000000e+00 0.000000000000000000e+00 0.000000000000000000e+00 0.000000000000000000e+00 0.000000000000000000e+00 0.000000000000000000e+00 0.000000000000000000e+00 0.000000000000000000e+00 0.000000000000000000e+00 0.000000000000000000e+00 0.000000000000000000e+00
8.548712357878684998e-03 8.263371884822845459e-03 1.034769043326377869e-01 2.993493974208831787e-01 2.239032536745071411e-01 1.282936036586761475e-01 8.573259413242340088e-02 7.463087141513824463e-02 4.371833056211471558e-02 1.453467272222042084e-02 3.411686979234218597e-03 9.242569794878363609e-04 4.643438733182847500e-04 2.321719366591423750e-04 1.497597695561125875e-04 1.524182152934372425e-04 1.444428489776328206e-04 1.533043687231838703e-04 2.055873628705739975e-04 3.597778850235044956e-04 4.537100612651556730e-04 5.104237934574484825e-04 4.085162654519081116e-04 3.261041129007935524e-04 3.314210043754428625e-04 3.837039985228329897e-04 6.016975385136902332e-04 3.278764197602868080e-04 7.089219707268057391e-06 0.000000000000000000e+00 0.000000000000000000e+00 0.000000000000000000e+00 0.000000000000000000e+00 0.000000000000000000e+00 0.000000000000000000e+00 0.000000000000000000e+00 0.000000000000000000e+00 0.000000000000000000e+00 0.000000000000000000e+00 0.000000000000000000e+00 0.000000000000000000e+00 0.000000000000000000e+00 0.000000000000000000e+00 0.000000000000000000e+00 0.000000000000000000e+00 0.000000000000000000e+00 0.000000000000000000e+00 7.266450120368972421e-05 9.891579151153564453e-01 1.076941099017858505e-02 0.000000000000000000e+00 0.000000000000000000e+00 0.000000000000000000e+00 0.000000000000000000e+00 0.000000000000000000e+00 0.000000000000000000e+00 0.000000000000000000e+00 0.000000000000000000e+00 0.000000000000000000e+00 0.000000000000000000e+00 0.000000000000000000e+00 0.000000000000000000e+00 0.000000000000000000e+00 0.000000000000000000e+00 0.000000000000000000e+00 0.000000000000000000e+00 0.000000000000000000e+00 0.000000000000000000e+00 0.000000000000000000e+00 0.000000000000000000e+00 0.000000000000000000e+00 0.000000000000000000e+00 0.000000000000000000e+00 0.000000000000000000e+00 0.000000000000000000e+00 0.000000000000000000e+00 0.000000000000000000e+00 4.430762146512279287e-06 1.573363691568374634e-02 9.815653562545776367e-01 2.696561859920620918e-03 0.000000000000000000e+00 0.000000000000000000e+00 0.000000000000000000e+00 0.000000000000000000e+00 0.000000000000000000e+00 0.000000000000000000e+00 0.000000000000000000e+00 0.000000000000000000e+00 0.000000000000000000e+00 0.000000000000000000e+00 0.000000000000000000e+00 0.000000000000000000e+00 0.000000000000000000e+00 0.000000000000000000e+00 0.000000000000000000e+00
1.420196622348157689e-05 4.564917617244645953e-05 3.336447523906826973e-03 1.118100527673959732e-02 6.214476004242897034e-02 7.892032712697982788e-02 8.875214308500289917e-02 8.463458716869354248e-02 5.743985250592231750e-02 4.657636210322380066e-02 4.315064474940299988e-02 5.619616433978080750e-02 6.921733915805816650e-02 6.164160370826721191e-02 5.545461922883987427e-02 7.858759164810180664e-02 8.357045799493789673e-02 4.822480678558349609e-02 2.095500193536281586e-02 1.734364405274391174e-02 1.349592581391334534e-02 6.492327433079481125e-03 3.339490853250026703e-03 1.658586785197257996e-03 7.608195883221924305e-04 7.679205737076699734e-04 9.008104098029434681e-04 1.148330396972596645e-03 8.074832148849964142e-04 3.915684937965124846e-04 7.942956872284412384e-04 2.055227290838956833e-03 0.000000000000000000e+00 0.000000000000000000e+00 0.000000000000000000e+00 0.000000000000000000e+00 0.000000000000000000e+00 0.000000000000000000e+00 0.000000000000000000e+00 0.000000000000000000e+00 0.000000000000000000e+00 0.000000000000000000e+00 0.000000000000000000e+00 0.000000000000000000e+00 0.000000000000000000e+00 0.000000000000000000e+00 0.000000000000000000e+00 8.141783997416496277e-03 7.413568496704101562e-01 4.312629997730255127e-02 4.754716902971267700e-02 6.797771155834197998e-02 7.627876102924346924e-02 1.556738372892141342e-02 4.057704700244357809e-06 0.000000000000000000e+00 0.000000000000000000e+00 0.000000000000000000e+00 0.000000000000000000e+00 0.000000000000000000e+00 0.000000000000000000e+00 0.000000000000000000e+00 0.000000000000000000e+00 0.000000000000000000e+00 0.000000000000000000e+00 0.000000000000000000e+00 0.000000000000000000e+00 0.000000000000000000e+00 0.000000000000000000e+00 0.000000000000000000e+00 0.000000000000000000e+00 0.000000000000000000e+00 0.000000000000000000e+00 0.000000000000000000e+00 4.777947324328124523e-04 2.583946287631988525e-02 6.682734936475753784e-02 7.751534879207611084e-02 1.295503377914428711e-01 6.852114200592041016e-01 1.457831822335720062e-02 0.000000000000000000e+00 0.000000000000000000e+00 0.000000000000000000e+00 0.000000000000000000e+00 0.000000000000000000e+00 0.000000000000000000e+00 0.000000000000000000e+00 0.000000000000000000e+00 0.000000000000000000e+00 0.000000000000000000e+00 0.000000000000000000e+00 0.000000000000000000e+00 0.000000000000000000e+00 0.000000000000000000e+00 0.000000000000000000e+00
1.706318743526935577e-02 1.797152869403362274e-02 5.958997830748558044e-02 8.018750697374343872e-02 6.852515041828155518e-02 6.135517358779907227e-02 7.720109075307846069e-02 1.201690062880516052e-01 1.278177052736282349e-01 1.110235676169395447e-01 6.645378470420837402e-02 1.848532818257808685e-02 6.501116789877414703e-03 6.410354748368263245e-03 5.926369223743677139e-03 5.545359104871749878e-03 8.271221071481704712e-03 1.901062391698360443e-02 3.125107660889625549e-02 2.717288210988044739e-02 1.689411513507366180e-02 1.058003120124340057e-02 7.395209278911352158e-03 5.876677110791206360e-03 4.968815017491579056e-03 3.928042482584714890e-03 2.819976536557078362e-03 2.101541729643940926e-03 1.816083560697734356e-03 1.869008294306695461e-03 2.629471477121114731e-03 3.189012641087174416e-03 0.000000000000000000e+00 0.000000000000000000e+00 0.000000000000000000e+00 0.000000000000000000e+00 0.000000000000000000e+00 0.000000000000000000e+00 0.000000000000000000e+00 0.000000000000000000e+00 0.000000000000000000e+00 0.000000000000000000e+00 0.000000000000000000e+00 0.000000000000000000e+00 0.000000000000000000e+00 2.514522020646836609e-05 7.279864698648452759e-02 1.984442770481109619e-01 2.118816375732421875e-01 1.808456145226955414e-02 2.676888136193156242e-03 1.517011132091283798e-02 3.073811531066894531e-02 7.957911491394042969e-02 2.061977386474609375e-01 1.644037514925003052e-01 0.000000000000000000e+00 0.000000000000000000e+00 0.000000000000000000e+00 0.000000000000000000e+00 0.000000000000000000e+00 0.000000000000000000e+00 0.000000000000000000e+00 0.000000000000000000e+00 0.000000000000000000e+00 0.000000000000000000e+00 0.000000000000000000e+00 0.000000000000000000e+00 0.000000000000000000e+00 0.000000000000000000e+00 0.000000000000000000e+00 0.000000000000000000e+00 0.000000000000000000e+00 0.000000000000000000e+00 0.000000000000000000e+00 2.063701748847961426e-01 2.357001602649688721e-01 5.111029371619224548e-02 1.276873052120208740e-01 6.902458518743515015e-02 5.481981113553047180e-02 8.645153790712356567e-02 1.412218958139419556e-01 2.758622169494628906e-02 2.011617652897257358e-05 7.902783181634731591e-06 0.000000000000000000e+00 0.000000000000000000e+00 0.000000000000000000e+00 0.000000000000000000e+00 0.000000000000000000e+00 0.000000000000000000e+00 0.000000000000000000e+00 0.000000000000000000e+00 0.000000000000000000e+00 0.000000000000000000e+00
9.920423850417137146e-03 1.335719600319862366e-02 2.581383287906646729e-02 2.776425331830978394e-02 3.185528516769409180e-02 5.555988848209381104e-02 8.448336273431777954e-02 8.310827612876892090e-02 5.305885896086692810e-02 4.807772859930992126e-02 2.352391928434371948e-02 4.709538444876670837e-02 5.234659090638160706e-02 4.064311459660530090e-02 1.646018214523792267e-02 8.670860901474952698e-03 9.128273464739322662e-03 1.108440011739730835e-02 1.293877325952053070e-02 3.453319147229194641e-02 6.300876289606094360e-02 2.105712704360485077e-02 3.555927798151969910e-02 7.294440269470214844e-02 1.070144772529602051e-01 1.073349546641111374e-02 2.577104023657739162e-04 9.509608389635104686e-07 0.000000000000000000e+00 0.000000000000000000e+00 0.000000000000000000e+00 0.000000000000000000e+00 0.000000000000000000e+00 0.000000000000000000e+00 0.000000000000000000e+00 0.000000000000000000e+00 0.000000000000000000e+00 0.000000000000000000e+00 0.000000000000000000e+00 0.000000000000000000e+00 0.000000000000000000e+00 0.000000000000000000e+00 0.000000000000000000e+00 0.000000000000000000e+00 0.000000000000000000e+00 0.000000000000000000e+00 0.000000000000000000e+00 1.033142879605293274e-01 4.381247758865356445e-01 3.998419642448425293e-01 5.646044760942459106e-02 2.258531982079148293e-03 0.000000000000000000e+00 0.000000000000000000e+00 0.000000000000000000e+00 0.000000000000000000e+00 0.000000000000000000e+00 0.000000000000000000e+00 0.000000000000000000e+00 0.000000000000000000e+00 0.000000000000000000e+00 0.000000000000000000e+00 0.000000000000000000e+00 0.000000000000000000e+00 0.000000000000000000e+00 0.000000000000000000e+00 0.000000000000000000e+00 0.000000000000000000e+00 0.000000000000000000e+00 0.000000000000000000e+00 0.000000000000000000e+00 0.000000000000000000e+00 0.000000000000000000e+00 0.000000000000000000e+00 0.000000000000000000e+00 0.000000000000000000e+00 0.000000000000000000e+00 1.350364414975047112e-03 2.338764518499374390e-01 5.212910771369934082e-01 1.812693029642105103e-01 6.221280992031097412e-02 0.000000000000000000e+00 0.000000000000000000e+00 0.000000000000000000e+00 0.000000000000000000e+00 0.000000000000000000e+00 0.000000000000000000e+00 0.000000000000000000e+00 0.000000000000000000e+00 0.000000000000000000e+00 0.000000000000000000e+00 0.000000000000000000e+00 0.000000000000000000e+00 0.000000000000000000e+00 0.000000000000000000e+00
1.005261856334982440e-05 4.021047425339929760e-05 1.529434084659442306e-04 4.301084554754197598e-04 1.927948556840419769e-03 4.187633749097585678e-03 3.472461597993969917e-03 2.495921449735760689e-03 8.437736891210079193e-03 8.408871293067932129e-02 1.397493481636047363e-01 1.787585318088531494e-01 1.447110325098037720e-01 5.777024477720260620e-02 1.662559434771537781e-02 1.620697416365146637e-02 1.288961060345172882e-02 1.005692686885595322e-02 1.191450655460357666e-02 1.091642584651708603e-02 1.040661428123712540e-02 1.377854961901903152e-02 2.974354289472103119e-02 7.899922132492065430e-02 8.793959021568298340e-02 5.201942846179008484e-02 2.106238901615142822e-02 1.093581202439963818e-03 1.048344493028707802e-04 7.898485819168854505e-06 1.436088268746971153e-06 0.000000000000000000e+00 0.000000000000000000e+00 0.000000000000000000e+00 0.000000000000000000e+00 0.000000000000000000e+00 0.000000000000000000e+00 0.000000000000000000e+00 0.000000000000000000e+00 0.000000000000000000e+00 0.000000000000000000e+00 0.000000000000000000e+00 0.000000000000000000e+00 0.000000000000000000e+00 0.000000000000000000e+00 0.000000000000000000e+00 0.000000000000000000e+00 3.590220785554265603e-06 9.000367522239685059e-01 3.271696344017982483e-02 5.489878356456756592e-02 1.233599893748760223e-02 7.898485819168854505e-06 0.000000000000000000e+00 0.000000000000000000e+00 0.000000000000000000e+00 0.000000000000000000e+00 0.000000000000000000e+00 0.000000000000000000e+00 0.000000000000000000e+00 0.000000000000000000e+00 0.000000000000000000e+00 0.000000000000000000e+00 0.000000000000000000e+00 0.000000000000000000e+00 0.000000000000000000e+00 0.000000000000000000e+00 0.000000000000000000e+00 0.000000000000000000e+00 0.000000000000000000e+00 0.000000000000000000e+00 0.000000000000000000e+00 0.000000000000000000e+00 0.000000000000000000e+00 0.000000000000000000e+00 3.159394327667541802e-05 6.868810392916202545e-03 5.126763507723808289e-02 3.119614720344543457e-02 9.105640053749084473e-01 7.180441753007471561e-05 0.000000000000000000e+00 0.000000000000000000e+00 0.000000000000000000e+00 0.000000000000000000e+00 0.000000000000000000e+00 0.000000000000000000e+00 0.000000000000000000e+00 0.000000000000000000e+00 0.000000000000000000e+00 0.000000000000000000e+00 0.000000000000000000e+00 0.000000000000000000e+00 0.000000000000000000e+00 0.000000000000000000e+00 0.000000000000000000e+00
4.911890253424644470e-02 9.702262282371520996e-02 8.825394511222839355e-02 7.740256935358047485e-02 6.928177177906036377e-02 7.519366592168807983e-02 7.405407726764678955e-02 6.682144105434417725e-02 5.773356184363365173e-02 4.850914701819419861e-02 3.536328673362731934e-02 2.664455585181713104e-02 1.962405070662498474e-02 1.464993506669998169e-02 1.166876312345266342e-02 1.171072386205196381e-02 1.463844627141952515e-02 2.235162816941738129e-02 2.540390007197856903e-02 2.891157194972038269e-02 2.394744940102100372e-02 1.651816256344318390e-02 1.404401008039712906e-02 9.957053698599338531e-03 5.814983509480953217e-03 4.178369417786598206e-03 3.527653403580188751e-03 2.173937624320387840e-03 1.461280393414199352e-03 1.188372611068189144e-03 1.362041221000254154e-03 1.468107220716774464e-03 0.000000000000000000e+00 0.000000000000000000e+00 0.000000000000000000e+00 0.000000000000000000e+00 0.000000000000000000e+00 0.000000000000000000e+00 0.000000000000000000e+00 0.000000000000000000e+00 0.000000000000000000e+00 0.000000000000000000e+00 0.000000000000000000e+00 0.000000000000000000e+00 0.000000000000000000e+00 0.000000000000000000e+00 1.017201691865921021e-03 3.939829021692276001e-02 2.983474731445312500e-01 3.908192515373229980e-01 1.876752972602844238e-01 7.637853920459747314e-02 6.360799074172973633e-03 3.163665496686007828e-06 0.000000000000000000e+00 0.000000000000000000e+00 0.000000000000000000e+00 0.000000000000000000e+00 0.000000000000000000e+00 0.000000000000000000e+00 0.000000000000000000e+00 0.000000000000000000e+00 0.000000000000000000e+00 0.000000000000000000e+00 0.000000000000000000e+00 0.000000000000000000e+00 0.000000000000000000e+00 0.000000000000000000e+00 0.000000000000000000e+00 0.000000000000000000e+00 0.000000000000000000e+00 0.000000000000000000e+00 4.279273707652464509e-05 2.631670096889138222e-03 1.134290639311075211e-02 4.323431849479675293e-02 1.210113689303398132e-01 2.074630260467529297e-01 2.541064321994781494e-01 3.218696415424346924e-01 3.538743034005165100e-02 2.910405630245804787e-03 0.000000000000000000e+00 0.000000000000000000e+00 0.000000000000000000e+00 0.000000000000000000e+00 0.000000000000000000e+00 0.000000000000000000e+00 0.000000000000000000e+00 0.000000000000000000e+00 0.000000000000000000e+00 0.000000000000000000e+00 0.000000000000000000e+00 0.000000000000000000e+00 0.000000000000000000e+00 0.000000000000000000e+00
1.690502278506755829e-02 1.987086050212383270e-02 2.773009799420833588e-02 3.439410030841827393e-02 4.182826727628707886e-02 5.891179293394088745e-02 6.422074139118194580e-02 5.415369570255279541e-02 5.255231261253356934e-02 5.828335508704185486e-02 6.744373589754104614e-02 7.836960256099700928e-02 4.161371290683746338e-02 2.747139148414134979e-02 2.817361243069171906e-02 2.795715071260929108e-02 2.689102850854396820e-02 2.135705202817916870e-02 1.986015029251575470e-02 1.867919415235519409e-02 1.848998479545116425e-02 1.808312349021434784e-02 1.821485720574855804e-02 2.063555456697940826e-02 3.067749179899692535e-02 4.571445286273956299e-02 3.728044405579566956e-02 1.737971417605876923e-02 4.328982904553413391e-03 1.589602208696305752e-03 7.877801544964313507e-04 1.511300215497612953e-04 0.000000000000000000e+00 0.000000000000000000e+00 0.000000000000000000e+00 0.000000000000000000e+00 0.000000000000000000e+00 0.000000000000000000e+00 0.000000000000000000e+00 0.000000000000000000e+00 0.000000000000000000e+00 0.000000000000000000e+00 0.000000000000000000e+00 0.000000000000000000e+00 0.000000000000000000e+00 1.536290277726948261e-03 2.695052884519100189e-02 3.621143102645874023e-01 3.716614544391632080e-01 1.806135922670364380e-01 3.776334598660469055e-02 1.393728237599134445e-02 3.470159601420164108e-03 1.893766340799629688e-03 5.664401032845489681e-05 2.618000507936812937e-06 0.000000000000000000e+00 0.000000000000000000e+00 0.000000000000000000e+00 0.000000000000000000e+00 0.000000000000000000e+00 0.000000000000000000e+00 0.000000000000000000e+00 0.000000000000000000e+00 0.000000000000000000e+00 0.000000000000000000e+00 0.000000000000000000e+00 0.000000000000000000e+00 0.000000000000000000e+00 0.000000000000000000e+00 1.190000148199032992e-06 6.652101001236587763e-05 3.177300386596471071e-04 8.578711422160267830e-04 1.801541307941079140e-03 1.123705320060253143e-02 2.170691266655921936e-02 3.376447036862373352e-02 1.607636660337448120e-01 3.268354535102844238e-01 4.096085429191589355e-01 2.591058798134326935e-02 7.122864946722984314e-03 5.593000878434395418e-06 0.000000000000000000e+00 0.000000000000000000e+00 0.000000000000000000e+00 0.000000000000000000e+00 0.000000000000000000e+00 0.000000000000000000e+00 0.000000000000000000e+00 0.000000000000000000e+00 0.000000000000000000e+00 0.000000000000000000e+00 0.000000000000000000e+00 0.000000000000000000e+00
1.235551945865154266e-02 4.181876406073570251e-02 6.189255416393280029e-02 7.631726562976837158e-02 6.872262805700302124e-02 7.457666844129562378e-02 2.891341224312782288e-02 2.028743177652359009e-02 1.564258895814418793e-02 1.492032315582036972e-02 1.513071265071630478e-02 1.466113142669200897e-02 1.555040758103132248e-02 1.799158006906509399e-02 1.484549324959516525e-02 1.293571852147579193e-02 1.433253288269042969e-02 1.719339936971664429e-02 2.376970835030078888e-02 3.676724061369895935e-02 6.051851436495780945e-02 8.056952804327011108e-02 8.255738765001296997e-02 7.640510797500610352e-02 4.936134815216064453e-02 3.180898353457450867e-02 1.467306073755025864e-02 3.982223104685544968e-03 7.558849756605923176e-04 8.567418990423902869e-05 8.025177521631121635e-05 5.769451963715255260e-04 0.000000000000000000e+00 0.000000000000000000e+00 0.000000000000000000e+00 0.000000000000000000e+00 0.000000000000000000e+00 0.000000000000000000e+00 0.000000000000000000e+00 0.000000000000000000e+00 0.000000000000000000e+00 0.000000000000000000e+00 0.000000000000000000e+00 0.000000000000000000e+00 0.000000000000000000e+00 5.422416961664566770e-06 1.324479654431343079e-02 2.924634888768196106e-02 3.482146263122558594e-01 2.148079723119735718e-01 1.211433038115501404e-01 1.234066262841224670e-01 1.264312416315078735e-01 1.966493763029575348e-02 3.493121126666665077e-03 2.234035928267985582e-04 1.160397296189330518e-04 2.168966830140561797e-06 0.000000000000000000e+00 0.000000000000000000e+00 0.000000000000000000e+00 0.000000000000000000e+00 0.000000000000000000e+00 0.000000000000000000e+00 0.000000000000000000e+00 0.000000000000000000e+00 0.000000000000000000e+00 0.000000000000000000e+00 0.000000000000000000e+00 0.000000000000000000e+00 0.000000000000000000e+00 0.000000000000000000e+00 0.000000000000000000e+00 0.000000000000000000e+00 0.000000000000000000e+00 1.618049223907291889e-03 9.441512636840343475e-03 2.709158957004547119e-01 3.023409545421600342e-01 1.795622557401657104e-01 2.211966663599014282e-01 1.380872726440429688e-02 1.115933409892022610e-03 0.000000000000000000e+00 0.000000000000000000e+00 0.000000000000000000e+00 0.000000000000000000e+00 0.000000000000000000e+00 0.000000000000000000e+00 0.000000000000000000e+00 0.000000000000000000e+00 0.000000000000000000e+00 0.000000000000000000e+00 0.000000000000000000e+00 0.000000000000000000e+00 0.000000000000000000e+00
8.194692432880401611e-03 3.411841765046119690e-02 9.243167191743850708e-02 7.466962933540344238e-02 6.238721683621406555e-02 4.972106590867042542e-02 2.349062450230121613e-02 2.838020771741867065e-02 4.363762959837913513e-02 5.089704319834709167e-02 5.769431963562965393e-02 5.244987830519676208e-02 5.056831985712051392e-02 6.143268197774887085e-02 7.020092010498046875e-02 6.397031247615814209e-02 4.342856630682945251e-02 2.774339169263839722e-02 2.297484688460826874e-02 1.924335956573486328e-02 1.685564778745174408e-02 1.353540830314159393e-02 9.498580358922481537e-03 6.998085416853427887e-03 6.350267212837934494e-03 3.837393596768379211e-03 2.006723079830408096e-03 1.104454160667955875e-03 6.093065603636205196e-04 5.171541124582290649e-04 6.093065603636205196e-04 4.428819811437278986e-04 0.000000000000000000e+00 0.000000000000000000e+00 0.000000000000000000e+00 0.000000000000000000e+00 0.000000000000000000e+00 0.000000000000000000e+00 0.000000000000000000e+00 0.000000000000000000e+00 0.000000000000000000e+00 0.000000000000000000e+00 0.000000000000000000e+00 0.000000000000000000e+00 0.000000000000000000e+00 2.093373797833919525e-03 6.576384603977203369e-02 1.530473530292510986e-01 3.316814601421356201e-01 9.276451915502548218e-02 3.453159034252166748e-01 9.051572531461715698e-03 2.819590154103934765e-04 0.000000000000000000e+00 0.000000000000000000e+00 0.000000000000000000e+00 0.000000000000000000e+00 0.000000000000000000e+00 0.000000000000000000e+00 0.000000000000000000e+00 0.000000000000000000e+00 0.000000000000000000e+00 0.000000000000000000e+00 0.000000000000000000e+00 0.000000000000000000e+00 0.000000000000000000e+00 0.000000000000000000e+00 0.000000000000000000e+00 0.000000000000000000e+00 0.000000000000000000e+00 0.000000000000000000e+00 0.000000000000000000e+00 0.000000000000000000e+00 0.000000000000000000e+00 0.000000000000000000e+00 3.603574004955589771e-04 2.237241715192794800e-02 3.837242126464843750e-01 1.153900101780891418e-01 1.661426424980163574e-01 3.120103478431701660e-01 0.000000000000000000e+00 0.000000000000000000e+00 0.000000000000000000e+00 0.000000000000000000e+00 0.000000000000000000e+00 0.000000000000000000e+00 0.000000000000000000e+00 0.000000000000000000e+00 0.000000000000000000e+00 0.000000000000000000e+00 0.000000000000000000e+00 0.000000000000000000e+00 0.000000000000000000e+00 0.000000000000000000e+00 0.000000000000000000e+00
5.693830316886305809e-04 1.214683800935745239e-02 2.272246778011322021e-02 1.847972348332405090e-02 1.672192290425300598e-02 1.326318178325891495e-02 1.062447950243949890e-02 1.019363850355148315e-02 8.895508944988250732e-03 6.841405760496854782e-03 1.107534114271402359e-02 4.228089749813079834e-02 8.551637083292007446e-02 9.175075590610504150e-02 8.616663515567779541e-02 1.144988462328910828e-01 1.533017754554748535e-01 1.727969497442245483e-01 6.463979184627532959e-02 1.236065756529569626e-02 7.675059139728546143e-03 4.948267247527837753e-03 4.674386698752641678e-03 6.800564005970954895e-03 9.428054094314575195e-03 7.490069605410099030e-03 3.085559699684381485e-03 7.743929745629429817e-04 2.626689674798399210e-04 1.441476069885538891e-05 0.000000000000000000e+00 0.000000000000000000e+00 0.000000000000000000e+00 0.000000000000000000e+00 0.000000000000000000e+00 0.000000000000000000e+00 0.000000000000000000e+00 0.000000000000000000e+00 0.000000000000000000e+00 0.000000000000000000e+00 0.000000000000000000e+00 0.000000000000000000e+00 0.000000000000000000e+00 0.000000000000000000e+00 0.000000000000000000e+00 0.000000000000000000e+00 0.000000000000000000e+00 4.556665953714400530e-04 7.700885534286499023e-01 1.788191050291061401e-01 2.204897813498973846e-02 8.575180545449256897e-03 1.681241579353809357e-02 3.200076986104249954e-03 0.000000000000000000e+00 0.000000000000000000e+00 0.000000000000000000e+00 0.000000000000000000e+00 0.000000000000000000e+00 0.000000000000000000e+00 0.000000000000000000e+00 0.000000000000000000e+00 0.000000000000000000e+00 0.000000000000000000e+00 0.000000000000000000e+00 0.000000000000000000e+00 0.000000000000000000e+00 0.000000000000000000e+00 0.000000000000000000e+00 0.000000000000000000e+00 0.000000000000000000e+00 0.000000000000000000e+00 0.000000000000000000e+00 1.448683440685272217e-03 1.156784500926733017e-02 1.175764016807079315e-02 7.659843657165765762e-03 1.554151438176631927e-02 3.962473571300506592e-01 5.540962219238281250e-01 1.680921297520399094e-03 0.000000000000000000e+00 0.000000000000000000e+00 0.000000000000000000e+00 0.000000000000000000e+00 0.000000000000000000e+00 0.000000000000000000e+00 0.000000000000000000e+00 0.000000000000000000e+00 0.000000000000000000e+00 0.000000000000000000e+00 0.000000000000000000e+00 0.000000000000000000e+00 0.000000000000000000e+00 0.000000000000000000e+00 0.000000000000000000e+00
1.646847114898264408e-03 3.545219823718070984e-02 9.418714046478271484e-02 1.564054936170578003e-01 8.166757971048355103e-02 5.733061954379081726e-02 3.574166819453239441e-02 2.880222164094448090e-02 2.502542547881603241e-02 2.823697403073310852e-02 3.592160716652870178e-02 3.496518358588218689e-02 3.003051131963729858e-02 3.367039561271667480e-02 6.509739905595779419e-02 1.069570481777191162e-01 5.192653834819793701e-02 3.172234445810317993e-02 2.056016214191913605e-02 1.556876860558986664e-02 1.478837430477142334e-02 1.059302128851413727e-02 3.289782442152500153e-03 7.236739475047215819e-05 2.738225703069474548e-05 2.151463013433385640e-05 1.564700323797296733e-05 1.564700323797296733e-05 1.760287887009326369e-05 1.564700323797296733e-05 4.302926026866771281e-05 1.838522875914350152e-04 0.000000000000000000e+00 0.000000000000000000e+00 0.000000000000000000e+00 0.000000000000000000e+00 0.000000000000000000e+00 0.000000000000000000e+00 0.000000000000000000e+00 0.000000000000000000e+00 0.000000000000000000e+00 0.000000000000000000e+00 0.000000000000000000e+00 0.000000000000000000e+00 0.000000000000000000e+00 0.000000000000000000e+00 0.000000000000000000e+00 1.663256883621215820e-01 3.866257369518280029e-01 3.368447721004486084e-01 1.100884079933166504e-01 1.153966513811610639e-04 0.000000000000000000e+00 0.000000000000000000e+00 0.000000000000000000e+00 0.000000000000000000e+00 0.000000000000000000e+00 0.000000000000000000e+00 0.000000000000000000e+00 0.000000000000000000e+00 0.000000000000000000e+00 0.000000000000000000e+00 0.000000000000000000e+00 0.000000000000000000e+00 0.000000000000000000e+00 0.000000000000000000e+00 0.000000000000000000e+00 0.000000000000000000e+00 0.000000000000000000e+00 0.000000000000000000e+00 0.000000000000000000e+00 0.000000000000000000e+00 0.000000000000000000e+00 0.000000000000000000e+00 0.000000000000000000e+00 0.000000000000000000e+00 2.380300499498844147e-02 2.035851180553436279e-01 2.324753552675247192e-01 2.092160880565643311e-01 3.290564715862274170e-01 1.863949350081384182e-03 0.000000000000000000e+00 0.000000000000000000e+00 0.000000000000000000e+00 0.000000000000000000e+00 0.000000000000000000e+00 0.000000000000000000e+00 0.000000000000000000e+00 0.000000000000000000e+00 0.000000000000000000e+00 0.000000000000000000e+00 0.000000000000000000e+00 0.000000000000000000e+00 0.000000000000000000e+00 0.000000000000000000e+00
1.799709722399711609e-02 2.163866907358169556e-02 2.728901058435440063e-02 2.936417236924171448e-02 3.517200425267219543e-02 4.332211241126060486e-02 5.302859470248222351e-02 5.286183953285217285e-02 5.497946590185165405e-02 5.991569533944129944e-02 5.139347910881042480e-02 4.710496217012405396e-02 4.410029947757720947e-02 4.551384970545768738e-02 4.904348030686378479e-02 5.006639286875724792e-02 4.209152981638908386e-02 3.556264191865921021e-02 3.608297556638717651e-02 4.002254083752632141e-02 4.239338636398315430e-02 4.843976721167564392e-02 3.343034908175468445e-02 1.787743531167507172e-02 8.603279478847980499e-03 8.791649714112281799e-03 3.206929657608270645e-03 6.955810240469872952e-04 1.080814035958610475e-05 0.000000000000000000e+00 0.000000000000000000e+00 0.000000000000000000e+00 0.000000000000000000e+00 0.000000000000000000e+00 0.000000000000000000e+00 0.000000000000000000e+00 0.000000000000000000e+00 0.000000000000000000e+00 0.000000000000000000e+00 0.000000000000000000e+00 0.000000000000000000e+00 0.000000000000000000e+00 0.000000000000000000e+00 0.000000000000000000e+00 1.694561913609504700e-03 5.829756334424018860e-02 9.583500772714614868e-02 1.368032544851303101e-01 1.683807820081710815e-01 1.972385197877883911e-01 2.088348865509033203e-01 9.755195677280426025e-02 2.389293722808361053e-02 5.915912799537181854e-03 3.446252550929784775e-03 1.997189829126000404e-03 1.103974282159470022e-04 7.720100256847217679e-07 0.000000000000000000e+00 0.000000000000000000e+00 0.000000000000000000e+00 0.000000000000000000e+00 0.000000000000000000e+00 0.000000000000000000e+00 0.000000000000000000e+00 0.000000000000000000e+00 0.000000000000000000e+00 0.000000000000000000e+00 0.000000000000000000e+00 0.000000000000000000e+00 0.000000000000000000e+00 0.000000000000000000e+00 4.554858969640918076e-05 5.944477015873417258e-05 1.527807791717350483e-03 7.359571289271116257e-03 4.800898581743240356e-02 1.765787601470947266e-01 2.601526975631713867e-01 2.508646547794342041e-01 1.709662526845932007e-01 8.184618502855300903e-02 2.590093528851866722e-03 0.000000000000000000e+00 0.000000000000000000e+00 0.000000000000000000e+00 0.000000000000000000e+00 0.000000000000000000e+00 0.000000000000000000e+00 0.000000000000000000e+00 0.000000000000000000e+00 0.000000000000000000e+00 0.000000000000000000e+00 0.000000000000000000e+00 0.000000000000000000e+00 0.000000000000000000e+00
2.107625640928745270e-02 2.064213156700134277e-02 5.903929471969604492e-02 6.520353257656097412e-02 8.001974225044250488e-02 6.935484707355499268e-02 3.534641861915588379e-02 1.455335970968008041e-02 3.898645285516977310e-03 4.643101710826158524e-03 1.188416965305805206e-02 2.271524816751480103e-02 2.950268983840942383e-02 3.531589359045028687e-02 5.275465920567512512e-02 6.293963640928268433e-02 5.701874941587448120e-02 4.778426885604858398e-02 4.709662124514579773e-02 5.479131639003753662e-02 6.253433972597122192e-02 5.886378139257431030e-02 4.008957371115684509e-02 2.525725215673446655e-02 1.414467208087444305e-02 3.216933691874146461e-03 3.060919989366084337e-04 6.783202024962520227e-06 0.000000000000000000e+00 0.000000000000000000e+00 0.000000000000000000e+00 0.000000000000000000e+00 0.000000000000000000e+00 0.000000000000000000e+00 0.000000000000000000e+00 0.000000000000000000e+00 0.000000000000000000e+00 0.000000000000000000e+00 0.000000000000000000e+00 0.000000000000000000e+00 0.000000000000000000e+00 0.000000000000000000e+00 0.000000000000000000e+00 0.000000000000000000e+00 0.000000000000000000e+00 0.000000000000000000e+00 1.087008160538971424e-03 3.465062975883483887e-01 2.137641422450542450e-02 5.549142360687255859e-01 7.611600309610366821e-02 0.000000000000000000e+00 0.000000000000000000e+00 0.000000000000000000e+00 0.000000000000000000e+00 0.000000000000000000e+00 0.000000000000000000e+00 0.000000000000000000e+00 0.000000000000000000e+00 0.000000000000000000e+00 0.000000000000000000e+00 0.000000000000000000e+00 0.000000000000000000e+00 0.000000000000000000e+00 0.000000000000000000e+00 0.000000000000000000e+00 0.000000000000000000e+00 0.000000000000000000e+00 0.000000000000000000e+00 0.000000000000000000e+00 0.000000000000000000e+00 0.000000000000000000e+00 0.000000000000000000e+00 0.000000000000000000e+00 0.000000000000000000e+00 0.000000000000000000e+00 0.000000000000000000e+00 3.292396664619445801e-03 6.337774395942687988e-01 3.365070223808288574e-01 2.642311528325080872e-02 0.000000000000000000e+00 0.000000000000000000e+00 0.000000000000000000e+00 0.000000000000000000e+00 0.000000000000000000e+00 0.000000000000000000e+00 0.000000000000000000e+00 0.000000000000000000e+00 0.000000000000000000e+00 0.000000000000000000e+00 0.000000000000000000e+00 0.000000000000000000e+00 0.000000000000000000e+00 0.000000000000000000e+00 0.000000000000000000e+00
2.227298542857170105e-02 8.595635183155536652e-03 4.123083315789699554e-03 3.128381446003913879e-03 4.131900146603584290e-03 6.619055755436420441e-03 3.278027474880218506e-02 1.220653876662254333e-01 1.557041108608245850e-01 9.148611873388290405e-02 3.509349748492240906e-02 1.128157041966915131e-02 7.871049456298351288e-03 8.965943008661270142e-03 1.204543095082044601e-02 1.026442553848028183e-02 1.431857701390981674e-02 1.933055929839611053e-02 3.091510944068431854e-02 5.010540038347244263e-02 7.946794480085372925e-02 1.015669927000999451e-01 5.685991793870925903e-02 1.917185634374618530e-02 1.326856948435306549e-02 2.182092145085334778e-02 3.793493285775184631e-02 1.869654841721057892e-02 1.114130209316499531e-04 2.404597580607514828e-06 0.000000000000000000e+00 0.000000000000000000e+00 0.000000000000000000e+00 0.000000000000000000e+00 0.000000000000000000e+00 0.000000000000000000e+00 0.000000000000000000e+00 0.000000000000000000e+00 0.000000000000000000e+00 0.000000000000000000e+00 3.606896279961802065e-05 5.609926301985979080e-03 3.436731174588203430e-02 2.402794212102890015e-01 1.363118290901184082e-01 2.037816308438777924e-02 1.773310638964176178e-02 2.129271253943443298e-02 8.491516113281250000e-02 7.788170874118804932e-02 1.422479748725891113e-02 2.158446982502937317e-02 2.028037607669830322e-02 9.822300076484680176e-02 2.007037401199340820e-01 2.895135432481765747e-03 1.075656618922948837e-03 1.411498757079243660e-03 7.943187374621629715e-04 1.603065015842730645e-06 0.000000000000000000e+00 0.000000000000000000e+00 0.000000000000000000e+00 0.000000000000000000e+00 0.000000000000000000e+00 0.000000000000000000e+00 1.190275768749415874e-03 7.403675466775894165e-02 1.333661973476409912e-01 6.466363370418548584e-02 3.780027478933334351e-02 1.482594758272171021e-02 1.453178469091653824e-02 8.531512692570686340e-03 5.199541337788105011e-03 5.448016803711652756e-03 6.778560578823089600e-03 1.003117952495813370e-02 1.985075511038303375e-02 1.084866300225257874e-01 6.463878601789474487e-02 2.310329377651214600e-01 1.896818727254867554e-01 6.010692566633224487e-03 3.045022021979093552e-03 5.057670059613883495e-04 2.653072588145732880e-04 7.774865662213414907e-05 8.015325079213653225e-07 0.000000000000000000e+00 0.000000000000000000e+00 0.000000000000000000e+00 0.000000000000000000e+00 0.000000000000000000e+00 0.000000000000000000e+00 0.000000000000000000e+00
2.956447750329971313e-02 4.906606301665306091e-02 4.922683909535408020e-02 2.628268860280513763e-02 1.439920533448457718e-02 1.031351927667856216e-02 7.859271019697189331e-03 8.535489439964294434e-03 2.077836170792579651e-02 3.410885855555534363e-02 2.238615415990352631e-02 2.400813437998294830e-02 2.435333654284477234e-02 1.544899959117174149e-02 7.414763327687978745e-03 7.499881554394960403e-03 1.196387223899364471e-02 2.410271018743515015e-02 2.450938671827316284e-01 1.276918649673461914e-01 8.896770328283309937e-02 1.462666094303131104e-01 2.927129156887531281e-03 1.499030622653663158e-03 2.411689638392999768e-04 0.000000000000000000e+00 0.000000000000000000e+00 0.000000000000000000e+00 0.000000000000000000e+00 0.000000000000000000e+00 0.000000000000000000e+00 0.000000000000000000e+00 0.000000000000000000e+00 0.000000000000000000e+00 0.000000000000000000e+00 0.000000000000000000e+00 0.000000000000000000e+00 0.000000000000000000e+00 0.000000000000000000e+00 0.000000000000000000e+00 0.000000000000000000e+00 0.000000000000000000e+00 0.000000000000000000e+00 0.000000000000000000e+00 0.000000000000000000e+00 0.000000000000000000e+00 0.000000000000000000e+00 4.638955928385257721e-03 8.413297533988952637e-01 3.513973578810691833e-02 7.724972814321517944e-02 4.062987491488456726e-02 1.011963817290961742e-03 0.000000000000000000e+00 0.000000000000000000e+00 0.000000000000000000e+00 0.000000000000000000e+00 0.000000000000000000e+00 0.000000000000000000e+00 0.000000000000000000e+00 0.000000000000000000e+00 0.000000000000000000e+00 0.000000000000000000e+00 0.000000000000000000e+00 0.000000000000000000e+00 0.000000000000000000e+00 0.000000000000000000e+00 0.000000000000000000e+00 0.000000000000000000e+00 0.000000000000000000e+00 0.000000000000000000e+00 0.000000000000000000e+00 0.000000000000000000e+00 0.000000000000000000e+00 0.000000000000000000e+00 0.000000000000000000e+00 1.261171791702508926e-02 9.175296872854232788e-02 5.577623471617698669e-02 7.299238443374633789e-01 1.099352166056632996e-01 0.000000000000000000e+00 0.000000000000000000e+00 0.000000000000000000e+00 0.000000000000000000e+00 0.000000000000000000e+00 0.000000000000000000e+00 0.000000000000000000e+00 0.000000000000000000e+00 0.000000000000000000e+00 0.000000000000000000e+00 0.000000000000000000e+00 0.000000000000000000e+00 0.000000000000000000e+00 0.000000000000000000e+00 0.000000000000000000e+00
1.282331068068742752e-04 7.827676832675933838e-03 2.676252275705337524e-02 1.555713173002004623e-02 1.670577377080917358e-02 2.720724605023860931e-02 2.810215018689632416e-02 2.540652640163898468e-02 3.115246072411537170e-02 3.791607543826103210e-02 4.490068927407264709e-02 5.397249758243560791e-02 5.705827847123146057e-02 1.118165478110313416e-01 1.195187196135520935e-01 1.265442520380020142e-01 1.040789037942886353e-01 1.276519745588302612e-01 1.582451164722442627e-02 6.018771324306726456e-03 3.928844351321458817e-03 4.163483623415231705e-03 3.683291608467698097e-03 2.029902767390012741e-03 1.271417713724076748e-03 6.438939017243683338e-04 1.255047536687925458e-04 2.728364052018150687e-06 0.000000000000000000e+00 0.000000000000000000e+00 0.000000000000000000e+00 0.000000000000000000e+00 0.000000000000000000e+00 0.000000000000000000e+00 0.000000000000000000e+00 0.000000000000000000e+00 0.000000000000000000e+00 0.000000000000000000e+00 0.000000000000000000e+00 0.000000000000000000e+00 0.000000000000000000e+00 0.000000000000000000e+00 0.000000000000000000e+00 0.000000000000000000e+00 0.000000000000000000e+00 2.728364052018150687e-06 3.055767738260328770e-04 3.304867446422576904e-02 3.325548470020294189e-01 4.919731616973876953e-01 9.213685244321823120e-02 1.839190162718296051e-02 6.687220185995101929e-03 5.429444368928670883e-03 6.769071333110332489e-03 2.259085420519113541e-03 1.044963486492633820e-03 9.603841463103890419e-04 1.104987459257245064e-03 1.497871824540197849e-03 4.226236138492822647e-03 1.607006415724754333e-03 0.000000000000000000e+00 0.000000000000000000e+00 0.000000000000000000e+00 0.000000000000000000e+00 0.000000000000000000e+00 0.000000000000000000e+00 0.000000000000000000e+00 0.000000000000000000e+00 0.000000000000000000e+00 0.000000000000000000e+00 0.000000000000000000e+00 0.000000000000000000e+00 2.373676688876003027e-04 8.681654930114746094e-03 8.537051267921924591e-03 1.815999113023281097e-02 3.228473290801048279e-02 1.337716877460479736e-01 6.155898571014404297e-01 1.826230436563491821e-01 1.145912901847623289e-04 0.000000000000000000e+00 0.000000000000000000e+00 0.000000000000000000e+00 0.000000000000000000e+00 0.000000000000000000e+00 0.000000000000000000e+00 0.000000000000000000e+00 0.000000000000000000e+00 0.000000000000000000e+00 0.000000000000000000e+00 0.000000000000000000e+00 0.000000000000000000e+00 0.000000000000000000e+00
4.034969210624694824e-02 3.997912257909774780e-02 1.732225902378559113e-02 1.633537933230400085e-02 1.606233045458793640e-02 2.030473947525024414e-02 1.058261748403310776e-02 6.156095303595066071e-03 4.273614380508661270e-03 3.586309729143977165e-03 2.763260621577501297e-03 2.759360009804368019e-03 3.200919833034276962e-03 4.131628666073083878e-03 5.255812313407659531e-03 6.883967202156782150e-03 9.714320302009582520e-03 1.931629888713359833e-02 4.703706130385398865e-02 1.103119850158691406e-01 1.646699011325836182e-01 2.090185880661010742e-01 1.502286940813064575e-01 5.644790828227996826e-02 3.090139850974082947e-02 2.351345960050821304e-03 5.539003541343845427e-05 0.000000000000000000e+00 0.000000000000000000e+00 0.000000000000000000e+00 0.000000000000000000e+00 0.000000000000000000e+00 0.000000000000000000e+00 0.000000000000000000e+00 0.000000000000000000e+00 0.000000000000000000e+00 0.000000000000000000e+00 0.000000000000000000e+00 0.000000000000000000e+00 0.000000000000000000e+00 0.000000000000000000e+00 0.000000000000000000e+00 0.000000000000000000e+00 0.000000000000000000e+00 0.000000000000000000e+00 0.000000000000000000e+00 0.000000000000000000e+00 1.898864051327109337e-03 1.611342877149581909e-01 8.369465470314025879e-01 2.028367453021928668e-05 0.000000000000000000e+00 0.000000000000000000e+00 0.000000000000000000e+00 0.000000000000000000e+00 0.000000000000000000e+00 0.000000000000000000e+00 0.000000000000000000e+00 0.000000000000000000e+00 0.000000000000000000e+00 0.000000000000000000e+00 0.000000000000000000e+00 0.000000000000000000e+00 0.000000000000000000e+00 0.000000000000000000e+00 0.000000000000000000e+00 0.000000000000000000e+00 0.000000000000000000e+00 0.000000000000000000e+00 0.000000000000000000e+00 0.000000000000000000e+00 0.000000000000000000e+00 0.000000000000000000e+00 0.000000000000000000e+00 0.000000000000000000e+00 0.000000000000000000e+00 0.000000000000000000e+00 4.294053837656974792e-02 7.980417013168334961e-01 8.800852298736572266e-02 7.100924849510192871e-02 0.000000000000000000e+00 0.000000000000000000e+00 0.000000000000000000e+00 0.000000000000000000e+00 0.000000000000000000e+00 0.000000000000000000e+00 0.000000000000000000e+00 0.000000000000000000e+00 0.000000000000000000e+00 0.000000000000000000e+00 0.000000000000000000e+00 0.000000000000000000e+00 0.000000000000000000e+00 0.000000000000000000e+00 0.000000000000000000e+00
1.809148862957954407e-02 1.687147468328475952e-02 2.406570874154567719e-02 4.264796525239944458e-02 6.108151376247406006e-02 7.115320116281509399e-02 7.456750422716140747e-02 6.771568208932876587e-02 5.599226802587509155e-02 4.508025199174880981e-02 3.655599430203437805e-02 3.006659820675849915e-02 2.560742385685443878e-02 2.392569370567798615e-02 2.302285656332969666e-02 2.151388302445411682e-02 2.097322978079319000e-02 2.268901094794273376e-02 2.589769288897514343e-02 3.232112899422645569e-02 4.267665743827819824e-02 5.655257031321525574e-02 6.199863553047180176e-02 4.927630349993705750e-02 2.829819172620773315e-02 1.253719441592693329e-02 4.999947734177112579e-03 1.919613219797611237e-03 8.872391772456467152e-04 6.784069701097905636e-04 2.997944538947194815e-04 3.488473885226994753e-05 0.000000000000000000e+00 0.000000000000000000e+00 0.000000000000000000e+00 0.000000000000000000e+00 0.000000000000000000e+00 0.000000000000000000e+00 0.000000000000000000e+00 0.000000000000000000e+00 0.000000000000000000e+00 0.000000000000000000e+00 0.000000000000000000e+00 3.571816478142864071e-07 1.750189949234481901e-05 7.080530631355941296e-04 5.894449539482593536e-03 8.495695888996124268e-02 3.132355511188507080e-01 3.542352318763732910e-01 1.503767967224121094e-01 5.105661600828170776e-02 2.364590018987655640e-02 1.131718140095472336e-02 3.582293633371591568e-03 9.653429151512682438e-04 7.738935892120935023e-06 0.000000000000000000e+00 0.000000000000000000e+00 0.000000000000000000e+00 0.000000000000000000e+00 0.000000000000000000e+00 0.000000000000000000e+00 0.000000000000000000e+00 0.000000000000000000e+00 0.000000000000000000e+00 5.322006472852081060e-05 1.027730642817914486e-03 1.720782020129263401e-03 1.938901026733219624e-03 3.758146194741129875e-03 5.743480753153562546e-03 8.095879107713699341e-03 1.170781906694173813e-02 1.963522657752037048e-02 3.732000291347503662e-02 5.256689712405204773e-02 1.175390705466270447e-01 3.093345463275909424e-01 2.999542355537414551e-01 1.156037449836730957e-01 1.084510609507560730e-02 2.879360225051641464e-03 2.758632763288915157e-04 0.000000000000000000e+00 0.000000000000000000e+00 0.000000000000000000e+00 0.000000000000000000e+00 0.000000000000000000e+00 0.000000000000000000e+00 0.000000000000000000e+00 0.000000000000000000e+00 0.000000000000000000e+00 0.000000000000000000e+00 0.000000000000000000e+00 0.000000000000000000e+00
2.134833671152591705e-02 7.801733911037445068e-03 4.370736889541149139e-03 4.757039248943328857e-03 8.348075672984123230e-03 1.277557574212551117e-02 1.671980321407318115e-02 1.976765133440494537e-02 2.432050183415412903e-02 3.569513931870460510e-02 4.306326806545257568e-02 3.415466099977493286e-02 2.963334321975708008e-02 4.433806613087654114e-02 5.303066223859786987e-02 5.391206219792366028e-02 5.603987723588943481e-02 8.068440109491348267e-02 8.522936701774597168e-02 7.922276109457015991e-02 6.244855746626853943e-02 7.308212667703628540e-02 1.012238711118698120e-01 4.074860736727714539e-02 5.638439673930406570e-03 9.436818072572350502e-04 6.149305263534188271e-04 8.435585186816751957e-05 2.365117325098253787e-06 0.000000000000000000e+00 0.000000000000000000e+00 0.000000000000000000e+00 0.000000000000000000e+00 0.000000000000000000e+00 0.000000000000000000e+00 0.000000000000000000e+00 0.000000000000000000e+00 0.000000000000000000e+00 0.000000000000000000e+00 0.000000000000000000e+00 0.000000000000000000e+00 0.000000000000000000e+00 0.000000000000000000e+00 3.153489842588896863e-06 1.411186676705256104e-04 3.104610601440072060e-03 9.923243895173072815e-03 1.773128472268581390e-02 3.188564479351043701e-01 5.372340679168701172e-01 3.137170523405075073e-02 8.163438737392425537e-02 0.000000000000000000e+00 0.000000000000000000e+00 0.000000000000000000e+00 0.000000000000000000e+00 0.000000000000000000e+00 0.000000000000000000e+00 0.000000000000000000e+00 0.000000000000000000e+00 0.000000000000000000e+00 0.000000000000000000e+00 0.000000000000000000e+00 0.000000000000000000e+00 0.000000000000000000e+00 0.000000000000000000e+00 0.000000000000000000e+00 0.000000000000000000e+00 0.000000000000000000e+00 0.000000000000000000e+00 0.000000000000000000e+00 0.000000000000000000e+00 0.000000000000000000e+00 0.000000000000000000e+00 0.000000000000000000e+00 1.324938703328371048e-02 6.833849102258682251e-02 2.854460105299949646e-02 4.963096380233764648e-01 3.343574404716491699e-01 5.622199177742004395e-02 2.946147928014397621e-03 3.232327071600593626e-05 0.000000000000000000e+00 0.000000000000000000e+00 0.000000000000000000e+00 0.000000000000000000e+00 0.000000000000000000e+00 0.000000000000000000e+00 0.000000000000000000e+00 0.000000000000000000e+00 0.000000000000000000e+00 0.000000000000000000e+00 0.000000000000000000e+00 0.000000000000000000e+00 0.000000000000000000e+00
1.175158694386482239e-01 6.771699339151382446e-02 4.374700784683227539e-02 3.277001529932022095e-02 2.275842428207397461e-02 1.415475830435752869e-02 1.044281106442213058e-02 8.389670401811599731e-03 6.707389373332262039e-03 5.025604739785194397e-03 4.451058339327573776e-03 4.176826216280460358e-03 6.160539109259843826e-03 5.401171371340751648e-02 8.116481453180313110e-02 7.304055243730545044e-02 7.434067130088806152e-02 6.276354938745498657e-02 5.048432946205139160e-02 4.916048794984817505e-02 4.873945191502571106e-02 2.144911326467990875e-02 2.201682887971401215e-02 2.460067346692085266e-02 2.918984182178974152e-02 2.245065756142139435e-02 1.699010655283927917e-02 1.570290327072143555e-02 5.622010678052902222e-03 3.046487458050251007e-03 9.661472286097705364e-04 2.426856517558917403e-04 0.000000000000000000e+00 0.000000000000000000e+00 0.000000000000000000e+00 0.000000000000000000e+00 0.000000000000000000e+00 0.000000000000000000e+00 0.000000000000000000e+00 0.000000000000000000e+00 0.000000000000000000e+00 0.000000000000000000e+00 0.000000000000000000e+00 0.000000000000000000e+00 0.000000000000000000e+00 0.000000000000000000e+00 2.483988339463394368e-07 3.341821208596229553e-02 8.547586202621459961e-01 1.118229404091835022e-01 0.000000000000000000e+00 0.000000000000000000e+00 0.000000000000000000e+00 0.000000000000000000e+00 0.000000000000000000e+00 0.000000000000000000e+00 0.000000000000000000e+00 0.000000000000000000e+00 0.000000000000000000e+00 0.000000000000000000e+00 0.000000000000000000e+00 0.000000000000000000e+00 0.000000000000000000e+00 0.000000000000000000e+00 0.000000000000000000e+00 0.000000000000000000e+00 0.000000000000000000e+00 0.000000000000000000e+00 0.000000000000000000e+00 0.000000000000000000e+00 0.000000000000000000e+00 0.000000000000000000e+00 0.000000000000000000e+00 0.000000000000000000e+00 0.000000000000000000e+00 0.000000000000000000e+00 0.000000000000000000e+00 2.568443887867033482e-04 1.446998864412307739e-01 7.050057649612426758e-01 1.500111520290374756e-01 1.800891368475276977e-05 3.601782964324229397e-06 3.104985353274969384e-06 1.614592292753513902e-06 0.000000000000000000e+00 0.000000000000000000e+00 0.000000000000000000e+00 0.000000000000000000e+00 0.000000000000000000e+00 0.000000000000000000e+00 0.000000000000000000e+00 0.000000000000000000e+00 0.000000000000000000e+00 0.000000000000000000e+00 0.000000000000000000e+00
7.796905993018299341e-05 8.313964353874325752e-04 3.556209849193692207e-03 9.978398680686950684e-03 1.719833351671695709e-02 2.303534373641014099e-02 3.590434417128562927e-02 4.704406857490539551e-02 4.999294131994247437e-02 6.759917736053466797e-02 8.068895339965820312e-02 7.941190153360366821e-02 8.197584748268127441e-02 1.089268848299980164e-01 1.198195740580558777e-01 8.048295229673385620e-02 4.468776285648345947e-02 2.978828549385070801e-02 2.986625395715236664e-02 3.109488263726234436e-02 3.134110197424888611e-02 1.757094450294971466e-02 4.778272472321987152e-03 1.300852280110120773e-03 5.285481456667184830e-04 2.774057211354374886e-04 1.181846819235943258e-04 2.051817427854984999e-04 1.764562912285327911e-04 2.839715161826461554e-04 3.397809632588177919e-04 1.117830164730548859e-03 0.000000000000000000e+00 0.000000000000000000e+00 0.000000000000000000e+00 0.000000000000000000e+00 0.000000000000000000e+00 0.000000000000000000e+00 0.000000000000000000e+00 0.000000000000000000e+00 0.000000000000000000e+00 0.000000000000000000e+00 0.000000000000000000e+00 0.000000000000000000e+00 0.000000000000000000e+00 0.000000000000000000e+00 3.745797788724303246e-03 3.720601648092269897e-02 7.621623277664184570e-01 1.204909235239028931e-01 2.748040109872817993e-02 2.943373098969459534e-02 1.778022944927215576e-02 1.698084059171378613e-03 2.462180873408215120e-06 0.000000000000000000e+00 0.000000000000000000e+00 0.000000000000000000e+00 0.000000000000000000e+00 0.000000000000000000e+00 0.000000000000000000e+00 0.000000000000000000e+00 0.000000000000000000e+00 0.000000000000000000e+00 0.000000000000000000e+00 0.000000000000000000e+00 0.000000000000000000e+00 0.000000000000000000e+00 0.000000000000000000e+00 0.000000000000000000e+00 0.000000000000000000e+00 0.000000000000000000e+00 0.000000000000000000e+00 0.000000000000000000e+00 0.000000000000000000e+00 2.503217197954654694e-03 3.102265857160091400e-02 4.001454263925552368e-02 7.205080240964889526e-02 8.397612571716308594e-01 1.464423164725303650e-02 3.282907755419728346e-06 0.000000000000000000e+00 0.000000000000000000e+00 0.000000000000000000e+00 0.000000000000000000e+00 0.000000000000000000e+00 0.000000000000000000e+00 0.000000000000000000e+00 0.000000000000000000e+00 0.000000000000000000e+00 0.000000000000000000e+00 0.000000000000000000e+00 0.000000000000000000e+00 0.000000000000000000e+00 0.000000000000000000e+00
8.259087800979614258e-03 2.292349562048912048e-02 2.542696706950664520e-02 2.609385363757610321e-02 2.906047552824020386e-02 3.336054086685180664e-02 3.784418478608131409e-02 3.917465358972549438e-02 3.619811683893203735e-02 3.005667589604854584e-02 2.386797778308391571e-02 2.069216780364513397e-02 1.994530670344829559e-02 2.307766117155551910e-02 3.391985967755317688e-02 4.474454745650291443e-02 4.865350201725959778e-02 4.552941024303436279e-02 4.656873643398284912e-02 5.281328409910202026e-02 7.857931405305862427e-02 5.620670691132545471e-02 3.514953702688217163e-02 3.579791635274887085e-02 6.002247333526611328e-02 4.707220569252967834e-02 1.991160027682781219e-02 9.851950220763683319e-03 5.666391458362340927e-03 2.408294705674052238e-03 1.007931306958198547e-03 1.151685428339987993e-04 0.000000000000000000e+00 0.000000000000000000e+00 0.000000000000000000e+00 0.000000000000000000e+00 0.000000000000000000e+00 0.000000000000000000e+00 0.000000000000000000e+00 0.000000000000000000e+00 0.000000000000000000e+00 0.000000000000000000e+00 0.000000000000000000e+00 2.412425601505674422e-05 1.913417072501033545e-04 1.928288111230358481e-04 4.910112358629703522e-03 1.787795722484588623e-01 2.030008286237716675e-01 3.900603055953979492e-01 1.637048870325088501e-01 4.445522278547286987e-02 1.226685382425785065e-02 2.380865858867764473e-03 3.304692654637619853e-05 0.000000000000000000e+00 0.000000000000000000e+00 0.000000000000000000e+00 0.000000000000000000e+00 0.000000000000000000e+00 0.000000000000000000e+00 0.000000000000000000e+00 0.000000000000000000e+00 0.000000000000000000e+00 0.000000000000000000e+00 0.000000000000000000e+00 0.000000000000000000e+00 0.000000000000000000e+00 0.000000000000000000e+00 0.000000000000000000e+00 0.000000000000000000e+00 0.000000000000000000e+00 3.304692654637619853e-06 3.106411022599786520e-04 1.722901477478444576e-03 1.719249784946441650e-02 7.030501961708068848e-02 1.516609340906143188e-01 4.896741509437561035e-01 1.339728981256484985e-01 1.345756798982620239e-01 5.819563521072268486e-04 0.000000000000000000e+00 0.000000000000000000e+00 0.000000000000000000e+00 0.000000000000000000e+00 0.000000000000000000e+00 0.000000000000000000e+00 0.000000000000000000e+00 0.000000000000000000e+00 0.000000000000000000e+00 0.000000000000000000e+00 0.000000000000000000e+00 0.000000000000000000e+00 0.000000000000000000e+00 0.000000000000000000e+00
5.154579877853393555e-02 3.416643291711807251e-02 3.638491407036781311e-02 4.135837778449058533e-02 4.763230308890342712e-02 5.479091033339500427e-02 5.177553743124008179e-02 5.100821703672409058e-02 4.833361878991127014e-02 4.343906790018081665e-02 4.451436176896095276e-02 4.520089179277420044e-02 4.262402281165122986e-02 3.946588560938835144e-02 3.623744472861289978e-02 3.706929087638854980e-02 3.780407831072807312e-02 3.252586349844932556e-02 2.807237021625041962e-02 2.536954544484615326e-02 2.636216767132282257e-02 2.648516930639743805e-02 2.405348606407642365e-02 2.130804583430290222e-02 1.991119608283042908e-02 1.731766015291213989e-02 1.230480894446372986e-02 7.447357755154371262e-03 5.167444702237844467e-03 3.734164172783493996e-03 3.474985482171177864e-03 3.114581806585192680e-03 0.000000000000000000e+00 0.000000000000000000e+00 0.000000000000000000e+00 0.000000000000000000e+00 0.000000000000000000e+00 0.000000000000000000e+00 0.000000000000000000e+00 0.000000000000000000e+00 0.000000000000000000e+00 0.000000000000000000e+00 0.000000000000000000e+00 0.000000000000000000e+00 0.000000000000000000e+00 0.000000000000000000e+00 6.452584329963428900e-06 4.081098362803459167e-02 2.513369023799896240e-01 2.484922409057617188e-01 1.740706861019134521e-01 1.361299008131027222e-01 8.906340599060058594e-02 5.245937407016754150e-02 7.617813535034656525e-03 1.223302388098090887e-05 0.000000000000000000e+00 0.000000000000000000e+00 0.000000000000000000e+00 0.000000000000000000e+00 0.000000000000000000e+00 0.000000000000000000e+00 0.000000000000000000e+00 0.000000000000000000e+00 0.000000000000000000e+00 0.000000000000000000e+00 0.000000000000000000e+00 0.000000000000000000e+00 3.247800632379949093e-04 4.633762000594288111e-04 7.971629966050386429e-04 1.954595325514674187e-03 5.126981530338525772e-03 1.501086167991161346e-02 6.835316866636276245e-02 1.136544719338417053e-01 1.309326142072677612e-01 1.641607284545898438e-01 2.289161831140518188e-01 2.124141007661819458e-01 5.789097398519515991e-02 0.000000000000000000e+00 0.000000000000000000e+00 0.000000000000000000e+00 0.000000000000000000e+00 0.000000000000000000e+00 0.000000000000000000e+00 0.000000000000000000e+00 0.000000000000000000e+00 0.000000000000000000e+00 0.000000000000000000e+00 0.000000000000000000e+00 0.000000000000000000e+00 0.000000000000000000e+00 0.000000000000000000e+00 0.000000000000000000e+00
6.637986004352569580e-02 2.156960405409336090e-02 8.548921905457973480e-03 9.332911111414432526e-03 9.410997852683067322e-03 1.490829512476921082e-02 1.973821222782135010e-02 2.471180818974971771e-02 3.459861502051353455e-02 3.071198239922523499e-02 4.470510408282279968e-02 5.393493920564651489e-02 4.381075128912925720e-02 2.901906520128250122e-02 2.575192227959632874e-02 2.275131456553936005e-02 3.118362650275230408e-02 4.311421886086463928e-02 3.679753467440605164e-02 2.660566940903663635e-02 7.110670953989028931e-02 1.047755703330039978e-01 1.531372070312500000e-01 7.156898081302642822e-02 1.725193462334573269e-03 3.435810867813415825e-05 2.498771391401533037e-05 3.748157178051769733e-05 4.164618985669221729e-06 0.000000000000000000e+00 0.000000000000000000e+00 0.000000000000000000e+00 0.000000000000000000e+00 0.000000000000000000e+00 0.000000000000000000e+00 0.000000000000000000e+00 0.000000000000000000e+00 0.000000000000000000e+00 0.000000000000000000e+00 0.000000000000000000e+00 0.000000000000000000e+00 0.000000000000000000e+00 0.000000000000000000e+00 0.000000000000000000e+00 0.000000000000000000e+00 1.426382077625021338e-04 2.799665089696645737e-03 1.032513193786144257e-02 6.433711647987365723e-01 1.569884419441223145e-01 5.952698364853858948e-02 3.833219408988952637e-02 5.968836322426795959e-02 2.873483113944530487e-02 9.058046271093189716e-05 0.000000000000000000e+00 0.000000000000000000e+00 0.000000000000000000e+00 0.000000000000000000e+00 0.000000000000000000e+00 0.000000000000000000e+00 0.000000000000000000e+00 0.000000000000000000e+00 0.000000000000000000e+00 0.000000000000000000e+00 0.000000000000000000e+00 0.000000000000000000e+00 0.000000000000000000e+00 0.000000000000000000e+00 0.000000000000000000e+00 0.000000000000000000e+00 0.000000000000000000e+00 1.405558869009837508e-04 8.592650294303894043e-03 4.951627925038337708e-02 5.625879764556884766e-02 4.188357293605804443e-02 3.277763351798057556e-02 1.824727803468704224e-01 6.134046316146850586e-01 1.493224129080772400e-02 2.082309583784081042e-05 0.000000000000000000e+00 0.000000000000000000e+00 0.000000000000000000e+00 0.000000000000000000e+00 0.000000000000000000e+00 0.000000000000000000e+00 0.000000000000000000e+00 0.000000000000000000e+00 0.000000000000000000e+00 0.000000000000000000e+00 0.000000000000000000e+00 0.000000000000000000e+00 0.000000000000000000e+00 0.000000000000000000e+00
5.418523680418729782e-03 3.408991266041994095e-03 4.370475187897682190e-03 5.420584697276353836e-03 6.195542868226766586e-03 9.100605733692646027e-03 1.475924253463745117e-02 2.320133894681930542e-02 2.573334984481334686e-02 2.433904446661472321e-02 1.984799653291702271e-02 1.906170323491096497e-02 2.035089582204818726e-02 2.278603613376617432e-02 2.477083541452884674e-02 2.665876597166061401e-02 3.181244432926177979e-02 4.667577147483825684e-02 6.051371991634368896e-02 5.969444662332534790e-02 6.709674000740051270e-02 6.461316347122192383e-02 7.646631449460983276e-02 1.089506670832633972e-01 9.467782825231552124e-02 6.212752684950828552e-02 4.330902919173240662e-02 2.491717040538787842e-02 3.226587548851966858e-03 4.338528960943222046e-04 5.667912046192213893e-05 4.122117843508021906e-06 0.000000000000000000e+00 0.000000000000000000e+00 0.000000000000000000e+00 0.000000000000000000e+00 0.000000000000000000e+00 0.000000000000000000e+00 0.000000000000000000e+00 0.000000000000000000e+00 0.000000000000000000e+00 0.000000000000000000e+00 0.000000000000000000e+00 0.000000000000000000e+00 5.152647190698189661e-06 3.709906013682484627e-05 1.207780442200601101e-03 9.778694249689579010e-03 4.423990845680236816e-01 3.778704106807708740e-01 1.523050367832183838e-01 1.101429853588342667e-02 2.759757917374372482e-03 1.720984117127954960e-03 7.914465968497097492e-04 1.102666501537896693e-04 0.000000000000000000e+00 0.000000000000000000e+00 0.000000000000000000e+00 0.000000000000000000e+00 0.000000000000000000e+00 0.000000000000000000e+00 0.000000000000000000e+00 0.000000000000000000e+00 0.000000000000000000e+00 0.000000000000000000e+00 0.000000000000000000e+00 0.000000000000000000e+00 0.000000000000000000e+00 0.000000000000000000e+00 0.000000000000000000e+00 0.000000000000000000e+00 0.000000000000000000e+00 0.000000000000000000e+00 4.122117752558551729e-05 1.597320660948753357e-04 1.153162447735667229e-03 4.418601095676422119e-02 4.095313549041748047e-01 5.125678181648254395e-01 2.952879108488559723e-02 2.407316816970705986e-03 3.606853133533149958e-04 6.389282498275861144e-05 0.000000000000000000e+00 0.000000000000000000e+00 0.000000000000000000e+00 0.000000000000000000e+00 0.000000000000000000e+00 0.000000000000000000e+00 0.000000000000000000e+00 0.000000000000000000e+00 0.000000000000000000e+00 0.000000000000000000e+00 0.000000000000000000e+00 0.000000000000000000e+00
1.466912403702735901e-02 1.369873248040676117e-02 7.637499831616878510e-03 3.932651132345199585e-02 5.137045308947563171e-02 3.542758524417877197e-02 4.318576306104660034e-02 6.868955492973327637e-02 7.495577633380889893e-02 6.719098985195159912e-02 4.408093914389610291e-02 3.268833458423614502e-02 3.399348631501197815e-02 3.750310093164443970e-02 4.003818705677986145e-02 3.154270723462104797e-02 2.276702411472797394e-02 1.758278161287307739e-02 2.179249748587608337e-02 2.828106656670570374e-02 4.206493496894836426e-02 4.422310739755630493e-02 4.744011536240577698e-02 7.231654226779937744e-02 4.566051065921783447e-02 1.300028059631586075e-02 7.511034607887268066e-03 1.347307814285159111e-03 1.239853827428305522e-05 1.653138497204054147e-06 0.000000000000000000e+00 0.000000000000000000e+00 0.000000000000000000e+00 0.000000000000000000e+00 0.000000000000000000e+00 0.000000000000000000e+00 0.000000000000000000e+00 0.000000000000000000e+00 0.000000000000000000e+00 0.000000000000000000e+00 0.000000000000000000e+00 0.000000000000000000e+00 0.000000000000000000e+00 0.000000000000000000e+00 0.000000000000000000e+00 0.000000000000000000e+00 1.347307843388989568e-04 9.483145922422409058e-02 6.925732493400573730e-01 2.071531265974044800e-01 4.457687959074974060e-03 8.497131639160215855e-04 0.000000000000000000e+00 0.000000000000000000e+00 0.000000000000000000e+00 0.000000000000000000e+00 0.000000000000000000e+00 0.000000000000000000e+00 0.000000000000000000e+00 0.000000000000000000e+00 0.000000000000000000e+00 0.000000000000000000e+00 0.000000000000000000e+00 0.000000000000000000e+00 0.000000000000000000e+00 0.000000000000000000e+00 0.000000000000000000e+00 0.000000000000000000e+00 0.000000000000000000e+00 0.000000000000000000e+00 0.000000000000000000e+00 0.000000000000000000e+00 0.000000000000000000e+00 0.000000000000000000e+00 0.000000000000000000e+00 0.000000000000000000e+00 1.653138497204054147e-06 1.008497085422277451e-02 1.022854670882225037e-01 6.370401978492736816e-01 2.505877017974853516e-01 0.000000000000000000e+00 0.000000000000000000e+00 0.000000000000000000e+00 0.000000000000000000e+00 0.000000000000000000e+00 0.000000000000000000e+00 0.000000000000000000e+00 0.000000000000000000e+00 0.000000000000000000e+00 0.000000000000000000e+00 0.000000000000000000e+00 0.000000000000000000e+00 0.000000000000000000e+00 0.000000000000000000e+00 0.000000000000000000e+00
3.581617027521133423e-02 2.534812875092029572e-02 1.523063518106937408e-02 1.238516625016927719e-02 9.261677041649818420e-03 7.965863682329654694e-03 8.993327617645263672e-03 2.485011145472526550e-02 1.648535020649433136e-02 1.740160584449768066e-02 1.047045737504959106e-02 5.688521545380353928e-03 7.610482629388570786e-03 3.883570432662963867e-02 5.416545644402503967e-02 6.254956126213073730e-02 4.930374398827552795e-02 6.590755283832550049e-02 7.517648488283157349e-02 8.218740671873092651e-02 8.574847877025604248e-02 7.317715883255004883e-02 7.070157676935195923e-02 6.007639318704605103e-02 4.241369292140007019e-02 1.900444738566875458e-02 4.501498769968748093e-03 3.952712286263704300e-03 3.440189640969038010e-03 3.440189640969038010e-03 2.490088110789656639e-03 5.420172121375799179e-03 0.000000000000000000e+00 0.000000000000000000e+00 0.000000000000000000e+00 0.000000000000000000e+00 0.000000000000000000e+00 0.000000000000000000e+00 0.000000000000000000e+00 0.000000000000000000e+00 0.000000000000000000e+00 0.000000000000000000e+00 0.000000000000000000e+00 0.000000000000000000e+00 0.000000000000000000e+00 0.000000000000000000e+00 0.000000000000000000e+00 6.720819976180791855e-03 4.176627099514007568e-01 5.756068229675292969e-01 9.670244253356941044e-06 0.000000000000000000e+00 0.000000000000000000e+00 0.000000000000000000e+00 0.000000000000000000e+00 0.000000000000000000e+00 0.000000000000000000e+00 0.000000000000000000e+00 0.000000000000000000e+00 0.000000000000000000e+00 0.000000000000000000e+00 0.000000000000000000e+00 0.000000000000000000e+00 0.000000000000000000e+00 0.000000000000000000e+00 0.000000000000000000e+00 0.000000000000000000e+00 0.000000000000000000e+00 0.000000000000000000e+00 0.000000000000000000e+00 0.000000000000000000e+00 0.000000000000000000e+00 0.000000000000000000e+00 0.000000000000000000e+00 0.000000000000000000e+00 0.000000000000000000e+00 0.000000000000000000e+00 0.000000000000000000e+00 2.635480165481567383e-01 6.465767621994018555e-01 8.987525105476379395e-02 0.000000000000000000e+00 0.000000000000000000e+00 0.000000000000000000e+00 0.000000000000000000e+00 0.000000000000000000e+00 0.000000000000000000e+00 0.000000000000000000e+00 0.000000000000000000e+00 0.000000000000000000e+00 0.000000000000000000e+00 0.000000000000000000e+00 0.000000000000000000e+00 0.000000000000000000e+00 0.000000000000000000e+00 0.000000000000000000e+00
2.843338763341307640e-03 1.532546803355216980e-02 3.365312889218330383e-02 4.533937945961952209e-02 6.128903478384017944e-02 6.552034616470336914e-02 7.800407707691192627e-02 8.421385288238525391e-02 8.991978317499160767e-02 8.708928525447845459e-02 8.097097277641296387e-02 7.716487348079681396e-02 7.453976571559906006e-02 5.702723562717437744e-02 4.009877890348434448e-02 3.135535120964050293e-02 2.409617230296134949e-02 1.457130908966064453e-02 8.438554592430591583e-03 6.936655379831790924e-03 4.462372977286577225e-03 1.854909467510879040e-03 1.264419290237128735e-03 8.712940034456551075e-04 7.541587110608816147e-04 6.594877340830862522e-04 5.824672407470643520e-04 6.723244441673159599e-04 6.033269455656409264e-04 6.755336653441190720e-04 7.621816475875675678e-04 8.440159261226654053e-03 0.000000000000000000e+00 0.000000000000000000e+00 0.000000000000000000e+00 0.000000000000000000e+00 0.000000000000000000e+00 0.000000000000000000e+00 0.000000000000000000e+00 0.000000000000000000e+00 0.000000000000000000e+00 0.000000000000000000e+00 0.000000000000000000e+00 0.000000000000000000e+00 0.000000000000000000e+00 0.000000000000000000e+00 3.149816067889332771e-03 1.667733788490295410e-01 4.516287446022033691e-01 1.543040871620178223e-01 9.269573539495468140e-02 6.687783449888229370e-02 3.587067499756813049e-02 2.343187108635902405e-02 5.147534422576427460e-03 1.203444771817885339e-04 0.000000000000000000e+00 0.000000000000000000e+00 0.000000000000000000e+00 0.000000000000000000e+00 0.000000000000000000e+00 0.000000000000000000e+00 0.000000000000000000e+00 0.000000000000000000e+00 0.000000000000000000e+00 0.000000000000000000e+00 0.000000000000000000e+00 0.000000000000000000e+00 0.000000000000000000e+00 0.000000000000000000e+00 0.000000000000000000e+00 0.000000000000000000e+00 0.000000000000000000e+00 0.000000000000000000e+00 1.432901481166481972e-03 7.347431499511003494e-03 3.674197196960449219e-02 9.519087523221969604e-02 1.720765531063079834e-01 4.286317229270935059e-01 2.513691186904907227e-01 7.209436502307653427e-03 0.000000000000000000e+00 0.000000000000000000e+00 0.000000000000000000e+00 0.000000000000000000e+00 0.000000000000000000e+00 0.000000000000000000e+00 0.000000000000000000e+00 0.000000000000000000e+00 0.000000000000000000e+00 0.000000000000000000e+00 0.000000000000000000e+00 0.000000000000000000e+00 0.000000000000000000e+00 0.000000000000000000e+00
5.222717300057411194e-02 8.696665614843368530e-02 1.328471302986145020e-01 8.466647565364837646e-02 4.646507278084754944e-02 3.924753516912460327e-02 4.355045780539512634e-02 5.375813692808151245e-02 7.269287854433059692e-02 7.594408094882965088e-02 6.326466798782348633e-02 5.234558507800102234e-02 4.291737452149391174e-02 3.420430049300193787e-02 3.093538060784339905e-02 2.638257667422294617e-02 2.011512964963912964e-02 1.480243820697069168e-02 1.025802642107009888e-02 5.448819138109683990e-03 3.088969504460692406e-03 1.844244310632348061e-03 1.143095782026648521e-03 9.072041139006614685e-04 6.060459418222308159e-04 4.475415917113423347e-04 4.018550680484622717e-04 3.477771242614835501e-04 4.372854309622198343e-04 3.897341375704854727e-04 4.195702495053410530e-04 9.267840650863945484e-04 0.000000000000000000e+00 0.000000000000000000e+00 0.000000000000000000e+00 0.000000000000000000e+00 0.000000000000000000e+00 0.000000000000000000e+00 0.000000000000000000e+00 0.000000000000000000e+00 0.000000000000000000e+00 0.000000000000000000e+00 0.000000000000000000e+00 0.000000000000000000e+00 0.000000000000000000e+00 0.000000000000000000e+00 3.878693969454616308e-04 3.215241432189941406e-01 5.628851652145385742e-01 4.169689118862152100e-02 6.492336839437484741e-02 5.845079664140939713e-03 2.441898919641971588e-03 2.955639210995286703e-04 0.000000000000000000e+00 0.000000000000000000e+00 0.000000000000000000e+00 0.000000000000000000e+00 0.000000000000000000e+00 0.000000000000000000e+00 0.000000000000000000e+00 0.000000000000000000e+00 0.000000000000000000e+00 0.000000000000000000e+00 0.000000000000000000e+00 0.000000000000000000e+00 0.000000000000000000e+00 0.000000000000000000e+00 0.000000000000000000e+00 0.000000000000000000e+00 0.000000000000000000e+00 0.000000000000000000e+00 0.000000000000000000e+00 0.000000000000000000e+00 0.000000000000000000e+00 2.055614441633224487e-02 4.903750494122505188e-02 1.035965606570243835e-02 1.348340213298797607e-01 4.651691317558288574e-01 1.011527925729751587e-01 2.188907265663146973e-01 0.000000000000000000e+00 0.000000000000000000e+00 0.000000000000000000e+00 0.000000000000000000e+00 0.000000000000000000e+00 0.000000000000000000e+00 0.000000000000000000e+00 0.000000000000000000e+00 0.000000000000000000e+00 0.000000000000000000e+00 0.000000000000000000e+00 0.000000000000000000e+00 0.000000000000000000e+00 0.000000000000000000e+00
8.852189779281616211e-02 2.047704719007015228e-02 6.134308874607086182e-03 5.105075892060995102e-03 9.263100102543830872e-03 2.729425206780433655e-02 4.545063152909278870e-02 2.414980717003345490e-02 1.320392917841672897e-02 1.005948428064584732e-02 7.126364856958389282e-03 1.000469643622636795e-02 4.395961388945579529e-02 5.355731397867202759e-02 5.849802494049072266e-02 5.184909701347351074e-02 6.676124036312103271e-02 2.979884855449199677e-02 2.120103314518928528e-02 5.326967313885688782e-02 1.302097588777542114e-01 1.508218199014663696e-01 4.922122508287429810e-02 9.679880924522876740e-03 9.190701879560947418e-03 4.586545750498771667e-03 4.578718799166381359e-04 1.350134989479556680e-04 1.174030421680072322e-05 0.000000000000000000e+00 0.000000000000000000e+00 0.000000000000000000e+00 0.000000000000000000e+00 0.000000000000000000e+00 0.000000000000000000e+00 0.000000000000000000e+00 0.000000000000000000e+00 0.000000000000000000e+00 0.000000000000000000e+00 0.000000000000000000e+00 0.000000000000000000e+00 0.000000000000000000e+00 0.000000000000000000e+00 0.000000000000000000e+00 0.000000000000000000e+00 1.056627370417118073e-03 3.235510587692260742e-01 3.061206042766571045e-01 2.348530441522598267e-01 6.630141288042068481e-02 4.440378770232200623e-02 2.189762517809867859e-02 1.815833733417093754e-03 0.000000000000000000e+00 0.000000000000000000e+00 0.000000000000000000e+00 0.000000000000000000e+00 0.000000000000000000e+00 0.000000000000000000e+00 0.000000000000000000e+00 0.000000000000000000e+00 0.000000000000000000e+00 0.000000000000000000e+00 0.000000000000000000e+00 0.000000000000000000e+00 0.000000000000000000e+00 0.000000000000000000e+00 0.000000000000000000e+00 0.000000000000000000e+00 0.000000000000000000e+00 0.000000000000000000e+00 0.000000000000000000e+00 0.000000000000000000e+00 0.000000000000000000e+00 0.000000000000000000e+00 7.102884119376540184e-04 3.170077875256538391e-02 5.355144292116165161e-02 4.279536753892898560e-02 1.266602724790573120e-01 2.751359939575195312e-01 4.167416691780090332e-01 5.270418524742126465e-02 0.000000000000000000e+00 0.000000000000000000e+00 0.000000000000000000e+00 0.000000000000000000e+00 0.000000000000000000e+00 0.000000000000000000e+00 0.000000000000000000e+00 0.000000000000000000e+00 0.000000000000000000e+00 0.000000000000000000e+00 0.000000000000000000e+00 0.000000000000000000e+00 0.000000000000000000e+00
5.703293936676345766e-05 1.741837896406650543e-02 6.773957610130310059e-02 3.578039258718490601e-02 8.015461266040802002e-02 1.348984539508819580e-01 7.017514109611511230e-02 2.675492875277996063e-02 3.476417064666748047e-02 4.424200579524040222e-02 5.320525169372558594e-02 4.836133867502212524e-02 3.159495070576667786e-02 2.161548472940921783e-02 2.530707046389579773e-02 3.854908049106597900e-02 6.565009802579879761e-02 6.865599006414413452e-02 5.064136162400245667e-02 2.970767952501773834e-02 1.713191717863082886e-02 1.237096264958381653e-02 8.431801572442054749e-03 5.910686217248439789e-03 5.497197620570659637e-03 2.610553056001663208e-03 1.284537371248006821e-03 1.113438513129949570e-03 3.383090370334684849e-04 3.758989259949885309e-05 0.000000000000000000e+00 0.000000000000000000e+00 0.000000000000000000e+00 0.000000000000000000e+00 0.000000000000000000e+00 0.000000000000000000e+00 0.000000000000000000e+00 0.000000000000000000e+00 0.000000000000000000e+00 0.000000000000000000e+00 0.000000000000000000e+00 0.000000000000000000e+00 0.000000000000000000e+00 0.000000000000000000e+00 0.000000000000000000e+00 0.000000000000000000e+00 0.000000000000000000e+00 2.027119100093841553e-01 2.160511463880538940e-01 1.249993517994880676e-01 2.559119760990142822e-01 1.514561474323272705e-01 4.721549525856971741e-02 5.832914030179381371e-04 3.240507794544100761e-04 2.851646859198808670e-04 4.394128627609461546e-04 2.203545409429352731e-05 0.000000000000000000e+00 0.000000000000000000e+00 0.000000000000000000e+00 0.000000000000000000e+00 0.000000000000000000e+00 0.000000000000000000e+00 0.000000000000000000e+00 0.000000000000000000e+00 0.000000000000000000e+00 0.000000000000000000e+00 0.000000000000000000e+00 0.000000000000000000e+00 0.000000000000000000e+00 0.000000000000000000e+00 0.000000000000000000e+00 8.036459621507674456e-05 2.816649386659264565e-03 7.833085209131240845e-02 1.874530166387557983e-01 2.352219820022583008e-01 7.720834016799926758e-02 1.769861727952957153e-01 2.418922483921051025e-01 1.036962567013688385e-05 0.000000000000000000e+00 0.000000000000000000e+00 0.000000000000000000e+00 0.000000000000000000e+00 0.000000000000000000e+00 0.000000000000000000e+00 0.000000000000000000e+00 0.000000000000000000e+00 0.000000000000000000e+00 0.000000000000000000e+00 0.000000000000000000e+00 0.000000000000000000e+00 0.000000000000000000e+00 0.000000000000000000e+00
3.622725233435630798e-02 5.232031643390655518e-02 6.686738878488540649e-02 1.112350001931190491e-01 8.252825587987899780e-02 5.646434426307678223e-02 5.553578212857246399e-02 3.582895174622535706e-02 1.454949565231800079e-02 6.963612977415323257e-03 6.108899600803852081e-03 1.040425803512334824e-02 1.208704989403486252e-02 2.065597474575042725e-02 5.166051536798477173e-02 4.273929446935653687e-02 5.000557005405426025e-02 5.670163035392761230e-02 6.855623424053192139e-02 5.562900006771087646e-02 6.385894864797592163e-02 3.767033666372299194e-02 4.145238082855939865e-03 4.430949920788407326e-04 1.912814332172274590e-04 1.392238336848095059e-04 1.319599832640960813e-04 1.319599832640960813e-04 1.210642003570683300e-04 4.237247048877179623e-05 5.447889270726591349e-05 1.210642039950471371e-06 0.000000000000000000e+00 0.000000000000000000e+00 0.000000000000000000e+00 0.000000000000000000e+00 0.000000000000000000e+00 0.000000000000000000e+00 0.000000000000000000e+00 0.000000000000000000e+00 0.000000000000000000e+00 0.000000000000000000e+00 0.000000000000000000e+00 0.000000000000000000e+00 0.000000000000000000e+00 0.000000000000000000e+00 4.697291005868464708e-04 3.582289675250649452e-03 3.755823075771331787e-01 1.482528001070022583e-01 4.438516199588775635e-01 2.826122753322124481e-02 0.000000000000000000e+00 0.000000000000000000e+00 0.000000000000000000e+00 0.000000000000000000e+00 0.000000000000000000e+00 0.000000000000000000e+00 0.000000000000000000e+00 0.000000000000000000e+00 0.000000000000000000e+00 0.000000000000000000e+00 0.000000000000000000e+00 0.000000000000000000e+00 0.000000000000000000e+00 0.000000000000000000e+00 0.000000000000000000e+00 0.000000000000000000e+00 0.000000000000000000e+00 0.000000000000000000e+00 0.000000000000000000e+00 0.000000000000000000e+00 0.000000000000000000e+00 0.000000000000000000e+00 0.000000000000000000e+00 2.421284079900942743e-06 1.817682087421417236e-01 2.854342758655548096e-01 5.296437814831733704e-02 3.768898248672485352e-01 1.014191135764122009e-01 1.187639776617288589e-03 3.341372066643089056e-04 0.000000000000000000e+00 0.000000000000000000e+00 0.000000000000000000e+00 0.000000000000000000e+00 0.000000000000000000e+00 0.000000000000000000e+00 0.000000000000000000e+00 0.000000000000000000e+00 0.000000000000000000e+00 0.000000000000000000e+00 0.000000000000000000e+00 0.000000000000000000e+00 0.000000000000000000e+00
8.068599738180637360e-03 6.315665785223245621e-03 9.493321180343627930e-03 1.622625067830085754e-02 2.967681922018527985e-02 4.818679019808769226e-02 6.664887815713882446e-02 7.768774032592773438e-02 7.871272414922714233e-02 7.519944757223129272e-02 6.434657424688339233e-02 5.463903397321701050e-02 4.913907498121261597e-02 5.140326544642448425e-02 4.805150255560874939e-02 3.989455848932266235e-02 3.522830456495285034e-02 3.273754194378852844e-02 3.074815310537815094e-02 2.863442152738571167e-02 2.613742463290691376e-02 2.451883442699909210e-02 2.369595132768154144e-02 2.295518107712268829e-02 2.055652998387813568e-02 1.515903323888778687e-02 8.266114629805088043e-03 4.098530393093824387e-03 1.986916642636060715e-03 1.032396685332059860e-03 5.285504157654941082e-04 2.588050119811668992e-05 0.000000000000000000e+00 0.000000000000000000e+00 0.000000000000000000e+00 0.000000000000000000e+00 0.000000000000000000e+00 0.000000000000000000e+00 0.000000000000000000e+00 0.000000000000000000e+00 0.000000000000000000e+00 0.000000000000000000e+00 0.000000000000000000e+00 0.000000000000000000e+00 0.000000000000000000e+00 0.000000000000000000e+00 1.078040571883320808e-03 2.078723013401031494e-01 5.529842376708984375e-01 1.240960657596588135e-01 7.819134742021560669e-02 3.161550313234329224e-02 4.048651549965143204e-03 1.138742081820964813e-04 0.000000000000000000e+00 0.000000000000000000e+00 0.000000000000000000e+00 0.000000000000000000e+00 0.000000000000000000e+00 0.000000000000000000e+00 0.000000000000000000e+00 0.000000000000000000e+00 0.000000000000000000e+00 0.000000000000000000e+00 0.000000000000000000e+00 0.000000000000000000e+00 0.000000000000000000e+00 0.000000000000000000e+00 0.000000000000000000e+00 0.000000000000000000e+00 0.000000000000000000e+00 1.458719179936451837e-05 3.300940443295985460e-04 1.190855982713401318e-03 5.902754142880439758e-03 1.669186539947986603e-02 4.108635708689689636e-02 9.430113434791564941e-02 1.234076470136642456e-01 3.159062266349792480e-01 4.009011983871459961e-01 2.672749978955835104e-04 0.000000000000000000e+00 0.000000000000000000e+00 0.000000000000000000e+00 0.000000000000000000e+00 0.000000000000000000e+00 0.000000000000000000e+00 0.000000000000000000e+00 0.000000000000000000e+00 0.000000000000000000e+00 0.000000000000000000e+00 0.000000000000000000e+00 0.000000000000000000e+00 0.000000000000000000e+00 0.000000000000000000e+00
