1.236859560012817383e-01 1.626462042331695557e-01 1.240891590714454651e-01 1.250348091125488281e-01 1.261487007141113281e-01 1.206662505865097046e-01 1.160076111555099487e-01 1.181512847542762756e-01 1.048135459423065186e-01 8.545959740877151489e-02 6.141801178455352783e-02 5.165692046284675598e-02 5.402394756674766541e-02 5.423280224204063416e-02 6.750673055648803711e-02 7.638018578290939331e-02 7.195650786161422729e-02 7.040750235319137573e-02 7.918523252010345459e-02 1.362926959991455078e-01 2.840753495693206787e-01 2.024534642696380615e-01 1.541063338518142700e-01 1.664926111698150635e-01 1.697356849908828735e-01 6.770398467779159546e-02 2.501334249973297119e-02 5.018332740291953087e-04 1.537408388685435057e-04 0.000000000000000000e+00 0.000000000000000000e+00 0.000000000000000000e+00 0.000000000000000000e+00 0.000000000000000000e+00 0.000000000000000000e+00 0.000000000000000000e+00 0.000000000000000000e+00 0.000000000000000000e+00 0.000000000000000000e+00 0.000000000000000000e+00 0.000000000000000000e+00 0.000000000000000000e+00 0.000000000000000000e+00 3.654970787465572357e-04 4.629629664123058319e-03 1.070771086961030960e-02 2.215511724352836609e-02 5.268379300832748413e-02 5.670967698097229004e-01 1.139229238033294678e-01 5.161244049668312073e-02 4.642973095178604126e-02 4.055373743176460266e-02 3.111463040113449097e-02 2.392942272126674652e-02 1.177809480577707291e-02 1.141356490552425385e-02 6.950246170163154602e-03 4.099755547940731049e-03 5.569479544647037983e-04 0.000000000000000000e+00 0.000000000000000000e+00 0.000000000000000000e+00 0.000000000000000000e+00 0.000000000000000000e+00 0.000000000000000000e+00 0.000000000000000000e+00 0.000000000000000000e+00 0.000000000000000000e+00 0.000000000000000000e+00 2.020870015257969499e-04 3.275936702266335487e-03 4.108457826077938080e-03 1.379799842834472656e-02 2.037984691560268402e-02 2.883365750312805176e-02 6.147312745451927185e-02 6.119755282998085022e-02 1.336771696805953979e-01 5.682377219200134277e-01 7.630863785743713379e-02 1.102389488369226456e-02 7.233554497361183167e-03 7.280933670699596405e-03 2.815681276842951775e-03 1.537408388685435057e-04 0.000000000000000000e+00 0.000000000000000000e+00 0.000000000000000000e+00 0.000000000000000000e+00 0.000000000000000000e+00 0.000000000000000000e+00 0.000000000000000000e+00 0.000000000000000000e+00 0.000000000000000000e+00 0.000000000000000000e+00
0.000000000000000000e+00 0.000000000000000000e+00 0.000000000000000000e+00 0.000000000000000000e+00 0.000000000000000000e+00 0.000000000000000000e+00 0.000000000000000000e+00 0.000000000000000000e+00 0.000000000000000000e+00 0.000000000000000000e+00 0.000000000000000000e+00 0.000000000000000000e+00 0.000000000000000000e+00 0.000000000000000000e+00 0.000000000000000000e+00 3.000000000000000000e+00 0.000000000000000000e+00 0.000000000000000000e+00 0.000000000000000000e+00 0.000000000000000000e+00 0.000000000000000000e+00 0.000000000000000000e+00 0.000000000000000000e+00 0.000000000000000000e+00 0.000000000000000000e+00 0.000000000000000000e+00 0.000000000000000000e+00 0.000000000000000000e+00 0.000000000000000000e+00 0.000000000000000000e+00 0.000000000000000000e+00 0.000000000000000000e+00 0.000000000000000000e+00 0.000000000000000000e+00 0.000000000000000000e+00 0.000000000000000000e+00 0.000000000000000000e+00 0.000000000000000000e+00 0.000000000000000000e+00 0.000000000000000000e+00 0.000000000000000000e+00 0.000000000000000000e+00 0.000000000000000000e+00 0.000000000000000000e+00 0.000000000000000000e+00 0.000000000000000000e+00 0.000000000000000000e+00 0.000000000000000000e+00 0.000000000000000000e+00 1.000000000000000000e+00 0.000000000000000000e+00 0.000000000000000000e+00 0.000000000000000000e+00 0.000000000000000000e+00 0.000000000000000000e+00 0.000000000000000000e+00 0.000000000000000000e+00 0.000000000000000000e+00 0.000000000000000000e+00 0.000000000000000000e+00 0.000000000000000000e+00 0.000000000000000000e+00 0.000000000000000000e+00 0.000000000000000000e+00 0.000000000000000000e+00 0.000000000000000000e+00 0.000000000000000000e+00 0.000000000000000000e+00 0.000000000000000000e+00 0.000000000000000000e+00 0.000000000000000000e+00 0.000000000000000000e+00 0.000000000000000000e+00 0.000000000000000000e+00 0.000000000000000000e+00 0.000000000000000000e+00 0.000000000000000000e+00 0.000000000000000000e+00 1.000000000000000000e+00 0.000000000000000000e+00 0.000000000000000000e+00 0.000000000000000000e+00 0.000000000000000000e+00 0.000000000000000000e+00 0.000000000000000000e+00 0.000000000000000000e+00 0.000000000000000000e+00 0.000000000000000000e+00 0.000000000000000000e+00 0.000000000000000000e+00 0.000000000000000000e+00 0.000000000000000000e+00 0.000000000000000000e+00 0.000000000000000000e+00 0.000000000000000000e+00 0.000000000000000000e+00
2.857633531093597412e-01 2.246289700269699097e-01 2.081901952624320984e-02 1.444620080292224884e-02 1.561426464468240738e-02 1.568297296762466431e-02 1.800192333757877350e-02 1.855160109698772430e-02 1.387934572994709015e-02 1.276281382888555527e-02 1.726329512894153595e-02 3.554005920886993408e-02 5.087948217988014221e-02 1.124433130025863647e-01 3.117871284484863281e-01 4.659371972084045410e-01 4.246599078178405762e-01 3.222309947013854980e-01 3.424144387245178223e-01 1.470729708671569824e-01 6.759310513734817505e-02 1.597498916089534760e-02 4.122578073292970657e-03 9.104026481509208679e-03 1.767555251717567444e-02 9.773945435881614685e-03 4.929916001856327057e-03 4.466125974431633949e-04 0.000000000000000000e+00 0.000000000000000000e+00 0.000000000000000000e+00 0.000000000000000000e+00 0.000000000000000000e+00 0.000000000000000000e+00 0.000000000000000000e+00 0.000000000000000000e+00 0.000000000000000000e+00 0.000000000000000000e+00 0.000000000000000000e+00 0.000000000000000000e+00 0.000000000000000000e+00 0.000000000000000000e+00 0.000000000000000000e+00 0.000000000000000000e+00 0.000000000000000000e+00 0.000000000000000000e+00 0.000000000000000000e+00 6.733544170856475830e-03 7.592471837997436523e-01 2.103602737188339233e-01 2.365901693701744080e-02 0.000000000000000000e+00 0.000000000000000000e+00 0.000000000000000000e+00 0.000000000000000000e+00 0.000000000000000000e+00 0.000000000000000000e+00 0.000000000000000000e+00 0.000000000000000000e+00 0.000000000000000000e+00 0.000000000000000000e+00 0.000000000000000000e+00 0.000000000000000000e+00 0.000000000000000000e+00 0.000000000000000000e+00 0.000000000000000000e+00 0.000000000000000000e+00 0.000000000000000000e+00 0.000000000000000000e+00 0.000000000000000000e+00 0.000000000000000000e+00 0.000000000000000000e+00 0.000000000000000000e+00 0.000000000000000000e+00 0.000000000000000000e+00 0.000000000000000000e+00 0.000000000000000000e+00 1.547111943364143372e-02 3.378223478794097900e-01 5.599949359893798828e-01 8.671155571937561035e-02 0.000000000000000000e+00 0.000000000000000000e+00 0.000000000000000000e+00 0.000000000000000000e+00 0.000000000000000000e+00 0.000000000000000000e+00 0.000000000000000000e+00 0.000000000000000000e+00 0.000000000000000000e+00 0.000000000000000000e+00 0.000000000000000000e+00 0.000000000000000000e+00 0.000000000000000000e+00 0.000000000000000000e+00 0.000000000000000000e+00
3.635700326412916183e-03 1.355961710214614868e-02 2.651910856366157532e-02 3.667958080768585205e-02 5.232182890176773071e-02 7.134642452001571655e-02 1.270116120576858521e-01 2.574586868286132812e-01 2.532127499580383301e-01 1.782064437866210938e-01 1.535831391811370850e-01 1.503385752439498901e-01 1.313522756099700928e-01 1.298919469118118286e-01 1.391653418540954590e-01 1.363636404275894165e-01 1.415100693702697754e-01 1.331136822700500488e-01 1.337091028690338135e-01 1.291896849870681763e-01 1.207052618265151978e-01 1.031638383865356445e-01 7.512526214122772217e-02 5.931837111711502075e-02 5.003758519887924194e-02 4.443283379077911377e-02 3.246391564607620239e-02 2.676104195415973663e-02 2.564748004078865051e-02 2.137872576713562012e-02 2.318649552762508392e-02 1.960993371903896332e-02 0.000000000000000000e+00 0.000000000000000000e+00 0.000000000000000000e+00 0.000000000000000000e+00 0.000000000000000000e+00 0.000000000000000000e+00 0.000000000000000000e+00 0.000000000000000000e+00 0.000000000000000000e+00 0.000000000000000000e+00 0.000000000000000000e+00 5.676441942341625690e-04 6.798065733164548874e-03 4.216314852237701416e-02 7.339724153280258179e-02 1.213681101799011230e-01 4.234645962715148926e-01 1.716500967741012573e-01 7.708088308572769165e-02 3.545580804347991943e-02 2.179673127830028534e-02 1.320343930274248123e-02 8.083889260888099670e-03 4.005766939371824265e-03 9.645919199101626873e-04 0.000000000000000000e+00 0.000000000000000000e+00 0.000000000000000000e+00 0.000000000000000000e+00 0.000000000000000000e+00 0.000000000000000000e+00 0.000000000000000000e+00 0.000000000000000000e+00 0.000000000000000000e+00 0.000000000000000000e+00 0.000000000000000000e+00 0.000000000000000000e+00 2.240111143692047335e-06 8.198807336157187819e-05 2.439481177134439349e-04 7.275881362147629261e-04 4.163919016718864441e-03 1.490906067192554474e-02 3.468476235866546631e-02 7.498167455196380615e-02 1.154477149248123169e-01 3.148333132266998291e-01 2.563034594058990479e-01 9.570225328207015991e-02 2.719270996749401093e-02 2.041592635214328766e-02 2.195017784833908081e-02 1.245300285518169403e-02 5.100733134895563126e-03 5.873571499250829220e-04 2.181868330808356404e-04 0.000000000000000000e+00 0.000000000000000000e+00 0.000000000000000000e+00 0.000000000000000000e+00 0.000000000000000000e+00 0.000000000000000000e+00 0.000000000000000000e+00 0.000000000000000000e+00
7.829056994523853064e-05 9.951144456863403320e-04 3.785349428653717041e-02 5.125972628593444824e-02 5.601072683930397034e-02 6.282200664281845093e-02 1.025730147957801819e-01 9.006094932556152344e-02 1.071385890245437622e-01 1.269069612026214600e-01 1.508206129074096680e-01 2.327970117330551147e-01 3.269496858119964600e-01 3.096824884414672852e-01 2.433518171310424805e-01 1.674965023994445801e-01 1.406799256801605225e-01 1.409601271152496338e-01 1.520032137632369995e-01 1.148193106055259705e-01 8.499471843242645264e-02 7.457794994115829468e-02 7.558336853981018066e-02 7.043267786502838135e-02 3.928744792938232422e-02 2.205321937799453735e-02 1.139333844184875488e-02 4.919944331049919128e-03 1.275312271900475025e-03 2.183894976042211056e-04 4.120556241105077788e-06 0.000000000000000000e+00 0.000000000000000000e+00 0.000000000000000000e+00 0.000000000000000000e+00 0.000000000000000000e+00 0.000000000000000000e+00 0.000000000000000000e+00 0.000000000000000000e+00 0.000000000000000000e+00 0.000000000000000000e+00 0.000000000000000000e+00 0.000000000000000000e+00 0.000000000000000000e+00 0.000000000000000000e+00 0.000000000000000000e+00 5.961071699857711792e-03 7.485540211200714111e-02 2.466001957654953003e-01 2.547169923782348633e-01 1.522895842790603638e-01 1.790972352027893066e-01 7.906386256217956543e-02 6.642336957156658173e-03 7.732911035418510437e-04 0.000000000000000000e+00 0.000000000000000000e+00 0.000000000000000000e+00 0.000000000000000000e+00 0.000000000000000000e+00 0.000000000000000000e+00 0.000000000000000000e+00 0.000000000000000000e+00 0.000000000000000000e+00 0.000000000000000000e+00 0.000000000000000000e+00 0.000000000000000000e+00 0.000000000000000000e+00 0.000000000000000000e+00 0.000000000000000000e+00 0.000000000000000000e+00 0.000000000000000000e+00 1.249902124982327223e-04 3.411134006455540657e-03 4.665225371718406677e-02 8.675350993871688843e-02 2.006106674671173096e-01 1.017056331038475037e-01 2.049036026000976562e-01 2.174438238143920898e-01 1.223743483424186707e-01 1.585658825933933258e-02 1.634487416595220566e-04 0.000000000000000000e+00 0.000000000000000000e+00 0.000000000000000000e+00 0.000000000000000000e+00 0.000000000000000000e+00 0.000000000000000000e+00 0.000000000000000000e+00 0.000000000000000000e+00 0.000000000000000000e+00 0.000000000000000000e+00 0.000000000000000000e+00 0.000000000000000000e+00 0.000000000000000000e+00
9.000852587632834911e-04 4.701621830463409424e-03 1.743253320455551147e-02 2.655780874192714691e-02 2.158086746931076050e-02 1.249530166387557983e-02 1.029803417623043060e-02 1.207437925040721893e-02 1.677335426211357117e-02 2.886361628770828247e-02 4.032911360263824463e-02 6.218264997005462646e-02 6.149170547723770142e-02 7.241715490818023682e-02 8.990792930126190186e-02 1.116264536976814270e-01 1.290166378021240234e-01 1.835406124591827393e-01 2.515764832496643066e-01 3.247639834880828857e-01 3.820941448211669922e-01 3.249996006488800049e-01 2.683577537536621094e-01 1.874745190143585205e-01 1.506424993276596069e-01 9.090860933065414429e-02 6.283918023109436035e-02 3.887044638395309448e-02 1.401220913976430893e-02 7.915455498732626438e-04 7.677197572775185108e-05 4.023910150863230228e-04 0.000000000000000000e+00 0.000000000000000000e+00 0.000000000000000000e+00 0.000000000000000000e+00 0.000000000000000000e+00 0.000000000000000000e+00 0.000000000000000000e+00 0.000000000000000000e+00 0.000000000000000000e+00 0.000000000000000000e+00 0.000000000000000000e+00 0.000000000000000000e+00 0.000000000000000000e+00 0.000000000000000000e+00 0.000000000000000000e+00 0.000000000000000000e+00 3.180327713489532471e-01 6.162795424461364746e-01 6.226472184062004089e-02 3.422971349209547043e-03 0.000000000000000000e+00 0.000000000000000000e+00 0.000000000000000000e+00 0.000000000000000000e+00 0.000000000000000000e+00 0.000000000000000000e+00 0.000000000000000000e+00 0.000000000000000000e+00 0.000000000000000000e+00 0.000000000000000000e+00 0.000000000000000000e+00 0.000000000000000000e+00 0.000000000000000000e+00 0.000000000000000000e+00 0.000000000000000000e+00 0.000000000000000000e+00 0.000000000000000000e+00 0.000000000000000000e+00 0.000000000000000000e+00 0.000000000000000000e+00 0.000000000000000000e+00 0.000000000000000000e+00 0.000000000000000000e+00 0.000000000000000000e+00 1.358952256850898266e-03 6.596565991640090942e-02 2.994759976863861084e-01 6.331579089164733887e-01 4.147451545577496290e-05 0.000000000000000000e+00 0.000000000000000000e+00 0.000000000000000000e+00 0.000000000000000000e+00 0.000000000000000000e+00 0.000000000000000000e+00 0.000000000000000000e+00 0.000000000000000000e+00 0.000000000000000000e+00 0.000000000000000000e+00 0.000000000000000000e+00 0.000000000000000000e+00 0.000000000000000000e+00 0.000000000000000000e+00 0.000000000000000000e+00
9.975615103030577302e-05 7.980492082424461842e-04 2.377521712332963943e-03 4.910219460725784302e-03 9.094435721635818481e-03 1.848259754478931427e-02 2.793449535965919495e-02 3.538572415709495544e-02 6.547605991363525391e-02 1.168366223573684692e-01 2.575870156288146973e-01 4.072184562683105469e-01 3.541842103004455566e-01 3.797079324722290039e-01 5.679838061332702637e-01 3.887053728103637695e-01 1.553535759449005127e-01 8.275049924850463867e-02 4.908280074596405029e-02 2.785413339734077454e-02 1.214808225631713867e-02 7.689537014812231064e-03 8.991908282041549683e-03 6.301263347268104553e-03 4.871425684541463852e-03 4.813234321773052216e-03 3.145089838653802872e-03 1.330082013737410307e-04 4.987807551515288651e-05 2.771004255919251591e-05 5.542008693737443537e-06 0.000000000000000000e+00 0.000000000000000000e+00 0.000000000000000000e+00 0.000000000000000000e+00 0.000000000000000000e+00 0.000000000000000000e+00 0.000000000000000000e+00 0.000000000000000000e+00 0.000000000000000000e+00 0.000000000000000000e+00 4.803073898074217141e-05 1.070531317964196205e-03 1.052057952620089054e-03 1.278356648981571198e-03 3.916352521628141403e-03 4.067741706967353821e-02 3.825223445892333984e-01 5.184991955757141113e-01 4.556547105312347412e-02 4.489950370043516159e-03 7.241557468660175800e-04 1.440922205802053213e-04 1.200768474518554285e-05 0.000000000000000000e+00 0.000000000000000000e+00 0.000000000000000000e+00 0.000000000000000000e+00 0.000000000000000000e+00 0.000000000000000000e+00 0.000000000000000000e+00 0.000000000000000000e+00 0.000000000000000000e+00 0.000000000000000000e+00 0.000000000000000000e+00 0.000000000000000000e+00 0.000000000000000000e+00 0.000000000000000000e+00 0.000000000000000000e+00 0.000000000000000000e+00 0.000000000000000000e+00 0.000000000000000000e+00 0.000000000000000000e+00 0.000000000000000000e+00 0.000000000000000000e+00 1.385502109769731760e-04 1.359639456495642662e-03 7.794834673404693604e-03 7.804440706968307495e-02 4.759190380573272705e-01 3.389464616775512695e-01 6.357052922248840332e-02 2.936802618205547333e-02 4.284895956516265869e-03 5.699031753465533257e-04 3.694672386700403877e-06 0.000000000000000000e+00 0.000000000000000000e+00 0.000000000000000000e+00 0.000000000000000000e+00 0.000000000000000000e+00 0.000000000000000000e+00 0.000000000000000000e+00 0.000000000000000000e+00 0.000000000000000000e+00 0.000000000000000000e+00
9.225454926490783691e-02 9.781244397163391113e-02 6.406769156455993652e-02 5.826682597398757935e-02 5.772014707326889038e-02 6.101540476083755493e-02 5.563720315694808960e-02 5.741137638688087463e-02 6.539136171340942383e-02 7.483422756195068359e-02 7.764607667922973633e-02 7.665649056434631348e-02 8.568427711725234985e-02 1.001257002353668213e-01 1.643199473619461060e-01 1.920917183160781860e-01 1.801938712596893311e-01 4.169816374778747559e-01 2.929387390613555908e-01 2.412118017673492432e-01 1.904339790344238281e-01 1.260473877191543579e-01 7.803836464881896973e-02 4.836839810013771057e-02 3.303861990571022034e-02 1.000978611409664154e-02 1.700777909718453884e-03 9.617493924451991916e-05 5.061838692199671641e-06 0.000000000000000000e+00 0.000000000000000000e+00 0.000000000000000000e+00 0.000000000000000000e+00 0.000000000000000000e+00 0.000000000000000000e+00 0.000000000000000000e+00 0.000000000000000000e+00 0.000000000000000000e+00 0.000000000000000000e+00 8.183305908460170031e-05 8.630435331724584103e-04 4.367523360997438431e-03 1.068385411053895950e-02 1.590767130255699158e-02 2.234886214137077332e-02 2.688005194067955017e-02 3.258221223950386047e-02 4.589822143316268921e-02 2.386454492807388306e-01 3.395160734653472900e-01 5.447972565889358521e-02 3.666796162724494934e-02 4.477027803659439087e-02 4.910152405500411987e-02 1.517539285123348236e-02 1.239813026040792465e-02 8.320819586515426636e-03 6.301145534962415695e-03 5.932474974542856216e-03 6.827577017247676849e-03 7.880439050495624542e-03 8.507263846695423126e-03 4.457792732864618301e-03 1.404660288244485855e-03 0.000000000000000000e+00 0.000000000000000000e+00 0.000000000000000000e+00 2.598410646896809340e-04 1.170128351077437401e-03 3.667302196845412254e-03 1.807920052669942379e-03 1.579293748363852501e-03 1.879629446193575859e-03 3.113030921667814255e-03 6.113014183938503265e-03 1.006209198385477066e-02 2.788820117712020874e-02 1.035787165164947510e-01 1.679813414812088013e-01 4.026144444942474365e-01 1.404879540205001831e-01 9.161674976348876953e-02 2.685474231839179993e-02 9.049723856151103973e-03 2.758702030405402184e-04 0.000000000000000000e+00 0.000000000000000000e+00 0.000000000000000000e+00 0.000000000000000000e+00 0.000000000000000000e+00 0.000000000000000000e+00 0.000000000000000000e+00 0.000000000000000000e+00 0.000000000000000000e+00 0.000000000000000000e+00 0.000000000000000000e+00
1.061747898347675800e-04 6.014489568769931793e-03 4.547820240259170532e-02 9.534288942813873291e-02 2.062080949544906616e-01 3.716554939746856689e-01 4.052504301071166992e-01 3.091102242469787598e-01 2.442020326852798462e-01 2.311612665653228760e-01 2.214806079864501953e-01 1.734167486429214478e-01 1.476912200450897217e-01 9.281342476606369019e-02 5.911645665764808655e-02 5.602073669433593750e-02 6.876795738935470581e-02 8.026605844497680664e-02 8.867260813713073730e-02 6.246408820152282715e-02 1.266394648700952530e-02 2.158887451514601707e-03 1.009701401926577091e-03 1.074239145964384079e-03 1.055502332746982574e-03 1.249115215614438057e-03 1.542657380923628807e-03 1.542657380923628807e-03 2.429529093205928802e-03 2.300453837960958481e-03 4.944414366036653519e-03 2.789690624922513962e-03 0.000000000000000000e+00 0.000000000000000000e+00 0.000000000000000000e+00 0.000000000000000000e+00 0.000000000000000000e+00 0.000000000000000000e+00 0.000000000000000000e+00 0.000000000000000000e+00 0.000000000000000000e+00 0.000000000000000000e+00 0.000000000000000000e+00 0.000000000000000000e+00 0.000000000000000000e+00 0.000000000000000000e+00 0.000000000000000000e+00 8.357969112694263458e-03 8.922554850578308105e-01 9.595772624015808105e-02 1.901430892758071423e-03 7.959639769978821278e-04 3.143606591038405895e-04 2.616202400531619787e-04 1.554454502183943987e-04 0.000000000000000000e+00 0.000000000000000000e+00 0.000000000000000000e+00 0.000000000000000000e+00 0.000000000000000000e+00 0.000000000000000000e+00 0.000000000000000000e+00 0.000000000000000000e+00 0.000000000000000000e+00 0.000000000000000000e+00 0.000000000000000000e+00 0.000000000000000000e+00 0.000000000000000000e+00 0.000000000000000000e+00 0.000000000000000000e+00 6.245576059882296249e-06 3.400369314476847649e-05 5.204646731726825237e-05 4.580089080263860524e-05 1.380966277793049812e-04 2.081858692690730095e-04 7.695937529206275940e-04 1.651607919484376907e-03 1.469320356845855713e-01 8.407961130142211914e-01 9.366282261908054352e-03 0.000000000000000000e+00 0.000000000000000000e+00 0.000000000000000000e+00 0.000000000000000000e+00 0.000000000000000000e+00 0.000000000000000000e+00 0.000000000000000000e+00 0.000000000000000000e+00 0.000000000000000000e+00 0.000000000000000000e+00 0.000000000000000000e+00 0.000000000000000000e+00 0.000000000000000000e+00 0.000000000000000000e+00 0.000000000000000000e+00
4.700565040111541748e-01 4.257385134696960449e-01 2.592251896858215332e-01 1.664003282785415649e-01 1.297820806503295898e-01 1.150847524404525757e-01 1.073204278945922852e-01 1.053268760442733765e-01 1.049394756555557251e-01 9.875705838203430176e-02 9.490717947483062744e-02 9.039548039436340332e-02 9.154963493347167969e-02 1.006941050291061401e-01 1.049071848392486572e-01 9.518966078758239746e-02 8.572235703468322754e-02 7.844229042530059814e-02 6.855528056621551514e-02 5.490718036890029907e-02 4.573849588632583618e-02 3.413236513733863831e-02 1.616626232862472534e-02 8.531073108315467834e-03 5.714285653084516525e-03 4.866828210651874542e-03 5.326876416802406311e-03 5.770782940089702606e-03 4.632768221199512482e-03 4.229216836392879486e-03 5.891848355531692505e-03 1.109765935689210892e-02 0.000000000000000000e+00 0.000000000000000000e+00 0.000000000000000000e+00 0.000000000000000000e+00 0.000000000000000000e+00 0.000000000000000000e+00 0.000000000000000000e+00 0.000000000000000000e+00 0.000000000000000000e+00 0.000000000000000000e+00 0.000000000000000000e+00 0.000000000000000000e+00 0.000000000000000000e+00 0.000000000000000000e+00 5.916061345487833023e-03 1.120016127824783325e-01 7.214043736457824707e-01 1.296637058258056641e-01 1.695453375577926636e-02 9.281679056584835052e-03 4.471347667276859283e-03 3.066989593207836151e-04 0.000000000000000000e+00 0.000000000000000000e+00 0.000000000000000000e+00 0.000000000000000000e+00 0.000000000000000000e+00 0.000000000000000000e+00 0.000000000000000000e+00 0.000000000000000000e+00 0.000000000000000000e+00 0.000000000000000000e+00 0.000000000000000000e+00 0.000000000000000000e+00 0.000000000000000000e+00 0.000000000000000000e+00 0.000000000000000000e+00 0.000000000000000000e+00 0.000000000000000000e+00 0.000000000000000000e+00 0.000000000000000000e+00 0.000000000000000000e+00 0.000000000000000000e+00 0.000000000000000000e+00 0.000000000000000000e+00 1.334947533905506134e-02 1.768684387207031250e-01 6.308797597885131836e-01 1.777966171503067017e-01 1.103040063753724098e-03 2.690341716515831649e-06 0.000000000000000000e+00 0.000000000000000000e+00 0.000000000000000000e+00 0.000000000000000000e+00 0.000000000000000000e+00 0.000000000000000000e+00 0.000000000000000000e+00 0.000000000000000000e+00 0.000000000000000000e+00 0.000000000000000000e+00 0.000000000000000000e+00 0.000000000000000000e+00 0.000000000000000000e+00
1.131580770015716553e-01 2.039518654346466064e-01 1.416458487510681152e-01 1.478236913681030273e-01 1.839506179094314575e-01 1.755823940038681030e-01 2.040349841117858887e-01 1.682022511959075928e-01 7.704713195562362671e-02 5.668136477470397949e-02 5.636479705572128296e-02 5.673572421073913574e-02 5.873424559831619263e-02 6.543649733066558838e-02 6.830798089504241943e-02 7.114428281784057617e-02 7.564016431570053101e-02 7.934303581714630127e-02 8.541215211153030396e-02 9.084174782037734985e-02 9.533122926950454712e-02 8.867374807596206665e-02 8.615400642156600952e-02 8.964262902736663818e-02 1.112394928932189941e-01 1.520957350730895996e-01 1.318482756614685059e-01 5.289535969495773315e-02 1.045308448374271393e-02 1.512483460828661919e-03 1.151150281657464802e-04 0.000000000000000000e+00 0.000000000000000000e+00 0.000000000000000000e+00 0.000000000000000000e+00 0.000000000000000000e+00 0.000000000000000000e+00 0.000000000000000000e+00 0.000000000000000000e+00 0.000000000000000000e+00 0.000000000000000000e+00 0.000000000000000000e+00 0.000000000000000000e+00 0.000000000000000000e+00 0.000000000000000000e+00 0.000000000000000000e+00 0.000000000000000000e+00 1.333852708339691162e-01 5.581682920455932617e-01 2.843202650547027588e-01 2.410594001412391663e-02 2.025171852437779307e-05 0.000000000000000000e+00 0.000000000000000000e+00 0.000000000000000000e+00 0.000000000000000000e+00 0.000000000000000000e+00 0.000000000000000000e+00 0.000000000000000000e+00 0.000000000000000000e+00 0.000000000000000000e+00 0.000000000000000000e+00 0.000000000000000000e+00 0.000000000000000000e+00 0.000000000000000000e+00 0.000000000000000000e+00 0.000000000000000000e+00 0.000000000000000000e+00 0.000000000000000000e+00 0.000000000000000000e+00 0.000000000000000000e+00 0.000000000000000000e+00 0.000000000000000000e+00 0.000000000000000000e+00 0.000000000000000000e+00 0.000000000000000000e+00 0.000000000000000000e+00 1.663305610418319702e-02 2.694800198078155518e-01 3.933864235877990723e-01 3.008584678173065186e-01 1.964203454554080963e-02 0.000000000000000000e+00 0.000000000000000000e+00 0.000000000000000000e+00 0.000000000000000000e+00 0.000000000000000000e+00 0.000000000000000000e+00 0.000000000000000000e+00 0.000000000000000000e+00 0.000000000000000000e+00 0.000000000000000000e+00 0.000000000000000000e+00 0.000000000000000000e+00 0.000000000000000000e+00 0.000000000000000000e+00
6.869552284479141235e-02 6.824104487895965576e-02 9.102985262870788574e-02 7.088507711887359619e-02 1.867611892521381378e-02 4.831343516707420349e-02 1.519343256950378418e-01 2.394358217716217041e-01 2.281365692615509033e-01 2.320208847522735596e-01 2.223201394081115723e-01 2.328582108020782471e-01 2.466649264097213745e-01 2.605925500392913818e-01 2.392298430204391479e-01 2.003328204154968262e-01 1.600320935249328613e-01 1.201679110527038574e-01 6.668507307767868042e-02 2.223358303308486938e-02 5.494029726833105087e-03 1.817910466343164444e-03 9.223880479112267494e-04 6.022388115525245667e-04 4.970149602741003036e-04 6.134328432381153107e-04 9.246268309652805328e-04 3.335820802021771669e-04 8.731343405088409781e-05 8.731343405088409781e-05 1.231343194376677275e-04 1.119402986660134047e-05 0.000000000000000000e+00 0.000000000000000000e+00 0.000000000000000000e+00 0.000000000000000000e+00 0.000000000000000000e+00 0.000000000000000000e+00 0.000000000000000000e+00 0.000000000000000000e+00 0.000000000000000000e+00 0.000000000000000000e+00 0.000000000000000000e+00 0.000000000000000000e+00 0.000000000000000000e+00 0.000000000000000000e+00 0.000000000000000000e+00 1.555223832838237286e-03 9.759417772293090820e-01 2.139253728091716766e-02 1.110447803512215614e-03 0.000000000000000000e+00 0.000000000000000000e+00 0.000000000000000000e+00 0.000000000000000000e+00 0.000000000000000000e+00 0.000000000000000000e+00 0.000000000000000000e+00 0.000000000000000000e+00 0.000000000000000000e+00 0.000000000000000000e+00 0.000000000000000000e+00 0.000000000000000000e+00 0.000000000000000000e+00 0.000000000000000000e+00 0.000000000000000000e+00 0.000000000000000000e+00 0.000000000000000000e+00 0.000000000000000000e+00 0.000000000000000000e+00 0.000000000000000000e+00 0.000000000000000000e+00 0.000000000000000000e+00 0.000000000000000000e+00 0.000000000000000000e+00 0.000000000000000000e+00 5.298507749103009701e-04 3.939552232623100281e-03 1.140149217098951340e-02 9.769372940063476562e-01 7.191791199147701263e-03 0.000000000000000000e+00 0.000000000000000000e+00 0.000000000000000000e+00 0.000000000000000000e+00 0.000000000000000000e+00 0.000000000000000000e+00 0.000000000000000000e+00 0.000000000000000000e+00 0.000000000000000000e+00 0.000000000000000000e+00 0.000000000000000000e+00 0.000000000000000000e+00 0.000000000000000000e+00 0.000000000000000000e+00 0.000000000000000000e+00
5.277944728732109070e-02 6.691869348287582397e-02 6.731104850769042969e-02 7.843743264675140381e-02 7.631526142358779907e-02 7.890425622463226318e-02 9.103588759899139404e-02 1.072572171688079834e-01 1.200819015502929688e-01 1.381361484527587891e-01 1.541942358016967773e-01 1.676490008831024170e-01 1.681501865386962891e-01 1.747601479291915894e-01 1.840793937444686890e-01 1.702723652124404907e-01 1.464186459779739380e-01 1.289515197277069092e-01 1.115387901663780212e-01 9.584156423807144165e-02 8.299109339714050293e-02 7.418736070394515991e-02 7.093106955289840698e-02 7.413867115974426270e-02 7.857204228639602661e-02 7.874101400375366211e-02 7.042987644672393799e-02 4.864965379238128662e-02 2.713291719555854797e-02 1.257267221808433533e-02 2.528854180127382278e-03 9.164591028820723295e-05 0.000000000000000000e+00 0.000000000000000000e+00 0.000000000000000000e+00 0.000000000000000000e+00 0.000000000000000000e+00 0.000000000000000000e+00 0.000000000000000000e+00 0.000000000000000000e+00 0.000000000000000000e+00 0.000000000000000000e+00 0.000000000000000000e+00 0.000000000000000000e+00 0.000000000000000000e+00 0.000000000000000000e+00 0.000000000000000000e+00 4.429552063811570406e-04 1.536605805158615112e-01 4.305553138256072998e-01 3.326851427555084229e-01 6.897881627082824707e-02 1.337839290499687195e-02 2.978491829708218575e-04 9.546448609398794360e-07 0.000000000000000000e+00 0.000000000000000000e+00 0.000000000000000000e+00 0.000000000000000000e+00 0.000000000000000000e+00 0.000000000000000000e+00 0.000000000000000000e+00 0.000000000000000000e+00 0.000000000000000000e+00 0.000000000000000000e+00 0.000000000000000000e+00 0.000000000000000000e+00 0.000000000000000000e+00 0.000000000000000000e+00 0.000000000000000000e+00 0.000000000000000000e+00 0.000000000000000000e+00 0.000000000000000000e+00 6.682513685518642887e-06 2.644366177264600992e-04 3.576576709747314453e-02 9.694799780845642090e-02 3.344521820545196533e-01 3.844049274921417236e-01 1.440033912658691406e-01 4.154614172875881195e-03 0.000000000000000000e+00 0.000000000000000000e+00 0.000000000000000000e+00 0.000000000000000000e+00 0.000000000000000000e+00 0.000000000000000000e+00 0.000000000000000000e+00 0.000000000000000000e+00 0.000000000000000000e+00 0.000000000000000000e+00 0.000000000000000000e+00 0.000000000000000000e+00 0.000000000000000000e+00 0.000000000000000000e+00 0.000000000000000000e+00
4.228838533163070679e-02 2.173926681280136108e-02 2.084348723292350769e-02 2.297373488545417786e-02 1.599678397178649902e-01 2.160062789916992188e-01 6.860467046499252319e-02 3.660983964800834656e-02 3.410608693957328796e-02 5.390819162130355835e-02 7.494160532951354980e-02 1.150965690612792969e-01 1.845432072877883911e-01 1.952862292528152466e-01 1.509752273559570312e-01 1.111621111631393433e-01 9.079341590404510498e-02 1.331482678651809692e-01 2.603552937507629395e-01 4.710533618927001953e-01 3.063248991966247559e-01 9.894722700119018555e-02 7.711932808160781860e-02 3.815133869647979736e-02 1.113551855087280273e-02 2.924735657870769501e-03 8.451346075162291527e-04 1.487690169597044587e-04 0.000000000000000000e+00 0.000000000000000000e+00 0.000000000000000000e+00 0.000000000000000000e+00 0.000000000000000000e+00 0.000000000000000000e+00 0.000000000000000000e+00 0.000000000000000000e+00 0.000000000000000000e+00 0.000000000000000000e+00 0.000000000000000000e+00 0.000000000000000000e+00 0.000000000000000000e+00 0.000000000000000000e+00 0.000000000000000000e+00 0.000000000000000000e+00 0.000000000000000000e+00 0.000000000000000000e+00 0.000000000000000000e+00 2.648299559950828552e-04 3.774364888668060303e-01 2.298133075237274170e-01 1.242780461907386780e-01 2.611972391605377197e-01 7.010080385953187943e-03 0.000000000000000000e+00 0.000000000000000000e+00 0.000000000000000000e+00 0.000000000000000000e+00 0.000000000000000000e+00 0.000000000000000000e+00 0.000000000000000000e+00 0.000000000000000000e+00 0.000000000000000000e+00 0.000000000000000000e+00 0.000000000000000000e+00 0.000000000000000000e+00 0.000000000000000000e+00 0.000000000000000000e+00 0.000000000000000000e+00 0.000000000000000000e+00 0.000000000000000000e+00 0.000000000000000000e+00 0.000000000000000000e+00 0.000000000000000000e+00 0.000000000000000000e+00 0.000000000000000000e+00 5.187923554331064224e-03 3.087431788444519043e-01 9.407582879066467285e-02 1.997988969087600708e-01 3.395309746265411377e-01 5.266317725181579590e-02 0.000000000000000000e+00 0.000000000000000000e+00 0.000000000000000000e+00 0.000000000000000000e+00 0.000000000000000000e+00 0.000000000000000000e+00 0.000000000000000000e+00 0.000000000000000000e+00 0.000000000000000000e+00 0.000000000000000000e+00 0.000000000000000000e+00 0.000000000000000000e+00 0.000000000000000000e+00 0.000000000000000000e+00 0.000000000000000000e+00
1.330934697762131691e-03 1.565805403515696526e-03 2.446570899337530136e-03 6.860184483230113983e-03 1.241390220820903778e-02 4.047606885433197021e-02 8.205799013376235962e-02 1.553964018821716309e-01 2.804553210735321045e-01 3.157544434070587158e-01 3.203686773777008057e-01 3.103719949722290039e-01 2.316462397575378418e-01 1.479001045227050781e-01 8.442626893520355225e-02 5.795926600694656372e-02 6.274475902318954468e-02 6.999639421701431274e-02 8.310512453317642212e-02 8.716154098510742188e-02 9.341986477375030518e-02 8.435287326574325562e-02 7.383751124143600464e-02 6.983491778373718262e-02 6.489285081624984741e-02 5.322270467877388000e-02 6.916455924510955811e-02 4.970943182706832886e-02 4.645059630274772644e-02 3.550953045487403870e-02 5.167157854884862900e-03 0.000000000000000000e+00 0.000000000000000000e+00 0.000000000000000000e+00 0.000000000000000000e+00 0.000000000000000000e+00 0.000000000000000000e+00 0.000000000000000000e+00 0.000000000000000000e+00 0.000000000000000000e+00 0.000000000000000000e+00 1.631047325645340607e-06 2.983185462653636932e-03 3.526324173435568810e-03 1.784365740604698658e-03 1.629416248761117458e-03 1.435321639291942120e-03 1.402700669132173061e-03 4.750262200832366943e-02 7.159449458122253418e-01 2.102501541376113892e-01 8.416204364039003849e-04 7.519128266721963882e-04 7.062435033731162548e-04 9.019691497087478638e-04 1.471204683184623718e-03 4.149384330958127975e-03 4.716988652944564819e-03 0.000000000000000000e+00 0.000000000000000000e+00 0.000000000000000000e+00 0.000000000000000000e+00 0.000000000000000000e+00 0.000000000000000000e+00 0.000000000000000000e+00 0.000000000000000000e+00 0.000000000000000000e+00 0.000000000000000000e+00 0.000000000000000000e+00 0.000000000000000000e+00 0.000000000000000000e+00 0.000000000000000000e+00 0.000000000000000000e+00 0.000000000000000000e+00 0.000000000000000000e+00 9.786283953872043639e-06 1.009618281386792660e-03 3.850283026695251465e-01 5.340244770050048828e-01 6.852845102548599243e-02 2.567268442362546921e-03 5.705403629690408707e-03 3.126717638224363327e-03 0.000000000000000000e+00 0.000000000000000000e+00 0.000000000000000000e+00 0.000000000000000000e+00 0.000000000000000000e+00 0.000000000000000000e+00 0.000000000000000000e+00 0.000000000000000000e+00 0.000000000000000000e+00 0.000000000000000000e+00 0.000000000000000000e+00 0.000000000000000000e+00 0.000000000000000000e+00
3.096728026866912842e-01 6.543707847595214844e-02 1.109425276517868042e-01 2.421165108680725098e-01 3.973856270313262939e-01 2.230025678873062134e-01 1.647885888814926147e-01 1.555280387401580811e-01 8.591385185718536377e-02 1.733063757419586182e-01 2.063622325658798218e-01 6.397883594036102295e-02 5.582219362258911133e-02 8.132787048816680908e-02 8.851688355207443237e-02 7.306902110576629639e-02 4.016990214586257935e-02 1.908666454255580902e-02 1.403050497174263000e-02 1.509352494031190872e-02 9.519482962787151337e-03 1.651088520884513855e-02 1.181451603770256042e-01 7.694631069898605347e-02 7.685091346502304077e-02 1.117943078279495239e-01 4.626864101737737656e-03 5.451386095955967903e-05 0.000000000000000000e+00 0.000000000000000000e+00 0.000000000000000000e+00 0.000000000000000000e+00 0.000000000000000000e+00 0.000000000000000000e+00 0.000000000000000000e+00 0.000000000000000000e+00 0.000000000000000000e+00 0.000000000000000000e+00 0.000000000000000000e+00 0.000000000000000000e+00 0.000000000000000000e+00 0.000000000000000000e+00 0.000000000000000000e+00 0.000000000000000000e+00 0.000000000000000000e+00 0.000000000000000000e+00 0.000000000000000000e+00 2.755221445113420486e-03 5.174841880798339844e-01 1.769315451383590698e-01 1.033764556050300598e-01 7.973106205463409424e-02 9.815447777509689331e-02 7.995366118848323822e-03 2.337281825020909309e-03 3.516144119203090668e-03 3.209503600373864174e-03 4.388365894556045532e-03 1.203847787110134959e-04 0.000000000000000000e+00 0.000000000000000000e+00 0.000000000000000000e+00 0.000000000000000000e+00 0.000000000000000000e+00 0.000000000000000000e+00 0.000000000000000000e+00 0.000000000000000000e+00 0.000000000000000000e+00 0.000000000000000000e+00 0.000000000000000000e+00 0.000000000000000000e+00 0.000000000000000000e+00 0.000000000000000000e+00 0.000000000000000000e+00 1.344675198197364807e-03 2.726601622998714447e-02 8.697459101676940918e-02 7.972879707813262939e-02 4.039658904075622559e-01 2.856639921665191650e-01 1.150560453534126282e-01 0.000000000000000000e+00 0.000000000000000000e+00 0.000000000000000000e+00 0.000000000000000000e+00 0.000000000000000000e+00 0.000000000000000000e+00 0.000000000000000000e+00 0.000000000000000000e+00 0.000000000000000000e+00 0.000000000000000000e+00 0.000000000000000000e+00 0.000000000000000000e+00 0.000000000000000000e+00 0.000000000000000000e+00 0.000000000000000000e+00
7.791771739721298218e-02 9.630839526653289795e-02 1.086512058973312378e-01 1.051471307873725891e-01 8.739506453275680542e-02 6.930001825094223022e-02 5.764950066804885864e-02 4.831305891275405884e-02 4.566033557057380676e-02 5.093105137348175049e-02 5.020481720566749573e-02 5.160834640264511108e-02 5.159926414489746094e-02 5.938101187348365784e-02 8.244246989488601685e-02 1.306075155735015869e-01 1.548660695552825928e-01 2.083890736103057861e-01 2.794237434864044189e-01 3.080294728279113770e-01 1.695300638675689697e-01 1.103333830833435059e-01 1.100720912218093872e-01 1.318097561597824097e-01 1.772447228431701660e-01 1.244274303317070007e-01 4.369713738560676575e-02 8.506796322762966156e-03 5.482271662913262844e-04 5.130995305080432445e-06 0.000000000000000000e+00 0.000000000000000000e+00 0.000000000000000000e+00 0.000000000000000000e+00 0.000000000000000000e+00 0.000000000000000000e+00 0.000000000000000000e+00 0.000000000000000000e+00 0.000000000000000000e+00 0.000000000000000000e+00 0.000000000000000000e+00 0.000000000000000000e+00 0.000000000000000000e+00 0.000000000000000000e+00 2.631279869547142880e-07 9.146328666247427464e-04 3.542886814102530479e-03 2.501623518764972687e-02 1.452729552984237671e-01 2.500556409358978271e-01 4.937333464622497559e-01 5.454327166080474854e-02 2.121600881218910217e-02 2.701798221096396446e-03 1.589556108228862286e-03 1.177103025838732719e-03 2.356311015319079161e-04 6.578199531759310048e-07 0.000000000000000000e+00 0.000000000000000000e+00 0.000000000000000000e+00 0.000000000000000000e+00 0.000000000000000000e+00 0.000000000000000000e+00 0.000000000000000000e+00 0.000000000000000000e+00 0.000000000000000000e+00 0.000000000000000000e+00 2.236587761217379011e-06 4.446863022167235613e-05 2.854938502423465252e-04 9.600224439054727554e-04 2.349996007978916168e-03 4.623553249984979630e-03 6.810146849602460861e-03 1.386039797216653824e-02 1.261211931705474854e-01 4.984699189662933350e-01 1.590817868709564209e-01 1.602649390697479248e-01 1.827621087431907654e-02 4.429496359080076218e-03 2.619307488203048706e-03 1.529562985524535179e-03 2.712849527597427368e-04 0.000000000000000000e+00 0.000000000000000000e+00 0.000000000000000000e+00 0.000000000000000000e+00 0.000000000000000000e+00 0.000000000000000000e+00 0.000000000000000000e+00 0.000000000000000000e+00 0.000000000000000000e+00 0.000000000000000000e+00 0.000000000000000000e+00
7.946988567709922791e-03 3.394761681556701660e-02 1.661198139190673828e-01 3.171737790107727051e-01 3.199027478694915771e-01 2.742016911506652832e-01 1.891514956951141357e-01 1.084818094968795776e-01 1.236558929085731506e-01 9.390527009963989258e-02 4.735257476568222046e-02 4.538111388683319092e-02 5.144134163856506348e-02 1.198588460683822632e-01 1.607371419668197632e-01 1.837358921766281128e-01 2.107293009757995605e-01 1.964868307113647461e-01 1.228277981281280518e-01 2.757214382290840149e-02 1.734786666929721832e-02 2.112139388918876648e-02 2.497490495443344116e-02 3.133626282215118408e-02 3.528858348727226257e-02 3.566499054431915283e-02 2.374215796589851379e-02 7.834065705537796021e-03 2.079673809930682182e-03 0.000000000000000000e+00 0.000000000000000000e+00 0.000000000000000000e+00 0.000000000000000000e+00 0.000000000000000000e+00 0.000000000000000000e+00 0.000000000000000000e+00 0.000000000000000000e+00 0.000000000000000000e+00 0.000000000000000000e+00 0.000000000000000000e+00 0.000000000000000000e+00 0.000000000000000000e+00 0.000000000000000000e+00 0.000000000000000000e+00 3.136762825306504965e-05 1.488393987528979778e-03 2.589397830888628960e-03 1.205301098525524139e-02 9.459410309791564941e-01 3.789680078625679016e-02 0.000000000000000000e+00 0.000000000000000000e+00 0.000000000000000000e+00 0.000000000000000000e+00 0.000000000000000000e+00 0.000000000000000000e+00 0.000000000000000000e+00 0.000000000000000000e+00 0.000000000000000000e+00 0.000000000000000000e+00 0.000000000000000000e+00 0.000000000000000000e+00 0.000000000000000000e+00 0.000000000000000000e+00 0.000000000000000000e+00 0.000000000000000000e+00 0.000000000000000000e+00 0.000000000000000000e+00 0.000000000000000000e+00 0.000000000000000000e+00 0.000000000000000000e+00 0.000000000000000000e+00 0.000000000000000000e+00 0.000000000000000000e+00 0.000000000000000000e+00 0.000000000000000000e+00 0.000000000000000000e+00 1.380175672238692641e-04 9.275407530367374420e-03 9.135664701461791992e-01 7.090966403484344482e-02 5.398368928581476212e-03 7.120451773516833782e-04 0.000000000000000000e+00 0.000000000000000000e+00 0.000000000000000000e+00 0.000000000000000000e+00 0.000000000000000000e+00 0.000000000000000000e+00 0.000000000000000000e+00 0.000000000000000000e+00 0.000000000000000000e+00 0.000000000000000000e+00 0.000000000000000000e+00 0.000000000000000000e+00 0.000000000000000000e+00
2.797462046146392822e-03 2.220541797578334808e-02 3.317591547966003418e-02 2.902329340577125549e-02 2.661044523119926453e-02 2.914348244667053223e-02 3.296558186411857605e-02 4.205507785081863403e-02 6.936263293027877808e-02 1.306754201650619507e-01 8.745148777961730957e-02 8.413720130920410156e-02 7.736740261316299438e-02 6.297144293785095215e-02 5.373771116137504578e-02 4.658330231904983521e-02 4.019210487604141235e-02 4.671250656247138977e-02 7.206093519926071167e-02 1.418021768331527710e-01 2.238660603761672974e-01 3.399862945079803467e-01 3.432945609092712402e-01 3.784686923027038574e-01 3.499681949615478516e-01 1.624421030282974243e-01 2.954011783003807068e-02 1.813692785799503326e-02 1.131304446607828140e-02 1.102157961577177048e-02 9.314856724813580513e-04 0.000000000000000000e+00 0.000000000000000000e+00 0.000000000000000000e+00 0.000000000000000000e+00 0.000000000000000000e+00 0.000000000000000000e+00 0.000000000000000000e+00 0.000000000000000000e+00 0.000000000000000000e+00 0.000000000000000000e+00 0.000000000000000000e+00 0.000000000000000000e+00 0.000000000000000000e+00 0.000000000000000000e+00 0.000000000000000000e+00 0.000000000000000000e+00 4.417045274749398232e-04 4.221833944320678711e-01 5.773749351501464844e-01 0.000000000000000000e+00 0.000000000000000000e+00 0.000000000000000000e+00 0.000000000000000000e+00 0.000000000000000000e+00 0.000000000000000000e+00 0.000000000000000000e+00 0.000000000000000000e+00 0.000000000000000000e+00 0.000000000000000000e+00 0.000000000000000000e+00 0.000000000000000000e+00 0.000000000000000000e+00 0.000000000000000000e+00 0.000000000000000000e+00 0.000000000000000000e+00 0.000000000000000000e+00 0.000000000000000000e+00 0.000000000000000000e+00 0.000000000000000000e+00 0.000000000000000000e+00 0.000000000000000000e+00 0.000000000000000000e+00 0.000000000000000000e+00 0.000000000000000000e+00 0.000000000000000000e+00 0.000000000000000000e+00 0.000000000000000000e+00 3.858293890953063965e-01 6.140344142913818359e-01 1.362172624794766307e-04 0.000000000000000000e+00 0.000000000000000000e+00 0.000000000000000000e+00 0.000000000000000000e+00 0.000000000000000000e+00 0.000000000000000000e+00 0.000000000000000000e+00 0.000000000000000000e+00 0.000000000000000000e+00 0.000000000000000000e+00 0.000000000000000000e+00 0.000000000000000000e+00 0.000000000000000000e+00 0.000000000000000000e+00 0.000000000000000000e+00
4.627562157111242414e-05 1.064339303411543369e-04 1.008808612823486328e-03 3.919545095413923264e-03 7.582260295748710632e-03 1.835985295474529266e-02 4.047034680843353271e-02 6.706031411886215210e-02 8.267139643430709839e-02 1.903640180826187134e-01 3.377704024314880371e-01 3.831135630607604980e-01 5.494027137756347656e-01 5.744332075119018555e-01 1.729597747325897217e-01 5.342520773410797119e-02 5.994775891304016113e-02 5.039646476507186890e-02 4.822614043951034546e-02 4.774950072169303894e-02 1.007350832223892212e-01 9.622552990913391113e-02 5.671771615743637085e-02 1.760787330567836761e-02 9.012177586555480957e-03 1.782999746501445770e-02 9.053825400769710541e-03 2.281388267874717712e-03 1.404465176165103912e-03 1.156890575657598674e-04 2.313781124030356295e-06 0.000000000000000000e+00 0.000000000000000000e+00 0.000000000000000000e+00 0.000000000000000000e+00 0.000000000000000000e+00 0.000000000000000000e+00 0.000000000000000000e+00 0.000000000000000000e+00 0.000000000000000000e+00 0.000000000000000000e+00 0.000000000000000000e+00 0.000000000000000000e+00 0.000000000000000000e+00 1.465394743718206882e-04 1.358729414641857147e-02 6.630525458604097366e-03 1.616561785340309143e-03 2.669949084520339966e-02 1.088071018457412720e-01 1.099454760551452637e-01 8.355989307165145874e-02 8.979398757219314575e-02 4.487964138388633728e-02 7.354816049337387085e-02 2.014462649822235107e-01 1.993114203214645386e-01 4.002686962485313416e-02 7.712603746767854318e-07 0.000000000000000000e+00 0.000000000000000000e+00 0.000000000000000000e+00 0.000000000000000000e+00 0.000000000000000000e+00 0.000000000000000000e+00 0.000000000000000000e+00 0.000000000000000000e+00 0.000000000000000000e+00 0.000000000000000000e+00 0.000000000000000000e+00 0.000000000000000000e+00 0.000000000000000000e+00 2.206575823947787285e-03 1.395225375890731812e-01 3.293196856975555420e-01 1.769333034753799438e-01 9.728369861841201782e-02 7.523953169584274292e-02 8.104635030031204224e-02 5.533407628536224365e-02 1.595583371818065643e-02 1.569592021405696869e-02 1.146247144788503647e-02 0.000000000000000000e+00 0.000000000000000000e+00 0.000000000000000000e+00 0.000000000000000000e+00 0.000000000000000000e+00 0.000000000000000000e+00 0.000000000000000000e+00 0.000000000000000000e+00 0.000000000000000000e+00 0.000000000000000000e+00 0.000000000000000000e+00 0.000000000000000000e+00 0.000000000000000000e+00
2.248143404722213745e-02 4.128124564886093140e-02 5.588546395301818848e-02 5.245064198970794678e-02 5.395181849598884583e-02 5.381822586059570312e-02 2.667929604649543762e-02 2.297956123948097229e-02 3.182813152670860291e-02 4.136501997709274292e-02 4.791767522692680359e-02 5.626132339239120483e-02 6.635974347591400146e-02 1.016453281044960022e-01 1.684941500425338745e-01 1.950488984584808350e-01 1.900630891323089600e-01 1.176329851150512695e-01 1.155204772949218750e-01 1.204089224338531494e-01 1.050575077533721924e-01 2.290756106376647949e-01 4.139536321163177490e-01 3.562613129615783691e-01 2.197945564985275269e-01 5.716474726796150208e-02 1.959908381104469299e-02 1.058748923242092133e-02 4.768446087837219238e-03 1.127581228502094746e-03 3.826530301012098789e-04 1.539669174235314131e-04 0.000000000000000000e+00 0.000000000000000000e+00 0.000000000000000000e+00 0.000000000000000000e+00 0.000000000000000000e+00 0.000000000000000000e+00 0.000000000000000000e+00 0.000000000000000000e+00 0.000000000000000000e+00 0.000000000000000000e+00 0.000000000000000000e+00 0.000000000000000000e+00 0.000000000000000000e+00 0.000000000000000000e+00 0.000000000000000000e+00 1.283812336623668671e-03 3.095957636833190918e-01 3.126358389854431152e-01 2.054348737001419067e-01 1.710496991872787476e-01 0.000000000000000000e+00 0.000000000000000000e+00 0.000000000000000000e+00 0.000000000000000000e+00 0.000000000000000000e+00 0.000000000000000000e+00 0.000000000000000000e+00 0.000000000000000000e+00 0.000000000000000000e+00 0.000000000000000000e+00 0.000000000000000000e+00 0.000000000000000000e+00 0.000000000000000000e+00 0.000000000000000000e+00 0.000000000000000000e+00 0.000000000000000000e+00 0.000000000000000000e+00 0.000000000000000000e+00 0.000000000000000000e+00 0.000000000000000000e+00 0.000000000000000000e+00 0.000000000000000000e+00 0.000000000000000000e+00 6.286982097662985325e-04 2.990090250968933105e-01 8.018053323030471802e-02 4.670842885971069336e-01 1.506883203983306885e-01 2.409129403531551361e-03 0.000000000000000000e+00 0.000000000000000000e+00 0.000000000000000000e+00 0.000000000000000000e+00 0.000000000000000000e+00 0.000000000000000000e+00 0.000000000000000000e+00 0.000000000000000000e+00 0.000000000000000000e+00 0.000000000000000000e+00 0.000000000000000000e+00 0.000000000000000000e+00 0.000000000000000000e+00 0.000000000000000000e+00 0.000000000000000000e+00
4.141911119222640991e-02 4.719069600105285645e-02 6.061693280935287476e-02 6.097574532032012939e-02 8.531931042671203613e-02 1.175484061241149902e-01 1.549260169267654419e-01 1.706970483064651489e-01 1.735536307096481323e-01 1.756480932235717773e-01 1.723603755235671997e-01 1.712700277566909790e-01 1.661187112331390381e-01 1.605724394321441650e-01 1.516577601432800293e-01 1.420894563198089600e-01 1.332276314496994019e-01 1.216761171817779541e-01 1.108366698026657104e-01 1.034907698631286621e-01 9.372217953205108643e-02 8.750278502702713013e-02 8.064641803503036499e-02 7.649643719196319580e-02 6.672229617834091187e-02 4.047619178891181946e-02 1.882231980562210083e-02 9.507120586931705475e-03 3.944147843867540359e-03 8.622608147561550140e-04 1.029149934765882790e-04 0.000000000000000000e+00 0.000000000000000000e+00 0.000000000000000000e+00 0.000000000000000000e+00 0.000000000000000000e+00 0.000000000000000000e+00 0.000000000000000000e+00 0.000000000000000000e+00 0.000000000000000000e+00 0.000000000000000000e+00 0.000000000000000000e+00 0.000000000000000000e+00 0.000000000000000000e+00 0.000000000000000000e+00 4.635810910258442163e-06 8.934134617447853088e-03 7.702214270830154419e-02 8.413115739822387695e-01 7.234367728233337402e-02 3.838451229967176914e-04 0.000000000000000000e+00 0.000000000000000000e+00 0.000000000000000000e+00 0.000000000000000000e+00 0.000000000000000000e+00 0.000000000000000000e+00 0.000000000000000000e+00 0.000000000000000000e+00 0.000000000000000000e+00 0.000000000000000000e+00 0.000000000000000000e+00 0.000000000000000000e+00 0.000000000000000000e+00 0.000000000000000000e+00 0.000000000000000000e+00 0.000000000000000000e+00 0.000000000000000000e+00 0.000000000000000000e+00 0.000000000000000000e+00 0.000000000000000000e+00 0.000000000000000000e+00 0.000000000000000000e+00 0.000000000000000000e+00 0.000000000000000000e+00 9.271621479456371162e-07 9.920635056914761662e-05 3.062416566535830498e-03 7.878096401691436768e-02 7.975782752037048340e-01 1.196085512638092041e-01 8.678237791173160076e-04 1.854324295891274232e-06 0.000000000000000000e+00 0.000000000000000000e+00 0.000000000000000000e+00 0.000000000000000000e+00 0.000000000000000000e+00 0.000000000000000000e+00 0.000000000000000000e+00 0.000000000000000000e+00 0.000000000000000000e+00 0.000000000000000000e+00 0.000000000000000000e+00 0.000000000000000000e+00 0.000000000000000000e+00
8.156927302479743958e-03 1.053974926471710205e-01 1.913397386670112610e-02 2.387284487485885620e-02 3.576018288731575012e-02 5.870489031076431274e-02 9.905222058296203613e-02 1.636918485164642334e-01 2.783350646495819092e-01 2.970942258834838867e-01 2.586656212806701660e-01 2.934530377388000488e-01 2.602363228797912598e-01 3.453396558761596680e-01 3.107842803001403809e-01 2.136151045560836792e-01 1.360082775354385376e-01 4.842394590377807617e-02 1.634062826633453369e-02 8.040909655392169952e-03 3.810730762779712677e-03 2.605932997539639473e-03 2.248955890536308289e-03 2.534537576138973236e-03 2.605932997539639473e-03 1.695641316473484039e-03 8.745939703658223152e-04 5.086923483759164810e-04 5.533145158551633358e-04 9.727626456879079342e-04 1.418984029442071915e-03 6.247099372558295727e-05 0.000000000000000000e+00 0.000000000000000000e+00 0.000000000000000000e+00 0.000000000000000000e+00 0.000000000000000000e+00 0.000000000000000000e+00 0.000000000000000000e+00 0.000000000000000000e+00 0.000000000000000000e+00 0.000000000000000000e+00 0.000000000000000000e+00 0.000000000000000000e+00 0.000000000000000000e+00 0.000000000000000000e+00 0.000000000000000000e+00 1.835457398556172848e-03 5.269577354192733765e-02 5.463504791259765625e-01 3.983031809329986572e-01 7.139542140066623688e-04 1.011435160762630403e-04 0.000000000000000000e+00 0.000000000000000000e+00 0.000000000000000000e+00 0.000000000000000000e+00 0.000000000000000000e+00 0.000000000000000000e+00 0.000000000000000000e+00 0.000000000000000000e+00 0.000000000000000000e+00 0.000000000000000000e+00 0.000000000000000000e+00 0.000000000000000000e+00 0.000000000000000000e+00 0.000000000000000000e+00 0.000000000000000000e+00 0.000000000000000000e+00 0.000000000000000000e+00 0.000000000000000000e+00 0.000000000000000000e+00 0.000000000000000000e+00 0.000000000000000000e+00 0.000000000000000000e+00 1.088780234567821026e-03 6.772451102733612061e-02 6.440432667732238770e-01 2.329959869384765625e-01 4.782898351550102234e-02 6.318495143204927444e-03 0.000000000000000000e+00 0.000000000000000000e+00 0.000000000000000000e+00 0.000000000000000000e+00 0.000000000000000000e+00 0.000000000000000000e+00 0.000000000000000000e+00 0.000000000000000000e+00 0.000000000000000000e+00 0.000000000000000000e+00 0.000000000000000000e+00 0.000000000000000000e+00 0.000000000000000000e+00 0.000000000000000000e+00 0.000000000000000000e+00
2.391530200839042664e-02 2.131181582808494568e-02 3.203378245234489441e-02 5.236633867025375366e-02 8.268375694751739502e-02 1.124951690435409546e-01 1.276317834854125977e-01 1.282261162996292114e-01 1.213176324963569641e-01 1.135600954294204712e-01 1.097348183393478394e-01 1.233374476432800293e-01 1.468099504709243774e-01 2.011264264583587646e-01 2.268993556499481201e-01 1.933376789093017578e-01 1.621460914611816406e-01 1.316169798374176025e-01 1.093156188726425171e-01 1.018257439136505127e-01 9.829096496105194092e-02 9.452623128890991211e-02 9.379521757364273071e-02 9.359341859817504883e-02 9.667663276195526123e-02 8.200794458389282227e-02 5.010132864117622375e-02 3.081960603594779968e-02 2.481155842542648315e-02 9.941833093762397766e-03 3.251503221690654755e-03 4.919136408716440201e-04 0.000000000000000000e+00 0.000000000000000000e+00 0.000000000000000000e+00 0.000000000000000000e+00 0.000000000000000000e+00 0.000000000000000000e+00 0.000000000000000000e+00 0.000000000000000000e+00 0.000000000000000000e+00 0.000000000000000000e+00 0.000000000000000000e+00 0.000000000000000000e+00 0.000000000000000000e+00 1.156174694187939167e-04 7.751573808491230011e-03 1.162699311971664429e-01 3.919084668159484863e-01 3.314100503921508789e-01 1.324171572923660278e-01 1.677138730883598328e-02 2.805912867188453674e-03 4.496517067309468985e-04 9.264627442462369800e-05 7.614762125740526244e-06 0.000000000000000000e+00 0.000000000000000000e+00 0.000000000000000000e+00 0.000000000000000000e+00 0.000000000000000000e+00 0.000000000000000000e+00 0.000000000000000000e+00 0.000000000000000000e+00 0.000000000000000000e+00 0.000000000000000000e+00 0.000000000000000000e+00 0.000000000000000000e+00 0.000000000000000000e+00 0.000000000000000000e+00 0.000000000000000000e+00 0.000000000000000000e+00 1.649865112085535657e-06 1.890999192255549133e-05 2.451953478157520294e-04 2.173887565732002258e-03 3.192006796598434448e-02 1.474124044179916382e-01 2.619747221469879150e-01 3.769784569740295410e-01 1.709852963685989380e-01 8.017456158995628357e-03 2.628361980896443129e-04 9.137714187090750784e-06 0.000000000000000000e+00 0.000000000000000000e+00 0.000000000000000000e+00 0.000000000000000000e+00 0.000000000000000000e+00 0.000000000000000000e+00 0.000000000000000000e+00 0.000000000000000000e+00 0.000000000000000000e+00 0.000000000000000000e+00 0.000000000000000000e+00 0.000000000000000000e+00
7.505298708565533161e-05 2.390973735600709915e-03 4.136848822236061096e-02 3.169380128383636475e-02 4.341278970241546631e-02 4.563221335411071777e-02 2.708340436220169067e-02 1.271254569292068481e-02 2.020354755222797394e-02 2.434933371841907501e-02 1.812708191573619843e-02 2.402410283684730530e-02 2.864879742264747620e-02 3.437069058418273926e-02 4.526767134666442871e-02 6.700444221496582031e-02 8.532094955444335938e-02 1.733295023441314697e-01 4.292601943016052246e-01 5.776792764663696289e-01 3.890139162540435791e-01 2.375105321407318115e-01 1.025473922491073608e-01 7.925952225923538208e-02 1.548807621002197266e-01 1.096309721469879150e-01 1.177080944180488586e-01 7.027818262577056885e-02 7.215808611363172531e-03 0.000000000000000000e+00 0.000000000000000000e+00 0.000000000000000000e+00 0.000000000000000000e+00 0.000000000000000000e+00 0.000000000000000000e+00 0.000000000000000000e+00 0.000000000000000000e+00 0.000000000000000000e+00 0.000000000000000000e+00 0.000000000000000000e+00 0.000000000000000000e+00 0.000000000000000000e+00 0.000000000000000000e+00 0.000000000000000000e+00 0.000000000000000000e+00 0.000000000000000000e+00 0.000000000000000000e+00 3.733588010072708130e-02 2.531608641147613525e-01 9.046147763729095459e-02 2.984738051891326904e-01 2.931760251522064209e-01 2.707983180880546570e-02 3.121251065749675035e-04 0.000000000000000000e+00 0.000000000000000000e+00 0.000000000000000000e+00 0.000000000000000000e+00 0.000000000000000000e+00 0.000000000000000000e+00 0.000000000000000000e+00 0.000000000000000000e+00 0.000000000000000000e+00 0.000000000000000000e+00 0.000000000000000000e+00 0.000000000000000000e+00 0.000000000000000000e+00 0.000000000000000000e+00 0.000000000000000000e+00 0.000000000000000000e+00 0.000000000000000000e+00 0.000000000000000000e+00 0.000000000000000000e+00 0.000000000000000000e+00 8.529830956831574440e-04 2.759864926338195801e-01 2.856743037700653076e-01 1.045571491122245789e-01 5.760733410716056824e-02 2.228942513465881348e-01 5.242748931050300598e-02 0.000000000000000000e+00 0.000000000000000000e+00 0.000000000000000000e+00 0.000000000000000000e+00 0.000000000000000000e+00 0.000000000000000000e+00 0.000000000000000000e+00 0.000000000000000000e+00 0.000000000000000000e+00 0.000000000000000000e+00 0.000000000000000000e+00 0.000000000000000000e+00 0.000000000000000000e+00 0.000000000000000000e+00 0.000000000000000000e+00
1.502561848610639572e-03 8.059643208980560303e-03 1.903573237359523773e-02 3.293812274932861328e-02 4.989490658044815063e-02 6.374310702085494995e-02 8.491197973489761353e-02 1.131355091929435730e-01 1.431325525045394897e-01 1.566014289855957031e-01 1.543549746274948120e-01 1.583995670080184937e-01 1.672917753458023071e-01 1.958552300930023193e-01 2.465876340866088867e-01 2.442130744457244873e-01 2.464053630828857422e-01 2.519180178642272949e-01 1.787457317113876343e-01 1.497044116258621216e-01 1.228849142789840698e-01 8.671505749225616455e-02 4.893425107002258301e-02 3.036160022020339966e-02 2.221820876002311707e-02 1.242938730865716934e-02 5.438780877739191055e-03 2.689831890165805817e-03 1.408959506079554558e-03 2.463216078467667103e-04 8.867577707860618830e-05 1.527193817310035229e-04 0.000000000000000000e+00 0.000000000000000000e+00 0.000000000000000000e+00 0.000000000000000000e+00 0.000000000000000000e+00 0.000000000000000000e+00 0.000000000000000000e+00 0.000000000000000000e+00 0.000000000000000000e+00 0.000000000000000000e+00 0.000000000000000000e+00 0.000000000000000000e+00 0.000000000000000000e+00 1.165922221844084561e-04 1.036192872561514378e-03 5.102141294628381729e-03 3.537178039550781250e-02 3.618135675787925720e-02 3.955136537551879883e-01 4.849661588668823242e-01 3.898121416568756104e-02 2.730885520577430725e-03 0.000000000000000000e+00 0.000000000000000000e+00 0.000000000000000000e+00 0.000000000000000000e+00 0.000000000000000000e+00 0.000000000000000000e+00 0.000000000000000000e+00 0.000000000000000000e+00 0.000000000000000000e+00 0.000000000000000000e+00 0.000000000000000000e+00 0.000000000000000000e+00 0.000000000000000000e+00 0.000000000000000000e+00 0.000000000000000000e+00 0.000000000000000000e+00 0.000000000000000000e+00 0.000000000000000000e+00 0.000000000000000000e+00 0.000000000000000000e+00 7.389648089883849025e-05 9.467616677284240723e-02 3.728964030742645264e-01 3.854982256889343262e-01 9.937598556280136108e-02 4.255780205130577087e-02 3.083946416154503822e-03 1.274303765967488289e-03 5.008539301343262196e-04 6.240147195057943463e-05 0.000000000000000000e+00 0.000000000000000000e+00 0.000000000000000000e+00 0.000000000000000000e+00 0.000000000000000000e+00 0.000000000000000000e+00 0.000000000000000000e+00 0.000000000000000000e+00 0.000000000000000000e+00 0.000000000000000000e+00 0.000000000000000000e+00 0.000000000000000000e+00
3.382642567157745361e-01 2.527752518653869629e-01 1.894221007823944092e-01 1.809821128845214844e-01 1.649273782968521118e-01 1.548090577125549316e-01 1.327137947082519531e-01 1.239843666553497314e-01 1.078026592731475830e-01 8.841407299041748047e-02 7.594454288482666016e-02 5.843743681907653809e-02 5.586278438568115234e-02 6.587700545787811279e-02 7.368474453687667847e-02 7.342322170734405518e-02 7.967448979616165161e-02 8.963030576705932617e-02 9.161842614412307739e-02 9.262898564338684082e-02 9.774526953697204590e-02 9.315712004899978638e-02 8.382845669984817505e-02 8.236847817897796631e-02 6.504926085472106934e-02 4.561497271060943604e-02 2.310836873948574066e-02 1.157830562442541122e-02 4.352021031081676483e-03 1.767215086147189140e-03 4.748121136799454689e-04 7.871216803323477507e-05 0.000000000000000000e+00 0.000000000000000000e+00 0.000000000000000000e+00 0.000000000000000000e+00 0.000000000000000000e+00 0.000000000000000000e+00 0.000000000000000000e+00 0.000000000000000000e+00 0.000000000000000000e+00 0.000000000000000000e+00 0.000000000000000000e+00 0.000000000000000000e+00 1.692734826974628959e-06 4.105135798454284668e-02 1.118457615375518799e-01 2.567015290260314941e-01 4.093345999717712402e-01 1.490672975778579712e-01 1.492907479405403137e-02 3.357539419084787369e-03 2.750694053247570992e-03 2.230178099125623703e-03 2.400297904387116432e-03 1.717279432341456413e-03 1.662265509366989136e-03 1.712201279588043690e-03 1.018179929815232754e-03 2.200555172748863697e-04 0.000000000000000000e+00 0.000000000000000000e+00 0.000000000000000000e+00 0.000000000000000000e+00 0.000000000000000000e+00 0.000000000000000000e+00 0.000000000000000000e+00 0.000000000000000000e+00 0.000000000000000000e+00 0.000000000000000000e+00 0.000000000000000000e+00 0.000000000000000000e+00 8.717583841644227505e-05 6.517028668895363808e-04 2.724456600844860077e-03 3.232276998460292816e-03 3.955921158194541931e-03 7.074784953147172928e-03 1.212395876646041870e-01 3.458561897277832031e-01 3.723694980144500732e-01 1.256203800439834595e-01 1.718802936375141144e-02 0.000000000000000000e+00 0.000000000000000000e+00 0.000000000000000000e+00 0.000000000000000000e+00 0.000000000000000000e+00 0.000000000000000000e+00 0.000000000000000000e+00 0.000000000000000000e+00 0.000000000000000000e+00 0.000000000000000000e+00 0.000000000000000000e+00 0.000000000000000000e+00 0.000000000000000000e+00
6.595652550458908081e-02 9.105090796947479248e-02 1.129292100667953491e-01 1.387208998203277588e-01 1.565175056457519531e-01 1.438575983047485352e-01 1.500432789325714111e-01 1.730517148971557617e-01 2.105865776538848877e-01 2.232344746589660645e-01 1.792824864387512207e-01 1.365478038787841797e-01 1.068006306886672974e-01 9.933455288410186768e-02 1.098363697528839111e-01 1.063558012247085571e-01 1.007922962307929993e-01 1.135273352265357971e-01 1.247625499963760376e-01 8.803320676088333130e-02 6.057636439800262451e-02 5.764884129166603088e-02 5.320946127176284790e-02 5.265641957521438599e-02 4.178188368678092957e-02 2.554523013532161713e-02 1.945873722434043884e-02 8.905814029276371002e-03 5.749855656176805496e-03 5.178777500987052917e-03 6.227758247405290604e-03 3.183910995721817017e-02 0.000000000000000000e+00 0.000000000000000000e+00 0.000000000000000000e+00 0.000000000000000000e+00 0.000000000000000000e+00 0.000000000000000000e+00 0.000000000000000000e+00 0.000000000000000000e+00 0.000000000000000000e+00 0.000000000000000000e+00 0.000000000000000000e+00 0.000000000000000000e+00 0.000000000000000000e+00 0.000000000000000000e+00 0.000000000000000000e+00 7.779688108712434769e-03 2.026485949754714966e-01 2.777634263038635254e-01 3.198428750038146973e-01 1.416243910789489746e-01 2.988141588866710663e-02 8.348762057721614838e-03 5.724808666855096817e-03 4.494485445320606232e-03 1.891571329906582832e-03 0.000000000000000000e+00 0.000000000000000000e+00 0.000000000000000000e+00 0.000000000000000000e+00 0.000000000000000000e+00 0.000000000000000000e+00 0.000000000000000000e+00 0.000000000000000000e+00 0.000000000000000000e+00 0.000000000000000000e+00 0.000000000000000000e+00 0.000000000000000000e+00 0.000000000000000000e+00 0.000000000000000000e+00 5.510403570951893926e-05 5.101631861180067062e-03 2.221393957734107971e-02 1.929643191397190094e-02 5.973377823829650879e-02 1.618405580520629883e-01 1.692325174808502197e-01 2.457409650087356567e-01 2.950220108032226562e-01 2.176308818161487579e-02 0.000000000000000000e+00 0.000000000000000000e+00 0.000000000000000000e+00 0.000000000000000000e+00 0.000000000000000000e+00 0.000000000000000000e+00 0.000000000000000000e+00 0.000000000000000000e+00 0.000000000000000000e+00 0.000000000000000000e+00 0.000000000000000000e+00 0.000000000000000000e+00 0.000000000000000000e+00 0.000000000000000000e+00 0.000000000000000000e+00
1.526060402393341064e-01 3.370941281318664551e-01 3.437178432941436768e-01 2.699446678161621094e-01 1.566196978092193604e-01 1.062200069427490234e-01 9.438288211822509766e-02 9.189982712268829346e-02 8.442392200231552124e-02 9.459675848484039307e-02 7.390351593494415283e-02 5.224778503179550171e-02 4.208830744028091431e-02 3.907722607254981995e-02 4.143663123250007629e-02 4.379603639245033264e-02 5.266886949539184570e-02 5.620463192462921143e-02 6.478337943553924561e-02 9.676901996135711670e-02 1.173285990953445435e-01 1.448393911123275757e-01 1.785762012004852295e-01 1.465805321931838989e-01 8.440721035003662109e-02 1.915930211544036865e-02 8.388252928853034973e-03 3.983584232628345490e-03 1.697702100500464439e-03 4.979480290785431862e-04 5.347093247110024095e-05 6.683866558887530118e-06 0.000000000000000000e+00 0.000000000000000000e+00 0.000000000000000000e+00 0.000000000000000000e+00 0.000000000000000000e+00 0.000000000000000000e+00 0.000000000000000000e+00 0.000000000000000000e+00 0.000000000000000000e+00 0.000000000000000000e+00 0.000000000000000000e+00 0.000000000000000000e+00 0.000000000000000000e+00 6.683866558887530118e-06 7.758854888379573822e-03 2.184900194406509399e-01 5.433671474456787109e-01 9.703525900840759277e-02 7.750054448843002319e-02 3.411334007978439331e-02 9.497773833572864532e-03 7.630747277289628983e-04 6.795264198444783688e-04 7.341113523580133915e-04 6.962360930629074574e-04 5.503050051629543304e-04 4.333373508416116238e-04 4.221975686959922314e-04 4.845803196076303720e-04 7.987220305949449539e-04 3.683924442157149315e-03 2.984346356242895126e-03 0.000000000000000000e+00 0.000000000000000000e+00 0.000000000000000000e+00 0.000000000000000000e+00 0.000000000000000000e+00 0.000000000000000000e+00 0.000000000000000000e+00 0.000000000000000000e+00 0.000000000000000000e+00 0.000000000000000000e+00 7.352253305725753307e-05 1.553441956639289856e-02 6.140468269586563110e-02 9.005953371524810791e-02 7.790268957614898682e-02 1.983325928449630737e-01 5.122704505920410156e-01 3.648499771952629089e-02 7.804527878761291504e-03 1.325633493252098560e-04 0.000000000000000000e+00 0.000000000000000000e+00 0.000000000000000000e+00 0.000000000000000000e+00 0.000000000000000000e+00 0.000000000000000000e+00 0.000000000000000000e+00 0.000000000000000000e+00 0.000000000000000000e+00 0.000000000000000000e+00 0.000000000000000000e+00 0.000000000000000000e+00
7.289214408956468105e-05 1.660027890466153622e-03 9.361198171973228455e-03 2.532193809747695923e-02 5.426738038659095764e-02 8.513869345188140869e-02 1.061158031225204468e-01 1.378680765628814697e-01 1.846645027399063110e-01 2.305097132921218872e-01 2.351335734128952026e-01 2.032856494188308716e-01 1.828385591506958008e-01 1.828415393829345703e-01 1.793740391731262207e-01 1.794001162052154541e-01 1.623618155717849731e-01 1.314014494419097900e-01 1.108801737427711487e-01 1.110440939664840698e-01 1.135369390249252319e-01 9.440918266773223877e-02 6.561579555273056030e-02 4.877309501171112061e-02 4.037532210350036621e-02 3.079907596111297607e-02 2.663267776370048523e-02 2.507391013205051422e-02 1.307441107928752899e-02 9.318980388343334198e-03 8.952870965003967285e-03 9.896511211991310120e-03 0.000000000000000000e+00 0.000000000000000000e+00 0.000000000000000000e+00 0.000000000000000000e+00 0.000000000000000000e+00 0.000000000000000000e+00 0.000000000000000000e+00 0.000000000000000000e+00 0.000000000000000000e+00 0.000000000000000000e+00 0.000000000000000000e+00 0.000000000000000000e+00 1.429257736162981018e-06 2.536382817197591066e-04 1.671483926475048065e-02 6.467424333095550537e-02 1.590124070644378662e-01 2.409539520740509033e-01 3.309333026409149170e-01 1.321409344673156738e-01 5.096018686890602112e-02 4.355058539658784866e-03 0.000000000000000000e+00 0.000000000000000000e+00 0.000000000000000000e+00 0.000000000000000000e+00 0.000000000000000000e+00 0.000000000000000000e+00 0.000000000000000000e+00 0.000000000000000000e+00 0.000000000000000000e+00 0.000000000000000000e+00 0.000000000000000000e+00 0.000000000000000000e+00 0.000000000000000000e+00 0.000000000000000000e+00 0.000000000000000000e+00 4.397716395487805130e-07 3.309281601104885340e-05 2.871708711609244347e-04 1.704444875940680504e-03 1.661919057369232178e-02 4.778250679373741150e-02 1.045173332095146179e-01 2.176580429077148438e-01 2.459054440259933472e-01 1.498830765485763550e-01 1.353465318679809570e-01 6.086879223585128784e-02 1.928079687058925629e-02 1.131312528741545975e-04 0.000000000000000000e+00 0.000000000000000000e+00 0.000000000000000000e+00 0.000000000000000000e+00 0.000000000000000000e+00 0.000000000000000000e+00 0.000000000000000000e+00 0.000000000000000000e+00 0.000000000000000000e+00 0.000000000000000000e+00 0.000000000000000000e+00 0.000000000000000000e+00 0.000000000000000000e+00
8.673269621795043349e-05 1.930502010509371758e-03 2.978568524122238159e-02 1.225505024194717407e-01 3.209697306156158447e-01 6.285154819488525391e-01 5.462704896926879883e-01 3.644535839557647705e-01 2.473784387111663818e-01 1.848917156457901001e-01 1.706675589084625244e-01 1.511694937944412231e-01 1.469783484935760498e-01 6.854960322380065918e-02 8.790778927505016327e-03 3.295842558145523071e-03 1.273012137971818447e-03 7.050528656691312790e-04 5.120027344673871994e-04 1.930502039613202214e-04 1.482849183958023787e-04 1.370936079183593392e-04 1.398914464516565204e-04 3.217503253836184740e-04 2.210284728789702058e-04 6.435006798710674047e-05 0.000000000000000000e+00 0.000000000000000000e+00 0.000000000000000000e+00 0.000000000000000000e+00 0.000000000000000000e+00 0.000000000000000000e+00 0.000000000000000000e+00 0.000000000000000000e+00 0.000000000000000000e+00 0.000000000000000000e+00 0.000000000000000000e+00 0.000000000000000000e+00 0.000000000000000000e+00 0.000000000000000000e+00 0.000000000000000000e+00 0.000000000000000000e+00 0.000000000000000000e+00 0.000000000000000000e+00 0.000000000000000000e+00 0.000000000000000000e+00 0.000000000000000000e+00 0.000000000000000000e+00 1.137783750891685486e-03 3.910432104021310806e-03 1.013839896768331528e-02 2.262417785823345184e-02 5.909014493227005005e-02 1.182707548141479492e-01 2.774010002613067627e-01 2.731548249721527100e-01 1.438419818878173828e-01 6.736145913600921631e-02 2.058176137506961823e-02 2.487269928678870201e-03 0.000000000000000000e+00 0.000000000000000000e+00 0.000000000000000000e+00 0.000000000000000000e+00 0.000000000000000000e+00 0.000000000000000000e+00 0.000000000000000000e+00 0.000000000000000000e+00 0.000000000000000000e+00 0.000000000000000000e+00 0.000000000000000000e+00 0.000000000000000000e+00 0.000000000000000000e+00 0.000000000000000000e+00 0.000000000000000000e+00 2.797828983602812514e-06 5.760170146822929382e-02 5.983595252037048340e-01 3.336588144302368164e-01 1.037714723497629166e-02 0.000000000000000000e+00 0.000000000000000000e+00 0.000000000000000000e+00 0.000000000000000000e+00 0.000000000000000000e+00 0.000000000000000000e+00 0.000000000000000000e+00 0.000000000000000000e+00 0.000000000000000000e+00 0.000000000000000000e+00 0.000000000000000000e+00 0.000000000000000000e+00 0.000000000000000000e+00 0.000000000000000000e+00 0.000000000000000000e+00 0.000000000000000000e+00
7.337715476751327515e-02 1.345818340778350830e-01 1.827082633972167969e-01 2.294808179140090942e-01 2.665116786956787109e-01 2.476444840431213379e-01 2.334221899509429932e-01 2.226377427577972412e-01 1.861013472080230713e-01 1.525857448577880859e-01 1.392050832509994507e-01 1.313253641128540039e-01 1.172214597463607788e-01 1.121261566877365112e-01 9.687139093875885010e-02 8.675894886255264282e-02 6.719055026769638062e-02 6.149799004197120667e-02 5.761922150850296021e-02 4.975277557969093323e-02 4.315597563982009888e-02 3.890458494424819946e-02 3.088104724884033203e-02 1.741197146475315094e-02 7.371259387582540512e-03 4.651337862014770508e-03 3.361955750733613968e-03 1.761801540851593018e-03 1.169475028291344643e-03 1.216147677041590214e-03 1.205523032695055008e-03 2.887639566324651241e-04 0.000000000000000000e+00 0.000000000000000000e+00 0.000000000000000000e+00 0.000000000000000000e+00 0.000000000000000000e+00 0.000000000000000000e+00 0.000000000000000000e+00 0.000000000000000000e+00 0.000000000000000000e+00 0.000000000000000000e+00 0.000000000000000000e+00 0.000000000000000000e+00 0.000000000000000000e+00 0.000000000000000000e+00 5.343966768123209476e-04 2.887133508920669556e-03 3.501085042953491211e-01 2.686006724834442139e-01 1.684112250804901123e-01 1.523864120244979858e-01 5.685614049434661865e-02 2.155294496333226562e-04 0.000000000000000000e+00 0.000000000000000000e+00 0.000000000000000000e+00 0.000000000000000000e+00 0.000000000000000000e+00 0.000000000000000000e+00 0.000000000000000000e+00 0.000000000000000000e+00 0.000000000000000000e+00 0.000000000000000000e+00 0.000000000000000000e+00 0.000000000000000000e+00 0.000000000000000000e+00 0.000000000000000000e+00 0.000000000000000000e+00 0.000000000000000000e+00 0.000000000000000000e+00 3.870423461194150150e-05 7.433489663526415825e-04 6.506105884909629822e-03 5.881373956799507141e-02 9.225293248891830444e-02 8.519117534160614014e-02 1.612534672021865845e-01 1.912100464105606079e-01 3.940479159355163574e-01 9.703505784273147583e-03 2.390555600868538022e-04 0.000000000000000000e+00 0.000000000000000000e+00 0.000000000000000000e+00 0.000000000000000000e+00 0.000000000000000000e+00 0.000000000000000000e+00 0.000000000000000000e+00 0.000000000000000000e+00 0.000000000000000000e+00 0.000000000000000000e+00 0.000000000000000000e+00 0.000000000000000000e+00 0.000000000000000000e+00 0.000000000000000000e+00
6.056202203035354614e-02 5.166411772370338440e-02 8.359374105930328369e-02 1.361051499843597412e-01 2.341486513614654541e-01 2.973645031452178955e-01 3.408114314079284668e-01 3.160995244979858398e-01 2.406109571456909180e-01 1.691204309463500977e-01 1.181800961494445801e-01 1.048648357391357422e-01 1.070534139871597290e-01 8.384361863136291504e-02 6.763611733913421631e-02 5.984398350119590759e-02 3.634410351514816284e-02 3.850395604968070984e-02 4.726399853825569153e-02 5.543811619281768799e-02 7.406970858573913574e-02 1.028457134962081909e-01 8.764346688985824585e-02 4.973404109477996826e-02 1.451006904244422913e-02 5.517388228327035904e-03 2.946819411590695381e-03 2.392495749518275261e-03 1.711797667667269707e-03 1.036843867041170597e-03 1.071309554390609264e-03 7.467573508620262146e-03 0.000000000000000000e+00 0.000000000000000000e+00 0.000000000000000000e+00 0.000000000000000000e+00 0.000000000000000000e+00 0.000000000000000000e+00 0.000000000000000000e+00 0.000000000000000000e+00 0.000000000000000000e+00 0.000000000000000000e+00 0.000000000000000000e+00 0.000000000000000000e+00 0.000000000000000000e+00 0.000000000000000000e+00 1.138326246291399002e-03 9.341934323310852051e-02 6.492902040481567383e-01 1.066043972969055176e-01 1.224682033061981201e-01 6.108092144131660461e-03 1.648323237895965576e-02 4.488203208893537521e-03 0.000000000000000000e+00 0.000000000000000000e+00 0.000000000000000000e+00 0.000000000000000000e+00 0.000000000000000000e+00 0.000000000000000000e+00 0.000000000000000000e+00 0.000000000000000000e+00 0.000000000000000000e+00 0.000000000000000000e+00 0.000000000000000000e+00 0.000000000000000000e+00 0.000000000000000000e+00 0.000000000000000000e+00 0.000000000000000000e+00 0.000000000000000000e+00 0.000000000000000000e+00 0.000000000000000000e+00 0.000000000000000000e+00 0.000000000000000000e+00 1.456559821963310242e-02 6.868252996355295181e-03 2.155831083655357361e-02 1.132017150521278381e-01 1.569885015487670898e-01 6.476406455039978027e-01 3.872798383235931396e-02 4.490118008106946945e-04 0.000000000000000000e+00 0.000000000000000000e+00 0.000000000000000000e+00 0.000000000000000000e+00 0.000000000000000000e+00 0.000000000000000000e+00 0.000000000000000000e+00 0.000000000000000000e+00 0.000000000000000000e+00 0.000000000000000000e+00 0.000000000000000000e+00 0.000000000000000000e+00 0.000000000000000000e+00 0.000000000000000000e+00
1.432667672634124756e-01 3.457722365856170654e-01 2.906332015991210938e-01 2.573145925998687744e-01 2.797469496726989746e-01 3.047982454299926758e-01 2.371159195899963379e-01 1.803828775882720947e-01 1.656109690666198730e-01 1.311138272285461426e-01 7.425737380981445312e-02 4.597017168998718262e-02 4.203670471906661987e-02 4.118051007390022278e-02 3.818382322788238525e-02 3.698515146970748901e-02 3.695493191480636597e-02 3.915585577487945557e-02 3.625234588980674744e-02 3.501841798424720764e-02 4.070708528161048889e-02 3.955625370144844055e-02 2.940277755260467529e-02 2.001987770199775696e-02 2.116315066814422607e-02 3.009529039263725281e-02 1.750920899212360382e-02 1.954141631722450256e-02 1.947342231869697571e-02 7.252483628690242767e-04 5.540092024602927268e-05 0.000000000000000000e+00 0.000000000000000000e+00 0.000000000000000000e+00 0.000000000000000000e+00 0.000000000000000000e+00 0.000000000000000000e+00 0.000000000000000000e+00 0.000000000000000000e+00 0.000000000000000000e+00 7.890434062574058771e-05 5.405786796472966671e-04 1.087872544303536415e-03 1.968411495909094810e-03 4.815682768821716309e-03 8.180868811905384064e-03 6.156217306852340698e-02 1.154664233326911926e-01 6.449565291404724121e-01 6.374295055866241455e-02 4.120736941695213318e-02 2.900741621851921082e-02 1.645071431994438171e-02 5.300860386341810226e-03 2.612237120047211647e-03 2.058228012174367905e-03 6.026948103681206703e-04 3.525512875057756901e-04 7.554670446552336216e-06 0.000000000000000000e+00 0.000000000000000000e+00 0.000000000000000000e+00 0.000000000000000000e+00 0.000000000000000000e+00 0.000000000000000000e+00 0.000000000000000000e+00 0.000000000000000000e+00 0.000000000000000000e+00 0.000000000000000000e+00 0.000000000000000000e+00 0.000000000000000000e+00 0.000000000000000000e+00 0.000000000000000000e+00 4.373315023258328438e-04 7.697369903326034546e-03 2.447881177067756653e-02 2.484395354986190796e-02 1.904616318643093109e-02 4.274852201342582703e-02 5.957235693931579590e-01 2.084367275238037109e-01 6.728357821702957153e-02 9.222573600709438324e-03 8.142256410792469978e-05 0.000000000000000000e+00 0.000000000000000000e+00 0.000000000000000000e+00 0.000000000000000000e+00 0.000000000000000000e+00 0.000000000000000000e+00 0.000000000000000000e+00 0.000000000000000000e+00 0.000000000000000000e+00 0.000000000000000000e+00 0.000000000000000000e+00 0.000000000000000000e+00
8.784422278404235840e-02 1.250361502170562744e-01 1.287845224142074585e-01 1.833948791027069092e-01 2.856009900569915771e-01 2.488236576318740845e-01 2.074326127767562866e-01 1.702671945095062256e-01 1.408057957887649536e-01 1.155362874269485474e-01 1.111539602279663086e-01 1.010273694992065430e-01 9.042830020189285278e-02 8.399220556020736694e-02 7.516247034072875977e-02 6.497319042682647705e-02 5.569027364253997803e-02 3.775599598884582520e-02 3.415467962622642517e-02 3.250106051564216614e-02 2.330251038074493408e-02 1.995429769158363342e-02 2.306869067251682281e-02 3.019901365041732788e-02 3.084744326770305634e-02 4.953380674123764038e-02 8.384758234024047852e-02 7.652682811021804810e-02 7.573135197162628174e-02 7.137553393840789795e-02 1.059038490056991577e-01 2.934327721595764160e-02 0.000000000000000000e+00 0.000000000000000000e+00 0.000000000000000000e+00 0.000000000000000000e+00 0.000000000000000000e+00 0.000000000000000000e+00 0.000000000000000000e+00 0.000000000000000000e+00 0.000000000000000000e+00 0.000000000000000000e+00 0.000000000000000000e+00 0.000000000000000000e+00 0.000000000000000000e+00 0.000000000000000000e+00 9.714401676319539547e-04 1.541849877685308456e-02 7.688671350479125977e-01 1.952498257160186768e-01 1.230169460177421570e-02 6.191022694110870361e-03 3.197958576492965221e-04 2.587292983662337065e-04 1.703435118542984128e-04 1.092769743991084397e-04 8.517175592714920640e-05 5.142445661476813257e-05 5.624549885396845639e-06 0.000000000000000000e+00 0.000000000000000000e+00 0.000000000000000000e+00 0.000000000000000000e+00 0.000000000000000000e+00 0.000000000000000000e+00 0.000000000000000000e+00 0.000000000000000000e+00 0.000000000000000000e+00 0.000000000000000000e+00 0.000000000000000000e+00 0.000000000000000000e+00 0.000000000000000000e+00 0.000000000000000000e+00 0.000000000000000000e+00 2.651573595358058810e-05 2.756833098828792572e-03 1.534136198461055756e-02 2.741084247827529907e-02 1.990672945976257324e-01 7.454152107238769531e-01 9.981969371438026428e-03 0.000000000000000000e+00 0.000000000000000000e+00 0.000000000000000000e+00 0.000000000000000000e+00 0.000000000000000000e+00 0.000000000000000000e+00 0.000000000000000000e+00 0.000000000000000000e+00 0.000000000000000000e+00 0.000000000000000000e+00 0.000000000000000000e+00 0.000000000000000000e+00 0.000000000000000000e+00 0.000000000000000000e+00 0.000000000000000000e+00
3.190556017216295004e-04 3.701045177876949310e-03 1.165350619703531265e-02 1.779532432556152344e-02 1.352396886795759201e-02 8.570631034672260284e-03 1.087580807507038116e-02 1.929488778114318848e-02 2.863523736596107483e-02 4.321607947349548340e-02 6.173726171255111694e-02 8.876126259565353394e-02 1.287987530231475830e-01 1.732711195945739746e-01 2.184413969516754150e-01 2.520579099655151367e-01 2.626545429229736328e-01 2.441931813955307007e-01 2.230956405401229858e-01 1.978144794702529907e-01 1.730358153581619263e-01 1.447435617446899414e-01 1.198891326785087585e-01 1.077889502048492432e-01 1.097790449857711792e-01 1.015075445175170898e-01 1.005025207996368408e-01 9.036850929260253906e-02 4.105846583843231201e-02 2.763818949460983276e-03 1.515514159109443426e-04 0.000000000000000000e+00 0.000000000000000000e+00 0.000000000000000000e+00 0.000000000000000000e+00 0.000000000000000000e+00 0.000000000000000000e+00 0.000000000000000000e+00 0.000000000000000000e+00 0.000000000000000000e+00 0.000000000000000000e+00 0.000000000000000000e+00 0.000000000000000000e+00 0.000000000000000000e+00 0.000000000000000000e+00 0.000000000000000000e+00 0.000000000000000000e+00 0.000000000000000000e+00 5.560527443885803223e-01 3.919757604598999023e-01 4.250884056091308594e-02 9.462657384574413300e-03 0.000000000000000000e+00 0.000000000000000000e+00 0.000000000000000000e+00 0.000000000000000000e+00 0.000000000000000000e+00 0.000000000000000000e+00 0.000000000000000000e+00 0.000000000000000000e+00 0.000000000000000000e+00 0.000000000000000000e+00 0.000000000000000000e+00 0.000000000000000000e+00 0.000000000000000000e+00 0.000000000000000000e+00 0.000000000000000000e+00 0.000000000000000000e+00 0.000000000000000000e+00 0.000000000000000000e+00 0.000000000000000000e+00 0.000000000000000000e+00 0.000000000000000000e+00 0.000000000000000000e+00 0.000000000000000000e+00 0.000000000000000000e+00 5.627342965453863144e-03 3.173406794667243958e-02 5.055568814277648926e-01 4.570817053318023682e-01 0.000000000000000000e+00 0.000000000000000000e+00 0.000000000000000000e+00 0.000000000000000000e+00 0.000000000000000000e+00 0.000000000000000000e+00 0.000000000000000000e+00 0.000000000000000000e+00 0.000000000000000000e+00 0.000000000000000000e+00 0.000000000000000000e+00 0.000000000000000000e+00 0.000000000000000000e+00 0.000000000000000000e+00 0.000000000000000000e+00 0.000000000000000000e+00
2.064870932372286916e-04 4.056864418089389801e-04 2.706195693463087082e-03 9.602864272892475128e-03 1.802024990320205688e-02 2.207225561141967773e-02 2.477602288126945496e-02 3.620569035410881042e-02 4.970994591712951660e-02 4.052248597145080566e-02 4.200433567166328430e-02 3.165083006024360657e-02 2.151109650731086731e-02 2.605138346552848816e-02 2.285690605640411377e-02 1.827532239258289337e-02 1.660156250000000000e-02 1.731333509087562561e-02 1.810041442513465881e-02 2.844420447945594788e-02 4.410321265459060669e-02 1.122415289282798767e-01 3.299275040626525879e-01 6.274074316024780273e-01 6.982227563858032227e-01 5.901085734367370605e-01 1.504707932472229004e-01 4.809934762306511402e-04 0.000000000000000000e+00 0.000000000000000000e+00 0.000000000000000000e+00 0.000000000000000000e+00 0.000000000000000000e+00 0.000000000000000000e+00 0.000000000000000000e+00 0.000000000000000000e+00 0.000000000000000000e+00 0.000000000000000000e+00 0.000000000000000000e+00 0.000000000000000000e+00 0.000000000000000000e+00 0.000000000000000000e+00 0.000000000000000000e+00 0.000000000000000000e+00 0.000000000000000000e+00 0.000000000000000000e+00 0.000000000000000000e+00 9.992355480790138245e-04 8.933951854705810547e-01 1.055667325854301453e-01 3.886815829901024699e-05 0.000000000000000000e+00 0.000000000000000000e+00 0.000000000000000000e+00 0.000000000000000000e+00 0.000000000000000000e+00 0.000000000000000000e+00 0.000000000000000000e+00 0.000000000000000000e+00 0.000000000000000000e+00 0.000000000000000000e+00 0.000000000000000000e+00 0.000000000000000000e+00 0.000000000000000000e+00 0.000000000000000000e+00 0.000000000000000000e+00 0.000000000000000000e+00 0.000000000000000000e+00 0.000000000000000000e+00 0.000000000000000000e+00 0.000000000000000000e+00 0.000000000000000000e+00 0.000000000000000000e+00 0.000000000000000000e+00 0.000000000000000000e+00 0.000000000000000000e+00 0.000000000000000000e+00 0.000000000000000000e+00 1.701696589589118958e-02 9.755398035049438477e-01 7.443252485245466232e-03 0.000000000000000000e+00 0.000000000000000000e+00 0.000000000000000000e+00 0.000000000000000000e+00 0.000000000000000000e+00 0.000000000000000000e+00 0.000000000000000000e+00 0.000000000000000000e+00 0.000000000000000000e+00 0.000000000000000000e+00 0.000000000000000000e+00 0.000000000000000000e+00 0.000000000000000000e+00 0.000000000000000000e+00 0.000000000000000000e+00
2.961085736751556396e-01 3.891492784023284912e-01 3.030622005462646484e-01 2.748457491397857666e-01 1.968387365341186523e-01 1.318758130073547363e-01 8.571347594261169434e-02 6.254315376281738281e-02 5.409520491957664490e-02 5.066508427262306213e-02 5.058866739273071289e-02 5.202920734882354736e-02 5.566027015447616577e-02 6.173091381788253784e-02 7.670798897743225098e-02 8.610120415687561035e-02 1.064696907997131348e-01 1.073357164859771729e-01 1.146119832992553711e-01 1.453812122344970703e-01 1.515226066112518311e-01 1.005773544311523438e-01 3.398992493748664856e-02 5.578196607530117035e-03 1.129223965108394623e-03 9.820569539442658424e-04 2.170713618397712708e-03 9.311145404353737831e-04 1.129223965108394623e-03 4.669723275583237410e-04 8.490405889460816979e-06 0.000000000000000000e+00 0.000000000000000000e+00 0.000000000000000000e+00 0.000000000000000000e+00 0.000000000000000000e+00 0.000000000000000000e+00 0.000000000000000000e+00 0.000000000000000000e+00 0.000000000000000000e+00 0.000000000000000000e+00 0.000000000000000000e+00 0.000000000000000000e+00 0.000000000000000000e+00 0.000000000000000000e+00 0.000000000000000000e+00 1.132054148911265656e-05 4.951510205864906311e-02 4.528273046016693115e-01 1.467217653989791870e-01 1.219307184219360352e-01 1.784136146306991577e-01 5.057546123862266541e-02 4.716891908174147829e-06 0.000000000000000000e+00 0.000000000000000000e+00 0.000000000000000000e+00 0.000000000000000000e+00 0.000000000000000000e+00 0.000000000000000000e+00 0.000000000000000000e+00 0.000000000000000000e+00 0.000000000000000000e+00 0.000000000000000000e+00 0.000000000000000000e+00 0.000000000000000000e+00 0.000000000000000000e+00 0.000000000000000000e+00 0.000000000000000000e+00 0.000000000000000000e+00 0.000000000000000000e+00 0.000000000000000000e+00 0.000000000000000000e+00 0.000000000000000000e+00 6.603649126191157848e-06 7.738910615444183350e-02 1.482311636209487915e-01 1.046942546963691711e-01 1.279428750276565552e-01 3.101535737514495850e-01 2.315824180841445923e-01 0.000000000000000000e+00 0.000000000000000000e+00 0.000000000000000000e+00 0.000000000000000000e+00 0.000000000000000000e+00 0.000000000000000000e+00 0.000000000000000000e+00 0.000000000000000000e+00 0.000000000000000000e+00 0.000000000000000000e+00 0.000000000000000000e+00 0.000000000000000000e+00 0.000000000000000000e+00 0.000000000000000000e+00 0.000000000000000000e+00
6.670918315649032593e-02 8.958695828914642334e-02 1.132408827543258667e-01 1.333776563405990601e-01 1.412451118230819702e-01 1.192222088575363159e-01 1.230541765689849854e-01 1.127578169107437134e-01 6.429386138916015625e-02 4.361702129244804382e-02 4.427919909358024597e-02 5.990284681320190430e-02 7.838145643472671509e-02 1.110372394323348999e-01 1.804656982421875000e-01 1.287478357553482056e-01 8.516065776348114014e-02 5.917553231120109558e-02 5.793258547782897949e-02 2.775456011295318604e-02 3.247123211622238159e-02 3.245847821235656738e-01 3.297709524631500244e-01 2.565132379531860352e-01 1.305145472288131714e-01 5.696916952729225159e-02 2.275021746754646301e-02 5.712657235562801361e-03 6.947459769435226917e-04 5.156317638466134667e-05 2.442466393404174596e-05 0.000000000000000000e+00 0.000000000000000000e+00 0.000000000000000000e+00 0.000000000000000000e+00 0.000000000000000000e+00 0.000000000000000000e+00 0.000000000000000000e+00 0.000000000000000000e+00 0.000000000000000000e+00 0.000000000000000000e+00 0.000000000000000000e+00 0.000000000000000000e+00 0.000000000000000000e+00 0.000000000000000000e+00 0.000000000000000000e+00 0.000000000000000000e+00 1.131223794072866440e-02 5.137438774108886719e-01 2.999267280101776123e-01 1.572306007146835327e-01 1.778658293187618256e-02 0.000000000000000000e+00 0.000000000000000000e+00 0.000000000000000000e+00 0.000000000000000000e+00 0.000000000000000000e+00 0.000000000000000000e+00 0.000000000000000000e+00 0.000000000000000000e+00 0.000000000000000000e+00 0.000000000000000000e+00 0.000000000000000000e+00 0.000000000000000000e+00 0.000000000000000000e+00 0.000000000000000000e+00 0.000000000000000000e+00 0.000000000000000000e+00 0.000000000000000000e+00 0.000000000000000000e+00 0.000000000000000000e+00 0.000000000000000000e+00 0.000000000000000000e+00 0.000000000000000000e+00 0.000000000000000000e+00 0.000000000000000000e+00 1.077037211507558823e-02 1.410976648330688477e-01 4.715299010276794434e-01 3.361602723598480225e-01 4.038663208484649658e-02 5.518164834938943386e-05 0.000000000000000000e+00 0.000000000000000000e+00 0.000000000000000000e+00 0.000000000000000000e+00 0.000000000000000000e+00 0.000000000000000000e+00 0.000000000000000000e+00 0.000000000000000000e+00 0.000000000000000000e+00 0.000000000000000000e+00 0.000000000000000000e+00 0.000000000000000000e+00 0.000000000000000000e+00 0.000000000000000000e+00
2.689000219106674194e-02 1.017139554023742676e-01 1.286813765764236450e-01 1.385079920291900635e-01 1.414134502410888672e-01 1.602253913879394531e-01 1.737557053565979004e-01 1.768270432949066162e-01 1.720122694969177246e-01 1.664711534976959229e-01 2.133335471153259277e-01 2.338403165340423584e-01 2.243707627058029175e-01 2.126162648200988770e-01 1.704785823822021484e-01 1.414513587951660156e-01 1.198031008243560791e-01 7.262670248746871948e-02 4.731068760156631470e-02 3.333562612533569336e-02 3.176598995923995972e-02 2.793985046446323395e-02 2.522596716880798340e-02 2.085633948445320129e-02 1.251325104385614395e-02 7.489544805139303207e-03 5.559689365327358246e-03 4.908373579382896423e-03 3.995582461357116699e-03 1.768704853020608425e-03 1.449958886951208115e-03 8.614438120275735855e-04 0.000000000000000000e+00 0.000000000000000000e+00 0.000000000000000000e+00 0.000000000000000000e+00 0.000000000000000000e+00 0.000000000000000000e+00 0.000000000000000000e+00 0.000000000000000000e+00 0.000000000000000000e+00 0.000000000000000000e+00 0.000000000000000000e+00 0.000000000000000000e+00 0.000000000000000000e+00 4.008221905678510666e-03 4.490093141794204712e-02 1.829590499401092529e-01 1.472015678882598877e-01 1.619160175323486328e-01 1.437831819057464600e-01 1.988323777914047241e-01 1.141667813062667847e-01 2.231880789622664452e-03 0.000000000000000000e+00 0.000000000000000000e+00 0.000000000000000000e+00 0.000000000000000000e+00 0.000000000000000000e+00 0.000000000000000000e+00 0.000000000000000000e+00 0.000000000000000000e+00 0.000000000000000000e+00 0.000000000000000000e+00 0.000000000000000000e+00 0.000000000000000000e+00 0.000000000000000000e+00 0.000000000000000000e+00 0.000000000000000000e+00 0.000000000000000000e+00 0.000000000000000000e+00 1.105934279621578753e-05 1.163469161838293076e-02 2.714370936155319214e-02 6.931548565626144409e-02 1.378628760576248169e-01 1.382968127727508545e-01 1.329218447208404541e-01 1.691775321960449219e-01 1.421133428812026978e-01 1.317878663539886475e-01 3.954386711120605469e-02 1.909053244162350893e-04 0.000000000000000000e+00 0.000000000000000000e+00 0.000000000000000000e+00 0.000000000000000000e+00 0.000000000000000000e+00 0.000000000000000000e+00 0.000000000000000000e+00 0.000000000000000000e+00 0.000000000000000000e+00 0.000000000000000000e+00 0.000000000000000000e+00 0.000000000000000000e+00 0.000000000000000000e+00
6.821738556027412415e-03 4.263962619006633759e-03 3.983359318226575851e-03 7.241890300065279007e-03 1.594773121178150177e-02 3.105440735816955566e-02 4.733727872371673584e-02 5.595961958169937134e-02 5.388556420803070068e-02 4.560927674174308777e-02 3.854530304670333862e-02 3.649456799030303955e-02 4.878806322813034058e-02 9.033988416194915771e-02 1.470814943313598633e-01 1.908747553825378418e-01 2.302573621273040771e-01 2.602149248123168945e-01 2.659146189689636230e-01 2.614246010780334473e-01 2.572836279869079590e-01 2.437187880277633667e-01 2.033943235874176025e-01 1.518950015306472778e-01 1.117898449301719666e-01 7.888782024383544922e-02 4.917511716485023499e-02 3.204065561294555664e-02 2.236361056566238403e-02 6.691968068480491638e-03 4.630326293408870697e-04 2.557775587774813175e-04 0.000000000000000000e+00 0.000000000000000000e+00 0.000000000000000000e+00 0.000000000000000000e+00 0.000000000000000000e+00 0.000000000000000000e+00 0.000000000000000000e+00 0.000000000000000000e+00 0.000000000000000000e+00 0.000000000000000000e+00 0.000000000000000000e+00 0.000000000000000000e+00 4.137578343943459913e-06 4.852251004194840789e-05 1.881469623185694218e-03 6.546212732791900635e-02 4.405773580074310303e-01 3.344692885875701904e-01 7.646282017230987549e-02 8.050448447465896606e-02 5.897929659113287926e-04 0.000000000000000000e+00 0.000000000000000000e+00 0.000000000000000000e+00 0.000000000000000000e+00 0.000000000000000000e+00 0.000000000000000000e+00 0.000000000000000000e+00 0.000000000000000000e+00 0.000000000000000000e+00 0.000000000000000000e+00 0.000000000000000000e+00 0.000000000000000000e+00 0.000000000000000000e+00 0.000000000000000000e+00 0.000000000000000000e+00 0.000000000000000000e+00 0.000000000000000000e+00 0.000000000000000000e+00 0.000000000000000000e+00 0.000000000000000000e+00 0.000000000000000000e+00 0.000000000000000000e+00 1.355495676398277283e-02 6.857108324766159058e-02 1.333760917186737061e-01 3.679102063179016113e-01 3.413642346858978271e-01 6.332588940858840942e-02 1.175322942435741425e-02 1.394238497596234083e-04 3.259910045017022640e-06 1.629955022508511320e-06 0.000000000000000000e+00 0.000000000000000000e+00 0.000000000000000000e+00 0.000000000000000000e+00 0.000000000000000000e+00 0.000000000000000000e+00 0.000000000000000000e+00 0.000000000000000000e+00 0.000000000000000000e+00 0.000000000000000000e+00 0.000000000000000000e+00
8.909026533365249634e-02 8.393722772598266602e-02 2.067576162517070770e-02 1.713861525058746338e-02 1.904714666306972504e-02 3.050682321190834045e-02 1.740793138742446899e-02 2.204142324626445770e-02 3.044532425701618195e-02 4.219339787960052490e-02 4.719162732362747192e-02 6.449352949857711792e-02 7.980844378471374512e-02 1.237046718597412109e-01 1.917926073074340820e-01 2.425616830587387085e-01 2.846660017967224121e-01 2.395186275243759155e-01 1.890591681003570557e-01 1.819170117378234863e-01 1.940361857414245605e-01 1.975118368864059448e-01 1.821375638246536255e-01 1.502777934074401855e-01 1.148766577243804932e-01 9.143776446580886841e-02 4.449423775076866150e-02 7.036120630800724030e-03 4.262387519702315331e-04 2.587120980024337769e-04 2.035767392953857780e-04 1.060295471688732505e-04 0.000000000000000000e+00 0.000000000000000000e+00 0.000000000000000000e+00 0.000000000000000000e+00 0.000000000000000000e+00 0.000000000000000000e+00 0.000000000000000000e+00 0.000000000000000000e+00 0.000000000000000000e+00 0.000000000000000000e+00 0.000000000000000000e+00 0.000000000000000000e+00 0.000000000000000000e+00 0.000000000000000000e+00 0.000000000000000000e+00 9.818335529416799545e-04 5.656280517578125000e-01 4.333901107311248779e-01 0.000000000000000000e+00 0.000000000000000000e+00 0.000000000000000000e+00 0.000000000000000000e+00 0.000000000000000000e+00 0.000000000000000000e+00 0.000000000000000000e+00 0.000000000000000000e+00 0.000000000000000000e+00 0.000000000000000000e+00 0.000000000000000000e+00 0.000000000000000000e+00 0.000000000000000000e+00 0.000000000000000000e+00 0.000000000000000000e+00 0.000000000000000000e+00 0.000000000000000000e+00 0.000000000000000000e+00 0.000000000000000000e+00 0.000000000000000000e+00 0.000000000000000000e+00 0.000000000000000000e+00 0.000000000000000000e+00 0.000000000000000000e+00 0.000000000000000000e+00 0.000000000000000000e+00 0.000000000000000000e+00 0.000000000000000000e+00 3.231936097145080566e-01 6.176341176033020020e-01 5.917226150631904602e-02 0.000000000000000000e+00 0.000000000000000000e+00 0.000000000000000000e+00 0.000000000000000000e+00 0.000000000000000000e+00 0.000000000000000000e+00 0.000000000000000000e+00 0.000000000000000000e+00 0.000000000000000000e+00 0.000000000000000000e+00 0.000000000000000000e+00 0.000000000000000000e+00 0.000000000000000000e+00 0.000000000000000000e+00 0.000000000000000000e+00
2.871927246451377869e-02 6.707846187055110931e-03 6.011722609400749207e-03 1.450999919325113297e-02 2.047159895300865173e-02 2.657521143555641174e-02 4.068702459335327148e-02 6.623198091983795166e-02 9.793344140052795410e-02 9.950667619705200195e-02 1.196051537990570068e-01 1.301695257425308228e-01 1.404248178005218506e-01 1.560124158859252930e-01 1.611887961626052856e-01 1.522811949253082275e-01 1.503766030073165894e-01 1.537987440824508667e-01 1.911388188600540161e-01 2.324495762586593628e-01 2.872818112373352051e-01 2.435235083103179932e-01 1.153587996959686279e-01 6.383731216192245483e-02 4.054223373532295227e-02 4.110191762447357178e-02 8.619958162307739258e-02 1.190983802080154419e-01 7.735324557870626450e-03 2.812338934745639563e-04 1.030262792482972145e-04 1.364402123726904392e-04 0.000000000000000000e+00 0.000000000000000000e+00 0.000000000000000000e+00 0.000000000000000000e+00 0.000000000000000000e+00 0.000000000000000000e+00 0.000000000000000000e+00 0.000000000000000000e+00 0.000000000000000000e+00 0.000000000000000000e+00 0.000000000000000000e+00 0.000000000000000000e+00 0.000000000000000000e+00 0.000000000000000000e+00 4.083924795850180089e-05 4.745705984532833099e-03 3.317817449569702148e-01 1.510068327188491821e-01 2.609804272651672363e-01 1.891469657421112061e-01 5.841497331857681274e-02 3.864877857267856598e-03 1.763512955221813172e-05 0.000000000000000000e+00 0.000000000000000000e+00 0.000000000000000000e+00 0.000000000000000000e+00 0.000000000000000000e+00 0.000000000000000000e+00 0.000000000000000000e+00 0.000000000000000000e+00 0.000000000000000000e+00 0.000000000000000000e+00 0.000000000000000000e+00 0.000000000000000000e+00 0.000000000000000000e+00 0.000000000000000000e+00 0.000000000000000000e+00 0.000000000000000000e+00 0.000000000000000000e+00 0.000000000000000000e+00 0.000000000000000000e+00 5.197722202865406871e-05 3.791552735492587090e-03 9.676395356655120850e-02 3.759633302688598633e-01 4.729166328907012939e-01 3.749506920576095581e-02 1.265366934239864349e-02 3.638405469246208668e-04 0.000000000000000000e+00 0.000000000000000000e+00 0.000000000000000000e+00 0.000000000000000000e+00 0.000000000000000000e+00 0.000000000000000000e+00 0.000000000000000000e+00 0.000000000000000000e+00 0.000000000000000000e+00 0.000000000000000000e+00 0.000000000000000000e+00 0.000000000000000000e+00 0.000000000000000000e+00 0.000000000000000000e+00
1.524470448493957520e-01 1.928369104862213135e-01 1.307651400566101074e-01 8.655066788196563721e-02 7.874490320682525635e-02 9.857575595378875732e-02 1.317893415689468384e-01 1.167392805218696594e-01 1.732918769121170044e-01 1.640467941761016846e-01 8.841533958911895752e-02 9.877310693264007568e-02 1.268112212419509888e-01 1.185120791196823120e-01 1.472477465867996216e-01 1.070620417594909668e-01 7.630518823862075806e-02 1.007909029722213745e-01 1.810261905193328857e-01 1.860893666744232178e-01 1.904380023479461670e-01 1.170455217361450195e-01 7.350818067789077759e-02 3.579283133149147034e-02 1.769395545125007629e-02 6.393643096089363098e-03 1.898697577416896820e-03 3.640871727839112282e-04 4.423489008331671357e-05 0.000000000000000000e+00 0.000000000000000000e+00 0.000000000000000000e+00 0.000000000000000000e+00 0.000000000000000000e+00 0.000000000000000000e+00 0.000000000000000000e+00 0.000000000000000000e+00 0.000000000000000000e+00 0.000000000000000000e+00 0.000000000000000000e+00 0.000000000000000000e+00 3.110053017735481262e-03 6.138554960489273071e-02 3.752933442592620850e-02 1.267613098025321960e-02 8.905503898859024048e-02 9.599878638982772827e-02 7.571084797382354736e-02 1.540735214948654175e-01 9.859843552112579346e-02 1.954558342695236206e-01 1.321148723363876343e-01 5.920669995248317719e-03 6.131636444479227066e-03 1.023640669882297516e-02 1.091013848781585693e-02 2.041610190644860268e-03 3.019314724951982498e-03 4.058267455548048019e-03 1.973556587472558022e-03 0.000000000000000000e+00 0.000000000000000000e+00 0.000000000000000000e+00 0.000000000000000000e+00 0.000000000000000000e+00 0.000000000000000000e+00 0.000000000000000000e+00 4.536911546892952174e-06 9.926763363182544708e-03 8.293475024402141571e-03 4.504018928855657578e-03 4.131992347538471222e-03 4.881490021944046021e-02 5.389057099819183350e-02 2.085504867136478424e-02 1.158840656280517578e-01 1.896746754646301270e-01 7.921561598777770996e-02 7.527983933687210083e-02 1.293371468782424927e-01 5.982938781380653381e-02 2.058510296046733856e-02 1.947356015443801880e-02 2.438703551888465881e-02 6.829527020454406738e-02 6.721094250679016113e-02 4.060536157339811325e-04 0.000000000000000000e+00 0.000000000000000000e+00 0.000000000000000000e+00 0.000000000000000000e+00 0.000000000000000000e+00 0.000000000000000000e+00 0.000000000000000000e+00 0.000000000000000000e+00 0.000000000000000000e+00
1.172871049493551254e-02 3.371207416057586670e-02 3.343319520354270935e-02 5.455603078007698059e-02 6.993402540683746338e-02 7.978232204914093018e-02 8.081017434597015381e-02 8.160695433616638184e-02 8.179818838834762573e-02 8.434790372848510742e-02 8.857088536024093628e-02 7.852339744567871094e-02 8.170257508754730225e-02 7.872258871793746948e-02 7.480239868164062500e-02 7.916082441806793213e-02 7.895366102457046509e-02 7.898552715778350830e-02 7.782222330570220947e-02 8.728008717298507690e-02 9.643517434597015381e-02 9.861836582422256470e-02 9.982948005199432373e-02 1.968622505664825439e-01 5.633525252342224121e-01 5.053066015243530273e-01 1.568077504634857178e-02 5.091471131891012192e-03 1.999936299398541451e-03 5.657189758494496346e-04 2.390362169535364956e-05 0.000000000000000000e+00 0.000000000000000000e+00 0.000000000000000000e+00 0.000000000000000000e+00 0.000000000000000000e+00 0.000000000000000000e+00 0.000000000000000000e+00 0.000000000000000000e+00 0.000000000000000000e+00 0.000000000000000000e+00 0.000000000000000000e+00 0.000000000000000000e+00 0.000000000000000000e+00 1.779491780325770378e-03 9.240076877176761627e-03 1.061851903796195984e-02 4.872620403766632080e-01 1.647331267595291138e-01 1.735827773809432983e-01 9.846697747707366943e-02 4.841545596718788147e-02 4.921489860862493515e-03 5.550952046178281307e-04 3.771460033021867275e-04 4.780723975272849202e-05 0.000000000000000000e+00 0.000000000000000000e+00 0.000000000000000000e+00 0.000000000000000000e+00 0.000000000000000000e+00 0.000000000000000000e+00 0.000000000000000000e+00 0.000000000000000000e+00 0.000000000000000000e+00 0.000000000000000000e+00 0.000000000000000000e+00 0.000000000000000000e+00 0.000000000000000000e+00 0.000000000000000000e+00 0.000000000000000000e+00 0.000000000000000000e+00 0.000000000000000000e+00 0.000000000000000000e+00 1.272203749977052212e-03 1.601542579010128975e-03 2.455698698759078979e-02 6.596602499485015869e-02 1.555169522762298584e-01 1.887483000755310059e-01 8.970763534307479858e-02 4.546601474285125732e-01 1.180573273450136185e-02 5.760772619396448135e-03 4.037056060042232275e-04 0.000000000000000000e+00 0.000000000000000000e+00 0.000000000000000000e+00 0.000000000000000000e+00 0.000000000000000000e+00 0.000000000000000000e+00 0.000000000000000000e+00 0.000000000000000000e+00 0.000000000000000000e+00 0.000000000000000000e+00 0.000000000000000000e+00
2.324193529784679413e-02 1.029275357723236084e-01 2.952639162540435791e-01 2.138316333293914795e-01 1.534906625747680664e-01 2.419788539409637451e-01 2.409745156764984131e-01 3.987154662609100342e-01 2.815632820129394531e-01 1.497825682163238525e-01 5.251723900437355042e-02 1.014610379934310913e-01 7.926711440086364746e-02 2.507960051298141479e-02 2.336565777659416199e-02 1.970488205552101135e-02 1.992685720324516296e-02 2.585833519697189331e-02 3.189170360565185547e-02 4.608358442783355713e-02 5.889631062746047974e-02 6.988228112459182739e-02 5.021742731332778931e-02 7.987482100725173950e-02 5.319771915674209595e-02 1.524353586137294769e-02 1.172831654548645020e-02 7.448918186128139496e-03 5.975145846605300903e-03 1.143356226384639740e-02 2.995214611291885376e-02 7.922345399856567383e-02 0.000000000000000000e+00 0.000000000000000000e+00 0.000000000000000000e+00 0.000000000000000000e+00 0.000000000000000000e+00 0.000000000000000000e+00 0.000000000000000000e+00 0.000000000000000000e+00 0.000000000000000000e+00 0.000000000000000000e+00 0.000000000000000000e+00 0.000000000000000000e+00 4.669978225138038397e-04 1.164947263896465302e-02 4.206546545028686523e-01 1.758107244968414307e-01 2.953560948371887207e-01 9.459192305803298950e-02 1.365816919133067131e-03 1.043163938447833061e-04 0.000000000000000000e+00 0.000000000000000000e+00 0.000000000000000000e+00 0.000000000000000000e+00 0.000000000000000000e+00 0.000000000000000000e+00 0.000000000000000000e+00 0.000000000000000000e+00 0.000000000000000000e+00 0.000000000000000000e+00 0.000000000000000000e+00 0.000000000000000000e+00 0.000000000000000000e+00 0.000000000000000000e+00 0.000000000000000000e+00 0.000000000000000000e+00 0.000000000000000000e+00 0.000000000000000000e+00 0.000000000000000000e+00 0.000000000000000000e+00 0.000000000000000000e+00 0.000000000000000000e+00 0.000000000000000000e+00 0.000000000000000000e+00 3.032453241758048534e-05 4.284250084310770035e-03 9.951783716678619385e-02 2.769284844398498535e-01 1.494198888540267944e-01 2.172692120075225830e-02 3.213187679648399353e-02 1.955398619174957275e-01 2.204205393791198730e-01 0.000000000000000000e+00 0.000000000000000000e+00 0.000000000000000000e+00 0.000000000000000000e+00 0.000000000000000000e+00 0.000000000000000000e+00 0.000000000000000000e+00 0.000000000000000000e+00 0.000000000000000000e+00 0.000000000000000000e+00 0.000000000000000000e+00
1.603418029844760895e-02 4.046640917658805847e-02 7.426178455352783203e-02 1.227480992674827576e-01 1.840572506189346313e-01 2.449939101934432983e-01 2.904269099235534668e-01 3.053379654884338379e-01 2.918040156364440918e-01 2.587197422981262207e-01 2.182307541370391846e-01 1.711384803056716919e-01 1.336520314216613770e-01 1.257167756557464600e-01 1.230585202574729919e-01 1.023963838815689087e-01 8.157056570053100586e-02 6.547994911670684814e-02 5.024719983339309692e-02 3.242956474423408508e-02 1.838202029466629028e-02 1.046934258192777634e-02 6.941935978829860687e-03 5.056889727711677551e-03 4.063572734594345093e-03 5.006095394492149353e-03 9.425230324268341064e-03 7.788513321429491043e-03 8.465776045341044664e-05 1.128770145442103967e-05 0.000000000000000000e+00 0.000000000000000000e+00 0.000000000000000000e+00 0.000000000000000000e+00 0.000000000000000000e+00 0.000000000000000000e+00 0.000000000000000000e+00 0.000000000000000000e+00 0.000000000000000000e+00 0.000000000000000000e+00 0.000000000000000000e+00 0.000000000000000000e+00 0.000000000000000000e+00 0.000000000000000000e+00 0.000000000000000000e+00 0.000000000000000000e+00 0.000000000000000000e+00 7.713262311881408095e-05 7.901089787483215332e-01 1.447102129459381104e-01 6.272011250257492065e-02 2.306453650817275047e-03 3.574438596842810512e-05 2.445668542350176722e-05 1.693155172688420862e-05 0.000000000000000000e+00 0.000000000000000000e+00 0.000000000000000000e+00 0.000000000000000000e+00 0.000000000000000000e+00 0.000000000000000000e+00 0.000000000000000000e+00 0.000000000000000000e+00 0.000000000000000000e+00 0.000000000000000000e+00 0.000000000000000000e+00 0.000000000000000000e+00 0.000000000000000000e+00 0.000000000000000000e+00 0.000000000000000000e+00 0.000000000000000000e+00 0.000000000000000000e+00 0.000000000000000000e+00 0.000000000000000000e+00 0.000000000000000000e+00 0.000000000000000000e+00 4.217837471514940262e-03 1.113362386822700500e-01 8.432476967573165894e-02 7.959879636764526367e-01 4.133179783821105957e-03 0.000000000000000000e+00 0.000000000000000000e+00 0.000000000000000000e+00 0.000000000000000000e+00 0.000000000000000000e+00 0.000000000000000000e+00 0.000000000000000000e+00 0.000000000000000000e+00 0.000000000000000000e+00 0.000000000000000000e+00 0.000000000000000000e+00 0.000000000000000000e+00 0.000000000000000000e+00 0.000000000000000000e+00 0.000000000000000000e+00
6.454727845266461372e-04 6.400026381015777588e-03 1.863994076848030090e-02 4.155313223600387573e-02 4.310445487499237061e-02 4.807569086551666260e-02 6.165468692779541016e-02 7.137396931648254395e-02 8.083726465702056885e-02 1.174979358911514282e-01 8.170153945684432983e-02 6.528027355670928955e-02 5.832229554653167725e-02 4.621804133057594299e-02 3.329107910394668579e-02 3.166755288839340210e-02 3.941103816032409668e-02 4.506713151931762695e-02 9.502016007900238037e-02 4.553186893463134766e-01 3.683833479881286621e-01 3.354642391204833984e-01 3.733370900154113770e-01 1.959896087646484375e-01 2.192900776863098145e-01 2.067263424396514893e-02 3.894717432558536530e-03 4.015059210360050201e-03 8.666839450597763062e-03 7.824443280696868896e-03 3.236116375774145126e-03 1.814544200897216797e-02 0.000000000000000000e+00 0.000000000000000000e+00 0.000000000000000000e+00 0.000000000000000000e+00 0.000000000000000000e+00 0.000000000000000000e+00 0.000000000000000000e+00 0.000000000000000000e+00 0.000000000000000000e+00 0.000000000000000000e+00 0.000000000000000000e+00 0.000000000000000000e+00 0.000000000000000000e+00 0.000000000000000000e+00 8.030119352042675018e-04 3.782397601753473282e-03 3.434228897094726562e-01 6.514840722084045410e-01 5.076260422356426716e-04 0.000000000000000000e+00 0.000000000000000000e+00 0.000000000000000000e+00 0.000000000000000000e+00 0.000000000000000000e+00 0.000000000000000000e+00 0.000000000000000000e+00 0.000000000000000000e+00 0.000000000000000000e+00 0.000000000000000000e+00 0.000000000000000000e+00 0.000000000000000000e+00 0.000000000000000000e+00 0.000000000000000000e+00 0.000000000000000000e+00 0.000000000000000000e+00 0.000000000000000000e+00 0.000000000000000000e+00 0.000000000000000000e+00 0.000000000000000000e+00 0.000000000000000000e+00 0.000000000000000000e+00 0.000000000000000000e+00 0.000000000000000000e+00 7.876956078689545393e-05 2.386061288416385651e-02 2.035463787615299225e-02 6.042529940605163574e-01 3.315410912036895752e-01 1.855023205280303955e-02 1.247914042323827744e-03 1.137782528530806303e-04 0.000000000000000000e+00 0.000000000000000000e+00 0.000000000000000000e+00 0.000000000000000000e+00 0.000000000000000000e+00 0.000000000000000000e+00 0.000000000000000000e+00 0.000000000000000000e+00 0.000000000000000000e+00 0.000000000000000000e+00 0.000000000000000000e+00 0.000000000000000000e+00 0.000000000000000000e+00
2.105878293514251709e-02 2.529069036245346069e-02 2.745142951607704163e-02 3.466806188225746155e-02 4.124431684613227844e-02 4.327070713043212891e-02 4.091740399599075317e-02 3.991652652621269226e-02 4.119953140616416931e-02 4.195635020732879639e-02 4.986710846424102783e-02 7.350534200668334961e-02 1.178642511367797852e-01 1.966158151626586914e-01 2.449894398450851440e-01 2.377168238162994385e-01 2.565544247627258301e-01 3.243455588817596436e-01 3.605787754058837891e-01 2.805576324462890625e-01 1.826146841049194336e-01 1.291918754577636719e-01 8.544649183750152588e-02 6.711493432521820068e-02 2.663191594183444977e-02 7.604001089930534363e-03 1.504678511992096901e-03 2.194322878494858742e-04 6.045583722880110145e-05 2.463015698594972491e-05 8.956420060712844133e-06 8.956420060712844133e-06 0.000000000000000000e+00 0.000000000000000000e+00 0.000000000000000000e+00 0.000000000000000000e+00 0.000000000000000000e+00 0.000000000000000000e+00 0.000000000000000000e+00 0.000000000000000000e+00 0.000000000000000000e+00 0.000000000000000000e+00 0.000000000000000000e+00 0.000000000000000000e+00 0.000000000000000000e+00 0.000000000000000000e+00 5.706732627004384995e-03 3.327981829643249512e-01 3.251546323299407959e-01 1.826579868793487549e-01 7.781785726547241211e-02 7.337323576211929321e-02 2.491377526894211769e-03 0.000000000000000000e+00 0.000000000000000000e+00 0.000000000000000000e+00 0.000000000000000000e+00 0.000000000000000000e+00 0.000000000000000000e+00 0.000000000000000000e+00 0.000000000000000000e+00 0.000000000000000000e+00 0.000000000000000000e+00 0.000000000000000000e+00 0.000000000000000000e+00 0.000000000000000000e+00 0.000000000000000000e+00 0.000000000000000000e+00 0.000000000000000000e+00 0.000000000000000000e+00 0.000000000000000000e+00 0.000000000000000000e+00 0.000000000000000000e+00 3.403439768590033054e-04 8.174972608685493469e-03 3.432771936058998108e-02 9.285195916891098022e-02 1.834983974695205688e-01 3.923904895782470703e-01 2.705786824226379395e-01 1.783745735883712769e-02 0.000000000000000000e+00 0.000000000000000000e+00 0.000000000000000000e+00 0.000000000000000000e+00 0.000000000000000000e+00 0.000000000000000000e+00 0.000000000000000000e+00 0.000000000000000000e+00 0.000000000000000000e+00 0.000000000000000000e+00 0.000000000000000000e+00 0.000000000000000000e+00 0.000000000000000000e+00 0.000000000000000000e+00 0.000000000000000000e+00
2.139037533197551966e-04 1.604278077138587832e-04 2.941176353488117456e-04 5.080213886685669422e-04 4.812834318727254868e-03 1.780748553574085236e-02 4.112299531698226929e-02 7.398395985364913940e-02 1.020588278770446777e-01 1.057219281792640686e-01 1.279144287109375000e-01 1.603475958108901978e-01 1.893582791090011597e-01 1.653208583593368530e-01 1.368449181318283081e-01 1.303208619356155396e-01 1.335294246673583984e-01 1.366310119628906250e-01 1.462834179401397705e-01 2.115508019924163818e-01 3.544652462005615234e-01 3.794652521610260010e-01 2.320588231086730957e-01 1.347058713436126709e-01 1.283422484993934631e-02 1.283422461710870266e-03 3.743315464816987514e-04 2.673796916496939957e-05 0.000000000000000000e+00 0.000000000000000000e+00 0.000000000000000000e+00 0.000000000000000000e+00 0.000000000000000000e+00 0.000000000000000000e+00 0.000000000000000000e+00 0.000000000000000000e+00 0.000000000000000000e+00 0.000000000000000000e+00 0.000000000000000000e+00 0.000000000000000000e+00 0.000000000000000000e+00 0.000000000000000000e+00 0.000000000000000000e+00 0.000000000000000000e+00 0.000000000000000000e+00 0.000000000000000000e+00 0.000000000000000000e+00 2.843137364834547043e-03 7.304634451866149902e-01 2.316399216651916504e-01 3.505347669124603271e-02 0.000000000000000000e+00 0.000000000000000000e+00 0.000000000000000000e+00 0.000000000000000000e+00 0.000000000000000000e+00 0.000000000000000000e+00 0.000000000000000000e+00 0.000000000000000000e+00 0.000000000000000000e+00 0.000000000000000000e+00 0.000000000000000000e+00 0.000000000000000000e+00 0.000000000000000000e+00 0.000000000000000000e+00 0.000000000000000000e+00 0.000000000000000000e+00 0.000000000000000000e+00 0.000000000000000000e+00 0.000000000000000000e+00 0.000000000000000000e+00 0.000000000000000000e+00 0.000000000000000000e+00 0.000000000000000000e+00 0.000000000000000000e+00 0.000000000000000000e+00 0.000000000000000000e+00 2.355615049600601196e-02 1.452228128910064697e-01 8.196256756782531738e-01 1.159536559134721756e-02 0.000000000000000000e+00 0.000000000000000000e+00 0.000000000000000000e+00 0.000000000000000000e+00 0.000000000000000000e+00 0.000000000000000000e+00 0.000000000000000000e+00 0.000000000000000000e+00 0.000000000000000000e+00 0.000000000000000000e+00 0.000000000000000000e+00 0.000000000000000000e+00 0.000000000000000000e+00 0.000000000000000000e+00 0.000000000000000000e+00
5.073201656341552734e-02 1.126575171947479248e-01 1.308963894844055176e-01 1.878295540809631348e-01 2.568490505218505859e-01 3.610225319862365723e-01 2.008617371320724487e-01 1.174973398447036743e-01 5.656411498785018921e-02 4.216397181153297424e-02 4.203358292579650879e-02 4.966459795832633972e-02 6.794986873865127563e-02 1.277803182601928711e-01 1.699089407920837402e-01 1.466799676418304443e-01 1.209780424833297729e-01 1.484987735748291016e-01 1.801057159900665283e-01 1.819024384021759033e-01 1.576568782329559326e-01 5.534421652555465698e-02 2.069413661956787109e-02 9.180204942822456360e-03 3.096164669841527939e-03 1.248631626367568970e-03 1.922671799547970295e-04 1.104983766708755866e-05 0.000000000000000000e+00 0.000000000000000000e+00 0.000000000000000000e+00 0.000000000000000000e+00 0.000000000000000000e+00 0.000000000000000000e+00 0.000000000000000000e+00 0.000000000000000000e+00 0.000000000000000000e+00 0.000000000000000000e+00 0.000000000000000000e+00 0.000000000000000000e+00 0.000000000000000000e+00 0.000000000000000000e+00 0.000000000000000000e+00 0.000000000000000000e+00 0.000000000000000000e+00 0.000000000000000000e+00 1.053417872753925622e-04 2.537779510021209717e-03 1.926649659872055054e-01 3.584442138671875000e-01 2.643113732337951660e-01 1.443978101015090942e-01 3.494989871978759766e-02 2.519363071769475937e-03 6.924565241206437349e-05 0.000000000000000000e+00 0.000000000000000000e+00 0.000000000000000000e+00 0.000000000000000000e+00 0.000000000000000000e+00 0.000000000000000000e+00 0.000000000000000000e+00 0.000000000000000000e+00 0.000000000000000000e+00 0.000000000000000000e+00 0.000000000000000000e+00 0.000000000000000000e+00 0.000000000000000000e+00 0.000000000000000000e+00 0.000000000000000000e+00 0.000000000000000000e+00 0.000000000000000000e+00 0.000000000000000000e+00 4.125272680539637804e-04 7.699526846408843994e-03 6.181647628545761108e-02 2.511554360389709473e-01 1.439167708158493042e-01 3.481796383857727051e-01 1.839230805635452271e-01 2.896530786529183388e-03 0.000000000000000000e+00 0.000000000000000000e+00 0.000000000000000000e+00 0.000000000000000000e+00 0.000000000000000000e+00 0.000000000000000000e+00 0.000000000000000000e+00 0.000000000000000000e+00 0.000000000000000000e+00 0.000000000000000000e+00 0.000000000000000000e+00 0.000000000000000000e+00 0.000000000000000000e+00 0.000000000000000000e+00 0.000000000000000000e+00
2.310397103428840637e-02 2.150604128837585449e-02 3.385213762521743774e-02 6.103665009140968323e-02 8.906055241823196411e-02 1.065488085150718689e-01 1.180331856012344360e-01 1.330886483192443848e-01 1.559403091669082642e-01 1.855359524488449097e-01 2.063636779785156250e-01 2.299095094203948975e-01 2.227372825145721436e-01 2.208511233329772949e-01 2.283106148242950439e-01 2.140735089778900146e-01 1.982951164245605469e-01 1.736579090356826782e-01 1.311129182577133179e-01 8.642753213644027710e-02 5.606851726770401001e-02 3.730741515755653381e-02 2.501533739268779755e-02 1.579587534070014954e-02 9.466592222452163696e-03 7.555870804935693741e-03 4.086038097739219666e-03 2.196019049733877182e-03 1.417433377355337143e-03 1.016334048472344875e-03 5.583044257946312428e-04 7.083931996021419764e-05 0.000000000000000000e+00 0.000000000000000000e+00 0.000000000000000000e+00 0.000000000000000000e+00 0.000000000000000000e+00 0.000000000000000000e+00 0.000000000000000000e+00 0.000000000000000000e+00 0.000000000000000000e+00 0.000000000000000000e+00 0.000000000000000000e+00 0.000000000000000000e+00 0.000000000000000000e+00 4.255750391166657209e-04 1.627945899963378906e-02 1.064294502139091492e-01 1.964857429265975952e-01 2.728535532951354980e-01 3.066084384918212891e-01 7.747061550617218018e-02 1.814424619078636169e-02 4.535980988293886185e-03 7.669407641515135765e-04 0.000000000000000000e+00 0.000000000000000000e+00 0.000000000000000000e+00 0.000000000000000000e+00 0.000000000000000000e+00 0.000000000000000000e+00 0.000000000000000000e+00 0.000000000000000000e+00 0.000000000000000000e+00 0.000000000000000000e+00 0.000000000000000000e+00 0.000000000000000000e+00 0.000000000000000000e+00 0.000000000000000000e+00 0.000000000000000000e+00 3.957082299166359007e-05 6.083340267650783062e-04 1.524501014500856400e-03 2.518084598705172539e-03 4.587735515087842941e-03 2.760684862732887268e-02 1.295139044523239136e-01 2.930074930191040039e-01 2.460500895977020264e-01 2.032621651887893677e-01 8.557789027690887451e-02 5.531612783670425415e-03 1.717611012281849980e-04 0.000000000000000000e+00 0.000000000000000000e+00 0.000000000000000000e+00 0.000000000000000000e+00 0.000000000000000000e+00 0.000000000000000000e+00 0.000000000000000000e+00 0.000000000000000000e+00 0.000000000000000000e+00 0.000000000000000000e+00 0.000000000000000000e+00 0.000000000000000000e+00 0.000000000000000000e+00
2.146704820916056633e-03 1.263538002967834473e-02 3.249097615480422974e-02 2.150605320930480957e-01 2.014969885349273682e-01 1.299041062593460083e-01 3.344190120697021484e-02 1.327312644571065903e-02 3.948342427611351013e-02 4.430638998746871948e-02 3.504481166601181030e-02 6.611794233322143555e-02 4.173831641674041748e-02 3.495370596647262573e-02 3.180482611060142517e-02 3.137776255607604980e-02 4.657552391290664673e-02 3.863214328885078430e-02 7.234737277030944824e-02 1.423060297966003418e-01 1.991196870803833008e-01 4.005910456180572510e-01 4.033014774322509766e-01 4.729241728782653809e-01 1.362673491239547729e-01 9.723661839962005615e-02 2.306426502764225006e-02 1.645617187023162842e-03 7.089250721037387848e-04 2.847088580892886966e-06 0.000000000000000000e+00 0.000000000000000000e+00 0.000000000000000000e+00 0.000000000000000000e+00 0.000000000000000000e+00 0.000000000000000000e+00 0.000000000000000000e+00 0.000000000000000000e+00 0.000000000000000000e+00 0.000000000000000000e+00 0.000000000000000000e+00 0.000000000000000000e+00 0.000000000000000000e+00 0.000000000000000000e+00 0.000000000000000000e+00 0.000000000000000000e+00 0.000000000000000000e+00 8.228085935115814209e-04 4.806502461433410645e-01 5.185269713401794434e-01 0.000000000000000000e+00 0.000000000000000000e+00 0.000000000000000000e+00 0.000000000000000000e+00 0.000000000000000000e+00 0.000000000000000000e+00 0.000000000000000000e+00 0.000000000000000000e+00 0.000000000000000000e+00 0.000000000000000000e+00 0.000000000000000000e+00 0.000000000000000000e+00 0.000000000000000000e+00 0.000000000000000000e+00 0.000000000000000000e+00 0.000000000000000000e+00 0.000000000000000000e+00 0.000000000000000000e+00 0.000000000000000000e+00 0.000000000000000000e+00 0.000000000000000000e+00 0.000000000000000000e+00 0.000000000000000000e+00 0.000000000000000000e+00 0.000000000000000000e+00 0.000000000000000000e+00 0.000000000000000000e+00 4.190914332866668701e-03 4.359395503997802734e-01 5.578025579452514648e-01 2.066986402496695518e-03 0.000000000000000000e+00 0.000000000000000000e+00 0.000000000000000000e+00 0.000000000000000000e+00 0.000000000000000000e+00 0.000000000000000000e+00 0.000000000000000000e+00 0.000000000000000000e+00 0.000000000000000000e+00 0.000000000000000000e+00 0.000000000000000000e+00 0.000000000000000000e+00 0.000000000000000000e+00 0.000000000000000000e+00 0.000000000000000000e+00
8.900316606741398573e-05 8.443889964837580919e-05 8.443889964837580919e-05 1.072602244676090777e-04 9.584956569597125053e-05 1.118244836106896400e-04 3.697054460644721985e-03 1.193874701857566833e-01 8.833906650543212891e-01 6.410259008407592773e-01 5.886395573616027832e-01 2.417964935302734375e-01 1.529302597045898438e-01 9.227802604436874390e-02 6.525529921054840088e-02 4.335366934537887573e-02 2.007363736629486084e-02 1.414237450808286667e-02 1.054116897284984589e-02 1.146771572530269623e-02 8.770234882831573486e-03 8.578535169363021851e-03 1.096564624458551407e-02 1.223451271653175354e-02 1.178264990448951721e-02 9.409232065081596375e-03 9.655702859163284302e-03 8.366297930479049683e-03 8.332066237926483154e-03 8.370861411094665527e-03 9.710473008453845978e-03 5.271726287901401520e-03 0.000000000000000000e+00 0.000000000000000000e+00 0.000000000000000000e+00 0.000000000000000000e+00 0.000000000000000000e+00 0.000000000000000000e+00 0.000000000000000000e+00 0.000000000000000000e+00 0.000000000000000000e+00 0.000000000000000000e+00 0.000000000000000000e+00 0.000000000000000000e+00 0.000000000000000000e+00 0.000000000000000000e+00 5.087253451347351074e-02 9.019200205802917480e-01 2.680212445557117462e-02 2.040530741214752197e-02 0.000000000000000000e+00 0.000000000000000000e+00 0.000000000000000000e+00 0.000000000000000000e+00 0.000000000000000000e+00 0.000000000000000000e+00 0.000000000000000000e+00 0.000000000000000000e+00 0.000000000000000000e+00 0.000000000000000000e+00 0.000000000000000000e+00 0.000000000000000000e+00 0.000000000000000000e+00 0.000000000000000000e+00 0.000000000000000000e+00 0.000000000000000000e+00 0.000000000000000000e+00 0.000000000000000000e+00 0.000000000000000000e+00 0.000000000000000000e+00 0.000000000000000000e+00 0.000000000000000000e+00 0.000000000000000000e+00 0.000000000000000000e+00 0.000000000000000000e+00 0.000000000000000000e+00 0.000000000000000000e+00 6.595362792722880840e-04 1.404660046100616455e-01 8.117735385894775391e-01 4.710093140602111816e-02 0.000000000000000000e+00 0.000000000000000000e+00 0.000000000000000000e+00 0.000000000000000000e+00 0.000000000000000000e+00 0.000000000000000000e+00 0.000000000000000000e+00 0.000000000000000000e+00 0.000000000000000000e+00 0.000000000000000000e+00 0.000000000000000000e+00 0.000000000000000000e+00 0.000000000000000000e+00 0.000000000000000000e+00 0.000000000000000000e+00
3.060904890298843384e-02 1.085262559354305267e-02 1.167019922286272049e-02 1.504438742995262146e-02 2.111025340855121613e-02 3.083721734583377838e-02 3.636602684855461121e-02 3.998436778783798218e-02 4.194598644971847534e-02 6.707976758480072021e-02 1.171079874038696289e-01 1.768092066049575806e-01 2.401447594165802002e-01 3.507197499275207520e-01 5.057225823402404785e-01 6.012871265411376953e-01 3.253470063209533691e-01 1.115467995405197144e-01 6.239290907979011536e-02 3.664654493331909180e-02 2.638931572437286377e-02 2.140235900878906250e-02 1.848450861871242523e-02 1.633827760815620422e-02 1.412611454725265503e-02 1.174692157655954361e-02 9.589103050529956818e-03 7.564350962638854980e-03 6.454273592680692673e-03 5.911622196435928345e-03 6.095036398619413376e-03 2.267347276210784912e-02 0.000000000000000000e+00 0.000000000000000000e+00 0.000000000000000000e+00 0.000000000000000000e+00 0.000000000000000000e+00 0.000000000000000000e+00 0.000000000000000000e+00 0.000000000000000000e+00 0.000000000000000000e+00 0.000000000000000000e+00 0.000000000000000000e+00 0.000000000000000000e+00 0.000000000000000000e+00 1.997979552470496856e-06 3.728230076376348734e-04 2.418534308671951294e-01 1.412307918071746826e-01 6.038813665509223938e-02 2.636933466419577599e-03 2.539831679314374924e-03 4.014159440994262695e-01 1.495600938796997070e-01 0.000000000000000000e+00 0.000000000000000000e+00 0.000000000000000000e+00 0.000000000000000000e+00 0.000000000000000000e+00 0.000000000000000000e+00 0.000000000000000000e+00 0.000000000000000000e+00 0.000000000000000000e+00 0.000000000000000000e+00 0.000000000000000000e+00 0.000000000000000000e+00 0.000000000000000000e+00 0.000000000000000000e+00 0.000000000000000000e+00 0.000000000000000000e+00 9.648377075791358948e-03 2.952915430068969727e-01 1.652275919914245605e-01 7.402168214321136475e-02 8.598905056715011597e-03 1.056798035278916359e-03 1.103284303098917007e-03 1.322276238352060318e-02 6.134090572595596313e-02 6.083288416266441345e-02 3.090332448482513428e-01 6.217712652869522572e-04 2.663972793470748002e-07 0.000000000000000000e+00 0.000000000000000000e+00 0.000000000000000000e+00 0.000000000000000000e+00 0.000000000000000000e+00 0.000000000000000000e+00 0.000000000000000000e+00 0.000000000000000000e+00 0.000000000000000000e+00 0.000000000000000000e+00 0.000000000000000000e+00 0.000000000000000000e+00 0.000000000000000000e+00
5.409559162217192352e-05 6.865978502901270986e-05 6.449858483392745256e-05 5.409559162217192352e-05 3.016869595739990473e-04 1.648896038532257080e-01 5.964496731758117676e-01 7.229646444320678711e-01 4.372442960739135742e-01 2.431159913539886475e-01 8.931806683540344238e-02 1.300790905952453613e-02 1.211657971143722534e-01 1.408233046531677246e-01 1.221748888492584229e-01 5.933038145303726196e-02 3.520166501402854919e-02 2.091210708022117615e-02 1.943488046526908875e-02 1.747079566121101379e-02 1.360504142940044403e-02 1.185525581240653992e-02 1.203418895602226257e-02 1.147034578025341034e-02 1.059233210980892181e-02 1.111872494220733643e-02 1.145786233246326447e-02 1.241493783891201019e-02 1.271246373653411865e-02 1.357175130397081375e-02 2.033994346857070923e-02 5.478010699152946472e-02 0.000000000000000000e+00 0.000000000000000000e+00 0.000000000000000000e+00 0.000000000000000000e+00 0.000000000000000000e+00 0.000000000000000000e+00 0.000000000000000000e+00 0.000000000000000000e+00 0.000000000000000000e+00 0.000000000000000000e+00 0.000000000000000000e+00 0.000000000000000000e+00 0.000000000000000000e+00 9.570758265908807516e-05 1.549859493970870972e-01 5.337154120206832886e-02 7.915468215942382812e-01 0.000000000000000000e+00 0.000000000000000000e+00 0.000000000000000000e+00 0.000000000000000000e+00 0.000000000000000000e+00 0.000000000000000000e+00 0.000000000000000000e+00 0.000000000000000000e+00 0.000000000000000000e+00 0.000000000000000000e+00 0.000000000000000000e+00 0.000000000000000000e+00 0.000000000000000000e+00 0.000000000000000000e+00 0.000000000000000000e+00 0.000000000000000000e+00 0.000000000000000000e+00 0.000000000000000000e+00 0.000000000000000000e+00 0.000000000000000000e+00 0.000000000000000000e+00 0.000000000000000000e+00 0.000000000000000000e+00 0.000000000000000000e+00 0.000000000000000000e+00 0.000000000000000000e+00 0.000000000000000000e+00 0.000000000000000000e+00 5.168903153389692307e-03 1.239246800541877747e-01 7.735496163368225098e-01 2.059446834027767181e-02 1.198147982358932495e-02 1.240522880107164383e-02 1.304605323821306229e-02 1.099042128771543503e-02 1.145162060856819153e-02 1.514607202261686325e-02 1.741461921483278275e-03 0.000000000000000000e+00 0.000000000000000000e+00 0.000000000000000000e+00 0.000000000000000000e+00 0.000000000000000000e+00 0.000000000000000000e+00 0.000000000000000000e+00 0.000000000000000000e+00
1.563071087002754211e-02 1.354941129684448242e-01 1.553006023168563843e-01 1.354162245988845825e-01 9.722912311553955078e-02 6.290626525878906250e-02 3.411916270852088928e-02 2.074708603322505951e-02 1.931522041559219360e-02 1.847646944224834442e-02 1.877003349363803864e-02 2.060929313302040100e-02 2.935026772320270538e-02 4.820417612791061401e-02 8.604978770017623901e-02 5.865859985351562500e-02 5.389569327235221863e-02 7.661983370780944824e-02 7.236018031835556030e-02 9.117215126752853394e-02 1.216846928000450134e-01 1.221160441637039185e-01 1.194140687584877014e-01 1.272384226322174072e-01 1.639696806669235229e-01 2.476110458374023438e-01 2.832159996032714844e-01 5.037953257560729980e-01 6.062966585159301758e-02 0.000000000000000000e+00 0.000000000000000000e+00 0.000000000000000000e+00 0.000000000000000000e+00 0.000000000000000000e+00 0.000000000000000000e+00 0.000000000000000000e+00 0.000000000000000000e+00 0.000000000000000000e+00 0.000000000000000000e+00 0.000000000000000000e+00 0.000000000000000000e+00 0.000000000000000000e+00 0.000000000000000000e+00 0.000000000000000000e+00 0.000000000000000000e+00 0.000000000000000000e+00 0.000000000000000000e+00 3.777970746159553528e-02 7.521692514419555664e-01 7.472665607929229736e-02 7.732678204774856567e-02 5.611039698123931885e-02 1.887188060209155083e-03 0.000000000000000000e+00 0.000000000000000000e+00 0.000000000000000000e+00 0.000000000000000000e+00 0.000000000000000000e+00 0.000000000000000000e+00 0.000000000000000000e+00 0.000000000000000000e+00 0.000000000000000000e+00 0.000000000000000000e+00 0.000000000000000000e+00 0.000000000000000000e+00 0.000000000000000000e+00 0.000000000000000000e+00 0.000000000000000000e+00 0.000000000000000000e+00 0.000000000000000000e+00 0.000000000000000000e+00 0.000000000000000000e+00 0.000000000000000000e+00 0.000000000000000000e+00 0.000000000000000000e+00 1.697470725048333406e-04 6.985990703105926514e-02 6.481941789388656616e-02 1.059760972857475281e-01 3.880558013916015625e-01 3.711190223693847656e-01 0.000000000000000000e+00 0.000000000000000000e+00 0.000000000000000000e+00 0.000000000000000000e+00 0.000000000000000000e+00 0.000000000000000000e+00 0.000000000000000000e+00 0.000000000000000000e+00 0.000000000000000000e+00 0.000000000000000000e+00 0.000000000000000000e+00 0.000000000000000000e+00 0.000000000000000000e+00 0.000000000000000000e+00 0.000000000000000000e+00
1.361898034811019897e-01 1.123180165886878967e-01 1.598570048809051514e-01 2.294425368309020996e-01 2.966710031032562256e-01 3.126886487007141113e-01 3.054758012294769287e-01 2.618333995342254639e-01 2.149287164211273193e-01 1.840195357799530029e-01 1.529003530740737915e-01 1.236293166875839233e-01 1.026332080364227295e-01 9.267006814479827881e-02 7.228496670722961426e-02 5.286759883165359497e-02 3.804633021354675293e-02 2.822759747505187988e-02 2.195842191576957703e-02 1.679828763008117676e-02 1.292343251407146454e-02 1.059820782393217087e-02 8.328106254339218140e-03 7.033511064946651459e-03 7.391417399048805237e-03 9.037318639457225800e-03 7.100666873157024384e-03 3.603126620873808861e-03 2.628783928230404854e-03 2.617138437926769257e-03 4.022753797471523285e-03 9.274886921048164368e-03 0.000000000000000000e+00 0.000000000000000000e+00 0.000000000000000000e+00 0.000000000000000000e+00 0.000000000000000000e+00 0.000000000000000000e+00 0.000000000000000000e+00 0.000000000000000000e+00 9.057633178599644452e-06 8.876480569597333670e-05 1.977151987375691533e-04 3.725275164470076561e-04 1.804280560463666916e-03 4.813355859369039536e-03 1.729283295571804047e-02 1.130413338541984558e-01 5.593525767326354980e-01 2.068822979927062988e-01 6.853639334440231323e-02 2.199167571961879730e-02 4.646695218980312347e-03 8.198452414944767952e-04 1.313356915488839149e-04 1.889163468149490654e-05 3.881843042563559720e-07 0.000000000000000000e+00 0.000000000000000000e+00 0.000000000000000000e+00 0.000000000000000000e+00 0.000000000000000000e+00 0.000000000000000000e+00 0.000000000000000000e+00 0.000000000000000000e+00 0.000000000000000000e+00 0.000000000000000000e+00 0.000000000000000000e+00 0.000000000000000000e+00 0.000000000000000000e+00 0.000000000000000000e+00 3.040776937268674374e-05 2.810454170685261488e-04 1.582497963681817055e-03 3.472955431789159775e-03 5.187436006963253021e-03 1.236095279455184937e-02 4.006178304553031921e-02 1.558905392885208130e-01 5.197517275810241699e-01 2.198466211557388306e-01 1.188542693853378296e-02 9.883560240268707275e-03 8.765330538153648376e-03 4.792911466211080551e-03 3.021238371729850769e-03 1.642925315536558628e-03 8.194570546038448811e-04 3.652814193628728390e-04 2.690117107704281807e-04 8.889420132618397474e-05 0.000000000000000000e+00 0.000000000000000000e+00 0.000000000000000000e+00 0.000000000000000000e+00 0.000000000000000000e+00
2.201247215270996094e-02 4.829973354935646057e-02 6.593842804431915283e-02 7.132381200790405273e-02 6.792378425598144531e-02 7.206021249294281006e-02 7.919585704803466797e-02 8.993175625801086426e-02 8.386846631765365601e-02 7.652847468852996826e-02 8.142568171024322510e-02 9.115146100521087646e-02 1.128231137990951538e-01 1.210554838180541992e-01 1.234049052000045776e-01 1.265687346458435059e-01 1.331606954336166382e-01 1.379532814025878906e-01 1.444233953952789307e-01 1.263748705387115479e-01 1.084283441305160522e-01 9.619677811861038208e-02 9.878954291343688965e-02 1.451541632413864136e-01 1.857374608516693115e-01 1.434826552867889404e-01 1.256208568811416626e-01 9.572846442461013794e-02 5.157415568828582764e-02 3.310607373714447021e-02 3.304158151149749756e-02 7.715314161032438278e-03 0.000000000000000000e+00 0.000000000000000000e+00 0.000000000000000000e+00 0.000000000000000000e+00 0.000000000000000000e+00 0.000000000000000000e+00 0.000000000000000000e+00 0.000000000000000000e+00 0.000000000000000000e+00 0.000000000000000000e+00 0.000000000000000000e+00 6.874054633954074234e-06 6.011673394823446870e-05 2.904350636526942253e-03 1.046493649482727051e-02 4.344864934682846069e-02 2.416252791881561279e-01 2.246697396039962769e-01 2.339833229780197144e-01 1.735397577285766602e-01 5.009611323475837708e-02 1.479858998209238052e-02 4.118433687835931778e-03 2.838359796442091465e-04 0.000000000000000000e+00 0.000000000000000000e+00 0.000000000000000000e+00 0.000000000000000000e+00 0.000000000000000000e+00 0.000000000000000000e+00 0.000000000000000000e+00 0.000000000000000000e+00 0.000000000000000000e+00 0.000000000000000000e+00 0.000000000000000000e+00 0.000000000000000000e+00 0.000000000000000000e+00 0.000000000000000000e+00 4.774343688040971756e-05 4.538125940598547459e-04 4.208296537399291992e-03 1.753808930516242981e-02 3.606178984045982361e-02 9.319505840539932251e-02 1.559205651283264160e-01 1.187339276075363159e-01 2.604753077030181885e-01 1.820072233676910400e-01 1.110753491520881653e-01 1.942495442926883698e-02 8.578820270486176014e-04 0.000000000000000000e+00 0.000000000000000000e+00 0.000000000000000000e+00 0.000000000000000000e+00 0.000000000000000000e+00 0.000000000000000000e+00 0.000000000000000000e+00 0.000000000000000000e+00 0.000000000000000000e+00 0.000000000000000000e+00 0.000000000000000000e+00 0.000000000000000000e+00 0.000000000000000000e+00
1.849493682384490967e-01 2.677688896656036377e-01 1.966638565063476562e-01 1.562961935997009277e-01 1.428264826536178589e-01 1.250668019056320190e-01 1.222363114356994629e-01 1.369858235120773315e-01 1.118569225072860718e-01 9.732853621244430542e-02 8.785578608512878418e-02 7.915700972080230713e-02 7.298742234706878662e-02 8.001942187547683716e-02 9.579996764659881592e-02 8.543163537979125977e-02 8.977687358856201172e-02 1.092143878340721130e-01 1.429232209920883179e-01 1.615729480981826782e-01 1.546349227428436279e-01 1.135845109820365906e-01 7.782468199729919434e-02 4.684684053063392639e-02 2.509573101997375488e-02 1.669823937118053436e-02 1.214844547212123871e-02 5.848944652825593948e-03 5.942925345152616501e-04 5.528303063329076394e-06 0.000000000000000000e+00 0.000000000000000000e+00 0.000000000000000000e+00 0.000000000000000000e+00 0.000000000000000000e+00 0.000000000000000000e+00 0.000000000000000000e+00 0.000000000000000000e+00 0.000000000000000000e+00 0.000000000000000000e+00 0.000000000000000000e+00 0.000000000000000000e+00 0.000000000000000000e+00 0.000000000000000000e+00 0.000000000000000000e+00 0.000000000000000000e+00 0.000000000000000000e+00 1.022459659725427628e-02 6.737647056579589844e-01 3.131608664989471436e-01 2.720846561715006828e-03 1.289937354158610106e-04 0.000000000000000000e+00 0.000000000000000000e+00 0.000000000000000000e+00 0.000000000000000000e+00 0.000000000000000000e+00 0.000000000000000000e+00 0.000000000000000000e+00 0.000000000000000000e+00 0.000000000000000000e+00 0.000000000000000000e+00 0.000000000000000000e+00 0.000000000000000000e+00 0.000000000000000000e+00 0.000000000000000000e+00 0.000000000000000000e+00 0.000000000000000000e+00 0.000000000000000000e+00 0.000000000000000000e+00 0.000000000000000000e+00 0.000000000000000000e+00 0.000000000000000000e+00 0.000000000000000000e+00 0.000000000000000000e+00 0.000000000000000000e+00 5.892249755561351776e-03 4.125956911593675613e-03 4.164406061172485352e-01 5.518232583999633789e-01 1.261558756232261658e-02 4.884255584329366684e-03 4.218095447868108749e-03 0.000000000000000000e+00 0.000000000000000000e+00 0.000000000000000000e+00 0.000000000000000000e+00 0.000000000000000000e+00 0.000000000000000000e+00 0.000000000000000000e+00 0.000000000000000000e+00 0.000000000000000000e+00 0.000000000000000000e+00 0.000000000000000000e+00 0.000000000000000000e+00 0.000000000000000000e+00
4.677931964397430420e-02 7.594612240791320801e-02 1.017015576362609863e-01 1.224891841411590576e-01 1.484648585319519043e-01 1.181751787662506104e-01 9.253691136837005615e-02 7.332366704940795898e-02 6.537273526191711426e-02 6.751962006092071533e-02 7.637168467044830322e-02 8.519779145717620850e-02 9.397999942302703857e-02 1.098692864179611206e-01 1.435206979513168335e-01 1.714886724948883057e-01 1.801342517137527466e-01 1.663704961538314819e-01 1.639869660139083862e-01 1.847142875194549561e-01 1.877069473266601562e-01 1.764358729124069214e-01 1.391891390085220337e-01 1.071785092353820801e-01 6.900889426469802856e-02 2.241582982242107391e-02 5.212460178881883621e-03 1.963689457625150681e-03 1.099971472285687923e-03 1.790029811672866344e-03 5.457873339764773846e-05 7.633389600414375309e-07 0.000000000000000000e+00 0.000000000000000000e+00 0.000000000000000000e+00 0.000000000000000000e+00 0.000000000000000000e+00 0.000000000000000000e+00 0.000000000000000000e+00 0.000000000000000000e+00 0.000000000000000000e+00 0.000000000000000000e+00 0.000000000000000000e+00 0.000000000000000000e+00 2.615708217490464449e-04 7.487464696168899536e-03 2.764432132244110107e-02 1.058593392372131348e-01 3.220222890377044678e-01 2.152301669120788574e-01 2.009598016738891602e-01 7.325407862663269043e-02 2.983128651976585388e-02 1.535761635750532150e-02 1.267651561647653580e-03 6.380241247825324535e-04 1.863819343270733953e-04 0.000000000000000000e+00 0.000000000000000000e+00 0.000000000000000000e+00 0.000000000000000000e+00 0.000000000000000000e+00 0.000000000000000000e+00 0.000000000000000000e+00 0.000000000000000000e+00 0.000000000000000000e+00 0.000000000000000000e+00 0.000000000000000000e+00 5.088926400276250206e-07 1.019057526718825102e-04 1.312943059019744396e-03 3.583240322768688202e-03 3.971525467932224274e-03 5.933942738920450211e-03 2.276976592838764191e-02 8.622944355010986328e-02 1.461414992809295654e-01 1.262862831354141235e-01 1.244877353310585022e-01 3.668257296085357666e-01 9.093759208917617798e-02 1.588368415832519531e-02 5.061955191195011139e-03 4.722523735836148262e-04 0.000000000000000000e+00 0.000000000000000000e+00 0.000000000000000000e+00 0.000000000000000000e+00 0.000000000000000000e+00 0.000000000000000000e+00 0.000000000000000000e+00 0.000000000000000000e+00 0.000000000000000000e+00 0.000000000000000000e+00 0.000000000000000000e+00 0.000000000000000000e+00
7.500912249088287354e-02 2.435833960771560669e-02 2.421442046761512756e-02 3.602171316742897034e-02 6.962373852729797363e-02 1.289430856704711914e-01 1.453617811203002930e-01 1.565022170543670654e-01 1.546016335487365723e-01 1.466076076030731201e-01 1.528032124042510986e-01 1.595959067344665527e-01 1.523780524730682373e-01 1.607466936111450195e-01 1.546856760978698730e-01 1.323800832033157349e-01 1.119443327188491821e-01 1.078195944428443909e-01 1.115581542253494263e-01 1.098366528749465942e-01 1.035614013671875000e-01 1.102255433797836304e-01 1.042776852846145630e-01 9.531909227371215820e-02 8.998370170593261719e-02 7.031256705522537231e-02 4.634808003902435303e-02 3.081705607473850250e-02 1.902185007929801941e-02 1.026704162359237671e-02 3.287584986537694931e-03 1.586390077136456966e-03 0.000000000000000000e+00 0.000000000000000000e+00 0.000000000000000000e+00 0.000000000000000000e+00 0.000000000000000000e+00 0.000000000000000000e+00 0.000000000000000000e+00 0.000000000000000000e+00 0.000000000000000000e+00 0.000000000000000000e+00 0.000000000000000000e+00 0.000000000000000000e+00 1.647912176849786192e-05 2.658631652593612671e-03 4.617303609848022461e-02 1.646784245967864990e-01 4.160216748714447021e-01 3.012125194072723389e-01 4.407469183206558228e-02 1.738126203417778015e-02 6.234418135136365891e-03 1.381499692797660828e-03 1.516079209977760911e-04 9.521270840195938945e-06 4.943736712448298931e-06 1.281709501199657097e-06 0.000000000000000000e+00 0.000000000000000000e+00 0.000000000000000000e+00 0.000000000000000000e+00 0.000000000000000000e+00 0.000000000000000000e+00 0.000000000000000000e+00 0.000000000000000000e+00 0.000000000000000000e+00 0.000000000000000000e+00 0.000000000000000000e+00 5.493040589499287307e-06 3.074271662626415491e-04 9.471832890994846821e-04 2.214610809460282326e-03 2.875057514756917953e-03 4.011750686913728714e-03 1.322724204510450363e-02 2.585372887551784515e-02 6.135232001543045044e-02 2.569395303726196289e-01 4.581964910030364990e-01 1.485984623432159424e-01 2.318813838064670563e-02 2.110975561663508415e-03 1.237765100086107850e-04 4.174710920779034495e-05 6.042344921297626570e-06 0.000000000000000000e+00 0.000000000000000000e+00 0.000000000000000000e+00 0.000000000000000000e+00 0.000000000000000000e+00 0.000000000000000000e+00 0.000000000000000000e+00 0.000000000000000000e+00 0.000000000000000000e+00 0.000000000000000000e+00
1.436254824511706829e-03 1.264254469424486160e-02 1.160038560628890991e-01 5.576206445693969727e-01 6.236883997917175293e-01 3.477488160133361816e-01 1.197731345891952515e-01 8.638897538185119629e-02 7.645429670810699463e-02 7.124524563550949097e-02 6.889819353818893433e-02 6.860744208097457886e-02 6.035773456096649170e-02 5.223063379526138306e-02 4.994663596153259277e-02 4.984154552221298218e-02 4.739641025662422180e-02 4.411754384636878967e-02 3.901358693838119507e-02 3.462775424122810364e-02 3.069031238555908203e-02 3.109316527843475342e-02 3.227019309997558594e-02 3.293927758932113647e-02 3.593089058995246887e-02 4.057244583964347839e-02 4.747697710990905762e-02 5.401719361543655396e-02 5.677410215139389038e-02 6.606771796941757202e-02 4.011354595422744751e-02 4.014507401734590530e-03 0.000000000000000000e+00 0.000000000000000000e+00 0.000000000000000000e+00 0.000000000000000000e+00 0.000000000000000000e+00 0.000000000000000000e+00 0.000000000000000000e+00 0.000000000000000000e+00 0.000000000000000000e+00 0.000000000000000000e+00 0.000000000000000000e+00 0.000000000000000000e+00 0.000000000000000000e+00 0.000000000000000000e+00 0.000000000000000000e+00 5.399967730045318604e-02 5.672237277030944824e-01 1.228278130292892456e-01 7.214903086423873901e-02 5.894483253359794617e-02 4.723643511533737183e-02 3.846010193228721619e-02 2.691985294222831726e-02 9.682458825409412384e-03 2.317858394235372543e-03 2.382081147516146302e-04 0.000000000000000000e+00 0.000000000000000000e+00 0.000000000000000000e+00 0.000000000000000000e+00 0.000000000000000000e+00 0.000000000000000000e+00 0.000000000000000000e+00 0.000000000000000000e+00 0.000000000000000000e+00 0.000000000000000000e+00 0.000000000000000000e+00 0.000000000000000000e+00 0.000000000000000000e+00 0.000000000000000000e+00 8.991188951767981052e-05 5.209051072597503662e-03 3.144113719463348389e-02 6.930804997682571411e-02 1.041097939014434814e-01 9.454293549060821533e-02 1.269742697477340698e-01 2.682923972606658936e-01 3.000324666500091553e-01 0.000000000000000000e+00 0.000000000000000000e+00 0.000000000000000000e+00 0.000000000000000000e+00 0.000000000000000000e+00 0.000000000000000000e+00 0.000000000000000000e+00 0.000000000000000000e+00 0.000000000000000000e+00 0.000000000000000000e+00 0.000000000000000000e+00 0.000000000000000000e+00 0.000000000000000000e+00 0.000000000000000000e+00 0.000000000000000000e+00
2.153228782117366791e-02 6.405323278158903122e-03 1.035002805292606354e-02 4.276745766401290894e-02 1.400142312049865723e-01 2.246878445148468018e-01 2.350874841213226318e-01 2.167262881994247437e-01 2.091735899448394775e-01 1.962827593088150024e-01 1.842973381280899048e-01 1.776029169559478760e-01 1.604782938957214355e-01 1.310105025768280029e-01 1.073698326945304871e-01 8.776454627513885498e-02 8.541315793991088867e-02 8.553591370582580566e-02 8.550535142421722412e-02 8.180515468120574951e-02 7.675264775753021240e-02 7.401896268129348755e-02 6.949254125356674194e-02 6.112514063715934753e-02 5.084976553916931152e-02 3.949113935232162476e-02 3.027296811342239380e-02 2.366973087191581726e-02 2.215708605945110321e-02 2.386163175106048584e-02 3.056707978248596191e-02 7.930996827781200409e-03 0.000000000000000000e+00 0.000000000000000000e+00 0.000000000000000000e+00 0.000000000000000000e+00 0.000000000000000000e+00 0.000000000000000000e+00 0.000000000000000000e+00 2.004168663916061632e-06 2.471807965775951743e-05 5.244241401669569314e-05 1.481414656154811382e-04 2.500200353097170591e-04 3.754475910682231188e-04 7.840808480978012085e-03 1.351993829011917114e-01 2.508833408355712891e-01 1.607809215784072876e-01 1.566423177719116211e-01 2.753752768039703369e-01 1.178584806621074677e-02 6.109374226070940495e-04 2.839238914020825177e-05 0.000000000000000000e+00 0.000000000000000000e+00 0.000000000000000000e+00 0.000000000000000000e+00 0.000000000000000000e+00 0.000000000000000000e+00 0.000000000000000000e+00 0.000000000000000000e+00 0.000000000000000000e+00 0.000000000000000000e+00 0.000000000000000000e+00 0.000000000000000000e+00 0.000000000000000000e+00 0.000000000000000000e+00 0.000000000000000000e+00 0.000000000000000000e+00 0.000000000000000000e+00 0.000000000000000000e+00 4.175351477897493169e-06 9.944016346707940102e-04 1.157824974507093430e-02 8.392906934022903442e-02 1.937673687934875488e-01 1.362478882074356079e-01 9.007936716079711914e-02 8.533683419227600098e-02 3.037294149398803711e-01 8.426310122013092041e-02 9.567901492118835449e-03 5.022112745791673660e-04 0.000000000000000000e+00 0.000000000000000000e+00 0.000000000000000000e+00 0.000000000000000000e+00 0.000000000000000000e+00 0.000000000000000000e+00 0.000000000000000000e+00 0.000000000000000000e+00 0.000000000000000000e+00 0.000000000000000000e+00 0.000000000000000000e+00 0.000000000000000000e+00
1.953031495213508606e-02 5.224671959877014160e-02 9.697989374399185181e-02 1.466214954853057861e-01 1.854373812675476074e-01 1.870417892932891846e-01 1.969456374645233154e-01 1.826663613319396973e-01 1.666358411312103271e-01 1.600577533245086670e-01 1.370140612125396729e-01 1.305202692747116089e-01 1.280511021614074707e-01 1.248912289738655090e-01 1.219788044691085815e-01 1.027992963790893555e-01 9.679226577281951904e-02 1.186394542455673218e-01 1.251658797264099121e-01 1.115555763244628906e-01 9.665629267692565918e-02 7.539647817611694336e-02 6.564491987228393555e-02 5.224128440022468567e-02 3.418757021427154541e-02 2.521645836532115936e-02 1.737659610807895660e-02 1.449409313499927521e-02 9.536732919514179230e-03 6.200100295245647430e-03 3.940326627343893051e-03 7.538016885519027710e-03 0.000000000000000000e+00 0.000000000000000000e+00 0.000000000000000000e+00 0.000000000000000000e+00 0.000000000000000000e+00 0.000000000000000000e+00 0.000000000000000000e+00 0.000000000000000000e+00 0.000000000000000000e+00 0.000000000000000000e+00 0.000000000000000000e+00 0.000000000000000000e+00 0.000000000000000000e+00 7.251579063449753448e-06 5.546551663428544998e-03 1.107270792126655579e-01 6.212926506996154785e-01 2.510931789875030518e-01 8.730901405215263367e-03 2.401179168373346329e-03 2.012313198065385222e-04 0.000000000000000000e+00 0.000000000000000000e+00 0.000000000000000000e+00 0.000000000000000000e+00 0.000000000000000000e+00 0.000000000000000000e+00 0.000000000000000000e+00 0.000000000000000000e+00 0.000000000000000000e+00 0.000000000000000000e+00 0.000000000000000000e+00 0.000000000000000000e+00 0.000000000000000000e+00 0.000000000000000000e+00 0.000000000000000000e+00 0.000000000000000000e+00 0.000000000000000000e+00 0.000000000000000000e+00 0.000000000000000000e+00 0.000000000000000000e+00 9.064473488251678646e-06 1.187446032417938113e-04 7.160934037528932095e-04 3.154436824843287468e-03 7.251851260662078857e-02 2.366697788238525391e-01 5.190136432647705078e-01 1.189802810549736023e-01 3.575662896037101746e-02 1.247090287506580353e-02 5.919101531617343426e-04 0.000000000000000000e+00 0.000000000000000000e+00 0.000000000000000000e+00 0.000000000000000000e+00 0.000000000000000000e+00 0.000000000000000000e+00 0.000000000000000000e+00 0.000000000000000000e+00 0.000000000000000000e+00 0.000000000000000000e+00 0.000000000000000000e+00 0.000000000000000000e+00
5.229786620475351810e-04 1.663812668994069099e-03 8.284352719783782959e-03 1.544175483286380768e-02 1.695515401661396027e-02 1.540010143071413040e-02 1.424769684672355652e-02 1.741796731948852539e-02 2.328643389046192169e-02 3.856851905584335327e-02 5.720831081271171570e-02 6.878789514303207397e-02 8.142268657684326172e-02 1.065719425678253174e-01 1.261628270149230957e-01 1.563798785209655762e-01 2.038529217243194580e-01 2.310871481895446777e-01 2.281459718942642212e-01 2.439325153827667236e-01 2.844887971878051758e-01 3.079117834568023682e-01 3.030129075050354004e-01 2.235502302646636963e-01 1.233489140868186951e-01 4.971305653452873230e-02 2.134262025356292725e-02 1.354653574526309967e-02 1.026981975883245468e-02 5.699541885405778885e-03 1.656870590522885323e-03 1.180173057946376503e-04 0.000000000000000000e+00 0.000000000000000000e+00 0.000000000000000000e+00 0.000000000000000000e+00 0.000000000000000000e+00 0.000000000000000000e+00 0.000000000000000000e+00 0.000000000000000000e+00 0.000000000000000000e+00 0.000000000000000000e+00 0.000000000000000000e+00 0.000000000000000000e+00 0.000000000000000000e+00 0.000000000000000000e+00 1.111291069537401199e-02 3.304407596588134766e-01 6.141219735145568848e-01 4.303235188126564026e-02 6.618225597776472569e-04 1.750975789036601782e-04 1.103037575376220047e-04 1.565850543556734920e-04 1.774116390151903033e-04 1.079896992450812832e-05 0.000000000000000000e+00 0.000000000000000000e+00 0.000000000000000000e+00 0.000000000000000000e+00 0.000000000000000000e+00 0.000000000000000000e+00 0.000000000000000000e+00 0.000000000000000000e+00 0.000000000000000000e+00 0.000000000000000000e+00 0.000000000000000000e+00 0.000000000000000000e+00 0.000000000000000000e+00 0.000000000000000000e+00 0.000000000000000000e+00 0.000000000000000000e+00 0.000000000000000000e+00 0.000000000000000000e+00 0.000000000000000000e+00 0.000000000000000000e+00 6.556517473654821515e-05 1.899075927212834358e-03 1.039477959275245667e-01 7.523842453956604004e-01 1.403758078813552856e-01 1.327501842752099037e-03 0.000000000000000000e+00 0.000000000000000000e+00 0.000000000000000000e+00 0.000000000000000000e+00 0.000000000000000000e+00 0.000000000000000000e+00 0.000000000000000000e+00 0.000000000000000000e+00 0.000000000000000000e+00 0.000000000000000000e+00 0.000000000000000000e+00 0.000000000000000000e+00 0.000000000000000000e+00 0.000000000000000000e+00
1.391465630149468780e-04 5.362233496271073818e-04 6.522919051349163055e-03 4.578940197825431824e-02 8.646092563867568970e-02 1.332481056451797485e-01 1.956977695226669312e-01 1.555319279432296753e-01 1.211423575878143311e-01 1.384813785552978516e-01 2.008563727140426636e-01 2.492081075906753540e-01 2.671580016613006592e-01 3.421817719936370850e-01 2.583850026130676270e-01 2.225157320499420166e-01 1.602697074413299561e-01 6.015203893184661865e-02 3.061903268098831177e-02 1.828589662909507751e-02 1.538757421076297760e-02 2.085840888321399689e-02 3.168808668851852417e-02 6.378682702779769897e-02 6.503574550151824951e-02 7.372052967548370361e-02 2.374994382262229919e-02 1.210914552211761475e-02 4.717407864518463612e-04 1.018145667330827564e-05 0.000000000000000000e+00 0.000000000000000000e+00 0.000000000000000000e+00 0.000000000000000000e+00 0.000000000000000000e+00 0.000000000000000000e+00 0.000000000000000000e+00 0.000000000000000000e+00 0.000000000000000000e+00 0.000000000000000000e+00 0.000000000000000000e+00 0.000000000000000000e+00 0.000000000000000000e+00 0.000000000000000000e+00 5.577175179496407509e-04 6.210688152350485325e-04 2.491062972694635391e-03 6.894316524267196655e-02 1.708663254976272583e-01 1.703606545925140381e-01 1.967272311449050903e-01 2.874383330345153809e-01 7.298293709754943848e-02 1.119281444698572159e-02 7.811439223587512970e-03 6.831757258623838425e-03 3.090637503191828728e-03 8.484546560794115067e-05 0.000000000000000000e+00 0.000000000000000000e+00 0.000000000000000000e+00 0.000000000000000000e+00 0.000000000000000000e+00 0.000000000000000000e+00 0.000000000000000000e+00 0.000000000000000000e+00 0.000000000000000000e+00 0.000000000000000000e+00 0.000000000000000000e+00 0.000000000000000000e+00 0.000000000000000000e+00 2.669804089237004519e-04 4.884836263954639435e-03 1.468618493527173996e-02 4.170211404561996460e-02 8.397891372442245483e-02 2.919272482395172119e-01 1.540657877922058105e-01 1.786721050739288330e-01 1.524390280246734619e-01 7.369337975978851318e-02 2.399429911747574806e-03 1.283994759432971478e-03 0.000000000000000000e+00 0.000000000000000000e+00 0.000000000000000000e+00 0.000000000000000000e+00 0.000000000000000000e+00 0.000000000000000000e+00 0.000000000000000000e+00 0.000000000000000000e+00 0.000000000000000000e+00 0.000000000000000000e+00 0.000000000000000000e+00 0.000000000000000000e+00 0.000000000000000000e+00
2.935973554849624634e-02 1.606906764209270477e-02 9.490747936069965363e-03 2.573731169104576111e-02 5.900926887989044189e-02 5.635040625929832458e-02 5.886074900627136230e-02 1.635596305131912231e-01 1.901083886623382568e-01 1.184170022606849670e-01 3.473541140556335449e-02 5.964319407939910889e-02 1.344353556632995605e-01 1.279765665531158447e-01 6.699308753013610840e-02 5.239472538232803345e-02 5.470945313572883606e-02 5.148549377918243408e-02 9.770761430263519287e-02 9.504150599241256714e-02 2.422857582569122314e-01 3.363347053527832031e-01 2.422314137220382690e-01 2.152371257543563843e-01 2.306396663188934326e-01 2.241953611373901367e-01 6.223321892321109772e-03 7.643311982974410057e-04 3.622422809712588787e-06 0.000000000000000000e+00 0.000000000000000000e+00 0.000000000000000000e+00 0.000000000000000000e+00 0.000000000000000000e+00 0.000000000000000000e+00 0.000000000000000000e+00 0.000000000000000000e+00 0.000000000000000000e+00 0.000000000000000000e+00 0.000000000000000000e+00 0.000000000000000000e+00 0.000000000000000000e+00 0.000000000000000000e+00 0.000000000000000000e+00 0.000000000000000000e+00 0.000000000000000000e+00 5.420351866632699966e-03 1.024336665868759155e-01 6.127316355705261230e-01 7.544661313295364380e-02 1.429082006216049194e-01 6.105955690145492554e-02 0.000000000000000000e+00 0.000000000000000000e+00 0.000000000000000000e+00 0.000000000000000000e+00 0.000000000000000000e+00 0.000000000000000000e+00 0.000000000000000000e+00 0.000000000000000000e+00 0.000000000000000000e+00 0.000000000000000000e+00 0.000000000000000000e+00 0.000000000000000000e+00 0.000000000000000000e+00 0.000000000000000000e+00 0.000000000000000000e+00 0.000000000000000000e+00 0.000000000000000000e+00 0.000000000000000000e+00 0.000000000000000000e+00 0.000000000000000000e+00 0.000000000000000000e+00 0.000000000000000000e+00 0.000000000000000000e+00 0.000000000000000000e+00 3.862710203975439072e-03 1.802964359521865845e-01 3.134035766124725342e-01 4.829800426959991455e-01 1.945723965764045715e-02 0.000000000000000000e+00 0.000000000000000000e+00 0.000000000000000000e+00 0.000000000000000000e+00 0.000000000000000000e+00 0.000000000000000000e+00 0.000000000000000000e+00 0.000000000000000000e+00 0.000000000000000000e+00 0.000000000000000000e+00 0.000000000000000000e+00 0.000000000000000000e+00 0.000000000000000000e+00 0.000000000000000000e+00 0.000000000000000000e+00
6.247390061616897583e-02 5.858974158763885498e-02 1.623656973242759705e-02 1.193956099450588226e-02 1.507630757987499237e-02 2.261920645833015442e-02 2.972315065562725067e-02 3.448995947837829590e-02 4.012044146656990051e-02 4.588853940367698669e-02 5.252268165349960327e-02 6.465206295251846313e-02 8.581916242837905884e-02 1.106995716691017151e-01 1.379384696483612061e-01 1.691137403249740601e-01 1.818173229694366455e-01 2.068092525005340576e-01 2.591207623481750488e-01 2.918786406517028809e-01 2.587696015834808350e-01 2.362097203731536865e-01 2.056940793991088867e-01 1.321537643671035767e-01 1.328679621219635010e-01 1.016784608364105225e-01 3.482925891876220703e-02 2.681181358639150858e-04 0.000000000000000000e+00 0.000000000000000000e+00 0.000000000000000000e+00 0.000000000000000000e+00 0.000000000000000000e+00 0.000000000000000000e+00 0.000000000000000000e+00 0.000000000000000000e+00 0.000000000000000000e+00 0.000000000000000000e+00 0.000000000000000000e+00 0.000000000000000000e+00 0.000000000000000000e+00 0.000000000000000000e+00 0.000000000000000000e+00 0.000000000000000000e+00 0.000000000000000000e+00 0.000000000000000000e+00 0.000000000000000000e+00 7.213089847937226295e-04 6.570966839790344238e-01 3.418949246406555176e-01 2.870999451261013746e-04 0.000000000000000000e+00 0.000000000000000000e+00 0.000000000000000000e+00 0.000000000000000000e+00 0.000000000000000000e+00 0.000000000000000000e+00 0.000000000000000000e+00 0.000000000000000000e+00 0.000000000000000000e+00 0.000000000000000000e+00 0.000000000000000000e+00 0.000000000000000000e+00 0.000000000000000000e+00 0.000000000000000000e+00 0.000000000000000000e+00 0.000000000000000000e+00 0.000000000000000000e+00 0.000000000000000000e+00 0.000000000000000000e+00 0.000000000000000000e+00 0.000000000000000000e+00 0.000000000000000000e+00 0.000000000000000000e+00 0.000000000000000000e+00 0.000000000000000000e+00 6.010908327880315483e-05 1.143654342740774155e-03 3.028113543987274170e-01 6.824476718902587891e-01 1.353719830513000488e-02 0.000000000000000000e+00 0.000000000000000000e+00 0.000000000000000000e+00 0.000000000000000000e+00 0.000000000000000000e+00 0.000000000000000000e+00 0.000000000000000000e+00 0.000000000000000000e+00 0.000000000000000000e+00 0.000000000000000000e+00 0.000000000000000000e+00 0.000000000000000000e+00 0.000000000000000000e+00 0.000000000000000000e+00 0.000000000000000000e+00
2.718136087059974670e-02 1.023173332214355469e-01 2.120089530944824219e-01 2.299653887748718262e-01 1.953886896371841431e-01 1.768135577440261841e-01 1.689175218343734741e-01 1.480233669281005859e-01 1.511531621217727661e-01 1.542615443468093872e-01 1.400750279426574707e-01 1.262734085321426392e-01 1.316278278827667236e-01 1.390790939331054688e-01 1.177354305982589722e-01 1.018017530441284180e-01 9.198680520057678223e-02 8.562553673982620239e-02 8.055939525365829468e-02 7.010614126920700073e-02 5.822015181183815002e-02 4.716453701257705688e-02 4.052332788705825806e-02 4.848581179976463318e-02 4.572018235921859741e-02 3.276272118091583252e-02 1.733264699578285217e-02 1.001464482396841049e-02 8.483510464429855347e-03 9.660998359322547913e-03 1.217900216579437256e-02 1.855116523802280426e-02 0.000000000000000000e+00 0.000000000000000000e+00 0.000000000000000000e+00 0.000000000000000000e+00 0.000000000000000000e+00 0.000000000000000000e+00 0.000000000000000000e+00 0.000000000000000000e+00 0.000000000000000000e+00 0.000000000000000000e+00 0.000000000000000000e+00 0.000000000000000000e+00 4.485688172280788422e-03 4.616556689143180847e-02 1.198073253035545349e-01 3.376341164112091064e-01 1.467606723308563232e-01 9.301809221506118774e-02 2.250744998455047607e-01 2.510063536465167999e-02 1.953161787241697311e-03 2.420574958250654163e-07 0.000000000000000000e+00 0.000000000000000000e+00 0.000000000000000000e+00 0.000000000000000000e+00 0.000000000000000000e+00 0.000000000000000000e+00 0.000000000000000000e+00 0.000000000000000000e+00 0.000000000000000000e+00 0.000000000000000000e+00 0.000000000000000000e+00 0.000000000000000000e+00 0.000000000000000000e+00 0.000000000000000000e+00 0.000000000000000000e+00 0.000000000000000000e+00 0.000000000000000000e+00 7.225415902212262154e-05 1.120363129302859306e-03 1.276732189580798149e-03 8.921271190047264099e-03 7.846317440271377563e-02 1.273275613784790039e-01 6.628453731536865234e-02 6.353767216205596924e-02 1.568917334079742432e-01 3.757130503654479980e-01 1.129666566848754883e-01 7.324901875108480453e-03 9.331315959570929408e-05 6.777609542041318491e-06 0.000000000000000000e+00 0.000000000000000000e+00 0.000000000000000000e+00 0.000000000000000000e+00 0.000000000000000000e+00 0.000000000000000000e+00 0.000000000000000000e+00 0.000000000000000000e+00 0.000000000000000000e+00 0.000000000000000000e+00 0.000000000000000000e+00
1.419837772846221924e-02 2.510176971554756165e-02 3.356453403830528259e-02 4.887385666370391846e-02 7.044653594493865967e-02 8.859088271856307983e-02 1.037766039371490479e-01 1.084125041961669922e-01 1.173258721828460693e-01 1.206822842359542847e-01 1.213950663805007935e-01 1.345701515674591064e-01 1.341296732425689697e-01 1.491708159446716309e-01 1.671413481235504150e-01 2.010587155818939209e-01 2.518866658210754395e-01 2.761220633983612061e-01 2.439860999584197998e-01 2.034487724304199219e-01 1.561566889286041260e-01 9.668470919132232666e-02 5.454204231500625610e-02 2.951481193304061890e-02 1.517073065042495728e-02 9.303277358412742615e-03 5.032938439399003983e-03 3.103964030742645264e-03 2.933539915829896927e-03 3.165391506627202034e-03 3.610366489738225937e-03 6.898987106978893280e-03 0.000000000000000000e+00 0.000000000000000000e+00 0.000000000000000000e+00 0.000000000000000000e+00 0.000000000000000000e+00 0.000000000000000000e+00 0.000000000000000000e+00 0.000000000000000000e+00 0.000000000000000000e+00 0.000000000000000000e+00 0.000000000000000000e+00 5.518490797840058804e-05 7.337720133364200592e-03 3.269493579864501953e-02 4.533427953720092773e-02 1.105969250202178955e-01 2.875023782253265381e-01 2.571381926536560059e-01 1.842720210552215576e-01 3.470107167959213257e-02 2.085265517234802246e-02 7.784193381667137146e-03 8.250768296420574188e-03 3.479645820334553719e-03 0.000000000000000000e+00 0.000000000000000000e+00 0.000000000000000000e+00 0.000000000000000000e+00 0.000000000000000000e+00 0.000000000000000000e+00 0.000000000000000000e+00 0.000000000000000000e+00 0.000000000000000000e+00 0.000000000000000000e+00 0.000000000000000000e+00 0.000000000000000000e+00 0.000000000000000000e+00 0.000000000000000000e+00 0.000000000000000000e+00 6.742047844454646111e-05 4.303673747926950455e-03 5.900914780795574188e-03 1.217963453382253647e-02 1.503052189946174622e-02 7.800786197185516357e-02 2.337522953748703003e-01 1.856823563575744629e-01 2.356521785259246826e-01 1.466970890760421753e-01 4.690492525696754456e-02 2.889404445886611938e-02 5.887305829674005508e-03 9.547488880343735218e-04 7.828266825526952744e-05 6.742047844454646111e-06 0.000000000000000000e+00 0.000000000000000000e+00 0.000000000000000000e+00 0.000000000000000000e+00 0.000000000000000000e+00 0.000000000000000000e+00 0.000000000000000000e+00 0.000000000000000000e+00 0.000000000000000000e+00
3.033270239830017090e-01 6.964886188507080078e-01 4.178364276885986328e-01 9.112186729907989502e-02 7.178633660078048706e-02 6.261446326971054077e-02 5.046137049794197083e-02 4.382017999887466431e-02 4.360953345894813538e-02 4.511331021785736084e-02 4.800676554441452026e-02 5.166673287749290466e-02 5.681000277400016785e-02 6.369109451770782471e-02 7.550774514675140381e-02 1.058144122362136841e-01 1.197609156370162964e-01 1.241347491741180420e-01 1.270223408937454224e-01 8.959468454122543335e-02 7.287466526031494141e-02 6.251499056816101074e-02 5.060765892267227173e-02 3.885829821228981018e-02 3.265887498855590820e-02 2.237234078347682953e-02 1.413667388260364532e-02 1.020754501223564148e-02 5.087681580334901810e-03 1.822671387344598770e-03 6.582681089639663696e-04 1.170254472526721656e-05 0.000000000000000000e+00 0.000000000000000000e+00 0.000000000000000000e+00 0.000000000000000000e+00 0.000000000000000000e+00 0.000000000000000000e+00 0.000000000000000000e+00 0.000000000000000000e+00 0.000000000000000000e+00 0.000000000000000000e+00 0.000000000000000000e+00 0.000000000000000000e+00 2.438030205667018890e-04 2.040143590420484543e-03 2.400972181931138039e-03 2.411699481308460236e-02 5.457696318626403809e-01 1.327995061874389648e-01 9.119012951850891113e-02 3.369260206818580627e-02 5.921585112810134888e-02 8.225230872631072998e-02 1.469547022134065628e-02 3.832583315670490265e-03 2.172772539779543877e-03 1.961151370778679848e-03 2.395120915025472641e-03 1.168304006569087505e-03 5.266144944471307099e-05 0.000000000000000000e+00 0.000000000000000000e+00 0.000000000000000000e+00 0.000000000000000000e+00 0.000000000000000000e+00 0.000000000000000000e+00 0.000000000000000000e+00 0.000000000000000000e+00 0.000000000000000000e+00 0.000000000000000000e+00 0.000000000000000000e+00 0.000000000000000000e+00 6.046314956620335579e-04 7.272058725357055664e-02 5.736002326011657715e-02 2.254202589392662048e-02 7.393960654735565186e-02 1.461111456155776978e-01 2.092005461454391479e-01 4.117306172847747803e-01 4.288982599973678589e-03 1.308734528720378876e-03 1.882159267552196980e-04 4.876060302194673568e-06 0.000000000000000000e+00 0.000000000000000000e+00 0.000000000000000000e+00 0.000000000000000000e+00 0.000000000000000000e+00 0.000000000000000000e+00 0.000000000000000000e+00 0.000000000000000000e+00 0.000000000000000000e+00 0.000000000000000000e+00 0.000000000000000000e+00
1.008696332573890686e-01 1.253172457218170166e-01 2.134858667850494385e-01 2.127001285552978516e-01 1.812946945428848267e-01 1.694629937410354614e-01 1.605158448219299316e-01 1.451290994882583618e-01 1.275198757648468018e-01 1.215603277087211609e-01 1.203468143939971924e-01 1.132081076502799988e-01 1.055714040994644165e-01 1.010291427373886108e-01 1.013321354985237122e-01 9.848421066999435425e-02 9.541837871074676514e-02 9.903524816036224365e-02 9.635980427265167236e-02 8.615603297948837280e-02 1.014905124902725220e-01 1.191703230142593384e-01 1.086177676916122437e-01 4.494941234588623047e-02 1.882807537913322449e-02 8.988738059997558594e-03 4.964699037373065948e-03 4.697192460298538208e-03 3.725241404026746750e-03 2.784963231533765793e-03 4.208736587315797806e-03 2.777331275865435600e-03 0.000000000000000000e+00 0.000000000000000000e+00 0.000000000000000000e+00 0.000000000000000000e+00 0.000000000000000000e+00 0.000000000000000000e+00 0.000000000000000000e+00 0.000000000000000000e+00 0.000000000000000000e+00 0.000000000000000000e+00 1.640907430555671453e-05 4.899826017208397388e-04 1.110728946514427662e-03 2.042229985818266869e-03 6.279968656599521637e-03 6.740987300872802734e-02 4.193229377269744873e-01 1.997601240873336792e-01 2.029555737972259521e-01 8.728622645139694214e-02 5.498057231307029724e-03 2.972967922687530518e-03 1.680848887190222740e-03 2.184187760576605797e-03 9.898869320750236511e-04 0.000000000000000000e+00 0.000000000000000000e+00 0.000000000000000000e+00 0.000000000000000000e+00 0.000000000000000000e+00 0.000000000000000000e+00 0.000000000000000000e+00 0.000000000000000000e+00 0.000000000000000000e+00 0.000000000000000000e+00 0.000000000000000000e+00 0.000000000000000000e+00 0.000000000000000000e+00 0.000000000000000000e+00 1.272021279419277562e-07 2.056858356809243560e-04 3.997072111815214157e-03 1.203497406095266342e-02 3.213316574692726135e-02 9.960816800594329834e-02 1.851265281438827515e-01 2.097822576761245728e-01 2.598046064376831055e-01 1.850625574588775635e-01 5.695220548659563065e-03 3.886533668264746666e-03 1.287031103856861591e-03 8.937221136875450611e-04 4.266359319444745779e-04 5.571452857111580670e-05 0.000000000000000000e+00 0.000000000000000000e+00 0.000000000000000000e+00 0.000000000000000000e+00 0.000000000000000000e+00 0.000000000000000000e+00 0.000000000000000000e+00 0.000000000000000000e+00 0.000000000000000000e+00
1.402498185634613037e-01 1.283853352069854736e-01 1.567755341529846191e-01 2.620005905628204346e-01 2.934480309486389160e-01 2.825264930725097656e-01 1.222562491893768311e-01 5.717410147190093994e-02 4.383201897144317627e-02 3.370759263634681702e-02 2.834159508347511292e-02 3.027607686817646027e-02 3.192864730954170227e-02 3.315349668264389038e-02 3.262370079755783081e-02 2.955185994505882263e-02 3.103431500494480133e-02 4.688927531242370605e-02 7.138621807098388672e-02 9.618450701236724854e-02 1.503450870513916016e-01 1.648488342761993408e-01 1.567172110080718994e-01 1.637309193611145020e-01 1.417906135320663452e-01 1.221395954489707947e-01 1.006367281079292297e-01 3.712938725948333740e-02 8.583649061620235443e-03 3.985613002441823483e-04 5.929814651608467102e-04 1.360940979793667793e-03 0.000000000000000000e+00 0.000000000000000000e+00 0.000000000000000000e+00 0.000000000000000000e+00 0.000000000000000000e+00 0.000000000000000000e+00 0.000000000000000000e+00 0.000000000000000000e+00 0.000000000000000000e+00 0.000000000000000000e+00 0.000000000000000000e+00 0.000000000000000000e+00 0.000000000000000000e+00 0.000000000000000000e+00 0.000000000000000000e+00 5.549075081944465637e-03 6.078253984451293945e-01 3.866255283355712891e-01 0.000000000000000000e+00 0.000000000000000000e+00 0.000000000000000000e+00 0.000000000000000000e+00 0.000000000000000000e+00 0.000000000000000000e+00 0.000000000000000000e+00 0.000000000000000000e+00 0.000000000000000000e+00 0.000000000000000000e+00 0.000000000000000000e+00 0.000000000000000000e+00 0.000000000000000000e+00 0.000000000000000000e+00 0.000000000000000000e+00 0.000000000000000000e+00 0.000000000000000000e+00 0.000000000000000000e+00 0.000000000000000000e+00 0.000000000000000000e+00 0.000000000000000000e+00 0.000000000000000000e+00 0.000000000000000000e+00 0.000000000000000000e+00 0.000000000000000000e+00 0.000000000000000000e+00 0.000000000000000000e+00 0.000000000000000000e+00 3.180713653564453125e-01 5.875328183174133301e-01 9.439583867788314819e-02 0.000000000000000000e+00 0.000000000000000000e+00 0.000000000000000000e+00 0.000000000000000000e+00 0.000000000000000000e+00 0.000000000000000000e+00 0.000000000000000000e+00 0.000000000000000000e+00 0.000000000000000000e+00 0.000000000000000000e+00 0.000000000000000000e+00 0.000000000000000000e+00 0.000000000000000000e+00 0.000000000000000000e+00 0.000000000000000000e+00
3.651856241049245000e-05 6.618989573325961828e-05 6.618989573325961828e-05 7.303712482098490000e-05 2.040474675595760345e-03 5.785682052373886108e-02 2.655493021011352539e-01 4.192650914192199707e-01 3.987028002738952637e-01 4.154283106327056885e-01 3.443312644958496094e-01 3.000753223896026611e-01 2.493259310722351074e-01 1.503012776374816895e-01 1.154169142246246338e-01 9.875532984733581543e-02 7.278834283351898193e-02 4.596774280071258545e-02 2.450395748019218445e-02 1.233414560556411743e-02 4.754260648041963577e-03 1.666159369051456451e-03 7.395009160973131657e-04 5.911442567594349384e-04 8.285149233415722847e-04 1.291844178922474384e-03 1.688983524218201637e-03 1.396835083141922951e-03 8.536214008927345276e-04 9.882836602628231049e-04 1.348904450424015522e-03 1.096698082983493805e-02 0.000000000000000000e+00 0.000000000000000000e+00 0.000000000000000000e+00 0.000000000000000000e+00 0.000000000000000000e+00 0.000000000000000000e+00 0.000000000000000000e+00 0.000000000000000000e+00 0.000000000000000000e+00 0.000000000000000000e+00 0.000000000000000000e+00 0.000000000000000000e+00 0.000000000000000000e+00 0.000000000000000000e+00 0.000000000000000000e+00 8.901399996830150485e-05 8.573455810546875000e-01 1.269666701555252075e-01 1.537507586181163788e-02 6.162507634144276381e-05 6.238587957341223955e-05 4.336579513619653881e-05 4.336579513619653881e-05 1.293365767196519300e-05 0.000000000000000000e+00 0.000000000000000000e+00 0.000000000000000000e+00 0.000000000000000000e+00 0.000000000000000000e+00 0.000000000000000000e+00 0.000000000000000000e+00 0.000000000000000000e+00 0.000000000000000000e+00 0.000000000000000000e+00 0.000000000000000000e+00 0.000000000000000000e+00 0.000000000000000000e+00 0.000000000000000000e+00 0.000000000000000000e+00 0.000000000000000000e+00 0.000000000000000000e+00 0.000000000000000000e+00 0.000000000000000000e+00 0.000000000000000000e+00 0.000000000000000000e+00 8.193852379918098450e-03 2.376749813556671143e-01 7.536990046501159668e-01 4.321363230701535940e-04 0.000000000000000000e+00 0.000000000000000000e+00 0.000000000000000000e+00 0.000000000000000000e+00 0.000000000000000000e+00 0.000000000000000000e+00 0.000000000000000000e+00 0.000000000000000000e+00 0.000000000000000000e+00 0.000000000000000000e+00 0.000000000000000000e+00 0.000000000000000000e+00 0.000000000000000000e+00 0.000000000000000000e+00 0.000000000000000000e+00
5.984866991639137268e-03 1.026461645960807800e-02 1.707274839282035828e-02 3.362440690398216248e-02 7.214523851871490479e-02 1.347504556179046631e-01 2.099420875310897827e-01 2.176197469234466553e-01 2.000906467437744141e-01 1.474756300449371338e-01 6.546969711780548096e-02 5.488440394401550293e-02 9.536936134099960327e-02 1.617887318134307861e-01 1.367145776748657227e-01 5.107332766056060791e-02 3.004150465130805969e-02 2.348004095256328583e-02 3.430583700537681580e-02 4.233499243855476379e-02 5.817130208015441895e-02 1.487336456775665283e-01 1.534111499786376953e-01 2.740026712417602539e-01 2.913559973239898682e-01 1.771995425224304199e-01 1.524830609560012817e-01 2.096707466989755630e-04 0.000000000000000000e+00 0.000000000000000000e+00 0.000000000000000000e+00 0.000000000000000000e+00 0.000000000000000000e+00 0.000000000000000000e+00 0.000000000000000000e+00 0.000000000000000000e+00 0.000000000000000000e+00 0.000000000000000000e+00 0.000000000000000000e+00 0.000000000000000000e+00 0.000000000000000000e+00 0.000000000000000000e+00 0.000000000000000000e+00 0.000000000000000000e+00 2.877833867387380451e-05 6.343568209558725357e-03 2.061762381345033646e-03 1.775623485445976257e-02 7.224134206771850586e-01 2.510550320148468018e-01 3.412288788240402937e-04 0.000000000000000000e+00 0.000000000000000000e+00 0.000000000000000000e+00 0.000000000000000000e+00 0.000000000000000000e+00 0.000000000000000000e+00 0.000000000000000000e+00 0.000000000000000000e+00 0.000000000000000000e+00 0.000000000000000000e+00 0.000000000000000000e+00 0.000000000000000000e+00 0.000000000000000000e+00 0.000000000000000000e+00 0.000000000000000000e+00 0.000000000000000000e+00 0.000000000000000000e+00 0.000000000000000000e+00 0.000000000000000000e+00 0.000000000000000000e+00 0.000000000000000000e+00 0.000000000000000000e+00 0.000000000000000000e+00 0.000000000000000000e+00 0.000000000000000000e+00 0.000000000000000000e+00 2.402991289272904396e-03 2.662839293479919434e-01 6.870499253273010254e-01 3.322767466306686401e-02 2.559216460213065147e-03 1.523196347989141941e-03 2.254988532513380051e-03 4.698063712567090988e-03 0.000000000000000000e+00 0.000000000000000000e+00 0.000000000000000000e+00 0.000000000000000000e+00 0.000000000000000000e+00 0.000000000000000000e+00 0.000000000000000000e+00 0.000000000000000000e+00 0.000000000000000000e+00 0.000000000000000000e+00 0.000000000000000000e+00
3.366806730628013611e-02 1.423313170671463013e-01 1.551417261362075806e-01 1.135992705821990967e-01 1.080937162041664124e-01 2.208514213562011719e-01 1.841146349906921387e-01 2.061453759670257568e-01 2.182984054088592529e-01 1.686888635158538818e-01 1.468649804592132568e-01 1.196347028017044067e-01 1.191530004143714905e-01 1.256729662418365479e-01 1.169541776180267334e-01 1.047558039426803589e-01 9.790998697280883789e-02 7.080438733100891113e-02 7.061170786619186401e-02 8.052341639995574951e-02 5.672737956047058105e-02 5.568180233240127563e-02 4.144895449280738831e-02 4.516372084617614746e-02 3.392875194549560547e-02 2.729827910661697388e-02 2.834385633468627930e-02 2.246710285544395447e-02 2.698942646384239197e-02 1.874383725225925446e-02 1.731006801128387451e-02 2.207890897989273071e-02 0.000000000000000000e+00 0.000000000000000000e+00 0.000000000000000000e+00 0.000000000000000000e+00 0.000000000000000000e+00 0.000000000000000000e+00 0.000000000000000000e+00 0.000000000000000000e+00 0.000000000000000000e+00 2.986546372994780540e-03 3.323453664779663086e-02 5.081001296639442444e-02 3.992545977234840393e-02 3.239297866821289062e-02 1.844093203544616699e-01 9.310053288936614990e-02 1.379119455814361572e-01 1.240474581718444824e-01 1.065645441412925720e-01 1.006093993782997131e-01 2.325010299682617188e-02 1.775965653359889984e-02 1.836414262652397156e-02 6.349008530378341675e-03 5.758688785135746002e-03 8.901079185307025909e-03 7.282186299562454224e-03 2.736250637099146843e-03 3.006381215527653694e-03 5.997649859637022018e-04 0.000000000000000000e+00 0.000000000000000000e+00 0.000000000000000000e+00 2.266828414576593786e-05 7.102728704921901226e-04 3.088553668931126595e-03 3.304846817627549171e-03 6.488796323537826538e-03 1.050391606986522675e-02 9.480064734816551208e-03 7.266129367053508759e-03 7.625043857842683792e-03 1.648739911615848541e-02 1.060573458671569824e-01 1.096219271421432495e-01 1.640239208936691284e-01 9.988307207822799683e-02 1.574425697326660156e-01 4.679206013679504395e-02 2.369496785104274750e-02 2.318020910024642944e-02 4.163691401481628418e-02 7.169789075851440430e-02 7.647806406021118164e-02 1.451336871832609177e-02 0.000000000000000000e+00 0.000000000000000000e+00 0.000000000000000000e+00 0.000000000000000000e+00 0.000000000000000000e+00 0.000000000000000000e+00 0.000000000000000000e+00 0.000000000000000000e+00 0.000000000000000000e+00
4.483668506145477295e-02 7.857443392276763916e-02 6.868934631347656250e-02 6.850427389144897461e-02 9.974896907806396484e-02 8.491317927837371826e-02 1.192360818386077881e-01 7.068160176277160645e-02 4.433590173721313477e-02 2.925243973731994629e-02 4.837212711572647095e-02 3.523465618491172791e-02 2.007498964667320251e-02 2.370024845004081726e-02 2.624228037893772125e-02 3.031933307647705078e-02 3.558030724525451660e-02 4.632271453738212585e-02 6.672158837318420410e-02 1.005382537841796875e-01 1.539264023303985596e-01 2.027612030506134033e-01 2.079840898513793945e-01 3.341114223003387451e-01 3.854882717132568359e-01 3.399929404258728027e-01 2.246842235326766968e-01 7.443750277161598206e-03 1.703761285170912743e-03 2.449497151246760041e-05 0.000000000000000000e+00 0.000000000000000000e+00 0.000000000000000000e+00 0.000000000000000000e+00 0.000000000000000000e+00 0.000000000000000000e+00 0.000000000000000000e+00 0.000000000000000000e+00 0.000000000000000000e+00 0.000000000000000000e+00 0.000000000000000000e+00 0.000000000000000000e+00 0.000000000000000000e+00 0.000000000000000000e+00 0.000000000000000000e+00 0.000000000000000000e+00 0.000000000000000000e+00 1.297326380154117942e-04 3.653125762939453125e-01 6.310630440711975098e-01 3.494616132229566574e-03 0.000000000000000000e+00 0.000000000000000000e+00 0.000000000000000000e+00 0.000000000000000000e+00 0.000000000000000000e+00 0.000000000000000000e+00 0.000000000000000000e+00 0.000000000000000000e+00 0.000000000000000000e+00 0.000000000000000000e+00 0.000000000000000000e+00 0.000000000000000000e+00 0.000000000000000000e+00 0.000000000000000000e+00 0.000000000000000000e+00 0.000000000000000000e+00 0.000000000000000000e+00 0.000000000000000000e+00 0.000000000000000000e+00 0.000000000000000000e+00 0.000000000000000000e+00 0.000000000000000000e+00 0.000000000000000000e+00 0.000000000000000000e+00 0.000000000000000000e+00 0.000000000000000000e+00 2.467641606926918030e-03 3.404728472232818604e-01 5.963283181190490723e-01 6.073120236396789551e-02 0.000000000000000000e+00 0.000000000000000000e+00 0.000000000000000000e+00 0.000000000000000000e+00 0.000000000000000000e+00 0.000000000000000000e+00 0.000000000000000000e+00 0.000000000000000000e+00 0.000000000000000000e+00 0.000000000000000000e+00 0.000000000000000000e+00 0.000000000000000000e+00 0.000000000000000000e+00 0.000000000000000000e+00 0.000000000000000000e+00
3.986376337707042694e-03 1.706072501838207245e-02 4.287603870034217834e-02 6.150584667921066284e-02 7.991093397140502930e-02 1.083776056766510010e-01 1.198622211813926697e-01 1.168519109487533569e-01 1.260052919387817383e-01 1.338993608951568604e-01 1.318769156932830811e-01 1.325795799493789673e-01 1.503267586231231689e-01 1.562106609344482422e-01 1.359154134988784790e-01 1.254240721464157104e-01 1.254103034734725952e-01 1.391145437955856323e-01 1.601385325193405151e-01 1.699365526437759399e-01 1.565538942813873291e-01 1.323219239711761475e-01 1.025172770023345947e-01 8.001026511192321777e-02 6.605474650859832764e-02 5.329411849379539490e-02 4.185424745082855225e-02 3.321520984172821045e-02 2.639111876487731934e-02 2.165240794420242310e-02 1.850884221494197845e-02 3.035635128617286682e-02 0.000000000000000000e+00 0.000000000000000000e+00 0.000000000000000000e+00 0.000000000000000000e+00 0.000000000000000000e+00 0.000000000000000000e+00 0.000000000000000000e+00 0.000000000000000000e+00 0.000000000000000000e+00 3.114228320555412211e-06 1.790025620721280575e-03 1.228464674204587936e-02 7.979685068130493164e-02 2.112877666950225830e-01 3.014917075634002686e-01 2.983615994453430176e-01 9.383874386548995972e-02 1.145544229075312614e-03 0.000000000000000000e+00 0.000000000000000000e+00 0.000000000000000000e+00 0.000000000000000000e+00 0.000000000000000000e+00 0.000000000000000000e+00 0.000000000000000000e+00 0.000000000000000000e+00 0.000000000000000000e+00 0.000000000000000000e+00 0.000000000000000000e+00 0.000000000000000000e+00 0.000000000000000000e+00 0.000000000000000000e+00 0.000000000000000000e+00 0.000000000000000000e+00 0.000000000000000000e+00 0.000000000000000000e+00 0.000000000000000000e+00 0.000000000000000000e+00 0.000000000000000000e+00 0.000000000000000000e+00 0.000000000000000000e+00 0.000000000000000000e+00 0.000000000000000000e+00 0.000000000000000000e+00 0.000000000000000000e+00 1.019336050376296043e-03 7.365969358943402767e-04 3.689426183700561523e-02 3.318185508251190186e-01 3.526837229728698730e-01 2.009268999099731445e-01 5.858322232961654663e-02 1.600516587495803833e-02 1.331086736172437668e-03 1.147347234109474812e-06 0.000000000000000000e+00 0.000000000000000000e+00 0.000000000000000000e+00 0.000000000000000000e+00 0.000000000000000000e+00 0.000000000000000000e+00 0.000000000000000000e+00 0.000000000000000000e+00 0.000000000000000000e+00
1.372649669647216797e-01 5.640434101223945618e-02 4.690118879079818726e-02 5.369713902473449707e-02 8.068792521953582764e-02 9.679910540580749512e-02 1.085116937756538391e-01 1.228045225143432617e-01 1.505775004625320435e-01 1.847299337387084961e-01 1.955130547285079956e-01 2.054936438798904419e-01 1.959854066371917725e-01 1.712599396705627441e-01 1.867870092391967773e-01 2.161345481872558594e-01 2.045844644308090210e-01 1.834906190633773804e-01 1.402820050716400146e-01 1.154447793960571289e-01 7.913368940353393555e-02 3.966842964291572571e-02 2.328298054635524750e-02 4.500157665461301804e-03 5.587102714343927801e-05 5.079184120404534042e-06 0.000000000000000000e+00 0.000000000000000000e+00 0.000000000000000000e+00 0.000000000000000000e+00 0.000000000000000000e+00 0.000000000000000000e+00 0.000000000000000000e+00 0.000000000000000000e+00 0.000000000000000000e+00 0.000000000000000000e+00 0.000000000000000000e+00 0.000000000000000000e+00 0.000000000000000000e+00 0.000000000000000000e+00 0.000000000000000000e+00 0.000000000000000000e+00 0.000000000000000000e+00 0.000000000000000000e+00 0.000000000000000000e+00 1.252865476999431849e-04 1.041232841089367867e-03 1.280800998210906982e-02 3.045868277549743652e-01 6.464312076568603516e-01 1.690352521836757660e-02 1.039878372102975845e-02 7.705122698098421097e-03 0.000000000000000000e+00 0.000000000000000000e+00 0.000000000000000000e+00 0.000000000000000000e+00 0.000000000000000000e+00 0.000000000000000000e+00 0.000000000000000000e+00 0.000000000000000000e+00 0.000000000000000000e+00 0.000000000000000000e+00 0.000000000000000000e+00 0.000000000000000000e+00 0.000000000000000000e+00 0.000000000000000000e+00 0.000000000000000000e+00 0.000000000000000000e+00 0.000000000000000000e+00 0.000000000000000000e+00 0.000000000000000000e+00 0.000000000000000000e+00 0.000000000000000000e+00 4.376564174890518188e-03 1.163133233785629272e-02 3.689181059598922729e-03 8.121616207063198090e-03 5.384054183959960938e-01 3.970957100391387939e-01 3.668017685413360596e-02 0.000000000000000000e+00 0.000000000000000000e+00 0.000000000000000000e+00 0.000000000000000000e+00 0.000000000000000000e+00 0.000000000000000000e+00 0.000000000000000000e+00 0.000000000000000000e+00 0.000000000000000000e+00 0.000000000000000000e+00 0.000000000000000000e+00 0.000000000000000000e+00 0.000000000000000000e+00 0.000000000000000000e+00 0.000000000000000000e+00
2.111492492258548737e-02 1.702864170074462891e-01 4.018641114234924316e-01 4.001361131668090820e-01 3.604923486709594727e-01 2.847437560558319092e-01 2.115339040756225586e-01 2.114629000425338745e-01 1.551130264997482300e-01 1.389691084623336792e-01 1.248076707124710083e-01 1.260089874267578125e-01 1.275357902050018311e-01 1.272931694984436035e-01 1.002012044191360474e-01 2.241093665361404419e-02 5.858681164681911469e-03 4.278613254427909851e-03 2.822819165885448456e-03 1.514972187578678131e-03 8.048289455473423004e-04 4.497573827393352985e-04 2.663036866579204798e-04 2.958930053864605725e-05 0.000000000000000000e+00 0.000000000000000000e+00 0.000000000000000000e+00 0.000000000000000000e+00 0.000000000000000000e+00 0.000000000000000000e+00 0.000000000000000000e+00 0.000000000000000000e+00 0.000000000000000000e+00 0.000000000000000000e+00 0.000000000000000000e+00 0.000000000000000000e+00 0.000000000000000000e+00 0.000000000000000000e+00 0.000000000000000000e+00 0.000000000000000000e+00 0.000000000000000000e+00 0.000000000000000000e+00 0.000000000000000000e+00 0.000000000000000000e+00 0.000000000000000000e+00 0.000000000000000000e+00 7.013650238513946533e-02 2.440880537033081055e-01 5.701088905334472656e-01 1.015366688370704651e-01 1.348483096808195114e-02 3.728251904249191284e-04 2.485501172486692667e-04 2.367144043091684580e-05 0.000000000000000000e+00 0.000000000000000000e+00 0.000000000000000000e+00 0.000000000000000000e+00 0.000000000000000000e+00 0.000000000000000000e+00 0.000000000000000000e+00 0.000000000000000000e+00 0.000000000000000000e+00 0.000000000000000000e+00 0.000000000000000000e+00 0.000000000000000000e+00 0.000000000000000000e+00 0.000000000000000000e+00 0.000000000000000000e+00 0.000000000000000000e+00 0.000000000000000000e+00 0.000000000000000000e+00 0.000000000000000000e+00 0.000000000000000000e+00 0.000000000000000000e+00 0.000000000000000000e+00 0.000000000000000000e+00 1.055351691320538521e-03 9.997238218784332275e-02 5.995048880577087402e-01 2.328283339738845825e-02 1.183690354228019714e-01 9.941215813159942627e-02 5.774647742509841919e-02 6.568824755959212780e-04 0.000000000000000000e+00 0.000000000000000000e+00 0.000000000000000000e+00 0.000000000000000000e+00 0.000000000000000000e+00 0.000000000000000000e+00 0.000000000000000000e+00 0.000000000000000000e+00 0.000000000000000000e+00 0.000000000000000000e+00 0.000000000000000000e+00
1.612778902053833008e-01 1.271987408399581909e-01 1.087078973650932312e-01 1.115773171186447144e-01 1.134264394640922546e-01 1.090186685323715210e-01 9.064416587352752686e-02 8.916877210140228271e-02 8.858001232147216797e-02 8.750080317258834839e-02 9.433761239051818848e-02 9.807857125997543335e-02 1.026560962200164795e-01 1.121498644351959229e-01 1.226109266281127930e-01 1.372838616371154785e-01 1.474941670894622803e-01 1.454561650753021240e-01 1.375162005424499512e-01 1.262539327144622803e-01 1.253035962581634521e-01 1.261276304721832275e-01 1.198828965425491333e-01 9.866070747375488281e-02 6.810822337865829468e-02 5.215834826231002808e-02 3.928187489509582520e-02 2.800856158137321472e-02 1.533607579767704010e-02 7.833177223801612854e-03 5.330861546099185944e-03 3.029953222721815109e-03 0.000000000000000000e+00 0.000000000000000000e+00 0.000000000000000000e+00 0.000000000000000000e+00 0.000000000000000000e+00 0.000000000000000000e+00 0.000000000000000000e+00 0.000000000000000000e+00 0.000000000000000000e+00 0.000000000000000000e+00 0.000000000000000000e+00 0.000000000000000000e+00 0.000000000000000000e+00 1.651150756515562534e-03 1.802065409719944000e-02 1.118094027042388916e-01 2.962144613265991211e-01 1.892977505922317505e-01 1.396488398313522339e-01 9.310573339462280273e-02 5.881240963935852051e-02 4.505470395088195801e-02 3.240700811147689819e-02 1.307517942041158676e-02 9.027141495607793331e-04 0.000000000000000000e+00 0.000000000000000000e+00 0.000000000000000000e+00 0.000000000000000000e+00 0.000000000000000000e+00 0.000000000000000000e+00 0.000000000000000000e+00 0.000000000000000000e+00 0.000000000000000000e+00 0.000000000000000000e+00 0.000000000000000000e+00 0.000000000000000000e+00 0.000000000000000000e+00 0.000000000000000000e+00 0.000000000000000000e+00 1.346400385955348611e-04 4.746644292026758194e-03 9.740107692778110504e-03 1.950451731681823730e-02 1.089284494519233704e-01 2.180108129978179932e-01 1.731830388307571411e-01 2.598533034324645996e-01 1.790637522935867310e-01 1.340852677822113037e-02 1.193534210324287415e-02 1.490859198383986950e-03 0.000000000000000000e+00 0.000000000000000000e+00 0.000000000000000000e+00 0.000000000000000000e+00 0.000000000000000000e+00 0.000000000000000000e+00 0.000000000000000000e+00 0.000000000000000000e+00 0.000000000000000000e+00 0.000000000000000000e+00 0.000000000000000000e+00 0.000000000000000000e+00
8.552484959363937378e-02 9.433764964342117310e-02 8.885338902473449707e-02 1.088133156299591064e-01 1.372631192207336426e-01 1.574939787387847900e-01 1.756143718957901001e-01 1.943714171648025513e-01 1.880793273448944092e-01 1.985187381505966187e-01 2.098922133445739746e-01 1.942889988422393799e-01 1.690061092376708984e-01 1.617742776870727539e-01 1.307712197303771973e-01 1.139095872640609741e-01 1.014771535992622375e-01 9.965814650058746338e-02 1.061076223850250244e-01 9.448902308940887451e-02 7.295024394989013672e-02 4.830469191074371338e-02 2.518563717603683472e-02 1.692140661180019379e-02 1.240165159106254578e-02 7.154717110097408295e-03 3.480979241430759430e-03 1.267611165530979633e-03 4.502424853853881359e-04 2.833026228472590446e-04 4.329118528403341770e-04 9.220598149113357067e-04 0.000000000000000000e+00 0.000000000000000000e+00 0.000000000000000000e+00 0.000000000000000000e+00 0.000000000000000000e+00 0.000000000000000000e+00 0.000000000000000000e+00 0.000000000000000000e+00 0.000000000000000000e+00 0.000000000000000000e+00 0.000000000000000000e+00 0.000000000000000000e+00 6.189507985254749656e-05 1.079921727068722248e-03 1.386614795774221420e-02 1.391058266162872314e-01 3.085552155971527100e-01 1.645874977111816406e-01 1.562116295099258423e-01 1.134713664650917053e-01 7.209161669015884399e-02 2.567584626376628876e-02 5.096028093248605728e-03 1.952347665792331100e-04 1.768430820447974838e-06 0.000000000000000000e+00 0.000000000000000000e+00 0.000000000000000000e+00 0.000000000000000000e+00 0.000000000000000000e+00 0.000000000000000000e+00 0.000000000000000000e+00 0.000000000000000000e+00 0.000000000000000000e+00 0.000000000000000000e+00 0.000000000000000000e+00 0.000000000000000000e+00 0.000000000000000000e+00 0.000000000000000000e+00 2.004221641982439905e-06 1.208427711389958858e-04 1.005058176815509796e-03 3.112320322543382645e-03 4.514249786734580994e-02 1.232426539063453674e-01 1.792441457509994507e-01 2.178357839584350586e-01 3.290026485919952393e-01 9.245309233665466309e-02 8.675567805767059326e-03 1.634030049899592996e-04 0.000000000000000000e+00 0.000000000000000000e+00 0.000000000000000000e+00 0.000000000000000000e+00 0.000000000000000000e+00 0.000000000000000000e+00 0.000000000000000000e+00 0.000000000000000000e+00 0.000000000000000000e+00 0.000000000000000000e+00 0.000000000000000000e+00 0.000000000000000000e+00 0.000000000000000000e+00
3.147894740104675293e-01 3.035589754581451416e-01 2.115167081356048584e-01 1.873435080051422119e-01 1.629685759544372559e-01 1.191692277789115906e-01 7.352311909198760986e-02 4.281132668256759644e-02 1.253405492752790451e-02 2.245059702545404434e-03 1.572576584294438362e-03 2.581301610916852951e-03 5.369520746171474457e-03 1.917612180113792419e-02 4.806704074144363403e-02 2.681139484047889709e-02 1.626375131309032440e-02 1.316515542566776276e-02 4.010070115327835083e-02 1.080111712217330933e-01 1.673759371042251587e-01 2.106424868106842041e-01 2.651291489601135254e-01 2.419233024120330811e-01 2.167051732540130615e-01 1.394885778427124023e-01 3.879711776971817017e-02 7.030037697404623032e-03 1.220816047862172127e-03 1.086319316527806222e-04 0.000000000000000000e+00 0.000000000000000000e+00 0.000000000000000000e+00 0.000000000000000000e+00 0.000000000000000000e+00 0.000000000000000000e+00 0.000000000000000000e+00 0.000000000000000000e+00 0.000000000000000000e+00 0.000000000000000000e+00 0.000000000000000000e+00 0.000000000000000000e+00 0.000000000000000000e+00 0.000000000000000000e+00 0.000000000000000000e+00 0.000000000000000000e+00 0.000000000000000000e+00 1.091492245905101299e-03 4.984343349933624268e-01 4.801151752471923828e-01 2.035900205373764038e-02 0.000000000000000000e+00 0.000000000000000000e+00 0.000000000000000000e+00 0.000000000000000000e+00 0.000000000000000000e+00 0.000000000000000000e+00 0.000000000000000000e+00 0.000000000000000000e+00 0.000000000000000000e+00 0.000000000000000000e+00 0.000000000000000000e+00 0.000000000000000000e+00 0.000000000000000000e+00 0.000000000000000000e+00 0.000000000000000000e+00 0.000000000000000000e+00 0.000000000000000000e+00 0.000000000000000000e+00 0.000000000000000000e+00 0.000000000000000000e+00 0.000000000000000000e+00 0.000000000000000000e+00 0.000000000000000000e+00 0.000000000000000000e+00 0.000000000000000000e+00 0.000000000000000000e+00 1.042866520583629608e-02 2.744732201099395752e-01 3.701796829700469971e-01 3.449184298515319824e-01 0.000000000000000000e+00 0.000000000000000000e+00 0.000000000000000000e+00 0.000000000000000000e+00 0.000000000000000000e+00 0.000000000000000000e+00 0.000000000000000000e+00 0.000000000000000000e+00 0.000000000000000000e+00 0.000000000000000000e+00 0.000000000000000000e+00 0.000000000000000000e+00 0.000000000000000000e+00 0.000000000000000000e+00 0.000000000000000000e+00
3.845899552106857300e-02 4.184232279658317566e-02 6.413552165031433105e-02 9.594485163688659668e-02 1.303534805774688721e-01 1.533900499343872070e-01 1.703759431838989258e-01 1.981689333915710449e-01 1.997958719730377197e-01 1.787861585617065430e-01 1.523770391941070557e-01 1.242343634366989136e-01 1.103505343198776245e-01 1.078180223703384399e-01 1.110652834177017212e-01 1.089994460344314575e-01 1.138578951358795166e-01 1.273953467607498169e-01 1.365601122379302979e-01 1.286925077438354492e-01 1.171147003769874573e-01 1.068012714385986328e-01 8.733346313238143921e-02 7.109341025352478027e-02 5.450324714183807373e-02 2.964890748262405396e-02 9.336504153907299042e-03 4.978334996849298477e-03 3.730536438524723053e-03 2.953980583697557449e-03 5.841589532792568207e-03 1.406138017773628235e-02 0.000000000000000000e+00 0.000000000000000000e+00 0.000000000000000000e+00 0.000000000000000000e+00 0.000000000000000000e+00 0.000000000000000000e+00 0.000000000000000000e+00 0.000000000000000000e+00 0.000000000000000000e+00 0.000000000000000000e+00 0.000000000000000000e+00 0.000000000000000000e+00 1.341272945865057409e-05 5.322779528796672821e-03 1.786495298147201538e-01 3.407418131828308105e-01 2.492513805627822876e-01 8.786637336015701294e-02 4.447785392403602600e-02 7.232171297073364258e-02 2.078724093735218048e-02 5.320843774825334549e-04 3.581336932256817818e-05 0.000000000000000000e+00 0.000000000000000000e+00 0.000000000000000000e+00 0.000000000000000000e+00 0.000000000000000000e+00 0.000000000000000000e+00 0.000000000000000000e+00 0.000000000000000000e+00 0.000000000000000000e+00 0.000000000000000000e+00 0.000000000000000000e+00 0.000000000000000000e+00 0.000000000000000000e+00 0.000000000000000000e+00 0.000000000000000000e+00 6.913778065609221812e-07 3.691957317641936243e-05 3.266068815719336271e-04 4.366603679955005646e-03 2.534010261297225952e-02 3.932404890656471252e-02 3.973320499062538147e-02 4.909667372703552246e-02 1.364442408084869385e-01 2.176306545734405518e-01 3.356928229331970215e-01 1.469605118036270142e-01 5.035442765802145004e-03 1.147687180491629988e-05 0.000000000000000000e+00 0.000000000000000000e+00 0.000000000000000000e+00 0.000000000000000000e+00 0.000000000000000000e+00 0.000000000000000000e+00 0.000000000000000000e+00 0.000000000000000000e+00 0.000000000000000000e+00 0.000000000000000000e+00 0.000000000000000000e+00 0.000000000000000000e+00
9.853317169472575188e-04 1.152638066560029984e-02 4.153148457407951355e-02 1.018092781305313110e-01 1.218385174870491028e-01 1.346653401851654053e-01 1.273428648710250854e-01 1.220685988664627075e-01 1.307340264320373535e-01 1.373512446880340576e-01 1.416351795196533203e-01 1.314342617988586426e-01 1.215384230017662048e-01 1.173645108938217163e-01 1.178071573376655579e-01 1.199078634381294250e-01 1.182222962379455566e-01 1.138808429241180420e-01 1.198403537273406982e-01 1.379014253616333008e-01 1.668336689472198486e-01 1.600313782691955566e-01 1.356806755065917969e-01 1.151412650942802429e-01 1.042575985193252563e-01 9.449681639671325684e-02 4.871640354394912720e-02 3.028519451618194580e-03 4.376473370939493179e-04 3.351127961650490761e-04 5.276776500977575779e-04 1.127879717387259007e-03 0.000000000000000000e+00 0.000000000000000000e+00 0.000000000000000000e+00 0.000000000000000000e+00 0.000000000000000000e+00 0.000000000000000000e+00 0.000000000000000000e+00 0.000000000000000000e+00 0.000000000000000000e+00 0.000000000000000000e+00 0.000000000000000000e+00 0.000000000000000000e+00 0.000000000000000000e+00 0.000000000000000000e+00 0.000000000000000000e+00 1.583866651344578713e-05 4.224138855934143066e-01 5.775702595710754395e-01 0.000000000000000000e+00 0.000000000000000000e+00 0.000000000000000000e+00 0.000000000000000000e+00 0.000000000000000000e+00 0.000000000000000000e+00 0.000000000000000000e+00 0.000000000000000000e+00 0.000000000000000000e+00 0.000000000000000000e+00 0.000000000000000000e+00 0.000000000000000000e+00 0.000000000000000000e+00 0.000000000000000000e+00 0.000000000000000000e+00 0.000000000000000000e+00 0.000000000000000000e+00 0.000000000000000000e+00 0.000000000000000000e+00 0.000000000000000000e+00 0.000000000000000000e+00 0.000000000000000000e+00 0.000000000000000000e+00 0.000000000000000000e+00 0.000000000000000000e+00 0.000000000000000000e+00 0.000000000000000000e+00 5.721926223486661911e-03 7.532644271850585938e-01 2.410086393356323242e-01 5.001683803129708394e-06 0.000000000000000000e+00 0.000000000000000000e+00 0.000000000000000000e+00 0.000000000000000000e+00 0.000000000000000000e+00 0.000000000000000000e+00 0.000000000000000000e+00 0.000000000000000000e+00 0.000000000000000000e+00 0.000000000000000000e+00 0.000000000000000000e+00 0.000000000000000000e+00 0.000000000000000000e+00 0.000000000000000000e+00 0.000000000000000000e+00
1.188259869813919067e-01 1.850460916757583618e-01 1.625535339117050171e-01 1.243555098772048950e-01 1.582980602979660034e-01 1.404825150966644287e-01 1.149732172489166260e-01 1.378472745418548584e-01 1.746464371681213379e-01 1.859103739261627197e-01 1.635449826717376709e-01 1.357325017452239990e-01 1.078658401966094971e-01 9.249007701873779297e-02 8.574772626161575317e-02 9.340852499008178711e-02 7.678226381540298462e-02 8.563468605279922485e-02 1.108920127153396606e-01 1.041378825902938843e-01 8.641654253005981445e-02 6.314683705568313599e-02 4.730243235826492310e-02 3.170294314622879028e-02 3.146744519472122192e-02 5.599707365036010742e-02 7.926677912473678589e-02 4.523003473877906799e-02 2.943743893411010504e-04 0.000000000000000000e+00 0.000000000000000000e+00 0.000000000000000000e+00 0.000000000000000000e+00 0.000000000000000000e+00 0.000000000000000000e+00 0.000000000000000000e+00 0.000000000000000000e+00 0.000000000000000000e+00 0.000000000000000000e+00 0.000000000000000000e+00 0.000000000000000000e+00 0.000000000000000000e+00 0.000000000000000000e+00 1.334497210336849093e-05 9.602884761989116669e-03 2.413870068266987801e-03 6.845185998827219009e-04 1.787441316992044449e-03 3.706385493278503418e-01 3.415096104145050049e-01 1.466573178768157959e-01 1.206204965710639954e-01 5.526388529688119888e-03 4.309641080908477306e-04 1.146097638411447406e-04 0.000000000000000000e+00 0.000000000000000000e+00 0.000000000000000000e+00 0.000000000000000000e+00 0.000000000000000000e+00 0.000000000000000000e+00 0.000000000000000000e+00 0.000000000000000000e+00 0.000000000000000000e+00 0.000000000000000000e+00 0.000000000000000000e+00 0.000000000000000000e+00 0.000000000000000000e+00 0.000000000000000000e+00 0.000000000000000000e+00 0.000000000000000000e+00 0.000000000000000000e+00 0.000000000000000000e+00 6.750985630787909031e-05 1.237785443663597107e-02 5.841800943017005920e-02 6.561566144227981567e-02 2.490807622671127319e-01 3.256031870841979980e-01 2.850753068923950195e-01 3.761712228879332542e-03 0.000000000000000000e+00 0.000000000000000000e+00 0.000000000000000000e+00 0.000000000000000000e+00 0.000000000000000000e+00 0.000000000000000000e+00 0.000000000000000000e+00 0.000000000000000000e+00 0.000000000000000000e+00 0.000000000000000000e+00 0.000000000000000000e+00 0.000000000000000000e+00 0.000000000000000000e+00 0.000000000000000000e+00 0.000000000000000000e+00
1.818395406007766724e-01 2.143435478210449219e-01 1.193302422761917114e-01 9.497143328189849854e-02 9.046958386898040771e-02 8.651913702487945557e-02 8.953431993722915649e-02 1.133766397833824158e-01 9.848915040493011475e-02 7.883459329605102539e-02 8.062136918306350708e-02 1.159241944551467896e-01 1.765629649162292480e-01 2.295520901679992676e-01 3.078771829605102539e-01 3.520720005035400391e-01 2.023665457963943481e-01 8.083774149417877197e-02 6.227897852659225464e-02 6.406575441360473633e-02 6.503592431545257568e-02 5.079055577516555786e-02 2.729023993015289307e-02 1.246556825935840607e-02 4.292454570531845093e-03 2.582452434580773115e-04 0.000000000000000000e+00 0.000000000000000000e+00 0.000000000000000000e+00 0.000000000000000000e+00 0.000000000000000000e+00 0.000000000000000000e+00 0.000000000000000000e+00 0.000000000000000000e+00 0.000000000000000000e+00 0.000000000000000000e+00 0.000000000000000000e+00 0.000000000000000000e+00 0.000000000000000000e+00 0.000000000000000000e+00 0.000000000000000000e+00 0.000000000000000000e+00 0.000000000000000000e+00 0.000000000000000000e+00 3.606127284001559019e-04 8.091684430837631226e-03 2.449328154325485229e-01 2.572308778762817383e-01 2.253387421369552612e-01 9.537159651517868042e-02 6.318632513284683228e-02 4.577687755227088928e-02 1.872626878321170807e-02 6.018742453306913376e-03 2.919799648225307465e-03 2.410288900136947632e-03 2.442860277369618416e-03 2.717391354963183403e-03 3.461882006376981735e-03 5.902416072785854340e-03 9.966869838535785675e-03 4.746128804981708527e-03 3.978372551500797272e-04 0.000000000000000000e+00 0.000000000000000000e+00 0.000000000000000000e+00 0.000000000000000000e+00 0.000000000000000000e+00 0.000000000000000000e+00 0.000000000000000000e+00 0.000000000000000000e+00 0.000000000000000000e+00 9.073481487575918436e-05 5.723272915929555893e-04 2.889554714784026146e-03 2.004774101078510284e-02 7.843443006277084351e-02 6.789523363113403320e-02 8.334341645240783691e-02 2.342959046363830566e-01 2.832089364528656006e-01 1.864739954471588135e-01 4.172405600547790527e-02 1.023674849420785904e-03 0.000000000000000000e+00 0.000000000000000000e+00 0.000000000000000000e+00 0.000000000000000000e+00 0.000000000000000000e+00 0.000000000000000000e+00 0.000000000000000000e+00 0.000000000000000000e+00 0.000000000000000000e+00 0.000000000000000000e+00 0.000000000000000000e+00 0.000000000000000000e+00
6.863836944103240967e-02 1.031643450260162354e-01 1.254608333110809326e-01 1.742678433656692505e-01 2.167409509420394897e-01 2.288497686386108398e-01 2.566561400890350342e-01 2.570739090442657471e-01 2.400961816310882568e-01 2.139242738485336304e-01 1.851222962141036987e-01 1.602243036031723022e-01 1.358940303325653076e-01 1.166614443063735962e-01 9.381778538227081299e-02 6.790533661842346191e-02 5.317131429910659790e-02 4.786788672208786011e-02 4.440677911043167114e-02 4.042293503880500793e-02 3.786084428429603577e-02 3.343655914068222046e-02 2.620293013751506805e-02 2.004861272871494293e-02 1.416595093905925751e-02 9.490929543972015381e-03 6.954993121325969696e-03 5.230891518294811249e-03 4.178087227046489716e-03 3.333472646772861481e-03 3.764149732887744904e-03 4.965859465301036835e-03 0.000000000000000000e+00 0.000000000000000000e+00 0.000000000000000000e+00 0.000000000000000000e+00 0.000000000000000000e+00 0.000000000000000000e+00 0.000000000000000000e+00 0.000000000000000000e+00 0.000000000000000000e+00 0.000000000000000000e+00 0.000000000000000000e+00 1.941242044267710298e-05 7.454601582139730453e-04 9.153246879577636719e-03 4.075469076633453369e-02 1.579730361700057983e-01 3.437373340129852295e-01 1.324528008699417114e-01 1.252748519182205200e-01 1.682161688804626465e-01 2.153313905000686646e-02 1.398391614202409983e-04 0.000000000000000000e+00 0.000000000000000000e+00 0.000000000000000000e+00 0.000000000000000000e+00 0.000000000000000000e+00 0.000000000000000000e+00 0.000000000000000000e+00 0.000000000000000000e+00 0.000000000000000000e+00 0.000000000000000000e+00 0.000000000000000000e+00 0.000000000000000000e+00 0.000000000000000000e+00 0.000000000000000000e+00 0.000000000000000000e+00 3.487261039936129237e-07 3.952229235437698662e-06 2.350413997191935778e-04 4.314207006245851517e-03 2.146502211689949036e-02 6.044574081897735596e-02 8.607106655836105347e-02 8.063837885856628418e-02 3.863094747066497803e-02 1.315671503543853760e-01 4.212983250617980957e-01 1.506789624691009521e-01 4.504495300352573395e-03 1.434426667401567101e-04 2.906050895035150461e-06 0.000000000000000000e+00 0.000000000000000000e+00 0.000000000000000000e+00 0.000000000000000000e+00 0.000000000000000000e+00 0.000000000000000000e+00 0.000000000000000000e+00 0.000000000000000000e+00 0.000000000000000000e+00 0.000000000000000000e+00 0.000000000000000000e+00 0.000000000000000000e+00
3.076436184346675873e-02 1.368787288665771484e-01 1.451736241579055786e-01 1.807208657264709473e-01 3.801276087760925293e-01 3.520816564559936523e-01 1.495188176631927490e-01 9.154955297708511353e-02 7.445355504751205444e-02 5.677222460508346558e-02 6.245154887437820435e-02 6.993698328733444214e-02 8.780552446842193604e-02 9.807525575160980225e-02 9.381179511547088623e-02 9.145200252532958984e-02 8.347351104021072388e-02 7.911513745784759521e-02 8.285126835107803345e-02 1.066285222768783569e-01 1.290268152952194214e-01 1.570068895816802979e-01 1.738893091678619385e-01 7.260790467262268066e-02 2.085585612803697586e-03 2.098768716678023338e-03 3.628022270277142525e-03 5.170458927750587463e-03 1.265589089598506689e-04 9.491918171988800168e-05 1.344688498647883534e-04 4.877791507169604301e-04 0.000000000000000000e+00 0.000000000000000000e+00 0.000000000000000000e+00 0.000000000000000000e+00 0.000000000000000000e+00 0.000000000000000000e+00 0.000000000000000000e+00 0.000000000000000000e+00 0.000000000000000000e+00 0.000000000000000000e+00 0.000000000000000000e+00 0.000000000000000000e+00 0.000000000000000000e+00 0.000000000000000000e+00 7.558379729744046926e-05 1.275169011205434799e-02 3.480572402477264404e-01 2.746978700160980225e-01 1.000914052128791809e-01 8.308856189250946045e-02 9.516263753175735474e-02 8.548878878355026245e-02 5.862138932570815086e-04 0.000000000000000000e+00 0.000000000000000000e+00 0.000000000000000000e+00 0.000000000000000000e+00 0.000000000000000000e+00 0.000000000000000000e+00 0.000000000000000000e+00 0.000000000000000000e+00 0.000000000000000000e+00 0.000000000000000000e+00 0.000000000000000000e+00 0.000000000000000000e+00 0.000000000000000000e+00 0.000000000000000000e+00 0.000000000000000000e+00 0.000000000000000000e+00 0.000000000000000000e+00 0.000000000000000000e+00 0.000000000000000000e+00 1.476520701544359326e-04 5.358012393116950989e-02 6.865645200014114380e-02 7.768519967794418335e-02 4.684543013572692871e-01 3.209744989871978760e-01 1.050175353884696960e-02 0.000000000000000000e+00 0.000000000000000000e+00 0.000000000000000000e+00 0.000000000000000000e+00 0.000000000000000000e+00 0.000000000000000000e+00 0.000000000000000000e+00 0.000000000000000000e+00 0.000000000000000000e+00 0.000000000000000000e+00 0.000000000000000000e+00 0.000000000000000000e+00 0.000000000000000000e+00 0.000000000000000000e+00 0.000000000000000000e+00
8.676717430353164673e-02 6.478539109230041504e-02 4.117447137832641602e-02 2.895885333418846130e-02 2.201920375227928162e-02 1.994680985808372498e-02 2.498963847756385803e-02 2.988567203283309937e-02 2.947119250893592834e-02 2.807808294892311096e-02 2.915745601058006287e-02 3.408227488398551941e-02 4.482707008719444275e-02 8.096446841955184937e-02 5.199698358774185181e-02 3.603377938270568848e-02 4.658860713243484497e-02 9.130629897117614746e-02 2.131228744983673096e-01 4.437229335308074951e-01 3.418244123458862305e-01 3.029756247997283936e-01 2.979903519153594971e-01 1.821463108062744141e-01 2.078411281108856201e-01 1.747115999460220337e-01 4.113993048667907715e-02 3.229483496397733688e-03 2.619277802295982838e-04 0.000000000000000000e+00 0.000000000000000000e+00 0.000000000000000000e+00 0.000000000000000000e+00 0.000000000000000000e+00 0.000000000000000000e+00 0.000000000000000000e+00 0.000000000000000000e+00 0.000000000000000000e+00 0.000000000000000000e+00 0.000000000000000000e+00 0.000000000000000000e+00 0.000000000000000000e+00 0.000000000000000000e+00 0.000000000000000000e+00 1.726996379147749394e-05 3.156565653625875711e-04 1.354732783511281013e-03 8.211867883801460266e-03 2.505017817020416260e-01 2.766465842723846436e-01 4.564413130283355713e-01 3.216051030904054642e-03 1.667510950937867165e-03 1.282774610444903374e-03 3.242915554437786341e-04 2.014829078689217567e-05 0.000000000000000000e+00 0.000000000000000000e+00 0.000000000000000000e+00 0.000000000000000000e+00 0.000000000000000000e+00 0.000000000000000000e+00 0.000000000000000000e+00 0.000000000000000000e+00 0.000000000000000000e+00 0.000000000000000000e+00 0.000000000000000000e+00 0.000000000000000000e+00 0.000000000000000000e+00 0.000000000000000000e+00 0.000000000000000000e+00 0.000000000000000000e+00 9.594424454917316325e-07 3.425209433771669865e-04 1.056346110999584198e-03 1.610903884284198284e-03 1.007702387869358063e-02 4.656395018100738525e-01 3.771520256996154785e-01 1.158593893051147461e-01 2.752160653471946716e-02 1.631052145967260003e-04 2.494550426490604877e-04 3.271698660682886839e-04 0.000000000000000000e+00 0.000000000000000000e+00 0.000000000000000000e+00 0.000000000000000000e+00 0.000000000000000000e+00 0.000000000000000000e+00 0.000000000000000000e+00 0.000000000000000000e+00 0.000000000000000000e+00 0.000000000000000000e+00 0.000000000000000000e+00 0.000000000000000000e+00
3.342672064900398254e-02 3.761709108948707581e-02 6.034934520721435547e-02 1.174305975437164307e-01 2.091575860977172852e-01 2.661827206611633301e-01 2.181919515132904053e-01 1.614475250244140625e-01 1.649321466684341431e-01 1.843241453170776367e-01 1.919630467891693115e-01 1.995939314365386963e-01 2.137248963117599487e-01 2.159985154867172241e-01 1.460774987936019897e-01 8.301743865013122559e-02 3.765719011425971985e-02 1.493696309626102448e-02 5.597853101789951324e-03 5.275054275989532471e-02 9.141020476818084717e-02 1.061506867408752441e-01 8.369512110948562622e-02 9.533993899822235107e-02 8.625345304608345032e-03 3.969823883380740881e-04 4.009923031844664365e-06 0.000000000000000000e+00 0.000000000000000000e+00 0.000000000000000000e+00 0.000000000000000000e+00 0.000000000000000000e+00 0.000000000000000000e+00 0.000000000000000000e+00 0.000000000000000000e+00 0.000000000000000000e+00 0.000000000000000000e+00 0.000000000000000000e+00 0.000000000000000000e+00 0.000000000000000000e+00 0.000000000000000000e+00 0.000000000000000000e+00 0.000000000000000000e+00 0.000000000000000000e+00 0.000000000000000000e+00 2.862015925347805023e-02 9.868153929710388184e-02 9.797846525907516479e-02 1.464851647615432739e-01 2.872962951660156250e-01 1.205930933356285095e-01 1.598208397626876831e-01 6.052444502711296082e-02 0.000000000000000000e+00 0.000000000000000000e+00 0.000000000000000000e+00 0.000000000000000000e+00 0.000000000000000000e+00 0.000000000000000000e+00 0.000000000000000000e+00 0.000000000000000000e+00 0.000000000000000000e+00 0.000000000000000000e+00 0.000000000000000000e+00 0.000000000000000000e+00 0.000000000000000000e+00 0.000000000000000000e+00 0.000000000000000000e+00 0.000000000000000000e+00 0.000000000000000000e+00 0.000000000000000000e+00 0.000000000000000000e+00 0.000000000000000000e+00 0.000000000000000000e+00 0.000000000000000000e+00 2.673282097021001391e-06 3.734040632843971252e-02 1.842319071292877197e-01 4.258872568607330322e-01 1.682750880718231201e-01 1.662153303623199463e-01 1.804732717573642731e-02 0.000000000000000000e+00 0.000000000000000000e+00 0.000000000000000000e+00 0.000000000000000000e+00 0.000000000000000000e+00 0.000000000000000000e+00 0.000000000000000000e+00 0.000000000000000000e+00 0.000000000000000000e+00 0.000000000000000000e+00 0.000000000000000000e+00 0.000000000000000000e+00 0.000000000000000000e+00 0.000000000000000000e+00
2.120742946863174438e-02 1.397951878607273102e-02 1.390807330608367920e-02 2.065372839570045471e-02 7.235056161880493164e-02 3.169147372245788574e-01 6.091748476028442383e-01 6.623541116714477539e-01 3.966956138610839844e-01 2.487913817167282104e-01 1.702190935611724854e-01 1.303226947784423828e-01 1.128482967615127563e-01 9.521314501762390137e-02 5.067873746156692505e-02 2.408907003700733185e-02 1.150869205594062805e-02 6.703977473080158234e-03 6.418195087462663651e-03 5.816861055791378021e-03 1.226482447236776352e-03 1.524172490462660789e-03 1.601571799255907536e-03 1.988568576052784920e-03 2.238628221675753593e-03 7.085020188242197037e-04 5.775184836238622665e-04 1.488449634052813053e-04 1.012145803542807698e-04 3.572279092622920871e-05 0.000000000000000000e+00 0.000000000000000000e+00 0.000000000000000000e+00 0.000000000000000000e+00 0.000000000000000000e+00 0.000000000000000000e+00 0.000000000000000000e+00 0.000000000000000000e+00 0.000000000000000000e+00 0.000000000000000000e+00 0.000000000000000000e+00 0.000000000000000000e+00 0.000000000000000000e+00 0.000000000000000000e+00 0.000000000000000000e+00 0.000000000000000000e+00 0.000000000000000000e+00 1.686909527052193880e-04 9.095419198274612427e-02 6.351413130760192871e-01 2.730273008346557617e-01 5.675954744219779968e-04 1.051837753038853407e-04 3.572279092622920871e-05 0.000000000000000000e+00 0.000000000000000000e+00 0.000000000000000000e+00 0.000000000000000000e+00 0.000000000000000000e+00 0.000000000000000000e+00 0.000000000000000000e+00 0.000000000000000000e+00 0.000000000000000000e+00 0.000000000000000000e+00 0.000000000000000000e+00 0.000000000000000000e+00 0.000000000000000000e+00 0.000000000000000000e+00 0.000000000000000000e+00 0.000000000000000000e+00 0.000000000000000000e+00 0.000000000000000000e+00 0.000000000000000000e+00 0.000000000000000000e+00 1.984599475690629333e-05 2.976899304485414177e-05 5.159958891454152763e-05 4.844605922698974609e-02 8.252719044685363770e-01 1.235988736152648926e-01 2.581964014098048210e-03 0.000000000000000000e+00 0.000000000000000000e+00 0.000000000000000000e+00 0.000000000000000000e+00 0.000000000000000000e+00 0.000000000000000000e+00 0.000000000000000000e+00 0.000000000000000000e+00 0.000000000000000000e+00 0.000000000000000000e+00 0.000000000000000000e+00 0.000000000000000000e+00 0.000000000000000000e+00 0.000000000000000000e+00 0.000000000000000000e+00
2.600374282337725163e-04 2.222280018031597137e-02 1.416267901659011841e-01 2.383867353200912476e-01 2.238402366638183594e-01 2.142344415187835693e-01 1.741028726100921631e-01 1.468015313148498535e-01 1.321354210376739502e-01 1.321952342987060547e-01 1.223398223519325256e-01 1.005954891443252563e-01 9.048262983560562134e-02 8.945027738809585571e-02 8.975712209939956665e-02 9.199604392051696777e-02 9.462763369083404541e-02 9.923809021711349487e-02 9.920169413089752197e-02 9.952673316001892090e-02 9.773247689008712769e-02 9.327803552150726318e-02 8.609320223331451416e-02 7.924641668796539307e-02 6.849126517772674561e-02 5.604067444801330566e-02 4.277876019477844238e-02 3.078843466937541962e-02 2.205377630889415741e-02 1.395620964467525482e-02 5.952256731688976288e-03 5.668816156685352325e-04 0.000000000000000000e+00 0.000000000000000000e+00 0.000000000000000000e+00 0.000000000000000000e+00 0.000000000000000000e+00 0.000000000000000000e+00 0.000000000000000000e+00 0.000000000000000000e+00 0.000000000000000000e+00 0.000000000000000000e+00 0.000000000000000000e+00 0.000000000000000000e+00 0.000000000000000000e+00 0.000000000000000000e+00 0.000000000000000000e+00 7.086887024343013763e-03 5.381301417946815491e-02 6.034628152847290039e-01 3.318771123886108398e-01 3.760141553357243538e-03 0.000000000000000000e+00 0.000000000000000000e+00 0.000000000000000000e+00 0.000000000000000000e+00 0.000000000000000000e+00 0.000000000000000000e+00 0.000000000000000000e+00 0.000000000000000000e+00 0.000000000000000000e+00 0.000000000000000000e+00 0.000000000000000000e+00 0.000000000000000000e+00 0.000000000000000000e+00 0.000000000000000000e+00 0.000000000000000000e+00 0.000000000000000000e+00 0.000000000000000000e+00 0.000000000000000000e+00 0.000000000000000000e+00 0.000000000000000000e+00 0.000000000000000000e+00 0.000000000000000000e+00 0.000000000000000000e+00 3.250467998441308737e-04 1.781256520189344883e-03 1.648958176374435425e-01 7.634751200675964355e-01 6.952274590730667114e-02 0.000000000000000000e+00 0.000000000000000000e+00 0.000000000000000000e+00 0.000000000000000000e+00 0.000000000000000000e+00 0.000000000000000000e+00 0.000000000000000000e+00 0.000000000000000000e+00 0.000000000000000000e+00 0.000000000000000000e+00 0.000000000000000000e+00 0.000000000000000000e+00 0.000000000000000000e+00 0.000000000000000000e+00 0.000000000000000000e+00 0.000000000000000000e+00
1.843211241066455841e-02 2.171674743294715881e-02 4.502561688423156738e-02 9.045177698135375977e-02 1.471429020166397095e-01 1.318078041076660156e-01 9.336703270673751831e-02 7.785224914550781250e-02 8.536003530025482178e-02 1.004953980445861816e-01 1.207339167594909668e-01 1.215578466653823853e-01 1.114422231912612915e-01 1.354112774133682251e-01 1.498431712388992310e-01 1.649366468191146851e-01 2.136813700199127197e-01 2.389811575412750244e-01 2.086862027645111084e-01 1.535986363887786865e-01 1.199826896190643311e-01 1.087890341877937317e-01 8.667451143264770508e-02 7.464861869812011719e-02 5.004846677184104919e-02 3.010524250566959381e-02 2.055113203823566437e-02 1.682856678962707520e-02 1.659731380641460419e-02 1.830921508371829987e-02 2.344838157296180725e-02 3.492695279419422150e-03 0.000000000000000000e+00 0.000000000000000000e+00 0.000000000000000000e+00 0.000000000000000000e+00 0.000000000000000000e+00 0.000000000000000000e+00 0.000000000000000000e+00 0.000000000000000000e+00 0.000000000000000000e+00 0.000000000000000000e+00 0.000000000000000000e+00 0.000000000000000000e+00 2.609107177704572678e-04 6.214083172380924225e-03 6.554063409566879272e-02 3.066453039646148682e-01 1.878538578748703003e-01 1.477681249380111694e-01 2.344892621040344238e-01 4.648306965827941895e-02 4.698700737208127975e-03 4.223499126965180039e-05 3.808073188338312320e-06 0.000000000000000000e+00 0.000000000000000000e+00 0.000000000000000000e+00 0.000000000000000000e+00 0.000000000000000000e+00 0.000000000000000000e+00 0.000000000000000000e+00 0.000000000000000000e+00 0.000000000000000000e+00 0.000000000000000000e+00 0.000000000000000000e+00 0.000000000000000000e+00 0.000000000000000000e+00 0.000000000000000000e+00 0.000000000000000000e+00 0.000000000000000000e+00 3.461884716671193019e-07 1.144729831139557064e-04 4.867640789598226547e-03 3.961446136236190796e-02 1.297564059495925903e-01 8.114484697580337524e-02 7.958422601222991943e-02 8.919165283441543579e-02 1.385100036859512329e-01 3.596825599670410156e-01 7.238177955150604248e-02 4.300699103623628616e-03 6.432181689888238907e-04 2.058667450910434127e-04 1.846338477662357036e-06 0.000000000000000000e+00 0.000000000000000000e+00 0.000000000000000000e+00 0.000000000000000000e+00 0.000000000000000000e+00 0.000000000000000000e+00 0.000000000000000000e+00 0.000000000000000000e+00 0.000000000000000000e+00 0.000000000000000000e+00
1.243801601231098175e-02 4.731748998165130615e-02 5.967975407838821411e-02 8.233471214771270752e-02 8.691804111003875732e-02 8.035812526941299438e-02 8.550275862216949463e-02 1.052858084440231323e-01 1.208953186869621277e-01 1.109641790390014648e-01 9.696970134973526001e-02 9.357782453298568726e-02 1.018250733613967896e-01 1.028168052434921265e-01 1.088498681783676147e-01 1.358298957347869873e-01 1.675929725170135498e-01 1.867183148860931396e-01 2.055716216564178467e-01 1.964187324047088623e-01 2.543388307094573975e-01 2.146005481481552124e-01 1.266838908195495605e-01 7.782369107007980347e-02 5.039256066083908081e-02 3.468663990497589111e-02 2.755854092538356781e-02 1.530647464096546173e-02 6.387740839272737503e-03 2.778925700113177299e-03 1.212121220305562019e-03 3.650137805379927158e-04 0.000000000000000000e+00 0.000000000000000000e+00 0.000000000000000000e+00 0.000000000000000000e+00 0.000000000000000000e+00 0.000000000000000000e+00 0.000000000000000000e+00 0.000000000000000000e+00 0.000000000000000000e+00 0.000000000000000000e+00 0.000000000000000000e+00 0.000000000000000000e+00 0.000000000000000000e+00 0.000000000000000000e+00 1.147842112914077006e-06 7.424242328852415085e-03 1.479637324810028076e-01 4.553191065788269043e-01 1.520913690328598022e-01 1.544628143310546875e-01 5.047979950904846191e-02 2.570362761616706848e-02 6.554177962243556976e-03 0.000000000000000000e+00 0.000000000000000000e+00 0.000000000000000000e+00 0.000000000000000000e+00 0.000000000000000000e+00 0.000000000000000000e+00 0.000000000000000000e+00 0.000000000000000000e+00 0.000000000000000000e+00 0.000000000000000000e+00 0.000000000000000000e+00 0.000000000000000000e+00 0.000000000000000000e+00 0.000000000000000000e+00 2.180899900849908590e-05 1.004361780360341072e-03 2.209595870226621628e-03 3.653581254184246063e-03 9.692378342151641846e-03 1.803259924054145813e-02 6.033631786704063416e-02 1.829924285411834717e-01 8.010560274124145508e-02 3.771889209747314453e-01 2.610479891300201416e-01 3.712121164426207542e-03 2.295684225828154013e-06 0.000000000000000000e+00 0.000000000000000000e+00 0.000000000000000000e+00 0.000000000000000000e+00 0.000000000000000000e+00 0.000000000000000000e+00 0.000000000000000000e+00 0.000000000000000000e+00 0.000000000000000000e+00 0.000000000000000000e+00 0.000000000000000000e+00 0.000000000000000000e+00 0.000000000000000000e+00 0.000000000000000000e+00
1.391116827726364136e-01 1.018439531326293945e-01 9.269113838672637939e-02 1.060268059372901917e-01 1.386388540267944336e-01 1.698841154575347900e-01 1.740776598453521729e-01 1.639783382415771484e-01 1.420703232288360596e-01 1.222093775868415833e-01 1.065366119146347046e-01 9.499207139015197754e-02 8.805064857006072998e-02 8.838257938623428345e-02 9.064367413520812988e-02 9.281972795724868774e-02 1.072789505124092102e-01 1.309587806463241577e-01 1.524715870618820190e-01 1.601915061473846436e-01 1.419051885604858398e-01 1.145145222544670105e-01 8.205037564039230347e-02 5.734311789274215698e-02 4.111043363809585571e-02 2.754060365259647369e-02 1.868398301303386688e-02 1.422588899731636047e-02 1.184730790555477142e-02 1.179924234747886658e-02 8.797054179012775421e-03 7.323894649744033813e-03 0.000000000000000000e+00 0.000000000000000000e+00 0.000000000000000000e+00 0.000000000000000000e+00 0.000000000000000000e+00 0.000000000000000000e+00 0.000000000000000000e+00 0.000000000000000000e+00 0.000000000000000000e+00 0.000000000000000000e+00 0.000000000000000000e+00 2.749678387772291899e-04 3.849002066999673843e-03 2.658355794847011566e-02 9.239179641008377075e-02 1.635320633649826050e-01 1.559489518404006958e-01 1.854771822690963745e-01 2.302418947219848633e-01 1.271045655012130737e-01 1.440253667533397675e-02 1.934908214025199413e-04 0.000000000000000000e+00 0.000000000000000000e+00 0.000000000000000000e+00 0.000000000000000000e+00 0.000000000000000000e+00 0.000000000000000000e+00 0.000000000000000000e+00 0.000000000000000000e+00 0.000000000000000000e+00 0.000000000000000000e+00 0.000000000000000000e+00 0.000000000000000000e+00 0.000000000000000000e+00 1.780170350684784353e-06 4.340876694186590612e-05 3.218000347260385752e-04 1.631046878173947334e-03 8.212062530219554901e-03 2.344525419175624847e-02 3.890220075845718384e-02 5.278492718935012817e-02 7.874432951211929321e-02 1.140127852559089661e-01 1.352251619100570679e-01 1.303432434797286987e-01 2.046501636505126953e-01 1.453830897808074951e-01 3.422254323959350586e-02 1.990230381488800049e-02 8.649847470223903656e-03 3.056415589526295662e-03 4.487398546189069748e-04 1.889719351311214268e-05 0.000000000000000000e+00 0.000000000000000000e+00 0.000000000000000000e+00 0.000000000000000000e+00 0.000000000000000000e+00 0.000000000000000000e+00 0.000000000000000000e+00 0.000000000000000000e+00 0.000000000000000000e+00
2.606950147310271859e-05 2.606950147310271859e-05 1.955212501343339682e-04 7.560155354440212250e-04 1.903073629364371300e-03 4.418780561536550522e-03 8.928803727030754089e-03 1.109257340431213379e-02 1.747960038483142853e-02 2.110326103866100311e-02 3.104877658188343048e-02 3.931280970573425293e-02 5.230845510959625244e-02 4.152871668338775635e-02 3.802236542105674744e-02 4.893245548009872437e-02 6.712896376848220825e-02 8.245783299207687378e-02 1.302041262388229370e-01 2.131181806325912476e-01 3.094580173492431641e-01 5.961834192276000977e-01 7.173153758049011230e-01 3.312521278858184814e-01 1.481399536132812500e-01 7.399827986955642700e-02 1.093615591526031494e-02 2.698193304240703583e-03 2.606950147310271859e-05 0.000000000000000000e+00 0.000000000000000000e+00 0.000000000000000000e+00 0.000000000000000000e+00 0.000000000000000000e+00 0.000000000000000000e+00 0.000000000000000000e+00 0.000000000000000000e+00 0.000000000000000000e+00 0.000000000000000000e+00 0.000000000000000000e+00 0.000000000000000000e+00 0.000000000000000000e+00 0.000000000000000000e+00 1.207886845804750919e-03 3.571521723642945290e-03 1.746656605973839760e-03 1.976937288418412209e-03 6.043779198080301285e-03 2.450967580080032349e-02 9.183850884437561035e-01 1.930011995136737823e-02 1.134023349732160568e-02 3.906080266460776329e-03 3.354275831952691078e-03 1.811830326914787292e-03 2.845920622348785400e-03 0.000000000000000000e+00 0.000000000000000000e+00 0.000000000000000000e+00 0.000000000000000000e+00 0.000000000000000000e+00 0.000000000000000000e+00 0.000000000000000000e+00 0.000000000000000000e+00 0.000000000000000000e+00 0.000000000000000000e+00 0.000000000000000000e+00 0.000000000000000000e+00 0.000000000000000000e+00 0.000000000000000000e+00 0.000000000000000000e+00 4.258018452674150467e-04 9.385020239278674126e-04 8.907079463824629784e-04 2.115974435582756996e-03 4.101601429283618927e-03 1.262198388576507568e-02 3.081849589943885803e-02 9.113723635673522949e-01 2.710359171032905579e-02 6.069848779588937759e-03 1.829209970310330391e-03 3.041441959794610739e-04 2.302805951330810785e-04 6.387027679011225700e-04 5.387697019614279270e-04 0.000000000000000000e+00 0.000000000000000000e+00 0.000000000000000000e+00 0.000000000000000000e+00 0.000000000000000000e+00 0.000000000000000000e+00 0.000000000000000000e+00 0.000000000000000000e+00 0.000000000000000000e+00 0.000000000000000000e+00
1.094419203582219779e-04 3.447420313023030758e-04 4.227194003760814667e-03 2.149439230561256409e-02 6.411107629537582397e-02 1.062051728367805481e-01 1.236091777682304382e-01 1.791017055511474609e-01 1.780483126640319824e-01 1.644994020462036133e-01 1.599876582622528076e-01 1.409693956375122070e-01 1.224737167358398438e-01 1.371608227491378784e-01 1.884808838367462158e-01 2.192066907882690430e-01 1.975754946470260620e-01 1.912251114845275879e-01 1.737527251243591309e-01 2.290893048048019409e-01 1.719660907983779907e-01 1.071655303239822388e-01 8.958915621042251587e-02 2.590763941407203674e-02 3.217592369765043259e-03 4.788084188476204872e-04 2.736047918006079271e-06 0.000000000000000000e+00 0.000000000000000000e+00 0.000000000000000000e+00 0.000000000000000000e+00 0.000000000000000000e+00 0.000000000000000000e+00 0.000000000000000000e+00 0.000000000000000000e+00 0.000000000000000000e+00 0.000000000000000000e+00 0.000000000000000000e+00 0.000000000000000000e+00 0.000000000000000000e+00 0.000000000000000000e+00 0.000000000000000000e+00 0.000000000000000000e+00 0.000000000000000000e+00 0.000000000000000000e+00 0.000000000000000000e+00 1.003217585093807429e-05 4.906190186738967896e-02 7.548446059226989746e-01 1.806977242231369019e-01 1.538570970296859741e-02 0.000000000000000000e+00 0.000000000000000000e+00 0.000000000000000000e+00 0.000000000000000000e+00 0.000000000000000000e+00 0.000000000000000000e+00 0.000000000000000000e+00 0.000000000000000000e+00 0.000000000000000000e+00 0.000000000000000000e+00 0.000000000000000000e+00 0.000000000000000000e+00 0.000000000000000000e+00 0.000000000000000000e+00 0.000000000000000000e+00 0.000000000000000000e+00 0.000000000000000000e+00 0.000000000000000000e+00 0.000000000000000000e+00 0.000000000000000000e+00 0.000000000000000000e+00 0.000000000000000000e+00 0.000000000000000000e+00 0.000000000000000000e+00 1.550427259644493461e-05 2.195222536101937294e-03 2.211274020373821259e-02 3.454224169254302979e-01 5.858207345008850098e-01 4.388985782861709595e-02 5.435615312308073044e-04 0.000000000000000000e+00 0.000000000000000000e+00 0.000000000000000000e+00 0.000000000000000000e+00 0.000000000000000000e+00 0.000000000000000000e+00 0.000000000000000000e+00 0.000000000000000000e+00 0.000000000000000000e+00 0.000000000000000000e+00 0.000000000000000000e+00 0.000000000000000000e+00 0.000000000000000000e+00 0.000000000000000000e+00
2.825424075126647949e-01 2.257140129804611206e-01 1.869081109762191772e-01 2.115312516689300537e-01 1.809255927801132202e-01 9.908445179462432861e-02 8.293499797582626343e-02 8.099451661109924316e-02 8.278515189886093140e-02 8.382657170295715332e-02 8.680471777915954590e-02 8.759889751672744751e-02 9.556686133146286011e-02 1.144809424877166748e-01 1.459482163190841675e-01 1.332264393568038940e-01 1.174815744161605835e-01 9.697164595127105713e-02 9.315062314271926880e-02 9.169713407754898071e-02 8.409254252910614014e-02 7.889295369386672974e-02 8.401387929916381836e-02 3.852493315935134888e-02 2.879255637526512146e-02 2.256653085350990295e-02 1.881668157875537872e-02 1.598087884485721588e-02 1.478212606161832809e-02 1.107348408550024033e-02 9.964637458324432373e-03 1.232468150556087494e-02 1.024809200316667557e-02 1.779524236917495728e-02 2.110679820179939270e-02 2.312095463275909424e-02 2.550347708165645599e-02 2.875009924173355103e-02 2.675217762589454651e-02 2.665852569043636322e-02 2.642626687884330750e-02 2.751138806343078613e-02 2.778610214591026306e-02 2.578942850232124329e-02 2.747892215847969055e-02 3.432055562734603882e-02 4.995679482817649841e-02 1.429013758897781372e-01 2.233964204788208008e-01 5.422485619783401489e-02 2.932949736714363098e-02 4.455741122364997864e-02 3.440047428011894226e-02 4.311890527606010437e-02 1.305017806589603424e-02 8.616039529442787170e-03 5.277012009173631668e-03 1.563374069519340992e-03 2.734655863605439663e-04 5.993766535539180040e-05 2.622272768348921090e-05 0.000000000000000000e+00 0.000000000000000000e+00 0.000000000000000000e+00 1.048909107339568436e-04 6.842883303761482239e-04 7.766922353766858578e-04 9.615000453777611256e-04 9.764844435267150402e-04 9.340285905636847019e-04 2.327579306438565254e-03 3.312804736196994781e-03 6.011248100548982620e-03 2.189472876489162445e-02 3.281836956739425659e-02 2.806830964982509613e-02 5.234555900096893311e-02 7.308274507522583008e-02 1.066403463482856750e-01 3.376388549804687500e-01 1.894005239009857178e-01 5.036512017250061035e-02 3.886083513498306274e-02 2.300607413053512573e-02 1.944852434098720551e-02 8.798349648714065552e-03 3.383980656508356333e-04 2.759629860520362854e-04 7.542156381532549858e-04 1.735694822855293751e-04 0.000000000000000000e+00 0.000000000000000000e+00 0.000000000000000000e+00 0.000000000000000000e+00 0.000000000000000000e+00 0.000000000000000000e+00
1.737116326694376767e-05 1.488956968387356028e-05 1.488956968387356028e-05 4.715030081570148468e-05 5.484324647113680840e-04 4.536355379968881607e-03 1.794689334928989410e-02 4.367855191230773926e-02 6.338241696357727051e-02 6.201505288481712341e-02 6.374720484018325806e-02 6.972537189722061157e-02 6.719414144754409790e-02 6.358342617750167847e-02 1.195657253265380859e-01 1.702498048543930054e-01 2.721515297889709473e-01 2.788518667221069336e-01 3.413656949996948242e-01 2.257779836654663086e-01 1.645049154758453369e-01 1.847373694181442261e-01 2.372032403945922852e-01 1.863007694482803345e-01 2.243336737155914307e-01 1.007552370429039001e-01 3.537513315677642822e-02 2.235916908830404282e-03 1.290429354412481189e-04 9.926379789249040186e-06 0.000000000000000000e+00 0.000000000000000000e+00 0.000000000000000000e+00 0.000000000000000000e+00 0.000000000000000000e+00 0.000000000000000000e+00 0.000000000000000000e+00 0.000000000000000000e+00 0.000000000000000000e+00 0.000000000000000000e+00 0.000000000000000000e+00 0.000000000000000000e+00 0.000000000000000000e+00 0.000000000000000000e+00 0.000000000000000000e+00 0.000000000000000000e+00 0.000000000000000000e+00 0.000000000000000000e+00 3.412829935550689697e-01 1.714260876178741455e-01 1.312589943408966064e-01 3.560319244861602783e-01 0.000000000000000000e+00 0.000000000000000000e+00 0.000000000000000000e+00 0.000000000000000000e+00 0.000000000000000000e+00 0.000000000000000000e+00 0.000000000000000000e+00 0.000000000000000000e+00 0.000000000000000000e+00 0.000000000000000000e+00 0.000000000000000000e+00 0.000000000000000000e+00 0.000000000000000000e+00 0.000000000000000000e+00 0.000000000000000000e+00 0.000000000000000000e+00 0.000000000000000000e+00 0.000000000000000000e+00 0.000000000000000000e+00 0.000000000000000000e+00 0.000000000000000000e+00 0.000000000000000000e+00 9.926379789249040186e-06 3.350095152854919434e-01 1.438034623861312866e-01 4.470510408282279968e-02 4.171519577503204346e-01 5.931921675801277161e-02 8.271982778751407750e-07 0.000000000000000000e+00 0.000000000000000000e+00 0.000000000000000000e+00 0.000000000000000000e+00 0.000000000000000000e+00 0.000000000000000000e+00 0.000000000000000000e+00 0.000000000000000000e+00 0.000000000000000000e+00 0.000000000000000000e+00 0.000000000000000000e+00 0.000000000000000000e+00 0.000000000000000000e+00 0.000000000000000000e+00 0.000000000000000000e+00
5.684500560164451599e-03 1.561106741428375244e-02 1.551206409931182861e-01 1.869853138923645020e-01 3.564975261688232422e-01 1.079923957586288452e-01 3.036978654563426971e-02 4.299763962626457214e-02 7.625229656696319580e-02 8.686729520559310913e-02 1.302255392074584961e-01 1.834841370582580566e-01 1.638735979795455933e-01 1.115984767675399780e-01 7.943876087665557861e-02 6.827957183122634888e-02 6.119197234511375427e-02 2.530881166458129883e-01 1.963086873292922974e-01 3.324613273143768311e-01 3.204497694969177246e-01 8.825072087347507477e-03 4.117493052035570145e-03 7.113820873200893402e-03 8.884080685675144196e-03 3.927353769540786743e-03 1.586677157320082188e-03 5.769734852947294712e-04 1.901389914564788342e-04 0.000000000000000000e+00 0.000000000000000000e+00 0.000000000000000000e+00 0.000000000000000000e+00 0.000000000000000000e+00 0.000000000000000000e+00 0.000000000000000000e+00 0.000000000000000000e+00 0.000000000000000000e+00 0.000000000000000000e+00 0.000000000000000000e+00 0.000000000000000000e+00 0.000000000000000000e+00 0.000000000000000000e+00 0.000000000000000000e+00 0.000000000000000000e+00 0.000000000000000000e+00 2.185505763918627053e-05 1.121164415962994099e-03 3.621820211410522461e-01 5.614826679229736328e-01 7.490383833646774292e-02 2.884867426473647356e-04 0.000000000000000000e+00 0.000000000000000000e+00 0.000000000000000000e+00 0.000000000000000000e+00 0.000000000000000000e+00 0.000000000000000000e+00 0.000000000000000000e+00 0.000000000000000000e+00 0.000000000000000000e+00 0.000000000000000000e+00 0.000000000000000000e+00 0.000000000000000000e+00 0.000000000000000000e+00 0.000000000000000000e+00 0.000000000000000000e+00 0.000000000000000000e+00 0.000000000000000000e+00 0.000000000000000000e+00 0.000000000000000000e+00 0.000000000000000000e+00 0.000000000000000000e+00 0.000000000000000000e+00 0.000000000000000000e+00 0.000000000000000000e+00 1.966955096577294171e-05 1.164000388234853745e-02 8.129972219467163086e-01 1.753147095441818237e-01 2.841157402144744992e-05 0.000000000000000000e+00 0.000000000000000000e+00 0.000000000000000000e+00 0.000000000000000000e+00 0.000000000000000000e+00 0.000000000000000000e+00 0.000000000000000000e+00 0.000000000000000000e+00 0.000000000000000000e+00 0.000000000000000000e+00 0.000000000000000000e+00 0.000000000000000000e+00 0.000000000000000000e+00 0.000000000000000000e+00 0.000000000000000000e+00
1.054289285093545914e-03 1.697803474962711334e-02 8.666555583477020264e-02 1.155913844704627991e-01 1.411951929330825806e-01 1.281060874462127686e-01 1.070352271199226379e-01 9.969498217105865479e-02 8.653874695301055908e-02 7.451885938644409180e-02 8.063323795795440674e-02 7.456112653017044067e-02 6.089017912745475769e-02 6.110899150371551514e-02 5.068048089742660522e-02 4.542892426252365112e-02 4.587401449680328369e-02 5.333609506487846375e-02 3.429424017667770386e-02 3.311562165617942810e-02 6.105926632881164551e-02 1.096435934305191040e-01 1.458947360515594482e-01 7.125403732061386108e-02 8.383589237928390503e-02 8.759055286645889282e-02 9.282967448234558105e-02 9.892416000366210938e-02 1.239187717437744141e-01 1.578947305679321289e-01 1.016842126846313477e-01 4.681690931320190430e-01 0.000000000000000000e+00 0.000000000000000000e+00 0.000000000000000000e+00 0.000000000000000000e+00 0.000000000000000000e+00 0.000000000000000000e+00 0.000000000000000000e+00 0.000000000000000000e+00 0.000000000000000000e+00 0.000000000000000000e+00 0.000000000000000000e+00 0.000000000000000000e+00 0.000000000000000000e+00 0.000000000000000000e+00 1.176958158612251282e-02 4.539079964160919189e-02 5.606473088264465332e-01 3.528304994106292725e-01 2.637049369513988495e-02 2.988810651004314423e-03 2.486531229806132615e-06 0.000000000000000000e+00 0.000000000000000000e+00 0.000000000000000000e+00 0.000000000000000000e+00 0.000000000000000000e+00 0.000000000000000000e+00 0.000000000000000000e+00 0.000000000000000000e+00 0.000000000000000000e+00 0.000000000000000000e+00 0.000000000000000000e+00 0.000000000000000000e+00 0.000000000000000000e+00 0.000000000000000000e+00 0.000000000000000000e+00 0.000000000000000000e+00 0.000000000000000000e+00 0.000000000000000000e+00 0.000000000000000000e+00 0.000000000000000000e+00 0.000000000000000000e+00 1.243265614903066307e-05 7.384998025372624397e-04 1.894736848771572113e-02 1.719287186861038208e-01 3.087998330593109131e-01 3.888686299324035645e-01 1.067956909537315369e-01 2.449233317747712135e-03 1.387484488077461720e-03 7.210940384538844228e-05 0.000000000000000000e+00 0.000000000000000000e+00 0.000000000000000000e+00 0.000000000000000000e+00 0.000000000000000000e+00 0.000000000000000000e+00 0.000000000000000000e+00 0.000000000000000000e+00 0.000000000000000000e+00 0.000000000000000000e+00 0.000000000000000000e+00 0.000000000000000000e+00
2.995260804891586304e-02 4.043583571910858154e-02 6.287574768066406250e-02 1.023862436413764954e-01 1.488524675369262695e-01 2.021042406558990479e-01 2.383142411708831787e-01 2.150796651840209961e-01 1.916527748107910156e-01 1.870371550321578979e-01 1.747235357761383057e-01 1.536876857280731201e-01 1.405867934226989746e-01 1.334192156791687012e-01 1.257954090833663940e-01 1.094604432582855225e-01 9.927139431238174438e-02 9.238579869270324707e-02 8.308812230825424194e-02 7.762505114078521729e-02 7.087749987840652466e-02 6.387785822153091431e-02 5.545236915349960327e-02 4.578042775392532349e-02 3.358604758977890015e-02 2.460137009620666504e-02 1.840525865554809570e-02 1.523615140467882156e-02 1.354898698627948761e-02 1.211096718907356262e-02 1.766225695610046387e-02 2.012638002634048462e-02 0.000000000000000000e+00 0.000000000000000000e+00 0.000000000000000000e+00 0.000000000000000000e+00 0.000000000000000000e+00 0.000000000000000000e+00 0.000000000000000000e+00 0.000000000000000000e+00 0.000000000000000000e+00 0.000000000000000000e+00 0.000000000000000000e+00 9.104510354518424720e-06 1.691716315690428019e-04 2.660608384758234024e-03 2.198628336191177368e-02 1.449346989393234253e-01 3.014333546161651611e-01 2.071723788976669312e-01 1.425464749336242676e-01 1.620835363864898682e-01 1.643388718366622925e-02 5.391346057876944542e-04 3.137364910799078643e-05 0.000000000000000000e+00 0.000000000000000000e+00 0.000000000000000000e+00 0.000000000000000000e+00 0.000000000000000000e+00 0.000000000000000000e+00 0.000000000000000000e+00 0.000000000000000000e+00 0.000000000000000000e+00 0.000000000000000000e+00 0.000000000000000000e+00 0.000000000000000000e+00 0.000000000000000000e+00 0.000000000000000000e+00 1.476406964684429113e-06 2.915903860412072390e-05 1.063013041857630014e-04 3.880981821566820145e-03 3.779060766100883484e-02 7.093643397092819214e-02 6.138789653778076172e-02 5.928906053304672241e-02 1.018851250410079956e-01 2.306862622499465942e-01 3.138243257999420166e-01 9.562393277883529663e-02 1.867310330271720886e-02 5.261422600597143173e-03 6.026201299391686916e-04 2.042363121290691197e-05 8.612374244876264129e-07 0.000000000000000000e+00 0.000000000000000000e+00 0.000000000000000000e+00 0.000000000000000000e+00 0.000000000000000000e+00 0.000000000000000000e+00 0.000000000000000000e+00 0.000000000000000000e+00 0.000000000000000000e+00 0.000000000000000000e+00
8.295854181051254272e-02 7.157930731773376465e-02 9.700904786586761475e-02 1.240358352661132812e-01 1.425074189901351929e-01 1.575583070516586304e-01 1.550134867429733276e-01 1.558352112770080566e-01 1.544229984283447266e-01 1.447301506996154785e-01 1.363856792449951172e-01 1.360001415014266968e-01 1.401509046554565430e-01 1.503982990980148315e-01 1.605346947908401489e-01 1.730840653181076050e-01 1.937346607446670532e-01 2.005656063556671143e-01 1.672527194023132324e-01 1.122625768184661865e-01 6.394210457801818848e-02 3.459399938583374023e-02 2.014673687517642975e-02 1.039045676589012146e-02 4.789587110280990601e-03 3.068027086555957794e-03 2.797341672703623772e-03 1.216538017615675926e-03 4.017746541649103165e-04 8.031625766307115555e-04 1.337959896773099899e-03 4.926476394757628441e-04 0.000000000000000000e+00 0.000000000000000000e+00 0.000000000000000000e+00 0.000000000000000000e+00 0.000000000000000000e+00 0.000000000000000000e+00 0.000000000000000000e+00 0.000000000000000000e+00 0.000000000000000000e+00 0.000000000000000000e+00 0.000000000000000000e+00 0.000000000000000000e+00 2.835753093677340075e-06 1.022778823971748352e-02 2.148869261145591736e-02 9.672032296657562256e-02 9.253243356943130493e-02 2.124979346990585327e-01 2.891508042812347412e-01 2.005188167095184326e-01 7.314760982990264893e-02 3.578462637960910797e-03 1.343115873169153929e-04 0.000000000000000000e+00 0.000000000000000000e+00 0.000000000000000000e+00 0.000000000000000000e+00 0.000000000000000000e+00 0.000000000000000000e+00 0.000000000000000000e+00 0.000000000000000000e+00 0.000000000000000000e+00 0.000000000000000000e+00 0.000000000000000000e+00 0.000000000000000000e+00 0.000000000000000000e+00 0.000000000000000000e+00 0.000000000000000000e+00 0.000000000000000000e+00 1.791680369933601469e-05 2.114182803779840469e-03 6.143401376903057098e-03 1.081852708011865616e-02 2.037205174565315247e-02 1.739028245210647583e-01 2.511971890926361084e-01 2.481027543544769287e-01 1.829401105642318726e-01 7.720660418272018433e-02 2.128632366657257080e-02 5.898108705878257751e-03 0.000000000000000000e+00 0.000000000000000000e+00 0.000000000000000000e+00 0.000000000000000000e+00 0.000000000000000000e+00 0.000000000000000000e+00 0.000000000000000000e+00 0.000000000000000000e+00 0.000000000000000000e+00 0.000000000000000000e+00 0.000000000000000000e+00 0.000000000000000000e+00 0.000000000000000000e+00
5.286017060279846191e-02 8.375559747219085693e-02 1.054590642452239990e-01 1.165485233068466187e-01 1.289615184068679810e-01 1.385646760463714600e-01 1.496155709028244019e-01 1.619943082332611084e-01 1.593986302614212036e-01 1.498511433601379395e-01 1.448439806699752808e-01 1.421840488910675049e-01 1.436874866485595703e-01 1.555565148591995239e-01 1.765618026256561279e-01 1.743344813585281372e-01 1.702053844928741455e-01 1.661491096019744873e-01 1.549140065908432007e-01 1.426637768745422363e-01 9.641702473163604736e-02 5.023022741079330444e-02 2.374231629073619843e-02 8.652260527014732361e-03 2.557128435000777245e-03 2.784143143799155951e-04 1.284989139094250277e-05 0.000000000000000000e+00 0.000000000000000000e+00 0.000000000000000000e+00 0.000000000000000000e+00 0.000000000000000000e+00 0.000000000000000000e+00 0.000000000000000000e+00 0.000000000000000000e+00 0.000000000000000000e+00 0.000000000000000000e+00 0.000000000000000000e+00 0.000000000000000000e+00 0.000000000000000000e+00 0.000000000000000000e+00 0.000000000000000000e+00 0.000000000000000000e+00 0.000000000000000000e+00 0.000000000000000000e+00 0.000000000000000000e+00 0.000000000000000000e+00 1.673769764602184296e-02 1.310831755399703979e-01 2.923107743263244629e-01 2.891996800899505615e-01 1.831637918949127197e-01 6.407669931650161743e-02 1.710463315248489380e-02 5.748184863477945328e-03 5.753895966336131096e-04 0.000000000000000000e+00 0.000000000000000000e+00 0.000000000000000000e+00 0.000000000000000000e+00 0.000000000000000000e+00 0.000000000000000000e+00 0.000000000000000000e+00 0.000000000000000000e+00 0.000000000000000000e+00 0.000000000000000000e+00 0.000000000000000000e+00 0.000000000000000000e+00 0.000000000000000000e+00 0.000000000000000000e+00 0.000000000000000000e+00 0.000000000000000000e+00 0.000000000000000000e+00 0.000000000000000000e+00 1.057974435389041901e-02 1.138771697878837585e-01 2.001213580369949341e-01 2.129912376403808594e-01 1.921458542346954346e-01 2.404057681560516357e-01 2.983316592872142792e-02 4.568850272335112095e-05 0.000000000000000000e+00 0.000000000000000000e+00 0.000000000000000000e+00 0.000000000000000000e+00 0.000000000000000000e+00 0.000000000000000000e+00 0.000000000000000000e+00 0.000000000000000000e+00 0.000000000000000000e+00 0.000000000000000000e+00 0.000000000000000000e+00 0.000000000000000000e+00 0.000000000000000000e+00 0.000000000000000000e+00
1.477611949667334557e-04 3.626865800470113754e-04 1.193283591419458389e-03 4.090298432856798172e-03 1.036567240953445435e-02 1.922910474240779877e-02 3.495895490050315857e-02 5.860970169305801392e-02 7.741567492485046387e-02 1.116290986537933350e-01 1.370888054370880127e-01 1.836290955543518066e-01 1.992940306663513184e-01 2.309462726116180420e-01 2.636910676956176758e-01 2.313335835933685303e-01 1.730216443538665771e-01 1.469619423151016235e-01 1.405656635761260986e-01 1.513813436031341553e-01 1.446806043386459351e-01 1.398604512214660645e-01 1.380403041839599609e-01 1.262708902359008789e-01 8.681865781545639038e-02 6.693805754184722900e-02 5.422388017177581787e-02 4.245671629905700684e-02 2.300373092293739319e-02 1.410447759553790092e-03 2.037313533946871758e-04 1.768656802596524358e-04 0.000000000000000000e+00 0.000000000000000000e+00 0.000000000000000000e+00 0.000000000000000000e+00 0.000000000000000000e+00 0.000000000000000000e+00 0.000000000000000000e+00 0.000000000000000000e+00 0.000000000000000000e+00 0.000000000000000000e+00 0.000000000000000000e+00 0.000000000000000000e+00 0.000000000000000000e+00 0.000000000000000000e+00 0.000000000000000000e+00 0.000000000000000000e+00 9.134552478790283203e-01 3.659850731492042542e-02 4.582910612225532532e-02 4.117164295166730881e-03 0.000000000000000000e+00 0.000000000000000000e+00 0.000000000000000000e+00 0.000000000000000000e+00 0.000000000000000000e+00 0.000000000000000000e+00 0.000000000000000000e+00 0.000000000000000000e+00 0.000000000000000000e+00 0.000000000000000000e+00 0.000000000000000000e+00 0.000000000000000000e+00 0.000000000000000000e+00 0.000000000000000000e+00 0.000000000000000000e+00 0.000000000000000000e+00 0.000000000000000000e+00 0.000000000000000000e+00 0.000000000000000000e+00 0.000000000000000000e+00 0.000000000000000000e+00 0.000000000000000000e+00 0.000000000000000000e+00 0.000000000000000000e+00 7.153731305152177811e-03 4.907537251710891724e-02 4.065373167395591736e-02 9.031171798706054688e-01 0.000000000000000000e+00 0.000000000000000000e+00 0.000000000000000000e+00 0.000000000000000000e+00 0.000000000000000000e+00 0.000000000000000000e+00 0.000000000000000000e+00 0.000000000000000000e+00 0.000000000000000000e+00 0.000000000000000000e+00 0.000000000000000000e+00 0.000000000000000000e+00 0.000000000000000000e+00 0.000000000000000000e+00 0.000000000000000000e+00 0.000000000000000000e+00
6.514547567348927259e-05 9.346959268441423774e-05 1.274585374630987644e-04 1.478519057855010033e-03 9.244992397725582123e-03 4.146084189414978027e-02 8.805685490369796753e-02 1.196665614843368530e-01 2.175207436084747314e-01 3.892951905727386475e-01 5.203055143356323242e-01 3.820045590400695801e-01 2.703707218170166016e-01 2.121589779853820801e-01 1.884063631296157837e-01 1.411589086055755615e-01 9.835550189018249512e-02 6.972548365592956543e-02 6.675428152084350586e-02 6.205531209707260132e-02 6.474327296018600464e-02 3.597729653120040894e-02 9.545228444039821625e-03 1.889218576252460480e-03 7.024381775408983231e-04 5.834768526256084442e-04 5.409906152635812759e-04 5.438230582512915134e-04 6.401250720955431461e-04 7.534215110354125500e-04 1.039495225995779037e-03 4.735792987048625946e-03 0.000000000000000000e+00 0.000000000000000000e+00 0.000000000000000000e+00 0.000000000000000000e+00 0.000000000000000000e+00 0.000000000000000000e+00 0.000000000000000000e+00 0.000000000000000000e+00 0.000000000000000000e+00 0.000000000000000000e+00 0.000000000000000000e+00 0.000000000000000000e+00 0.000000000000000000e+00 0.000000000000000000e+00 0.000000000000000000e+00 2.048777969321236014e-04 1.668290607631206512e-02 6.531447172164916992e-02 6.788158416748046875e-02 1.779887676239013672e-01 2.493315488100051880e-01 2.336673736572265625e-01 1.439781039953231812e-01 3.611513972282409668e-02 8.835236541926860809e-03 0.000000000000000000e+00 0.000000000000000000e+00 0.000000000000000000e+00 0.000000000000000000e+00 0.000000000000000000e+00 0.000000000000000000e+00 0.000000000000000000e+00 0.000000000000000000e+00 0.000000000000000000e+00 0.000000000000000000e+00 0.000000000000000000e+00 0.000000000000000000e+00 0.000000000000000000e+00 0.000000000000000000e+00 0.000000000000000000e+00 0.000000000000000000e+00 0.000000000000000000e+00 0.000000000000000000e+00 0.000000000000000000e+00 0.000000000000000000e+00 3.491362929344177246e-01 6.189122200012207031e-01 3.175511211156845093e-02 1.963805552804842591e-04 0.000000000000000000e+00 0.000000000000000000e+00 0.000000000000000000e+00 0.000000000000000000e+00 0.000000000000000000e+00 0.000000000000000000e+00 0.000000000000000000e+00 0.000000000000000000e+00 0.000000000000000000e+00 0.000000000000000000e+00 0.000000000000000000e+00 0.000000000000000000e+00 0.000000000000000000e+00 0.000000000000000000e+00 0.000000000000000000e+00
3.612040076404809952e-03 1.364966481924057007e-02 1.867057010531425476e-02 1.792642101645469666e-02 2.009615302085876465e-02 2.340300939977169037e-02 2.366220764815807343e-02 1.924749091267585754e-02 1.913879625499248505e-02 2.005016803741455078e-02 2.217391319572925568e-02 2.942725829780101776e-02 4.300585389137268066e-02 5.773829296231269836e-02 9.101588279008865356e-02 1.297658830881118774e-01 1.795568615198135376e-01 2.122031748294830322e-01 2.081438302993774414e-01 2.273954898118972778e-01 2.368603646755218506e-01 2.585785984992980957e-01 2.879389524459838867e-01 3.188419640064239502e-01 2.833445072174072266e-01 1.880393028259277344e-01 4.631689190864562988e-02 1.839464966906234622e-04 1.254180642717983574e-05 0.000000000000000000e+00 0.000000000000000000e+00 0.000000000000000000e+00 0.000000000000000000e+00 0.000000000000000000e+00 0.000000000000000000e+00 0.000000000000000000e+00 0.000000000000000000e+00 0.000000000000000000e+00 0.000000000000000000e+00 0.000000000000000000e+00 0.000000000000000000e+00 0.000000000000000000e+00 0.000000000000000000e+00 0.000000000000000000e+00 0.000000000000000000e+00 0.000000000000000000e+00 0.000000000000000000e+00 2.369007779634557664e-05 7.873452901840209961e-01 2.126309871673583984e-01 0.000000000000000000e+00 0.000000000000000000e+00 0.000000000000000000e+00 0.000000000000000000e+00 0.000000000000000000e+00 0.000000000000000000e+00 0.000000000000000000e+00 0.000000000000000000e+00 0.000000000000000000e+00 0.000000000000000000e+00 0.000000000000000000e+00 0.000000000000000000e+00 0.000000000000000000e+00 0.000000000000000000e+00 0.000000000000000000e+00 0.000000000000000000e+00 0.000000000000000000e+00 0.000000000000000000e+00 0.000000000000000000e+00 0.000000000000000000e+00 0.000000000000000000e+00 0.000000000000000000e+00 0.000000000000000000e+00 0.000000000000000000e+00 0.000000000000000000e+00 0.000000000000000000e+00 0.000000000000000000e+00 0.000000000000000000e+00 1.233821064233779907e-01 8.759796619415283203e-01 6.382385618053376675e-04 0.000000000000000000e+00 0.000000000000000000e+00 0.000000000000000000e+00 0.000000000000000000e+00 0.000000000000000000e+00 0.000000000000000000e+00 0.000000000000000000e+00 0.000000000000000000e+00 0.000000000000000000e+00 0.000000000000000000e+00 0.000000000000000000e+00 0.000000000000000000e+00 0.000000000000000000e+00 0.000000000000000000e+00 0.000000000000000000e+00
9.357152157463133335e-05 1.490213209763169289e-03 8.618976920843124390e-03 1.899848505854606628e-02 8.001057803630828857e-02 1.553010046482086182e-01 2.148506194353103638e-01 3.136551976203918457e-01 3.536656796932220459e-01 3.104217946529388428e-01 2.969301640987396240e-01 2.818512916564941406e-01 1.953911930322647095e-01 1.174045354127883911e-01 9.105202555656433105e-02 7.400120794773101807e-02 6.032244116067886353e-02 6.363556534051895142e-02 5.866241455078125000e-02 5.623994767665863037e-02 4.126504063606262207e-02 4.029813408851623535e-02 3.626416251063346863e-02 4.427319392561912537e-02 4.045062512159347534e-02 2.026689797639846802e-02 6.352466531097888947e-03 5.662810057401657104e-03 3.531458554789423943e-03 2.994288690388202667e-03 2.380875404924154282e-03 3.663151990622282028e-03 0.000000000000000000e+00 0.000000000000000000e+00 0.000000000000000000e+00 0.000000000000000000e+00 0.000000000000000000e+00 0.000000000000000000e+00 0.000000000000000000e+00 0.000000000000000000e+00 0.000000000000000000e+00 0.000000000000000000e+00 0.000000000000000000e+00 0.000000000000000000e+00 0.000000000000000000e+00 0.000000000000000000e+00 0.000000000000000000e+00 1.775895059108734131e-02 3.023827373981475830e-01 3.957347571849822998e-01 1.292372941970825195e-01 8.550819754600524902e-02 5.670780688524246216e-02 1.267027668654918671e-02 0.000000000000000000e+00 0.000000000000000000e+00 0.000000000000000000e+00 0.000000000000000000e+00 0.000000000000000000e+00 0.000000000000000000e+00 0.000000000000000000e+00 0.000000000000000000e+00 0.000000000000000000e+00 0.000000000000000000e+00 0.000000000000000000e+00 0.000000000000000000e+00 0.000000000000000000e+00 0.000000000000000000e+00 0.000000000000000000e+00 0.000000000000000000e+00 0.000000000000000000e+00 0.000000000000000000e+00 0.000000000000000000e+00 1.721253938740119338e-04 1.079422608017921448e-02 5.218403041362762451e-02 1.000187173485755920e-01 1.104478985071182251e-01 1.954986304044723511e-01 5.006734728813171387e-01 3.021089360117912292e-02 0.000000000000000000e+00 0.000000000000000000e+00 0.000000000000000000e+00 0.000000000000000000e+00 0.000000000000000000e+00 0.000000000000000000e+00 0.000000000000000000e+00 0.000000000000000000e+00 0.000000000000000000e+00 0.000000000000000000e+00 0.000000000000000000e+00 0.000000000000000000e+00 0.000000000000000000e+00 0.000000000000000000e+00 0.000000000000000000e+00
2.299662828445434570e-01 4.524238109588623047e-01 3.967891037464141846e-01 3.716079592704772949e-01 3.094640374183654785e-01 2.332521080970764160e-01 1.758620738983154297e-01 1.403298377990722656e-01 1.246439293026924133e-01 1.061344295740127563e-01 9.337831288576126099e-02 8.030360192060470581e-02 6.646052002906799316e-02 5.447901040315628052e-02 4.177286475896835327e-02 2.949775010347366333e-02 2.148300781846046448e-02 1.867191493511199951e-02 1.567341387271881104e-02 1.314967498183250427e-02 1.144427806138992310e-02 8.102199062705039978e-03 4.072963260114192963e-03 8.745627128519117832e-04 1.249375345651060343e-04 3.123438364127650857e-05 6.246876637305831537e-06 0.000000000000000000e+00 0.000000000000000000e+00 0.000000000000000000e+00 0.000000000000000000e+00 0.000000000000000000e+00 0.000000000000000000e+00 0.000000000000000000e+00 0.000000000000000000e+00 0.000000000000000000e+00 0.000000000000000000e+00 0.000000000000000000e+00 0.000000000000000000e+00 0.000000000000000000e+00 0.000000000000000000e+00 0.000000000000000000e+00 0.000000000000000000e+00 0.000000000000000000e+00 0.000000000000000000e+00 0.000000000000000000e+00 0.000000000000000000e+00 1.978177577257156372e-03 5.388118624687194824e-01 3.055347204208374023e-01 1.467266380786895752e-01 6.948608905076980591e-03 0.000000000000000000e+00 0.000000000000000000e+00 0.000000000000000000e+00 0.000000000000000000e+00 0.000000000000000000e+00 0.000000000000000000e+00 0.000000000000000000e+00 0.000000000000000000e+00 0.000000000000000000e+00 0.000000000000000000e+00 0.000000000000000000e+00 0.000000000000000000e+00 0.000000000000000000e+00 0.000000000000000000e+00 0.000000000000000000e+00 0.000000000000000000e+00 0.000000000000000000e+00 0.000000000000000000e+00 0.000000000000000000e+00 0.000000000000000000e+00 0.000000000000000000e+00 0.000000000000000000e+00 0.000000000000000000e+00 0.000000000000000000e+00 1.153798121958971024e-02 1.112443804740905762e-01 2.109736800193786621e-01 6.496126651763916016e-01 1.663126796483993530e-02 0.000000000000000000e+00 0.000000000000000000e+00 0.000000000000000000e+00 0.000000000000000000e+00 0.000000000000000000e+00 0.000000000000000000e+00 0.000000000000000000e+00 0.000000000000000000e+00 0.000000000000000000e+00 0.000000000000000000e+00 0.000000000000000000e+00 0.000000000000000000e+00 0.000000000000000000e+00 0.000000000000000000e+00 0.000000000000000000e+00
2.418711228528991342e-04 3.128199605271220207e-03 3.134381026029586792e-02 8.643129467964172363e-02 1.292129307985305786e-01 1.483234316110610962e-01 1.530022919178009033e-01 1.329054832458496094e-01 1.134698018431663513e-01 1.209866106510162354e-01 1.276622712612152100e-01 1.367996037006378174e-01 1.279095113277435303e-01 1.012929305434226990e-01 1.179901063442230225e-01 1.466410756111145020e-01 1.561170518398284912e-01 1.635559350252151489e-01 1.222416609525680542e-01 1.023464202880859375e-01 1.363991796970367432e-01 1.756521761417388916e-01 2.064934372901916504e-01 1.495919078588485718e-01 4.753573238849639893e-02 2.685575745999813080e-02 1.805164851248264313e-02 1.019889861345291138e-02 5.079293157905340195e-03 1.916156616061925888e-03 5.374914035201072693e-04 8.599861757829785347e-05 0.000000000000000000e+00 0.000000000000000000e+00 0.000000000000000000e+00 0.000000000000000000e+00 0.000000000000000000e+00 0.000000000000000000e+00 0.000000000000000000e+00 0.000000000000000000e+00 0.000000000000000000e+00 0.000000000000000000e+00 0.000000000000000000e+00 3.314530113129876554e-05 4.864296934101730585e-04 9.647969854995608330e-04 8.191368542611598969e-03 1.017560716718435287e-02 3.046922087669372559e-01 2.828557193279266357e-01 1.272600442171096802e-01 5.898967757821083069e-02 8.965714275836944580e-02 9.470508247613906860e-02 2.197175100445747375e-02 1.702056033536791801e-05 0.000000000000000000e+00 0.000000000000000000e+00 0.000000000000000000e+00 0.000000000000000000e+00 0.000000000000000000e+00 0.000000000000000000e+00 0.000000000000000000e+00 0.000000000000000000e+00 0.000000000000000000e+00 0.000000000000000000e+00 0.000000000000000000e+00 0.000000000000000000e+00 0.000000000000000000e+00 0.000000000000000000e+00 0.000000000000000000e+00 0.000000000000000000e+00 0.000000000000000000e+00 0.000000000000000000e+00 5.374913598643615842e-06 1.352686667814850807e-04 2.019534260034561157e-02 2.379465252161026001e-01 6.511214971542358398e-01 7.337832450866699219e-02 7.047407794743776321e-03 9.261871688067913055e-03 5.419704830273985863e-04 3.654941392596811056e-04 8.958189710028818808e-07 0.000000000000000000e+00 0.000000000000000000e+00 0.000000000000000000e+00 0.000000000000000000e+00 0.000000000000000000e+00 0.000000000000000000e+00 0.000000000000000000e+00 0.000000000000000000e+00 0.000000000000000000e+00 0.000000000000000000e+00 0.000000000000000000e+00
7.117253541946411133e-02 4.645288363099098206e-02 2.122331038117408752e-02 2.992865256965160370e-02 2.690996974706649780e-02 3.504944220185279846e-02 5.618669092655181885e-02 5.498395115137100220e-02 7.040871679782867432e-02 9.017969667911529541e-02 9.733159840106964111e-02 1.332352161407470703e-01 1.734463274478912354e-01 2.243895828723907471e-01 2.945358157157897949e-01 3.435017764568328857e-01 4.163245558738708496e-01 3.550278544425964355e-01 2.470738291740417480e-01 1.332524418830871582e-01 4.288554191589355469e-02 2.785881981253623962e-02 7.999621331691741943e-03 5.809300346300005913e-04 5.163822061149403453e-05 8.606370101915672421e-06 0.000000000000000000e+00 0.000000000000000000e+00 0.000000000000000000e+00 0.000000000000000000e+00 0.000000000000000000e+00 0.000000000000000000e+00 0.000000000000000000e+00 0.000000000000000000e+00 0.000000000000000000e+00 0.000000000000000000e+00 0.000000000000000000e+00 0.000000000000000000e+00 0.000000000000000000e+00 0.000000000000000000e+00 0.000000000000000000e+00 4.181261756457388401e-04 7.035707822069525719e-04 3.786802990362048149e-04 3.528611850924789906e-04 6.431110203266143799e-03 8.718253113329410553e-03 7.654721289873123169e-02 2.534382343292236328e-01 2.490181624889373779e-01 1.212967485189437866e-01 2.240116298198699951e-01 5.664497986435890198e-02 1.836025738157331944e-03 2.044012944679707289e-04 0.000000000000000000e+00 0.000000000000000000e+00 0.000000000000000000e+00 0.000000000000000000e+00 0.000000000000000000e+00 0.000000000000000000e+00 0.000000000000000000e+00 0.000000000000000000e+00 0.000000000000000000e+00 0.000000000000000000e+00 0.000000000000000000e+00 0.000000000000000000e+00 0.000000000000000000e+00 0.000000000000000000e+00 0.000000000000000000e+00 3.585987769838538952e-06 9.194472222588956356e-04 9.725916199386119843e-03 4.692049697041511536e-02 1.417720168828964233e-01 1.183526515960693359e-01 8.732310682535171509e-02 2.561205625534057617e-01 1.515940427780151367e-01 1.142531558871269226e-01 6.653728336095809937e-02 6.477728020399808884e-03 0.000000000000000000e+00 0.000000000000000000e+00 0.000000000000000000e+00 0.000000000000000000e+00 0.000000000000000000e+00 0.000000000000000000e+00 0.000000000000000000e+00 0.000000000000000000e+00 0.000000000000000000e+00 0.000000000000000000e+00 0.000000000000000000e+00 0.000000000000000000e+00 0.000000000000000000e+00 0.000000000000000000e+00
1.891117841005325317e-01 1.629551947116851807e-01 9.080952405929565430e-02 9.441387653350830078e-02 1.098747998476028442e-01 1.313568055629730225e-01 1.367916315793991089e-01 1.409175395965576172e-01 1.524319499731063843e-01 1.688352376222610474e-01 1.779852360486984253e-01 1.675681769847869873e-01 1.538966298103332520e-01 1.418622136116027832e-01 1.316799670457839966e-01 1.154107600450515747e-01 1.025141850113868713e-01 9.768190979957580566e-02 8.726793527603149414e-02 7.163303345441818237e-02 5.552618205547332764e-02 4.418729245662689209e-02 3.965026140213012695e-02 5.412116646766662598e-02 4.280436784029006958e-02 4.465575516223907471e-02 2.937579154968261719e-02 3.170261904597282410e-02 2.428505010902881622e-02 2.798782894387841225e-03 2.551569370552897453e-03 3.342807758599519730e-03 0.000000000000000000e+00 0.000000000000000000e+00 0.000000000000000000e+00 0.000000000000000000e+00 0.000000000000000000e+00 0.000000000000000000e+00 0.000000000000000000e+00 0.000000000000000000e+00 0.000000000000000000e+00 0.000000000000000000e+00 0.000000000000000000e+00 6.328873496386222541e-06 4.831513855606317520e-03 2.259343303740024567e-02 5.583461374044418335e-02 2.086846679449081421e-01 1.302338838577270508e-01 1.324218660593032837e-01 1.887838393449783325e-01 1.779683083295822144e-01 7.329003512859344482e-02 5.337307229638099670e-03 1.420767512172460556e-05 0.000000000000000000e+00 0.000000000000000000e+00 0.000000000000000000e+00 0.000000000000000000e+00 0.000000000000000000e+00 0.000000000000000000e+00 0.000000000000000000e+00 0.000000000000000000e+00 0.000000000000000000e+00 0.000000000000000000e+00 0.000000000000000000e+00 0.000000000000000000e+00 0.000000000000000000e+00 0.000000000000000000e+00 0.000000000000000000e+00 3.745659796550171450e-06 7.757390849292278290e-04 6.376275327056646347e-03 2.519795857369899750e-02 6.976705044507980347e-02 7.758643478155136108e-02 1.097318157553672791e-01 1.254148930311203003e-01 1.188598647713661194e-01 1.259412318468093872e-01 2.303942441940307617e-01 6.707340478897094727e-02 2.914924174547195435e-02 1.119009405374526978e-02 2.530903555452823639e-03 7.103837560862302780e-06 0.000000000000000000e+00 0.000000000000000000e+00 0.000000000000000000e+00 0.000000000000000000e+00 0.000000000000000000e+00 0.000000000000000000e+00 0.000000000000000000e+00 0.000000000000000000e+00 0.000000000000000000e+00 0.000000000000000000e+00
2.573538949945941567e-05 1.158092491095885634e-04 1.106621697545051575e-03 5.859090015292167664e-03 1.834504306316375732e-02 3.912637010216712952e-02 4.903020709753036499e-02 6.837463378906250000e-02 1.311732828617095947e-01 1.416947692632675171e-01 1.402192562818527222e-01 1.273258328437805176e-01 1.083331108093261719e-01 1.181211471557617188e-01 1.054078638553619385e-01 5.971039086580276489e-02 3.026481717824935913e-02 3.605099022388458252e-02 4.088066518306732178e-02 3.481998294591903687e-02 1.177136749029159546e-01 2.597430050373077393e-01 3.985425233840942383e-01 3.779370784759521484e-01 2.958454489707946777e-01 2.829563021659851074e-01 6.390954367816448212e-03 3.216923505533486605e-04 3.860308206640183926e-04 6.691201124340295792e-04 1.166671048849821091e-03 2.341920277103781700e-03 0.000000000000000000e+00 0.000000000000000000e+00 0.000000000000000000e+00 0.000000000000000000e+00 0.000000000000000000e+00 0.000000000000000000e+00 0.000000000000000000e+00 0.000000000000000000e+00 0.000000000000000000e+00 0.000000000000000000e+00 0.000000000000000000e+00 0.000000000000000000e+00 3.574359652702696621e-05 9.507796494290232658e-04 3.719049692153930664e-02 2.590552903711795807e-02 3.251094520092010498e-01 3.451930582523345947e-01 7.999988645315170288e-02 3.862595930695533752e-02 1.236456781625747681e-01 2.334342710673809052e-02 0.000000000000000000e+00 0.000000000000000000e+00 0.000000000000000000e+00 0.000000000000000000e+00 0.000000000000000000e+00 0.000000000000000000e+00 0.000000000000000000e+00 0.000000000000000000e+00 0.000000000000000000e+00 0.000000000000000000e+00 0.000000000000000000e+00 0.000000000000000000e+00 0.000000000000000000e+00 0.000000000000000000e+00 0.000000000000000000e+00 0.000000000000000000e+00 0.000000000000000000e+00 0.000000000000000000e+00 0.000000000000000000e+00 3.474277444183826447e-03 5.521241575479507446e-02 9.968174248933792114e-02 7.226211577653884888e-02 7.632544636726379395e-02 5.447967052459716797e-01 9.404426068067550659e-02 1.919431053102016449e-02 1.794900372624397278e-02 1.627048477530479431e-02 7.892185822129249573e-04 0.000000000000000000e+00 0.000000000000000000e+00 0.000000000000000000e+00 0.000000000000000000e+00 0.000000000000000000e+00 0.000000000000000000e+00 0.000000000000000000e+00 0.000000000000000000e+00 0.000000000000000000e+00 0.000000000000000000e+00 0.000000000000000000e+00 0.000000000000000000e+00
8.007049560546875000e-02 3.882746025919914246e-02 6.214842572808265686e-02 1.518144756555557251e-01 3.670797646045684814e-01 2.848942577838897705e-01 3.134471178054809570e-01 3.748497366905212402e-01 3.219740390777587891e-01 1.801669746637344360e-01 8.856400847434997559e-02 5.422263219952583313e-02 4.658627137541770935e-02 4.535064846277236938e-02 5.479035526514053345e-02 7.166604697704315186e-02 8.532467484474182129e-02 7.467161118984222412e-02 6.433024257421493530e-02 7.282374799251556396e-02 7.262337207794189453e-02 5.840816348791122437e-02 2.935435995459556580e-02 4.719851538538932800e-03 9.795918595045804977e-04 2.337662444915622473e-04 7.792207907186821103e-05 0.000000000000000000e+00 0.000000000000000000e+00 0.000000000000000000e+00 0.000000000000000000e+00 0.000000000000000000e+00 0.000000000000000000e+00 0.000000000000000000e+00 0.000000000000000000e+00 0.000000000000000000e+00 0.000000000000000000e+00 0.000000000000000000e+00 0.000000000000000000e+00 0.000000000000000000e+00 0.000000000000000000e+00 0.000000000000000000e+00 0.000000000000000000e+00 0.000000000000000000e+00 0.000000000000000000e+00 0.000000000000000000e+00 0.000000000000000000e+00 1.169573329389095306e-02 2.514545321464538574e-01 2.482857108116149902e-01 2.467384040355682373e-01 2.106530666351318359e-01 3.117254190146923065e-02 0.000000000000000000e+00 0.000000000000000000e+00 0.000000000000000000e+00 0.000000000000000000e+00 0.000000000000000000e+00 0.000000000000000000e+00 0.000000000000000000e+00 0.000000000000000000e+00 0.000000000000000000e+00 0.000000000000000000e+00 0.000000000000000000e+00 0.000000000000000000e+00 0.000000000000000000e+00 0.000000000000000000e+00 0.000000000000000000e+00 0.000000000000000000e+00 0.000000000000000000e+00 0.000000000000000000e+00 0.000000000000000000e+00 0.000000000000000000e+00 0.000000000000000000e+00 0.000000000000000000e+00 0.000000000000000000e+00 9.261595085263252258e-03 2.080742120742797852e-01 4.879925847053527832e-01 2.507384121417999268e-01 4.393320903182029724e-02 0.000000000000000000e+00 0.000000000000000000e+00 0.000000000000000000e+00 0.000000000000000000e+00 0.000000000000000000e+00 0.000000000000000000e+00 0.000000000000000000e+00 0.000000000000000000e+00 0.000000000000000000e+00 0.000000000000000000e+00 0.000000000000000000e+00 0.000000000000000000e+00 0.000000000000000000e+00 0.000000000000000000e+00 0.000000000000000000e+00
1.545669138431549072e-02 2.766933664679527283e-02 3.556513413786888123e-02 4.100130125880241394e-02 4.916119202971458435e-02 5.077107250690460205e-02 4.786774516105651855e-02 4.595854133367538452e-02 4.611590132117271423e-02 5.100335180759429932e-02 5.519670248031616211e-02 5.588088557124137878e-02 6.237582117319107056e-02 7.738505303859710693e-02 9.261459857225418091e-02 1.018541306257247925e-01 1.265250444412231445e-01 1.751166582107543945e-01 2.311740517616271973e-01 3.095795810222625732e-01 3.692566156387329102e-01 3.353540599346160889e-01 2.953940927982330322e-01 1.855904459953308105e-01 6.534756720066070557e-02 2.186131663620471954e-02 1.022064872086048126e-02 6.250684149563312531e-03 4.347290378063917160e-03 3.240968566387891769e-03 3.404146060347557068e-03 1.459359657019376755e-03 0.000000000000000000e+00 0.000000000000000000e+00 0.000000000000000000e+00 0.000000000000000000e+00 0.000000000000000000e+00 0.000000000000000000e+00 0.000000000000000000e+00 0.000000000000000000e+00 0.000000000000000000e+00 0.000000000000000000e+00 0.000000000000000000e+00 0.000000000000000000e+00 0.000000000000000000e+00 0.000000000000000000e+00 2.850757118721958250e-05 2.225965857505798340e-01 3.368312120437622070e-01 3.429433405399322510e-01 8.939655125141143799e-02 7.882343605160713196e-03 2.321656647836789489e-04 8.917168452171608806e-05 1.140302856583730318e-07 0.000000000000000000e+00 0.000000000000000000e+00 0.000000000000000000e+00 0.000000000000000000e+00 0.000000000000000000e+00 0.000000000000000000e+00 0.000000000000000000e+00 0.000000000000000000e+00 0.000000000000000000e+00 0.000000000000000000e+00 0.000000000000000000e+00 0.000000000000000000e+00 0.000000000000000000e+00 0.000000000000000000e+00 0.000000000000000000e+00 4.561211426334921271e-07 1.334154330834280699e-05 1.044517412083223462e-04 3.651249862741678953e-04 2.202722942456603050e-03 1.611111126840114594e-02 5.324245244264602661e-02 1.242206022143363953e-01 2.358719855546951294e-01 2.878420948982238770e-01 2.797736525535583496e-01 2.520069247111678123e-04 0.000000000000000000e+00 0.000000000000000000e+00 0.000000000000000000e+00 0.000000000000000000e+00 0.000000000000000000e+00 0.000000000000000000e+00 0.000000000000000000e+00 0.000000000000000000e+00 0.000000000000000000e+00 0.000000000000000000e+00 0.000000000000000000e+00 0.000000000000000000e+00 0.000000000000000000e+00 0.000000000000000000e+00
1.425980031490325928e-01 1.857219040393829346e-01 1.203325539827346802e-01 9.885038435459136963e-02 1.383044719696044922e-01 1.552126705646514893e-01 1.207435429096221924e-01 1.025661304593086243e-01 8.673372119665145874e-02 7.406828552484512329e-02 5.985321104526519775e-02 4.407157003879547119e-02 3.849916532635688782e-02 4.054197669029235840e-02 4.521022737026214600e-02 4.733523726463317871e-02 4.506275802850723267e-02 4.006572440266609192e-02 4.543264210224151611e-02 7.761721312999725342e-02 2.232419848442077637e-01 2.756491899490356445e-01 1.470704376697540283e-01 1.877695620059967041e-01 2.134364694356918335e-01 2.151722609996795654e-01 2.832378074526786804e-02 4.931761068291962147e-04 2.175776899093762040e-05 0.000000000000000000e+00 0.000000000000000000e+00 0.000000000000000000e+00 0.000000000000000000e+00 0.000000000000000000e+00 0.000000000000000000e+00 0.000000000000000000e+00 0.000000000000000000e+00 0.000000000000000000e+00 0.000000000000000000e+00 0.000000000000000000e+00 0.000000000000000000e+00 0.000000000000000000e+00 0.000000000000000000e+00 0.000000000000000000e+00 0.000000000000000000e+00 0.000000000000000000e+00 5.455559585243463516e-04 1.006828695535659790e-01 3.104962706565856934e-01 4.763751029968261719e-01 3.896171972155570984e-02 3.767397999763488770e-02 2.313334494829177856e-02 1.112547330558300018e-02 1.000857446342706680e-03 4.835059826291399077e-06 0.000000000000000000e+00 0.000000000000000000e+00 0.000000000000000000e+00 0.000000000000000000e+00 0.000000000000000000e+00 0.000000000000000000e+00 0.000000000000000000e+00 0.000000000000000000e+00 0.000000000000000000e+00 0.000000000000000000e+00 0.000000000000000000e+00 0.000000000000000000e+00 0.000000000000000000e+00 0.000000000000000000e+00 0.000000000000000000e+00 0.000000000000000000e+00 0.000000000000000000e+00 0.000000000000000000e+00 0.000000000000000000e+00 2.672982402145862579e-03 1.666484028100967407e-02 3.698740154504776001e-02 5.532082319259643555e-01 1.975814998149871826e-01 1.919752508401870728e-01 9.097971487790346146e-04 0.000000000000000000e+00 0.000000000000000000e+00 0.000000000000000000e+00 0.000000000000000000e+00 0.000000000000000000e+00 0.000000000000000000e+00 0.000000000000000000e+00 0.000000000000000000e+00 0.000000000000000000e+00 0.000000000000000000e+00 0.000000000000000000e+00 0.000000000000000000e+00 0.000000000000000000e+00 0.000000000000000000e+00
3.446851298213005066e-02 6.212292611598968506e-02 1.559899747371673584e-01 1.366098076105117798e-01 1.138287931680679321e-01 1.233239695429801941e-01 1.313074380159378052e-01 1.543111950159072876e-01 1.495409160852432251e-01 1.290140748023986816e-01 1.222804114222526550e-01 1.018133759498596191e-01 8.559896796941757202e-02 6.926287710666656494e-02 4.595801234245300293e-02 2.672222256660461426e-02 1.734046824276447296e-02 1.268568262457847595e-02 1.172873936593532562e-02 1.147300563752651215e-02 1.097184699028730392e-02 1.927910186350345612e-02 4.648804664611816406e-02 2.055757045745849609e-01 4.114030301570892334e-01 3.096020221710205078e-01 1.929374635219573975e-01 1.080396920442581177e-01 3.217308549210429192e-04 0.000000000000000000e+00 0.000000000000000000e+00 0.000000000000000000e+00 0.000000000000000000e+00 0.000000000000000000e+00 0.000000000000000000e+00 0.000000000000000000e+00 0.000000000000000000e+00 0.000000000000000000e+00 0.000000000000000000e+00 0.000000000000000000e+00 0.000000000000000000e+00 0.000000000000000000e+00 0.000000000000000000e+00 0.000000000000000000e+00 0.000000000000000000e+00 0.000000000000000000e+00 0.000000000000000000e+00 1.591467857360839844e-02 4.760179817676544189e-01 4.566949009895324707e-01 2.958823926746845245e-02 1.093884930014610291e-02 3.923329059034585953e-03 6.662166211754083633e-03 2.598595456220209599e-04 0.000000000000000000e+00 0.000000000000000000e+00 0.000000000000000000e+00 0.000000000000000000e+00 0.000000000000000000e+00 0.000000000000000000e+00 0.000000000000000000e+00 0.000000000000000000e+00 0.000000000000000000e+00 0.000000000000000000e+00 0.000000000000000000e+00 0.000000000000000000e+00 0.000000000000000000e+00 0.000000000000000000e+00 0.000000000000000000e+00 0.000000000000000000e+00 0.000000000000000000e+00 0.000000000000000000e+00 0.000000000000000000e+00 9.005713945953175426e-05 7.677542977035045624e-03 1.885425299406051636e-02 3.304478526115417480e-02 5.134061574935913086e-01 2.998566031455993652e-01 8.446122705936431885e-02 3.625109419226646423e-02 6.347309798002243042e-03 1.099934524972923100e-05 0.000000000000000000e+00 0.000000000000000000e+00 0.000000000000000000e+00 0.000000000000000000e+00 0.000000000000000000e+00 0.000000000000000000e+00 0.000000000000000000e+00 0.000000000000000000e+00 0.000000000000000000e+00 0.000000000000000000e+00 0.000000000000000000e+00 0.000000000000000000e+00
1.364855188876390457e-02 1.387607119977474213e-02 1.679466664791107178e-02 2.588914521038532257e-02 4.052127525210380554e-02 5.786146968603134155e-02 8.168374001979827881e-02 1.202611327171325684e-01 1.449255198240280151e-01 1.500376760959625244e-01 1.592185795307159424e-01 1.682886779308319092e-01 1.760202646255493164e-01 2.233017235994338989e-01 2.659862935543060303e-01 2.559455335140228271e-01 2.186080366373062134e-01 1.798430383205413818e-01 1.543069779872894287e-01 1.255742162466049194e-01 9.656147658824920654e-02 7.792635262012481689e-02 6.399266421794891357e-02 6.073056906461715698e-02 5.031493306159973145e-02 2.943415567278862000e-02 1.328031159937381744e-02 6.384935695677995682e-03 3.642888972535729408e-03 2.290332922711968422e-03 2.467620419338345528e-03 3.811681526713073254e-04 0.000000000000000000e+00 0.000000000000000000e+00 0.000000000000000000e+00 0.000000000000000000e+00 0.000000000000000000e+00 0.000000000000000000e+00 0.000000000000000000e+00 0.000000000000000000e+00 0.000000000000000000e+00 0.000000000000000000e+00 0.000000000000000000e+00 1.662070280872285366e-04 5.035334266722202301e-03 5.251896101981401443e-03 1.396360713988542557e-02 1.762018650770187378e-01 3.438971340656280518e-01 2.780649662017822266e-01 1.103129610419273376e-01 5.171513184905052185e-02 1.497180666774511337e-02 4.190879408270120621e-04 0.000000000000000000e+00 0.000000000000000000e+00 0.000000000000000000e+00 0.000000000000000000e+00 0.000000000000000000e+00 0.000000000000000000e+00 0.000000000000000000e+00 0.000000000000000000e+00 0.000000000000000000e+00 0.000000000000000000e+00 0.000000000000000000e+00 0.000000000000000000e+00 0.000000000000000000e+00 0.000000000000000000e+00 0.000000000000000000e+00 0.000000000000000000e+00 0.000000000000000000e+00 1.354279561383009423e-06 1.345661439700052142e-04 2.794986590743064880e-03 1.416945736855268478e-02 2.632300741970539093e-02 5.229057744145393372e-02 1.584167182445526123e-01 3.035244643688201904e-01 2.618640959262847900e-01 1.566679775714874268e-01 8.380035869777202606e-03 5.095784552395343781e-03 4.242465365678071976e-03 4.140648059546947479e-03 1.856101676821708679e-03 9.775436046766117215e-05 0.000000000000000000e+00 0.000000000000000000e+00 0.000000000000000000e+00 0.000000000000000000e+00 0.000000000000000000e+00 0.000000000000000000e+00 0.000000000000000000e+00 0.000000000000000000e+00 0.000000000000000000e+00
2.012925967574119568e-02 2.213533595204353333e-02 2.922658622264862061e-02 3.140044584870338440e-02 3.718198835849761963e-02 4.066469520330429077e-02 3.819765523076057434e-02 4.296610131859779358e-02 4.747175425291061401e-02 4.265707731246948242e-02 3.979755192995071411e-02 3.586800396442413330e-02 3.845231980085372925e-02 6.273369491100311279e-02 1.204434186220169067e-01 2.532113492488861084e-01 4.951382279396057129e-01 7.037416696548461914e-01 5.384874343872070312e-01 2.074764668941497803e-01 6.025166809558868408e-02 2.645993977785110474e-02 1.788606308400630951e-02 1.319893822073936462e-02 1.107344590127468109e-02 7.841123268008232117e-03 1.463790424168109894e-03 1.143211731687188148e-03 1.387176802381873131e-03 1.614021603018045425e-03 1.962848706170916557e-03 8.336757309734821320e-03 0.000000000000000000e+00 0.000000000000000000e+00 0.000000000000000000e+00 0.000000000000000000e+00 0.000000000000000000e+00 0.000000000000000000e+00 0.000000000000000000e+00 0.000000000000000000e+00 0.000000000000000000e+00 0.000000000000000000e+00 0.000000000000000000e+00 0.000000000000000000e+00 0.000000000000000000e+00 1.260914257727563381e-03 3.722250694409012794e-03 1.056397333741188049e-02 3.506156206130981445e-01 5.242146253585815430e-01 1.061245203018188477e-01 2.786766039207577705e-03 6.696912460029125214e-04 4.165953214396722615e-05 0.000000000000000000e+00 0.000000000000000000e+00 0.000000000000000000e+00 0.000000000000000000e+00 0.000000000000000000e+00 0.000000000000000000e+00 0.000000000000000000e+00 0.000000000000000000e+00 0.000000000000000000e+00 0.000000000000000000e+00 0.000000000000000000e+00 0.000000000000000000e+00 0.000000000000000000e+00 0.000000000000000000e+00 0.000000000000000000e+00 0.000000000000000000e+00 0.000000000000000000e+00 0.000000000000000000e+00 2.354048920096829534e-04 4.551161255221813917e-04 6.442960584536194801e-04 5.285767372697591782e-03 4.078411310911178589e-02 1.134256422519683838e-01 2.495374679565429688e-01 5.696895718574523926e-01 1.658448949456214905e-02 2.739256946370005608e-03 6.189008709043264389e-04 0.000000000000000000e+00 0.000000000000000000e+00 0.000000000000000000e+00 0.000000000000000000e+00 0.000000000000000000e+00 0.000000000000000000e+00 0.000000000000000000e+00 0.000000000000000000e+00 0.000000000000000000e+00 0.000000000000000000e+00 0.000000000000000000e+00 0.000000000000000000e+00 0.000000000000000000e+00
3.972755670547485352e-01 6.380162835121154785e-01 6.636666059494018555e-01 4.612393677234649658e-01 1.251742094755172729e-01 5.063763633370399475e-02 3.507912158966064453e-02 2.975419722497463226e-02 2.709019370377063751e-02 2.584452554583549500e-02 2.498427405953407288e-02 2.399143949151039124e-02 2.373243868350982666e-02 2.343952283263206482e-02 2.377252466976642609e-02 2.346110716462135315e-02 2.425352297723293304e-02 2.489485964179039001e-02 2.646736055612564087e-02 2.841294556856155396e-02 3.087344765663146973e-02 3.612745180726051331e-02 3.763212263584136963e-02 3.626928478479385376e-02 3.585920482873916626e-02 3.487561643123626709e-02 3.137294575572013855e-02 2.595244348049163818e-02 1.917835138738155365e-02 8.565508760511875153e-03 1.917835325002670288e-03 1.880835043266415596e-04 0.000000000000000000e+00 0.000000000000000000e+00 0.000000000000000000e+00 0.000000000000000000e+00 0.000000000000000000e+00 0.000000000000000000e+00 0.000000000000000000e+00 0.000000000000000000e+00 0.000000000000000000e+00 0.000000000000000000e+00 0.000000000000000000e+00 0.000000000000000000e+00 0.000000000000000000e+00 0.000000000000000000e+00 0.000000000000000000e+00 1.643932238221168518e-02 9.835144281387329102e-01 4.625004658009856939e-05 0.000000000000000000e+00 0.000000000000000000e+00 0.000000000000000000e+00 0.000000000000000000e+00 0.000000000000000000e+00 0.000000000000000000e+00 0.000000000000000000e+00 0.000000000000000000e+00 0.000000000000000000e+00 0.000000000000000000e+00 0.000000000000000000e+00 0.000000000000000000e+00 0.000000000000000000e+00 0.000000000000000000e+00 0.000000000000000000e+00 0.000000000000000000e+00 0.000000000000000000e+00 0.000000000000000000e+00 0.000000000000000000e+00 0.000000000000000000e+00 0.000000000000000000e+00 0.000000000000000000e+00 0.000000000000000000e+00 0.000000000000000000e+00 0.000000000000000000e+00 0.000000000000000000e+00 0.000000000000000000e+00 0.000000000000000000e+00 2.363891326240263879e-05 3.317649364471435547e-01 6.682114005088806152e-01 0.000000000000000000e+00 0.000000000000000000e+00 0.000000000000000000e+00 0.000000000000000000e+00 0.000000000000000000e+00 0.000000000000000000e+00 0.000000000000000000e+00 0.000000000000000000e+00 0.000000000000000000e+00 0.000000000000000000e+00 0.000000000000000000e+00 0.000000000000000000e+00 0.000000000000000000e+00 0.000000000000000000e+00 0.000000000000000000e+00
5.128114297986030579e-02 5.443639308214187622e-02 5.085863918066024780e-02 6.751944124698638916e-02 1.235209777951240540e-01 1.990388631820678711e-01 2.201515585184097290e-01 1.838079094886779785e-01 1.636192947626113892e-01 1.495601236820220947e-01 1.343187540769577026e-01 1.193542107939720154e-01 1.131561100482940674e-01 1.223533675074577332e-01 1.182323992252349854e-01 1.264930814504623413e-01 1.290718019008636475e-01 1.340315341949462891e-01 1.580476611852645874e-01 1.573878824710845947e-01 1.631718128919601440e-01 1.101444661617279053e-01 6.161895766854286194e-02 2.716928534209728241e-02 1.651927456259727478e-02 1.293527893722057343e-02 9.946531616151332855e-03 7.082662545144557953e-03 5.469655618071556091e-03 4.023152403533458710e-03 3.128193784505128860e-03 2.549592172726988792e-03 0.000000000000000000e+00 0.000000000000000000e+00 0.000000000000000000e+00 0.000000000000000000e+00 0.000000000000000000e+00 0.000000000000000000e+00 0.000000000000000000e+00 0.000000000000000000e+00 0.000000000000000000e+00 0.000000000000000000e+00 0.000000000000000000e+00 1.595663161424454302e-05 2.175305038690567017e-02 7.530628144741058350e-02 1.511183232069015503e-01 1.912971138954162598e-01 3.022574484348297119e-01 1.090462282299995422e-01 3.867748752236366272e-02 3.204230219125747681e-02 3.245093300938606262e-02 2.771181240677833557e-02 1.681135222315788269e-02 1.439565676264464855e-03 7.215172081487253308e-05 0.000000000000000000e+00 0.000000000000000000e+00 0.000000000000000000e+00 0.000000000000000000e+00 0.000000000000000000e+00 0.000000000000000000e+00 0.000000000000000000e+00 0.000000000000000000e+00 0.000000000000000000e+00 0.000000000000000000e+00 0.000000000000000000e+00 0.000000000000000000e+00 0.000000000000000000e+00 0.000000000000000000e+00 0.000000000000000000e+00 8.533328946214169264e-05 1.622026204131543636e-03 1.353122293949127197e-02 2.171281166374683380e-02 2.629652805626392365e-02 3.075606003403663635e-02 7.451538741588592529e-02 1.739876419305801392e-01 1.205877289175987244e-01 1.026774570345878601e-01 1.041156351566314697e-01 1.044479459524154663e-01 8.638087660074234009e-02 6.394238770008087158e-02 5.126449465751647949e-02 2.384545095264911652e-02 2.310242707608267665e-04 0.000000000000000000e+00 0.000000000000000000e+00 0.000000000000000000e+00 0.000000000000000000e+00 0.000000000000000000e+00 0.000000000000000000e+00 0.000000000000000000e+00
1.572553515434265137e-01 3.153274357318878174e-01 4.123541712760925293e-01 3.765659928321838379e-01 2.373461723327636719e-01 1.383555382490158081e-01 9.592092037200927734e-02 7.909154146909713745e-02 7.262506335973739624e-02 7.047386467456817627e-02 7.192667573690414429e-02 7.159186899662017822e-02 6.947496533393859863e-02 7.274931669235229492e-02 7.731940597295761108e-02 6.877621263265609741e-02 6.726514548063278198e-02 6.806419789791107178e-02 6.280346214771270752e-02 5.913346260786056519e-02 5.991333723068237305e-02 5.916480347514152527e-02 5.049181729555130005e-02 4.305556416511535645e-02 3.386966884136199951e-02 2.150344476103782654e-02 1.345730572938919067e-02 9.703965857625007629e-03 8.491200394928455353e-03 9.046882390975952148e-03 1.800047606229782104e-02 2.888070233166217804e-02 0.000000000000000000e+00 0.000000000000000000e+00 0.000000000000000000e+00 0.000000000000000000e+00 0.000000000000000000e+00 0.000000000000000000e+00 0.000000000000000000e+00 0.000000000000000000e+00 0.000000000000000000e+00 0.000000000000000000e+00 0.000000000000000000e+00 0.000000000000000000e+00 2.458225026202853769e-06 5.174563557375222445e-05 1.052857725881040096e-03 1.779189407825469971e-01 5.800694227218627930e-01 7.889918982982635498e-02 1.379187107086181641e-01 2.370638400316238403e-02 3.748793096747249365e-04 5.408094693848397583e-06 0.000000000000000000e+00 0.000000000000000000e+00 0.000000000000000000e+00 0.000000000000000000e+00 0.000000000000000000e+00 0.000000000000000000e+00 0.000000000000000000e+00 0.000000000000000000e+00 0.000000000000000000e+00 0.000000000000000000e+00 0.000000000000000000e+00 0.000000000000000000e+00 0.000000000000000000e+00 0.000000000000000000e+00 0.000000000000000000e+00 0.000000000000000000e+00 1.352023673462099396e-06 1.511808295617811382e-05 1.740423176670446992e-04 9.648532723076641560e-04 5.871715955436229706e-03 4.125122725963592529e-02 1.032561436295509338e-01 4.656664654612541199e-02 5.025545880198478699e-02 4.456149637699127197e-01 3.018375635147094727e-01 4.011208657175302505e-03 1.744110631989315152e-04 5.285183760861400515e-06 0.000000000000000000e+00 0.000000000000000000e+00 0.000000000000000000e+00 0.000000000000000000e+00 0.000000000000000000e+00 0.000000000000000000e+00 0.000000000000000000e+00 0.000000000000000000e+00 0.000000000000000000e+00 0.000000000000000000e+00 0.000000000000000000e+00 0.000000000000000000e+00
6.021968147251754999e-05 9.032952220877632499e-05 6.423432932933792472e-05 6.423432932933792472e-05 1.445272355340421200e-04 6.923255510628223419e-03 8.635100722312927246e-02 2.851783335208892822e-01 3.563017845153808594e-01 6.163183450698852539e-01 4.491946399211883545e-01 2.601349949836730957e-01 2.061460316181182861e-01 1.567839384078979492e-01 1.303093731403350830e-01 1.149232387542724609e-01 1.156579256057739258e-01 3.820738196372985840e-02 1.776480488479137421e-02 1.870824769139289856e-02 2.112506330013275146e-02 2.606508508324623108e-02 2.039841376245021820e-02 1.512517593801021576e-02 1.157623063772916794e-02 1.364377327263355255e-02 1.411147881299257278e-02 1.270233839750289917e-02 4.183260723948478699e-03 3.251862945035099983e-04 3.854059614241123199e-04 1.031763851642608643e-03 0.000000000000000000e+00 0.000000000000000000e+00 0.000000000000000000e+00 0.000000000000000000e+00 0.000000000000000000e+00 0.000000000000000000e+00 0.000000000000000000e+00 0.000000000000000000e+00 0.000000000000000000e+00 0.000000000000000000e+00 0.000000000000000000e+00 0.000000000000000000e+00 0.000000000000000000e+00 0.000000000000000000e+00 9.040727019309997559e-01 4.884552210569381714e-02 4.380781203508377075e-02 3.273943439126014709e-03 0.000000000000000000e+00 0.000000000000000000e+00 0.000000000000000000e+00 0.000000000000000000e+00 0.000000000000000000e+00 0.000000000000000000e+00 0.000000000000000000e+00 0.000000000000000000e+00 0.000000000000000000e+00 0.000000000000000000e+00 0.000000000000000000e+00 0.000000000000000000e+00 0.000000000000000000e+00 0.000000000000000000e+00 0.000000000000000000e+00 0.000000000000000000e+00 0.000000000000000000e+00 0.000000000000000000e+00 0.000000000000000000e+00 0.000000000000000000e+00 0.000000000000000000e+00 0.000000000000000000e+00 0.000000000000000000e+00 0.000000000000000000e+00 0.000000000000000000e+00 0.000000000000000000e+00 0.000000000000000000e+00 7.647899328731000423e-04 6.357712745666503906e-01 3.634639084339141846e-01 0.000000000000000000e+00 0.000000000000000000e+00 0.000000000000000000e+00 0.000000000000000000e+00 0.000000000000000000e+00 0.000000000000000000e+00 0.000000000000000000e+00 0.000000000000000000e+00 0.000000000000000000e+00 0.000000000000000000e+00 0.000000000000000000e+00 0.000000000000000000e+00 0.000000000000000000e+00 0.000000000000000000e+00 0.000000000000000000e+00 0.000000000000000000e+00
6.262843310832977295e-02 1.381248086690902710e-01 9.160884469747543335e-02 8.054828643798828125e-02 8.029209077358245850e-02 7.581262290477752686e-02 7.971364259719848633e-02 1.025473028421401978e-01 1.243661791086196899e-01 1.871447265148162842e-01 2.141616344451904297e-01 2.055989801883697510e-01 1.714706122875213623e-01 1.548057198524475098e-01 1.293780505657196045e-01 1.056116819381713867e-01 9.020375460386276245e-02 8.084051311016082764e-02 7.545835524797439575e-02 7.642710208892822266e-02 7.958554476499557495e-02 7.813842594623565674e-02 7.256612181663513184e-02 7.514611631631851196e-02 9.448906779289245605e-02 8.528795838356018066e-02 8.703530579805374146e-02 5.518668144941329956e-02 3.379213064908981323e-02 6.717194337397813797e-03 3.462677821516990662e-03 1.849430263973772526e-03 0.000000000000000000e+00 0.000000000000000000e+00 0.000000000000000000e+00 0.000000000000000000e+00 0.000000000000000000e+00 0.000000000000000000e+00 0.000000000000000000e+00 0.000000000000000000e+00 0.000000000000000000e+00 0.000000000000000000e+00 0.000000000000000000e+00 0.000000000000000000e+00 0.000000000000000000e+00 0.000000000000000000e+00 0.000000000000000000e+00 1.667956530582159758e-05 5.400956869125366211e-01 4.407361745834350586e-01 1.115996390581130981e-02 7.986175827682018280e-03 5.337461061571957543e-06 0.000000000000000000e+00 0.000000000000000000e+00 0.000000000000000000e+00 0.000000000000000000e+00 0.000000000000000000e+00 0.000000000000000000e+00 0.000000000000000000e+00 0.000000000000000000e+00 0.000000000000000000e+00 0.000000000000000000e+00 0.000000000000000000e+00 0.000000000000000000e+00 0.000000000000000000e+00 0.000000000000000000e+00 0.000000000000000000e+00 0.000000000000000000e+00 0.000000000000000000e+00 0.000000000000000000e+00 0.000000000000000000e+00 0.000000000000000000e+00 0.000000000000000000e+00 0.000000000000000000e+00 0.000000000000000000e+00 1.734674791805446148e-03 8.365802466869354248e-03 3.281938135623931885e-01 6.604040265083312988e-01 1.301673240959644318e-03 0.000000000000000000e+00 0.000000000000000000e+00 0.000000000000000000e+00 0.000000000000000000e+00 0.000000000000000000e+00 0.000000000000000000e+00 0.000000000000000000e+00 0.000000000000000000e+00 0.000000000000000000e+00 0.000000000000000000e+00 0.000000000000000000e+00 0.000000000000000000e+00 0.000000000000000000e+00 0.000000000000000000e+00 0.000000000000000000e+00
9.266198612749576569e-04 1.964010857045650482e-02 1.949335336685180664e-01 1.987129300832748413e-01 2.143549323081970215e-01 1.862623542547225952e-01 1.531721353530883789e-01 1.208650991320610046e-01 9.674945473670959473e-02 8.500444144010543823e-02 7.774199545383453369e-02 7.122272998094558716e-02 6.452707946300506592e-02 7.086054980754852295e-02 8.756087720394134521e-02 1.043693795800209045e-01 1.123209148645401001e-01 1.374125480651855469e-01 1.359356045722961426e-01 1.361002326011657715e-01 1.449054777622222900e-01 1.308086216449737549e-01 1.089319288730621338e-01 1.053524464368820190e-01 8.653547614812850952e-02 5.858165770769119263e-02 2.601120807230472565e-02 2.295148000121116638e-02 1.782920025289058685e-02 9.362623095512390137e-03 4.317954648286104202e-03 1.573842763900756836e-02 0.000000000000000000e+00 0.000000000000000000e+00 0.000000000000000000e+00 0.000000000000000000e+00 0.000000000000000000e+00 0.000000000000000000e+00 0.000000000000000000e+00 0.000000000000000000e+00 0.000000000000000000e+00 0.000000000000000000e+00 1.881461685115937144e-05 6.506721547339111567e-05 1.277826086152344942e-04 2.539973356761038303e-04 2.337716054171323776e-03 1.343159824609756470e-01 5.862705111503601074e-01 1.893197298049926758e-01 6.576649099588394165e-02 1.572039537131786346e-02 5.773735232651233673e-03 2.978980955958832055e-05 0.000000000000000000e+00 0.000000000000000000e+00 0.000000000000000000e+00 0.000000000000000000e+00 0.000000000000000000e+00 0.000000000000000000e+00 0.000000000000000000e+00 0.000000000000000000e+00 0.000000000000000000e+00 0.000000000000000000e+00 0.000000000000000000e+00 0.000000000000000000e+00 0.000000000000000000e+00 0.000000000000000000e+00 0.000000000000000000e+00 0.000000000000000000e+00 0.000000000000000000e+00 0.000000000000000000e+00 0.000000000000000000e+00 0.000000000000000000e+00 0.000000000000000000e+00 1.086544129066169262e-03 1.899335533380508423e-02 7.407941669225692749e-02 1.535743027925491333e-01 5.718702673912048340e-01 1.743581891059875488e-01 6.037923973053693771e-03 0.000000000000000000e+00 0.000000000000000000e+00 0.000000000000000000e+00 0.000000000000000000e+00 0.000000000000000000e+00 0.000000000000000000e+00 0.000000000000000000e+00 0.000000000000000000e+00 0.000000000000000000e+00 0.000000000000000000e+00 0.000000000000000000e+00 0.000000000000000000e+00 0.000000000000000000e+00 0.000000000000000000e+00
4.147398471832275391e-02 1.151558309793472290e-01 1.246091499924659729e-01 1.142302528023719788e-01 9.388844668865203857e-02 8.807501196861267090e-02 9.770512580871582031e-02 1.054321080446243286e-01 1.054425090551376343e-01 1.009082347154617310e-01 1.014282256364822388e-01 1.441709697246551514e-01 1.868097186088562012e-01 1.448469460010528564e-01 1.487156450748443604e-01 1.415398418903350830e-01 1.267098784446716309e-01 1.192221045494079590e-01 1.018754169344902039e-01 9.364925324916839600e-02 8.810621500015258789e-02 7.747772336006164551e-02 7.325544953346252441e-02 6.734842061996459961e-02 6.482129544019699097e-02 6.900198012590408325e-02 6.791000813245773315e-02 6.201338022947311401e-02 5.670953541994094849e-02 4.952334612607955933e-02 2.490726858377456665e-02 3.036710899323225021e-03 0.000000000000000000e+00 0.000000000000000000e+00 0.000000000000000000e+00 0.000000000000000000e+00 0.000000000000000000e+00 0.000000000000000000e+00 0.000000000000000000e+00 0.000000000000000000e+00 0.000000000000000000e+00 0.000000000000000000e+00 0.000000000000000000e+00 0.000000000000000000e+00 0.000000000000000000e+00 0.000000000000000000e+00 0.000000000000000000e+00 0.000000000000000000e+00 7.337400913238525391e-01 6.020383536815643311e-02 1.271986663341522217e-01 7.885742187500000000e-02 0.000000000000000000e+00 0.000000000000000000e+00 0.000000000000000000e+00 0.000000000000000000e+00 0.000000000000000000e+00 0.000000000000000000e+00 0.000000000000000000e+00 0.000000000000000000e+00 0.000000000000000000e+00 0.000000000000000000e+00 0.000000000000000000e+00 0.000000000000000000e+00 0.000000000000000000e+00 0.000000000000000000e+00 0.000000000000000000e+00 0.000000000000000000e+00 0.000000000000000000e+00 0.000000000000000000e+00 0.000000000000000000e+00 0.000000000000000000e+00 0.000000000000000000e+00 0.000000000000000000e+00 0.000000000000000000e+00 1.260443031787872314e-02 9.115679562091827393e-02 1.101709008216857910e-01 3.414913266897201538e-02 7.512392997741699219e-01 6.794467335566878319e-04 0.000000000000000000e+00 0.000000000000000000e+00 0.000000000000000000e+00 0.000000000000000000e+00 0.000000000000000000e+00 0.000000000000000000e+00 0.000000000000000000e+00 0.000000000000000000e+00 0.000000000000000000e+00 0.000000000000000000e+00 0.000000000000000000e+00 0.000000000000000000e+00 0.000000000000000000e+00 0.000000000000000000e+00 0.000000000000000000e+00
5.191729962825775146e-02 9.953308105468750000e-02 1.701351404190063477e-01 1.750716865062713623e-01 2.137923985719680786e-01 2.227361351251602173e-01 4.078037738800048828e-01 6.945019960403442383e-01 4.256680905818939209e-01 2.031382322311401367e-01 8.679072558879852295e-02 4.597257077693939209e-02 3.269253671169281006e-02 2.928561344742774963e-02 2.507910877466201782e-02 2.096530981361865997e-02 1.611218601465225220e-02 1.195898652076721191e-02 8.765288628637790680e-03 7.379343733191490173e-03 6.463879253715276718e-03 6.030481774359941483e-03 5.383862182497978210e-03 5.070981103926897049e-03 4.628313239663839340e-03 4.090622533112764359e-03 3.399967681616544724e-03 2.329221460968255997e-03 1.979258842766284943e-03 1.905094482935965061e-03 2.250421792268753052e-03 7.168439682573080063e-03 0.000000000000000000e+00 0.000000000000000000e+00 0.000000000000000000e+00 0.000000000000000000e+00 0.000000000000000000e+00 0.000000000000000000e+00 0.000000000000000000e+00 0.000000000000000000e+00 0.000000000000000000e+00 0.000000000000000000e+00 0.000000000000000000e+00 0.000000000000000000e+00 0.000000000000000000e+00 0.000000000000000000e+00 0.000000000000000000e+00 9.394139633513987064e-04 9.861243367195129395e-01 1.224560104310512543e-02 6.906546768732368946e-04 0.000000000000000000e+00 0.000000000000000000e+00 0.000000000000000000e+00 0.000000000000000000e+00 0.000000000000000000e+00 0.000000000000000000e+00 0.000000000000000000e+00 0.000000000000000000e+00 0.000000000000000000e+00 0.000000000000000000e+00 0.000000000000000000e+00 0.000000000000000000e+00 0.000000000000000000e+00 0.000000000000000000e+00 0.000000000000000000e+00 0.000000000000000000e+00 0.000000000000000000e+00 0.000000000000000000e+00 0.000000000000000000e+00 0.000000000000000000e+00 0.000000000000000000e+00 0.000000000000000000e+00 0.000000000000000000e+00 0.000000000000000000e+00 0.000000000000000000e+00 0.000000000000000000e+00 2.603474713396281004e-04 8.811641484498977661e-03 9.760797023773193359e-01 1.484830304980278015e-02 0.000000000000000000e+00 0.000000000000000000e+00 0.000000000000000000e+00 0.000000000000000000e+00 0.000000000000000000e+00 0.000000000000000000e+00 0.000000000000000000e+00 0.000000000000000000e+00 0.000000000000000000e+00 0.000000000000000000e+00 0.000000000000000000e+00 0.000000000000000000e+00 0.000000000000000000e+00 0.000000000000000000e+00 0.000000000000000000e+00
6.825537275290116668e-05 6.403294950723648071e-02 4.041211903095245361e-01 2.400164604187011719e-01 1.653710007667541504e-01 2.065948843955993652e-01 1.617511063814163208e-01 1.359576284885406494e-01 1.340417712926864624e-01 2.140629589557647705e-01 2.706984281539916992e-01 2.760882675647735596e-01 2.178334891796112061e-01 1.416204869747161865e-01 1.020041182637214661e-01 4.426007717847824097e-02 1.824771985411643982e-02 1.548455469310283661e-02 1.413827575743198395e-02 1.257781684398651123e-02 9.988820180296897888e-03 8.795528672635555267e-03 9.096792899072170258e-03 9.819358587265014648e-03 1.088320091366767883e-02 1.207649242132902145e-02 1.005472242832183838e-02 9.101500734686851501e-03 9.280377067625522614e-03 1.037952397018671036e-02 1.529390923678874969e-02 4.625831171870231628e-02 0.000000000000000000e+00 0.000000000000000000e+00 0.000000000000000000e+00 0.000000000000000000e+00 0.000000000000000000e+00 0.000000000000000000e+00 0.000000000000000000e+00 0.000000000000000000e+00 0.000000000000000000e+00 0.000000000000000000e+00 0.000000000000000000e+00 0.000000000000000000e+00 0.000000000000000000e+00 0.000000000000000000e+00 8.629988769826013595e-06 1.897813053801655769e-03 3.480725586414337158e-01 1.104011014103889465e-01 6.969030201435089111e-02 4.054682701826095581e-02 1.891615241765975952e-02 2.008983120322227478e-02 1.061567105352878571e-02 2.420555055141448975e-02 6.294949352741241455e-02 1.057205051183700562e-01 1.416204720735549927e-01 4.526507854461669922e-02 0.000000000000000000e+00 0.000000000000000000e+00 0.000000000000000000e+00 0.000000000000000000e+00 0.000000000000000000e+00 0.000000000000000000e+00 0.000000000000000000e+00 0.000000000000000000e+00 0.000000000000000000e+00 0.000000000000000000e+00 0.000000000000000000e+00 0.000000000000000000e+00 0.000000000000000000e+00 0.000000000000000000e+00 1.365436911582946777e-01 2.113453000783920288e-01 5.490085482597351074e-02 8.305580168962478638e-02 1.373541206121444702e-01 3.630008697509765625e-01 1.379935257136821747e-02 0.000000000000000000e+00 0.000000000000000000e+00 0.000000000000000000e+00 0.000000000000000000e+00 0.000000000000000000e+00 0.000000000000000000e+00 0.000000000000000000e+00 0.000000000000000000e+00 0.000000000000000000e+00 0.000000000000000000e+00 0.000000000000000000e+00 0.000000000000000000e+00 0.000000000000000000e+00 0.000000000000000000e+00 0.000000000000000000e+00
5.700099840760231018e-02 8.430655300617218018e-02 1.153560578823089600e-01 1.605210602283477783e-01 1.878464072942733765e-01 2.235542237758636475e-01 1.699206680059432983e-01 1.381517946720123291e-01 1.265046000480651855e-01 1.187394484877586365e-01 1.309394389390945435e-01 1.353312730789184570e-01 1.448512673377990723e-01 1.459009945392608643e-01 1.382468938827514648e-01 1.339969933032989502e-01 1.364042460918426514e-01 1.375913769006729126e-01 1.093145236372947693e-01 8.667527884244918823e-02 7.084584981203079224e-02 6.152538210153579712e-02 5.038377642631530762e-02 3.635813295841217041e-02 3.438222780823707581e-02 2.551322244107723236e-02 1.517946831881999969e-02 9.619598276913166046e-03 5.531763192266225815e-03 3.101271344348788261e-03 2.518633613362908363e-03 3.886566031724214554e-03 0.000000000000000000e+00 0.000000000000000000e+00 0.000000000000000000e+00 0.000000000000000000e+00 0.000000000000000000e+00 0.000000000000000000e+00 0.000000000000000000e+00 0.000000000000000000e+00 0.000000000000000000e+00 0.000000000000000000e+00 0.000000000000000000e+00 0.000000000000000000e+00 0.000000000000000000e+00 0.000000000000000000e+00 9.276862692786380649e-05 5.338186770677566528e-02 3.842379450798034668e-01 1.946979910135269165e-01 1.414298266172409058e-01 1.690467596054077148e-01 5.637070536613464355e-02 7.421490154229104519e-04 0.000000000000000000e+00 0.000000000000000000e+00 0.000000000000000000e+00 0.000000000000000000e+00 0.000000000000000000e+00 0.000000000000000000e+00 0.000000000000000000e+00 0.000000000000000000e+00 0.000000000000000000e+00 0.000000000000000000e+00 0.000000000000000000e+00 0.000000000000000000e+00 0.000000000000000000e+00 0.000000000000000000e+00 0.000000000000000000e+00 4.164177880738861859e-06 1.508357672719284892e-04 2.818223088979721069e-03 1.582063734531402588e-02 5.360511317849159241e-02 6.342343240976333618e-02 7.690554112195968628e-02 6.308347731828689575e-02 8.130533993244171143e-02 1.616747826337814331e-01 2.893157303333282471e-01 1.901264041662216187e-01 1.766305416822433472e-03 0.000000000000000000e+00 0.000000000000000000e+00 0.000000000000000000e+00 0.000000000000000000e+00 0.000000000000000000e+00 0.000000000000000000e+00 0.000000000000000000e+00 0.000000000000000000e+00 0.000000000000000000e+00 0.000000000000000000e+00 0.000000000000000000e+00 0.000000000000000000e+00 0.000000000000000000e+00 0.000000000000000000e+00
1.561951637268066406e-01 1.807812899351119995e-01 1.449869275093078613e-01 1.450152695178985596e-01 2.074604332447052002e-01 2.623474299907684326e-01 2.755579352378845215e-01 2.181638628244400024e-01 1.446919739246368408e-01 1.490028202533721924e-01 1.300321817398071289e-01 1.298705339431762695e-01 1.345047056674957275e-01 1.263650953769683838e-01 1.075192391872406006e-01 1.004063189029693604e-01 7.250480353832244873e-02 6.056199967861175537e-02 4.517617821693420410e-02 3.108361363410949707e-02 2.024972811341285706e-02 1.865300536155700684e-02 2.021002396941184998e-02 2.013344690203666687e-02 1.727466285228729248e-02 1.130751613527536392e-02 9.030130691826343536e-03 7.507146801799535751e-03 5.269466899335384369e-03 5.292155779898166656e-03 7.376686669886112213e-03 3.546822071075439453e-02 0.000000000000000000e+00 0.000000000000000000e+00 0.000000000000000000e+00 0.000000000000000000e+00 0.000000000000000000e+00 0.000000000000000000e+00 0.000000000000000000e+00 0.000000000000000000e+00 0.000000000000000000e+00 0.000000000000000000e+00 0.000000000000000000e+00 0.000000000000000000e+00 0.000000000000000000e+00 2.647023211466148496e-05 7.418282795697450638e-03 3.839885443449020386e-02 5.237343311309814453e-01 6.256806850433349609e-02 3.168486803770065308e-02 2.541898563504219055e-02 2.431196346879005432e-02 2.880339510738849640e-02 3.762932494282722473e-02 4.682773351669311523e-02 4.248945042490959167e-02 7.129190117120742798e-02 4.260478541254997253e-02 1.409445330500602722e-02 2.693346235901117325e-03 3.781461828111787327e-06 0.000000000000000000e+00 0.000000000000000000e+00 0.000000000000000000e+00 0.000000000000000000e+00 0.000000000000000000e+00 0.000000000000000000e+00 0.000000000000000000e+00 0.000000000000000000e+00 0.000000000000000000e+00 0.000000000000000000e+00 1.607121339475270361e-05 2.572433836758136749e-02 7.368367165327072144e-02 8.026435971260070801e-02 8.063116669654846191e-02 5.413162335753440857e-02 9.046579897403717041e-02 4.934628009796142578e-01 8.785186707973480225e-02 1.374183222651481628e-02 2.647023211466148496e-05 0.000000000000000000e+00 0.000000000000000000e+00 0.000000000000000000e+00 0.000000000000000000e+00 0.000000000000000000e+00 0.000000000000000000e+00 0.000000000000000000e+00 0.000000000000000000e+00 0.000000000000000000e+00 0.000000000000000000e+00 0.000000000000000000e+00 0.000000000000000000e+00 0.000000000000000000e+00
2.279702015221118927e-02 1.070525124669075012e-02 1.789550483226776123e-02 4.580143094062805176e-02 1.098137721419334412e-01 1.637119948863983154e-01 1.512977480888366699e-01 1.194479092955589294e-01 1.312325149774551392e-01 1.763351857662200928e-01 1.888727843761444092e-01 1.675612479448318481e-01 1.577790379524230957e-01 1.780999600887298584e-01 2.157723903656005859e-01 2.193089872598648071e-01 1.606349349021911621e-01 1.266287267208099365e-01 1.084983497858047485e-01 9.749890118837356567e-02 9.511707723140716553e-02 8.724534511566162109e-02 7.036321610212326050e-02 5.537743493914604187e-02 3.895368427038192749e-02 3.099593706429004669e-02 2.560344338417053223e-02 1.687623746693134308e-02 7.495836820453405380e-03 2.046390203759074211e-03 2.317409089300781488e-04 0.000000000000000000e+00 0.000000000000000000e+00 0.000000000000000000e+00 0.000000000000000000e+00 0.000000000000000000e+00 0.000000000000000000e+00 0.000000000000000000e+00 0.000000000000000000e+00 0.000000000000000000e+00 0.000000000000000000e+00 0.000000000000000000e+00 0.000000000000000000e+00 0.000000000000000000e+00 3.432907687965780497e-04 8.612251840531826019e-03 4.901503399014472961e-02 1.108003035187721252e-01 2.938307225704193115e-01 1.422967761754989624e-01 8.456121385097503662e-02 1.248169615864753723e-01 1.813227236270904541e-01 4.398625809699296951e-03 2.094833007504348643e-06 0.000000000000000000e+00 0.000000000000000000e+00 0.000000000000000000e+00 0.000000000000000000e+00 0.000000000000000000e+00 0.000000000000000000e+00 0.000000000000000000e+00 0.000000000000000000e+00 0.000000000000000000e+00 0.000000000000000000e+00 0.000000000000000000e+00 0.000000000000000000e+00 0.000000000000000000e+00 2.697097625059541315e-05 4.413551359903067350e-04 2.440218813717365265e-03 1.612065732479095459e-02 5.590716749429702759e-02 8.976215869188308716e-02 7.500667870044708252e-02 5.047775432467460632e-02 4.206333309412002563e-02 9.775289893150329590e-02 9.649102389812469482e-02 3.071227073669433594e-01 1.008278504014015198e-01 5.073541775345802307e-02 1.385496463626623154e-02 9.688602876849472523e-04 0.000000000000000000e+00 0.000000000000000000e+00 0.000000000000000000e+00 0.000000000000000000e+00 0.000000000000000000e+00 0.000000000000000000e+00 0.000000000000000000e+00 0.000000000000000000e+00 0.000000000000000000e+00 0.000000000000000000e+00 0.000000000000000000e+00 0.000000000000000000e+00
2.168435752391815186e-01 2.870096862316131592e-01 3.023304343223571777e-01 2.991001605987548828e-01 2.696123719215393066e-01 2.131748795509338379e-01 1.590447574853897095e-01 1.246885061264038086e-01 1.219889223575592041e-01 9.178587794303894043e-02 8.537147939205169678e-02 7.932625710964202881e-02 6.691278517246246338e-02 5.297646671533584595e-02 5.000000447034835815e-02 4.480849206447601318e-02 4.584679007530212402e-02 5.013843625783920288e-02 5.934471637010574341e-02 7.784956693649291992e-02 8.126442134380340576e-02 8.495616167783737183e-02 7.125057280063629150e-02 3.894785419106483459e-02 1.845869794487953186e-02 6.437471136450767517e-03 5.076142260804772377e-04 2.307337490492500365e-05 0.000000000000000000e+00 0.000000000000000000e+00 0.000000000000000000e+00 0.000000000000000000e+00 0.000000000000000000e+00 0.000000000000000000e+00 0.000000000000000000e+00 0.000000000000000000e+00 0.000000000000000000e+00 0.000000000000000000e+00 0.000000000000000000e+00 0.000000000000000000e+00 0.000000000000000000e+00 0.000000000000000000e+00 0.000000000000000000e+00 5.383786992751993239e-05 1.845869846874848008e-04 3.384094743523746729e-04 4.007075913250446320e-03 1.622596532106399536e-01 5.238116979598999023e-01 2.239270955324172974e-01 8.143362402915954590e-02 3.837871132418513298e-03 1.461313659092411399e-04 0.000000000000000000e+00 0.000000000000000000e+00 0.000000000000000000e+00 0.000000000000000000e+00 0.000000000000000000e+00 0.000000000000000000e+00 0.000000000000000000e+00 0.000000000000000000e+00 0.000000000000000000e+00 0.000000000000000000e+00 0.000000000000000000e+00 0.000000000000000000e+00 0.000000000000000000e+00 0.000000000000000000e+00 0.000000000000000000e+00 0.000000000000000000e+00 0.000000000000000000e+00 0.000000000000000000e+00 0.000000000000000000e+00 0.000000000000000000e+00 0.000000000000000000e+00 0.000000000000000000e+00 5.383786992751993239e-05 4.476234316825866699e-02 1.247654184699058533e-01 1.570143103599548340e-01 3.851791918277740479e-01 2.789570689201354980e-01 8.737117052078247070e-03 3.614828456193208694e-04 1.538224896648898721e-04 1.538224933028686792e-05 0.000000000000000000e+00 0.000000000000000000e+00 0.000000000000000000e+00 0.000000000000000000e+00 0.000000000000000000e+00 0.000000000000000000e+00 0.000000000000000000e+00 0.000000000000000000e+00 0.000000000000000000e+00 0.000000000000000000e+00 0.000000000000000000e+00
2.135068774223327637e-01 2.224987149238586426e-01 1.454094946384429932e-01 1.212207525968551636e-01 9.325218945741653442e-02 6.803318858146667480e-02 4.940775036811828613e-02 4.005449637770652771e-02 3.822708129882812500e-02 4.682369902729988098e-02 5.390028655529022217e-02 5.300515517592430115e-02 6.376359611749649048e-02 7.292093336582183838e-02 6.632400304079055786e-02 5.010696500539779663e-02 3.264350444078445435e-02 1.459364593029022217e-01 2.774393558502197266e-01 2.517711222171783447e-01 2.030017822980880737e-01 1.282939612865447998e-01 2.085144221782684326e-01 1.158465966582298279e-01 1.396367698907852173e-01 9.806224703788757324e-02 3.985858056694269180e-04 0.000000000000000000e+00 0.000000000000000000e+00 0.000000000000000000e+00 0.000000000000000000e+00 0.000000000000000000e+00 0.000000000000000000e+00 0.000000000000000000e+00 0.000000000000000000e+00 0.000000000000000000e+00 0.000000000000000000e+00 0.000000000000000000e+00 0.000000000000000000e+00 0.000000000000000000e+00 0.000000000000000000e+00 0.000000000000000000e+00 0.000000000000000000e+00 0.000000000000000000e+00 2.251897240057587624e-04 2.287927549332380295e-03 1.287972647696733475e-02 5.496768653392791748e-02 5.715844631195068359e-01 1.814713925123214722e-01 3.218636661767959595e-02 3.332019597291946411e-02 2.836039289832115173e-02 1.902740634977817535e-02 1.319274026900529861e-02 2.027720771729946136e-02 2.560744993388652802e-02 4.591618664562702179e-03 2.026707443292252719e-05 0.000000000000000000e+00 0.000000000000000000e+00 0.000000000000000000e+00 0.000000000000000000e+00 0.000000000000000000e+00 0.000000000000000000e+00 0.000000000000000000e+00 0.000000000000000000e+00 0.000000000000000000e+00 0.000000000000000000e+00 0.000000000000000000e+00 0.000000000000000000e+00 4.042155633214861155e-04 6.192717235535383224e-03 4.064111411571502686e-02 4.547931626439094543e-02 2.636070922017097473e-02 1.924696564674377441e-02 2.357623726129531860e-02 4.230301454663276672e-02 6.825759410858154297e-01 1.088161766529083252e-01 4.403585102409124374e-03 0.000000000000000000e+00 0.000000000000000000e+00 0.000000000000000000e+00 0.000000000000000000e+00 0.000000000000000000e+00 0.000000000000000000e+00 0.000000000000000000e+00 0.000000000000000000e+00 0.000000000000000000e+00 0.000000000000000000e+00 0.000000000000000000e+00 0.000000000000000000e+00 0.000000000000000000e+00 0.000000000000000000e+00
3.485942631959915161e-02 3.713086247444152832e-02 6.811897456645965576e-02 1.100529879331588745e-01 1.423908025026321411e-01 1.510990709066390991e-01 1.394864320755004883e-01 1.273053884506225586e-01 1.275454759597778320e-01 1.327765733003616333e-01 1.486507356166839600e-01 1.618351638317108154e-01 1.771804392337799072e-01 1.883870661258697510e-01 1.975952684879302979e-01 1.766958534717559814e-01 1.533827930688858032e-01 1.314453184604644775e-01 1.137346923351287842e-01 1.027435660362243652e-01 8.885423094034194946e-02 7.248496264219284058e-02 5.400051176548004150e-02 3.858019411563873291e-02 3.021340444684028625e-02 2.513635903596878052e-02 1.947510428726673126e-02 1.438050158321857452e-02 1.130451448261737823e-02 9.492632001638412476e-03 5.150346085429191589e-03 8.510317653417587280e-03 0.000000000000000000e+00 0.000000000000000000e+00 0.000000000000000000e+00 0.000000000000000000e+00 0.000000000000000000e+00 0.000000000000000000e+00 0.000000000000000000e+00 0.000000000000000000e+00 0.000000000000000000e+00 0.000000000000000000e+00 0.000000000000000000e+00 0.000000000000000000e+00 0.000000000000000000e+00 1.003967830911278725e-03 5.616953223943710327e-02 2.363413870334625244e-01 1.310889124870300293e-01 2.121478319168090820e-01 3.303667306900024414e-01 3.280438110232353210e-02 7.725080649834126234e-05 0.000000000000000000e+00 0.000000000000000000e+00 0.000000000000000000e+00 0.000000000000000000e+00 0.000000000000000000e+00 0.000000000000000000e+00 0.000000000000000000e+00 0.000000000000000000e+00 0.000000000000000000e+00 0.000000000000000000e+00 0.000000000000000000e+00 0.000000000000000000e+00 0.000000000000000000e+00 0.000000000000000000e+00 0.000000000000000000e+00 0.000000000000000000e+00 0.000000000000000000e+00 0.000000000000000000e+00 0.000000000000000000e+00 1.120721935876645148e-04 6.531204562634229660e-04 4.786331206560134888e-03 6.328772753477096558e-02 2.582850158214569092e-01 2.654918730258941650e-01 1.278120428323745728e-01 6.024158373475074768e-02 1.433763355016708374e-01 7.353428006172180176e-02 2.410576445981860161e-03 8.778501069173216820e-06 2.926167042005545227e-07 0.000000000000000000e+00 0.000000000000000000e+00 0.000000000000000000e+00 0.000000000000000000e+00 0.000000000000000000e+00 0.000000000000000000e+00 0.000000000000000000e+00 0.000000000000000000e+00 0.000000000000000000e+00 0.000000000000000000e+00 0.000000000000000000e+00
1.176708005368709564e-02 5.351249501109123230e-02 1.579286009073257446e-01 2.348924428224563599e-01 2.335545420646667480e-01 2.701522707939147949e-01 3.007676899433135986e-01 2.660589516162872314e-01 1.773630827665328979e-01 1.231688931584358215e-01 1.094937324523925781e-01 1.229108721017837524e-01 1.296066939830780029e-01 1.796789020299911499e-01 1.241054236888885498e-01 1.120197921991348267e-01 8.391450345516204834e-02 9.864087402820587158e-02 5.968272686004638672e-02 3.189279884099960327e-02 2.533712610602378845e-02 1.710909232497215271e-02 1.865722425282001495e-02 1.772706955671310425e-02 1.410520449280738831e-02 8.040093816816806793e-03 3.433922771364450455e-03 1.436641253530979156e-02 1.114909973694011569e-04 0.000000000000000000e+00 0.000000000000000000e+00 0.000000000000000000e+00 0.000000000000000000e+00 0.000000000000000000e+00 0.000000000000000000e+00 0.000000000000000000e+00 0.000000000000000000e+00 0.000000000000000000e+00 0.000000000000000000e+00 6.105459760874509811e-04 9.535135701298713684e-03 4.696213454008102417e-02 5.618297308683395386e-02 9.241755306720733643e-02 1.460776329040527344e-01 1.386056244373321533e-01 1.463229209184646606e-01 7.610906660556793213e-02 4.892012849450111389e-02 2.225360460579395294e-02 3.000594675540924072e-02 2.894412726163864136e-02 1.876659132540225983e-02 1.545690093189477921e-02 1.090594381093978882e-02 9.259062819182872772e-03 1.120643876492977142e-02 1.110981311649084091e-02 1.374843344092369080e-02 2.031153813004493713e-02 1.749983988702297211e-02 2.000042423605918884e-02 7.566522806882858276e-03 1.221091952174901962e-03 4.585996735841035843e-03 2.590838586911559105e-03 7.487948518246412277e-03 8.327847346663475037e-03 6.576907355338335037e-03 7.126929704099893570e-03 1.249867305159568787e-02 2.236722037196159363e-02 4.253753647208213806e-02 4.036398977041244507e-02 4.263522103428840637e-02 8.777952194213867188e-02 1.015513166785240173e-01 1.115940064191818237e-01 2.133470624685287476e-01 1.199579536914825439e-01 3.799188882112503052e-02 1.983265765011310577e-02 5.806770175695419312e-02 5.272144079208374023e-02 5.733823127229698002e-05 0.000000000000000000e+00 0.000000000000000000e+00 0.000000000000000000e+00 0.000000000000000000e+00 0.000000000000000000e+00 0.000000000000000000e+00 0.000000000000000000e+00 0.000000000000000000e+00 0.000000000000000000e+00 0.000000000000000000e+00 0.000000000000000000e+00
2.577425166964530945e-02 2.636929415166378021e-02 3.846763074398040771e-02 5.698130652308464050e-02 8.755747228860855103e-02 1.169539466500282288e-01 1.235986948013305664e-01 1.222387030720710754e-01 1.226308494806289673e-01 1.270757466554641724e-01 1.328702270984649658e-01 1.391400247812271118e-01 1.376359313726425171e-01 1.474659442901611328e-01 1.764566600322723389e-01 2.083343714475631714e-01 1.930496990680694580e-01 1.849854588508605957e-01 1.653136014938354492e-01 1.468748450279235840e-01 1.373255103826522827e-01 1.134227737784385681e-01 8.296167105436325073e-02 5.826888978481292725e-02 4.401800781488418579e-02 2.889642678201198578e-02 2.033966220915317535e-02 1.427167281508445740e-02 7.691447623074054718e-03 3.173792967572808266e-03 2.931474940851330757e-03 6.923987064510583878e-03 0.000000000000000000e+00 0.000000000000000000e+00 0.000000000000000000e+00 0.000000000000000000e+00 0.000000000000000000e+00 0.000000000000000000e+00 0.000000000000000000e+00 0.000000000000000000e+00 0.000000000000000000e+00 0.000000000000000000e+00 0.000000000000000000e+00 0.000000000000000000e+00 2.389724329532327829e-07 2.345036482438445091e-03 9.953441098332405090e-03 1.982073299586772919e-02 1.416903436183929443e-01 3.506242930889129639e-01 3.201802968978881836e-01 1.359436511993408203e-01 1.944160275161266327e-02 3.584586636407038895e-07 0.000000000000000000e+00 0.000000000000000000e+00 0.000000000000000000e+00 0.000000000000000000e+00 0.000000000000000000e+00 0.000000000000000000e+00 0.000000000000000000e+00 0.000000000000000000e+00 0.000000000000000000e+00 0.000000000000000000e+00 0.000000000000000000e+00 0.000000000000000000e+00 0.000000000000000000e+00 0.000000000000000000e+00 0.000000000000000000e+00 0.000000000000000000e+00 0.000000000000000000e+00 0.000000000000000000e+00 4.934780736221000552e-05 2.327352529391646385e-03 1.181563362479209900e-02 1.653438434004783630e-02 1.171441674232482910e-01 3.806731700897216797e-01 2.902388274669647217e-01 1.518373489379882812e-01 2.799836918711662292e-02 1.055899658240377903e-03 2.433934278087690473e-04 8.208703366108238697e-05 0.000000000000000000e+00 0.000000000000000000e+00 0.000000000000000000e+00 0.000000000000000000e+00 0.000000000000000000e+00 0.000000000000000000e+00 0.000000000000000000e+00 0.000000000000000000e+00 0.000000000000000000e+00 0.000000000000000000e+00 0.000000000000000000e+00 0.000000000000000000e+00
7.778959115967154503e-04 1.538011338561773300e-02 1.041158139705657959e-01 2.740749716758728027e-01 3.931152224540710449e-01 2.278679311275482178e-01 2.272789478302001953e-01 2.066425085067749023e-01 1.651139557361602783e-01 1.296419203281402588e-01 9.729254990816116333e-02 8.557966351509094238e-02 8.956915885210037231e-02 1.013265028595924377e-01 9.861497581005096436e-02 8.590193092823028564e-02 7.788960635662078857e-02 8.043443411588668823e-02 8.923577517271041870e-02 8.573523908853530884e-02 7.205538451671600342e-02 5.905341356992721558e-02 4.688489437103271484e-02 3.401627764105796814e-02 3.206042572855949402e-02 3.206042572855949402e-02 2.914886921644210815e-02 2.400364354252815247e-02 1.994747295975685120e-02 1.206849887967109680e-02 2.911553252488374710e-03 2.000303647946566343e-04 0.000000000000000000e+00 0.000000000000000000e+00 0.000000000000000000e+00 0.000000000000000000e+00 0.000000000000000000e+00 0.000000000000000000e+00 0.000000000000000000e+00 0.000000000000000000e+00 0.000000000000000000e+00 0.000000000000000000e+00 0.000000000000000000e+00 0.000000000000000000e+00 0.000000000000000000e+00 0.000000000000000000e+00 0.000000000000000000e+00 3.037498332560062408e-03 5.479387640953063965e-01 1.563756018877029419e-01 1.084349825978279114e-01 1.417548656463623047e-01 4.245829954743385315e-02 0.000000000000000000e+00 0.000000000000000000e+00 0.000000000000000000e+00 0.000000000000000000e+00 0.000000000000000000e+00 0.000000000000000000e+00 0.000000000000000000e+00 0.000000000000000000e+00 0.000000000000000000e+00 0.000000000000000000e+00 0.000000000000000000e+00 0.000000000000000000e+00 0.000000000000000000e+00 0.000000000000000000e+00 0.000000000000000000e+00 0.000000000000000000e+00 0.000000000000000000e+00 0.000000000000000000e+00 0.000000000000000000e+00 0.000000000000000000e+00 1.052011619322001934e-03 1.732485368847846985e-02 6.796958297491073608e-02 8.156424015760421753e-02 6.763990223407745361e-02 1.470223218202590942e-01 3.533869981765747070e-01 2.640400826930999756e-01 0.000000000000000000e+00 0.000000000000000000e+00 0.000000000000000000e+00 0.000000000000000000e+00 0.000000000000000000e+00 0.000000000000000000e+00 0.000000000000000000e+00 0.000000000000000000e+00 0.000000000000000000e+00 0.000000000000000000e+00 0.000000000000000000e+00 0.000000000000000000e+00 0.000000000000000000e+00 0.000000000000000000e+00 0.000000000000000000e+00
2.842906713485717773e-01 6.378711462020874023e-01 5.076221227645874023e-01 3.033718764781951904e-01 1.693322956562042236e-01 1.292639076709747314e-01 1.180743128061294556e-01 1.139625459909439087e-01 1.090369820594787598e-01 8.961312472820281982e-02 6.932194530963897705e-02 5.035853013396263123e-02 3.778763860464096069e-02 3.718800470232963562e-02 3.748781979084014893e-02 3.407204896211624146e-02 2.813995629549026489e-02 2.805429324507713318e-02 4.444785416126251221e-02 5.857136845588684082e-02 7.056404650211334229e-02 3.357949480414390564e-02 5.203964654356241226e-03 1.060066861100494862e-03 7.281267317011952400e-04 6.317570805549621582e-04 3.426478942856192589e-04 2.141549339285120368e-05 0.000000000000000000e+00 0.000000000000000000e+00 0.000000000000000000e+00 0.000000000000000000e+00 0.000000000000000000e+00 0.000000000000000000e+00 0.000000000000000000e+00 0.000000000000000000e+00 0.000000000000000000e+00 0.000000000000000000e+00 0.000000000000000000e+00 0.000000000000000000e+00 0.000000000000000000e+00 0.000000000000000000e+00 0.000000000000000000e+00 0.000000000000000000e+00 0.000000000000000000e+00 0.000000000000000000e+00 0.000000000000000000e+00 2.789367921650409698e-02 5.448458194732666016e-01 1.195198670029640198e-01 1.623544245958328247e-01 1.424380093812942505e-01 2.948199398815631866e-03 0.000000000000000000e+00 0.000000000000000000e+00 0.000000000000000000e+00 0.000000000000000000e+00 0.000000000000000000e+00 0.000000000000000000e+00 0.000000000000000000e+00 0.000000000000000000e+00 0.000000000000000000e+00 0.000000000000000000e+00 0.000000000000000000e+00 0.000000000000000000e+00 0.000000000000000000e+00 0.000000000000000000e+00 0.000000000000000000e+00 0.000000000000000000e+00 0.000000000000000000e+00 0.000000000000000000e+00 0.000000000000000000e+00 0.000000000000000000e+00 0.000000000000000000e+00 3.094538580626249313e-03 2.222928218543529510e-02 8.627945184707641602e-02 1.282859444618225098e-01 1.263835281133651733e-01 2.383758425712585449e-01 3.953514099121093750e-01 0.000000000000000000e+00 0.000000000000000000e+00 0.000000000000000000e+00 0.000000000000000000e+00 0.000000000000000000e+00 0.000000000000000000e+00 0.000000000000000000e+00 0.000000000000000000e+00 0.000000000000000000e+00 0.000000000000000000e+00 0.000000000000000000e+00 0.000000000000000000e+00 0.000000000000000000e+00 0.000000000000000000e+00 0.000000000000000000e+00
9.370804578065872192e-02 7.738003879785537720e-02 9.710269421339035034e-02 1.260735392570495605e-01 1.484728902578353882e-01 1.598499119281768799e-01 1.718965321779251099e-01 1.704754233360290527e-01 1.611334681510925293e-01 1.553342491388320923e-01 1.439937353134155273e-01 1.364164054393768311e-01 1.349186301231384277e-01 1.422630101442337036e-01 1.427907794713973999e-01 1.350311636924743652e-01 1.261478960514068604e-01 1.115459948778152466e-01 9.802530705928802490e-02 9.087999910116195679e-02 7.819143682718276978e-02 6.659132242202758789e-02 5.483393371105194092e-02 4.478489235043525696e-02 3.579566627740859985e-02 2.737468667328357697e-02 1.955616846680641174e-02 1.393000595271587372e-02 9.487382136285305023e-03 8.148211985826492310e-03 1.053568534553050995e-02 7.330889347940683365e-03 0.000000000000000000e+00 0.000000000000000000e+00 0.000000000000000000e+00 0.000000000000000000e+00 0.000000000000000000e+00 0.000000000000000000e+00 0.000000000000000000e+00 0.000000000000000000e+00 0.000000000000000000e+00 2.632276164149516262e-06 5.231649265624582767e-05 5.411521415226161480e-04 4.103389568626880646e-03 3.185942769050598145e-02 1.770995408296585083e-01 2.886324822902679443e-01 1.922760456800460815e-01 8.499938249588012695e-02 1.107620149850845337e-01 8.454234898090362549e-02 1.842527650296688080e-02 3.631444415077567101e-03 1.716353814117610455e-03 9.969746461138129234e-04 3.061117895413190126e-04 4.562612230074591935e-05 7.348437975451815873e-06 1.096781758747056301e-07 0.000000000000000000e+00 0.000000000000000000e+00 0.000000000000000000e+00 0.000000000000000000e+00 4.387127034988225205e-07 3.707122232299298048e-05 1.386332151014357805e-04 2.632276155054569244e-04 6.178171606734395027e-04 5.810749717056751251e-04 8.384896791540086269e-04 1.452577766031026840e-03 5.220462102442979813e-03 1.669323816895484924e-02 3.688213974237442017e-02 6.125010922551155090e-02 7.230972498655319214e-02 7.278189063072204590e-02 9.019418060779571533e-02 2.296983450651168823e-01 2.431024461984634399e-01 8.730163425207138062e-02 5.049133673310279846e-02 2.629786543548107147e-02 2.931368770077824593e-03 5.966493044979870319e-04 2.563179004937410355e-04 5.001324825570918620e-05 1.272266854357440025e-05 2.193563517494112602e-07 0.000000000000000000e+00 0.000000000000000000e+00 0.000000000000000000e+00 0.000000000000000000e+00 0.000000000000000000e+00 0.000000000000000000e+00
1.460719667375087738e-02 6.321589648723602295e-02 9.640750288963317871e-02 6.395348906517028809e-02 4.824713617563247681e-02 4.175344109535217285e-02 3.559238463640213013e-02 4.123278707265853882e-02 5.484206601977348328e-02 5.844324827194213867e-02 8.000694215297698975e-02 8.631262183189392090e-02 8.220525085926055908e-02 7.582726329565048218e-02 5.838539823889732361e-02 5.086486414074897766e-02 2.465868368744850159e-02 4.801573604345321655e-02 1.564850211143493652e-01 3.156889975070953369e-01 3.945823311805725098e-01 4.527941644191741943e-01 4.074395298957824707e-01 2.216678261756896973e-01 2.031991258263587952e-02 1.865671598352491856e-03 2.574337646365165710e-03 1.663195667788386345e-03 3.471017116680741310e-04 0.000000000000000000e+00 0.000000000000000000e+00 0.000000000000000000e+00 0.000000000000000000e+00 0.000000000000000000e+00 0.000000000000000000e+00 0.000000000000000000e+00 0.000000000000000000e+00 0.000000000000000000e+00 0.000000000000000000e+00 0.000000000000000000e+00 0.000000000000000000e+00 0.000000000000000000e+00 0.000000000000000000e+00 0.000000000000000000e+00 0.000000000000000000e+00 0.000000000000000000e+00 0.000000000000000000e+00 6.315322825685143471e-04 2.247049659490585327e-01 4.179152548313140869e-01 3.502304255962371826e-01 6.469590123742818832e-03 4.820857066079042852e-05 0.000000000000000000e+00 0.000000000000000000e+00 0.000000000000000000e+00 0.000000000000000000e+00 0.000000000000000000e+00 0.000000000000000000e+00 0.000000000000000000e+00 0.000000000000000000e+00 0.000000000000000000e+00 0.000000000000000000e+00 0.000000000000000000e+00 0.000000000000000000e+00 0.000000000000000000e+00 0.000000000000000000e+00 0.000000000000000000e+00 0.000000000000000000e+00 0.000000000000000000e+00 0.000000000000000000e+00 0.000000000000000000e+00 0.000000000000000000e+00 0.000000000000000000e+00 0.000000000000000000e+00 1.966909738257527351e-03 4.150758031755685806e-03 1.373510360717773438e-01 6.691301465034484863e-01 1.257183104753494263e-01 6.097901985049247742e-02 7.038451149128377438e-04 0.000000000000000000e+00 0.000000000000000000e+00 0.000000000000000000e+00 0.000000000000000000e+00 0.000000000000000000e+00 0.000000000000000000e+00 0.000000000000000000e+00 0.000000000000000000e+00 0.000000000000000000e+00 0.000000000000000000e+00 0.000000000000000000e+00 0.000000000000000000e+00 0.000000000000000000e+00 0.000000000000000000e+00
2.765473127365112305e-01 2.936140000820159912e-01 2.357713878154754639e-01 1.981309056282043457e-01 1.250562816858291626e-01 9.190812706947326660e-02 7.737225294113159180e-02 7.360260188579559326e-02 7.802118360996246338e-02 1.011670827865600586e-01 1.544524878263473511e-01 2.037676870822906494e-01 2.021542191505432129e-01 1.953641176223754883e-01 2.174599617719650269e-01 1.862585544586181641e-01 1.219532638788223267e-01 8.830070495605468750e-02 5.092570185661315918e-02 2.244388312101364136e-02 4.610301926732063293e-03 6.813689833506941795e-04 2.300726482644677162e-04 1.091370286303572357e-04 2.949649569927714765e-05 3.244614345021545887e-05 1.769789741956628859e-05 1.179859827971085906e-05 5.899299139855429530e-06 0.000000000000000000e+00 0.000000000000000000e+00 0.000000000000000000e+00 0.000000000000000000e+00 0.000000000000000000e+00 0.000000000000000000e+00 0.000000000000000000e+00 0.000000000000000000e+00 0.000000000000000000e+00 0.000000000000000000e+00 0.000000000000000000e+00 0.000000000000000000e+00 0.000000000000000000e+00 0.000000000000000000e+00 0.000000000000000000e+00 0.000000000000000000e+00 0.000000000000000000e+00 0.000000000000000000e+00 5.506012588739395142e-03 2.682774960994720459e-01 7.264199852943420410e-02 4.760242626070976257e-02 5.425683408975601196e-02 6.476938724517822266e-02 8.098655939102172852e-02 1.356671601533889771e-01 1.988604515790939331e-01 7.125173509120941162e-02 1.799286255845800042e-04 0.000000000000000000e+00 0.000000000000000000e+00 0.000000000000000000e+00 0.000000000000000000e+00 0.000000000000000000e+00 0.000000000000000000e+00 0.000000000000000000e+00 0.000000000000000000e+00 0.000000000000000000e+00 0.000000000000000000e+00 0.000000000000000000e+00 0.000000000000000000e+00 3.746054717339575291e-04 4.181521385908126831e-02 1.198924332857131958e-01 1.389235705137252808e-01 1.049868762493133545e-01 7.187706232070922852e-02 6.480871886014938354e-02 5.531772598624229431e-02 5.480252206325531006e-02 2.542352080345153809e-01 9.296607226133346558e-02 0.000000000000000000e+00 0.000000000000000000e+00 0.000000000000000000e+00 0.000000000000000000e+00 0.000000000000000000e+00 0.000000000000000000e+00 0.000000000000000000e+00 0.000000000000000000e+00 0.000000000000000000e+00 0.000000000000000000e+00 0.000000000000000000e+00 0.000000000000000000e+00 0.000000000000000000e+00 0.000000000000000000e+00 0.000000000000000000e+00
4.245454072952270508e-02 1.373296976089477539e-01 1.768280863761901855e-01 1.293095648288726807e-01 1.276291310787200928e-01 1.102678328752517700e-01 1.092155426740646362e-01 8.789436519145965576e-02 7.841073721647262573e-02 7.629643380641937256e-02 7.993575930595397949e-02 8.399277180433273315e-02 8.855812251567840576e-02 9.632570296525955200e-02 1.100573688745498657e-01 1.245888024568557739e-01 1.404962986707687378e-01 1.888469457626342773e-01 2.263993918895721436e-01 1.937198936939239502e-01 1.736614704132080078e-01 1.711294800043106079e-01 1.228241771459579468e-01 8.146725594997406006e-02 2.902074716985225677e-02 1.089208945631980896e-02 2.441330347210168839e-03 6.475676855188794434e-06 0.000000000000000000e+00 0.000000000000000000e+00 0.000000000000000000e+00 0.000000000000000000e+00 0.000000000000000000e+00 0.000000000000000000e+00 0.000000000000000000e+00 0.000000000000000000e+00 0.000000000000000000e+00 0.000000000000000000e+00 0.000000000000000000e+00 0.000000000000000000e+00 0.000000000000000000e+00 0.000000000000000000e+00 0.000000000000000000e+00 0.000000000000000000e+00 0.000000000000000000e+00 0.000000000000000000e+00 3.853027883451431990e-04 2.102004922926425934e-02 2.418956905603408813e-01 1.257814019918441772e-01 1.802580356597900391e-01 4.164475798606872559e-01 1.420547720044851303e-02 6.475677309936145321e-06 0.000000000000000000e+00 0.000000000000000000e+00 0.000000000000000000e+00 0.000000000000000000e+00 0.000000000000000000e+00 0.000000000000000000e+00 0.000000000000000000e+00 0.000000000000000000e+00 0.000000000000000000e+00 0.000000000000000000e+00 0.000000000000000000e+00 0.000000000000000000e+00 0.000000000000000000e+00 0.000000000000000000e+00 0.000000000000000000e+00 0.000000000000000000e+00 0.000000000000000000e+00 0.000000000000000000e+00 0.000000000000000000e+00 0.000000000000000000e+00 0.000000000000000000e+00 0.000000000000000000e+00 2.628045622259378433e-03 4.245259761810302734e-01 2.689758837223052979e-01 2.565663456916809082e-01 4.630217328667640686e-02 9.745894349180161953e-04 2.698198841244447976e-05 0.000000000000000000e+00 0.000000000000000000e+00 0.000000000000000000e+00 0.000000000000000000e+00 0.000000000000000000e+00 0.000000000000000000e+00 0.000000000000000000e+00 0.000000000000000000e+00 0.000000000000000000e+00 0.000000000000000000e+00 0.000000000000000000e+00 0.000000000000000000e+00 0.000000000000000000e+00
5.091498678666539490e-05 1.750202645780518651e-04 9.104236029088497162e-03 7.436133176088333130e-02 2.790364027023315430e-01 2.777571678161621094e-01 3.143427670001983643e-01 3.112687766551971436e-01 2.355677336454391479e-01 2.292224466800689697e-01 1.828229725360870361e-01 1.242389231920242310e-01 9.568516910076141357e-02 6.024197489023208618e-02 4.236444830894470215e-02 4.509158432483673096e-02 6.640905141830444336e-02 9.900100529193878174e-02 1.142564043402671814e-01 9.543695300817489624e-02 6.202717870473861694e-02 4.500248283147811890e-02 3.538909554481506348e-02 3.588233515620231628e-02 3.183459490537643433e-02 3.367708250880241394e-02 3.166275471448898315e-02 2.495788782835006714e-02 2.085923217236995697e-02 1.136995293200016022e-02 3.249012399464845657e-03 7.653159089386463165e-03 0.000000000000000000e+00 0.000000000000000000e+00 0.000000000000000000e+00 0.000000000000000000e+00 0.000000000000000000e+00 0.000000000000000000e+00 0.000000000000000000e+00 0.000000000000000000e+00 0.000000000000000000e+00 0.000000000000000000e+00 0.000000000000000000e+00 0.000000000000000000e+00 3.918332513421773911e-03 1.759218797087669373e-02 5.719131603837013245e-02 2.794988751411437988e-01 3.876221477985382080e-01 9.790633618831634521e-02 8.074798434972763062e-02 1.377144269645214081e-02 6.365433800965547562e-03 1.820847205817699432e-02 2.727239951491355896e-02 5.783093627542257309e-03 1.522145932540297508e-03 2.219044836238026619e-03 3.808016481343656778e-04 0.000000000000000000e+00 0.000000000000000000e+00 0.000000000000000000e+00 0.000000000000000000e+00 0.000000000000000000e+00 0.000000000000000000e+00 0.000000000000000000e+00 0.000000000000000000e+00 0.000000000000000000e+00 0.000000000000000000e+00 0.000000000000000000e+00 4.667207031161524355e-05 2.882000291720032692e-03 4.237611778080463409e-03 3.533287905156612396e-03 3.726340364664793015e-03 4.089852049946784973e-02 6.320565193891525269e-02 7.977529615163803101e-02 1.249432489275932312e-01 2.683994174003601074e-01 9.799331426620483398e-02 8.477663248777389526e-02 1.790902763605117798e-01 4.458137229084968567e-02 1.910372637212276459e-03 0.000000000000000000e+00 0.000000000000000000e+00 0.000000000000000000e+00 0.000000000000000000e+00 0.000000000000000000e+00 0.000000000000000000e+00 0.000000000000000000e+00 0.000000000000000000e+00 0.000000000000000000e+00 0.000000000000000000e+00 0.000000000000000000e+00
6.779082119464874268e-02 6.533898413181304932e-02 5.044358223676681519e-02 9.428974986076354980e-02 9.343605488538742065e-02 8.564345538616180420e-02 1.132897585630416870e-01 1.960442960262298584e-01 1.754188239574432373e-01 2.051618397235870361e-01 2.450468242168426514e-01 2.463717609643936157e-01 2.185956984758377075e-01 2.036592960357666016e-01 2.082761526107788086e-01 2.001079022884368896e-01 1.742304712533950806e-01 1.500945985317230225e-01 9.108666330575942993e-02 4.661216586828231812e-02 3.439397364854812622e-02 2.188893593847751617e-02 9.902951307594776154e-03 2.731848508119583130e-03 1.434220466762781143e-04 0.000000000000000000e+00 0.000000000000000000e+00 0.000000000000000000e+00 0.000000000000000000e+00 0.000000000000000000e+00 0.000000000000000000e+00 0.000000000000000000e+00 0.000000000000000000e+00 0.000000000000000000e+00 0.000000000000000000e+00 0.000000000000000000e+00 0.000000000000000000e+00 0.000000000000000000e+00 0.000000000000000000e+00 0.000000000000000000e+00 0.000000000000000000e+00 0.000000000000000000e+00 0.000000000000000000e+00 0.000000000000000000e+00 4.735204274766147137e-04 4.687396809458732605e-03 1.118919625878334045e-02 6.897917483001947403e-03 6.958018243312835693e-02 2.248539030551910400e-01 4.092423021793365479e-01 1.256377100944519043e-01 5.989122763276100159e-02 4.360030218958854675e-02 4.328386485576629639e-02 6.624732632189989090e-04 0.000000000000000000e+00 0.000000000000000000e+00 0.000000000000000000e+00 0.000000000000000000e+00 0.000000000000000000e+00 0.000000000000000000e+00 0.000000000000000000e+00 0.000000000000000000e+00 0.000000000000000000e+00 0.000000000000000000e+00 0.000000000000000000e+00 0.000000000000000000e+00 0.000000000000000000e+00 0.000000000000000000e+00 0.000000000000000000e+00 0.000000000000000000e+00 0.000000000000000000e+00 0.000000000000000000e+00 5.258808378130197525e-04 2.966787479817867279e-02 1.774381250143051147e-01 3.505439758300781250e-01 2.105777114629745483e-01 2.042421102523803711e-01 2.686773054301738739e-02 1.365924254059791565e-04 0.000000000000000000e+00 0.000000000000000000e+00 0.000000000000000000e+00 0.000000000000000000e+00 0.000000000000000000e+00 0.000000000000000000e+00 0.000000000000000000e+00 0.000000000000000000e+00 0.000000000000000000e+00 0.000000000000000000e+00 0.000000000000000000e+00 0.000000000000000000e+00 0.000000000000000000e+00 0.000000000000000000e+00
1.113819074817001820e-03 1.757055334746837616e-02 7.940687239170074463e-02 1.246019601821899414e-01 1.393549442291259766e-01 1.487164795398712158e-01 1.534291505813598633e-01 1.553697884082794189e-01 1.597225666046142578e-01 1.686057895421981812e-01 1.777623444795608521e-01 1.809147447347640991e-01 1.781085580587387085e-01 1.768147945404052734e-01 1.683757305145263672e-01 1.608227193355560303e-01 1.473771631717681885e-01 1.303236633539199829e-01 1.093979924917221069e-01 8.875475823879241943e-02 7.033459842205047607e-02 5.292576551437377930e-02 3.883789107203483582e-02 3.324146196246147156e-02 3.173587098717689514e-02 3.266291692852973938e-02 2.585700340569019318e-02 1.800104789435863495e-02 1.370293647050857544e-02 1.086941640824079514e-02 5.222877487540245056e-03 6.377696263371035457e-05 0.000000000000000000e+00 0.000000000000000000e+00 0.000000000000000000e+00 0.000000000000000000e+00 0.000000000000000000e+00 0.000000000000000000e+00 0.000000000000000000e+00 0.000000000000000000e+00 0.000000000000000000e+00 0.000000000000000000e+00 0.000000000000000000e+00 0.000000000000000000e+00 0.000000000000000000e+00 0.000000000000000000e+00 0.000000000000000000e+00 1.346908742561936378e-03 8.288226127624511719e-01 1.698304563760757446e-01 0.000000000000000000e+00 0.000000000000000000e+00 0.000000000000000000e+00 0.000000000000000000e+00 0.000000000000000000e+00 0.000000000000000000e+00 0.000000000000000000e+00 0.000000000000000000e+00 0.000000000000000000e+00 0.000000000000000000e+00 0.000000000000000000e+00 0.000000000000000000e+00 0.000000000000000000e+00 0.000000000000000000e+00 0.000000000000000000e+00 0.000000000000000000e+00 0.000000000000000000e+00 0.000000000000000000e+00 0.000000000000000000e+00 0.000000000000000000e+00 0.000000000000000000e+00 0.000000000000000000e+00 0.000000000000000000e+00 0.000000000000000000e+00 0.000000000000000000e+00 0.000000000000000000e+00 0.000000000000000000e+00 4.755179863423109055e-03 3.076874017715454102e-01 6.832752227783203125e-01 4.282167647033929825e-03 0.000000000000000000e+00 0.000000000000000000e+00 0.000000000000000000e+00 0.000000000000000000e+00 0.000000000000000000e+00 0.000000000000000000e+00 0.000000000000000000e+00 0.000000000000000000e+00 0.000000000000000000e+00 0.000000000000000000e+00 0.000000000000000000e+00 0.000000000000000000e+00 0.000000000000000000e+00 0.000000000000000000e+00 0.000000000000000000e+00
1.182522252202033997e-02 3.444559872150421143e-02 5.805638059973716736e-02 6.325054913759231567e-02 5.403129011392593384e-02 4.112651199102401733e-02 3.845898061990737915e-02 4.417517036199569702e-02 5.288374423980712891e-02 7.664109021425247192e-02 1.148383021354675293e-01 1.479845046997070312e-01 1.435779035091400146e-01 1.378103494644165039e-01 1.472860872745513916e-01 1.368713080883026123e-01 1.066706329584121704e-01 8.505125343799591064e-02 8.014830946922302246e-02 8.791633695363998413e-02 1.009869351983070374e-01 1.269154697656631470e-01 1.627246737480163574e-01 2.036487311124801636e-01 2.010858058929443359e-01 1.986691057682037354e-01 1.448300778865814209e-01 9.408579766750335693e-02 5.919070541858673096e-02 3.078841231763362885e-02 1.133681740611791611e-02 2.687928266823291779e-03 0.000000000000000000e+00 0.000000000000000000e+00 0.000000000000000000e+00 0.000000000000000000e+00 0.000000000000000000e+00 0.000000000000000000e+00 0.000000000000000000e+00 0.000000000000000000e+00 0.000000000000000000e+00 0.000000000000000000e+00 0.000000000000000000e+00 0.000000000000000000e+00 0.000000000000000000e+00 0.000000000000000000e+00 2.644111646077362821e-06 2.387144267559051514e-01 3.515181541442871094e-01 7.002803683280944824e-02 1.250454485416412354e-01 2.116803973913192749e-01 2.932697534561157227e-03 7.781243039062246680e-05 3.777302310936647700e-07 0.000000000000000000e+00 0.000000000000000000e+00 0.000000000000000000e+00 0.000000000000000000e+00 0.000000000000000000e+00 0.000000000000000000e+00 0.000000000000000000e+00 0.000000000000000000e+00 0.000000000000000000e+00 0.000000000000000000e+00 0.000000000000000000e+00 0.000000000000000000e+00 0.000000000000000000e+00 0.000000000000000000e+00 0.000000000000000000e+00 0.000000000000000000e+00 0.000000000000000000e+00 0.000000000000000000e+00 0.000000000000000000e+00 3.663983443402685225e-05 6.546102464199066162e-02 1.988575905561447144e-01 7.192197442054748535e-02 6.410711258649826050e-02 4.970258772373199463e-01 1.019956022500991821e-01 5.941696581430733204e-04 0.000000000000000000e+00 0.000000000000000000e+00 0.000000000000000000e+00 0.000000000000000000e+00 0.000000000000000000e+00 0.000000000000000000e+00 0.000000000000000000e+00 0.000000000000000000e+00 0.000000000000000000e+00 0.000000000000000000e+00 0.000000000000000000e+00 0.000000000000000000e+00 0.000000000000000000e+00 0.000000000000000000e+00
2.964808139950037003e-03 7.231238669191952795e-06 1.446247733838390559e-05 1.060581707861274481e-04 1.164229470305144787e-03 1.273903250694274902e-02 6.018319353461265564e-02 1.807641088962554932e-01 2.123043537139892578e-01 1.841579675674438477e-01 1.757841855287551880e-01 1.516197919845581055e-01 1.467411220073699951e-01 1.309794336557388306e-01 9.641170501708984375e-02 8.051743358373641968e-02 9.174755215644836426e-02 1.161336898803710938e-01 1.226538643240928650e-01 1.128410696983337402e-01 1.278145611286163330e-01 1.434436738491058350e-01 1.584991216659545898e-01 1.473774760961532593e-01 1.301719397306442261e-01 1.248015463352203369e-01 8.876104652881622314e-02 7.733327895402908325e-02 6.331673264503479004e-02 3.542101755738258362e-02 1.489635184407234192e-02 8.327976800501346588e-03 0.000000000000000000e+00 0.000000000000000000e+00 0.000000000000000000e+00 0.000000000000000000e+00 0.000000000000000000e+00 0.000000000000000000e+00 0.000000000000000000e+00 0.000000000000000000e+00 0.000000000000000000e+00 0.000000000000000000e+00 0.000000000000000000e+00 0.000000000000000000e+00 1.606941987120080739e-05 3.360115690156817436e-03 7.709304336458444595e-03 2.226016297936439514e-02 3.350088298320770264e-01 6.251679062843322754e-01 6.456692703068256378e-03 2.089024565066210926e-05 0.000000000000000000e+00 0.000000000000000000e+00 0.000000000000000000e+00 0.000000000000000000e+00 0.000000000000000000e+00 0.000000000000000000e+00 0.000000000000000000e+00 0.000000000000000000e+00 0.000000000000000000e+00 0.000000000000000000e+00 0.000000000000000000e+00 0.000000000000000000e+00 0.000000000000000000e+00 0.000000000000000000e+00 0.000000000000000000e+00 0.000000000000000000e+00 0.000000000000000000e+00 0.000000000000000000e+00 0.000000000000000000e+00 0.000000000000000000e+00 0.000000000000000000e+00 0.000000000000000000e+00 0.000000000000000000e+00 0.000000000000000000e+00 7.600835524499416351e-04 5.106379464268684387e-02 7.173581719398498535e-01 1.930748820304870605e-01 3.442873060703277588e-02 3.314317902550101280e-03 0.000000000000000000e+00 0.000000000000000000e+00 0.000000000000000000e+00 0.000000000000000000e+00 0.000000000000000000e+00 0.000000000000000000e+00 0.000000000000000000e+00 0.000000000000000000e+00 0.000000000000000000e+00 0.000000000000000000e+00 0.000000000000000000e+00 0.000000000000000000e+00 0.000000000000000000e+00 0.000000000000000000e+00
3.900052234530448914e-02 5.905160307884216309e-02 7.360774278640747070e-02 8.359192311763763428e-02 1.169850230216979980e-01 1.344358474016189575e-01 1.443737149238586426e-01 1.373834758996963501e-01 1.177856102585792542e-01 1.159793287515640259e-01 1.295694708824157715e-01 1.472717225551605225e-01 1.669059693813323975e-01 1.773036718368530273e-01 1.697377860546112061e-01 1.470864564180374146e-01 1.334169209003448486e-01 1.282131075859069824e-01 1.187383756041526794e-01 1.145733445882797241e-01 1.069942265748977661e-01 9.049947559833526611e-02 8.007860183715820312e-02 7.603265345096588135e-02 7.935741543769836426e-02 6.405031681060791016e-02 2.980699762701988220e-02 1.308398135006427765e-02 3.731664270162582397e-03 1.207497785799205303e-03 1.455613819416612387e-04 0.000000000000000000e+00 0.000000000000000000e+00 0.000000000000000000e+00 0.000000000000000000e+00 0.000000000000000000e+00 0.000000000000000000e+00 0.000000000000000000e+00 0.000000000000000000e+00 0.000000000000000000e+00 0.000000000000000000e+00 0.000000000000000000e+00 0.000000000000000000e+00 0.000000000000000000e+00 4.013965080957859755e-04 1.452305470593273640e-03 4.331553354859352112e-03 3.193197399377822876e-02 1.767798811197280884e-01 3.237406313419342041e-01 2.844214141368865967e-01 1.065145358443260193e-01 4.758974537253379822e-02 1.330232433974742889e-02 4.756107460707426071e-03 3.000549273565411568e-03 8.744709775783121586e-04 3.186911926604807377e-04 3.484651097096502781e-04 2.359858626732602715e-04 0.000000000000000000e+00 0.000000000000000000e+00 0.000000000000000000e+00 0.000000000000000000e+00 0.000000000000000000e+00 0.000000000000000000e+00 0.000000000000000000e+00 0.000000000000000000e+00 0.000000000000000000e+00 0.000000000000000000e+00 4.631498086382634938e-05 1.279175630770623684e-04 2.414995396975427866e-04 7.300123106688261032e-04 3.871711902320384979e-03 1.079800724983215332e-02 1.063347831368446350e-01 2.054290026426315308e-01 3.845852613449096680e-01 2.462236732244491577e-01 3.333355486392974854e-02 3.994115628302097321e-03 1.569195650517940521e-03 1.362983719445765018e-03 1.090607489459216595e-03 2.536296669859439135e-04 7.719163477304391563e-06 0.000000000000000000e+00 0.000000000000000000e+00 0.000000000000000000e+00 0.000000000000000000e+00 0.000000000000000000e+00 0.000000000000000000e+00 0.000000000000000000e+00 0.000000000000000000e+00 0.000000000000000000e+00
2.400835976004600525e-02 3.976880759000778198e-02 5.029254406690597534e-02 6.521309912204742432e-02 7.008986175060272217e-02 7.872869074344635010e-02 8.726689219474792480e-02 1.107179000973701477e-01 1.177621036767959595e-01 1.124673485755920410e-01 1.247250288724899292e-01 1.014443188905715942e-01 8.262234926223754883e-02 7.113488018512725830e-02 8.402732759714126587e-02 9.795317798852920532e-02 1.237496808171272278e-01 1.698118448257446289e-01 2.319440692663192749e-01 2.983763515949249268e-01 2.534404993057250977e-01 2.012823969125747681e-01 1.110081821680068970e-01 8.062133193016052246e-02 5.750704556703567505e-02 5.093116313219070435e-02 5.534347146749496460e-02 3.014688380062580109e-02 1.382135320454835892e-02 2.910573501139879227e-03 4.644532164093106985e-04 4.180078685749322176e-04 0.000000000000000000e+00 0.000000000000000000e+00 0.000000000000000000e+00 0.000000000000000000e+00 0.000000000000000000e+00 0.000000000000000000e+00 0.000000000000000000e+00 0.000000000000000000e+00 0.000000000000000000e+00 0.000000000000000000e+00 0.000000000000000000e+00 5.160591172170825303e-05 1.625586155569180846e-04 8.953625801950693130e-04 1.820398494601249695e-03 1.103076338768005371e-02 3.483605384826660156e-01 3.847994804382324219e-01 2.108746618032455444e-01 4.191561043262481689e-02 8.902019908418878913e-05 0.000000000000000000e+00 0.000000000000000000e+00 0.000000000000000000e+00 0.000000000000000000e+00 0.000000000000000000e+00 0.000000000000000000e+00 0.000000000000000000e+00 0.000000000000000000e+00 0.000000000000000000e+00 0.000000000000000000e+00 0.000000000000000000e+00 0.000000000000000000e+00 0.000000000000000000e+00 0.000000000000000000e+00 0.000000000000000000e+00 0.000000000000000000e+00 0.000000000000000000e+00 0.000000000000000000e+00 0.000000000000000000e+00 0.000000000000000000e+00 0.000000000000000000e+00 0.000000000000000000e+00 8.864605799317359924e-03 1.544358432292938232e-01 1.414337456226348877e-01 2.836299538612365723e-01 3.887898921966552734e-01 1.803368516266345978e-02 4.354248754680156708e-03 4.244586161803454161e-04 3.354384170961566269e-05 0.000000000000000000e+00 0.000000000000000000e+00 0.000000000000000000e+00 0.000000000000000000e+00 0.000000000000000000e+00 0.000000000000000000e+00 0.000000000000000000e+00 0.000000000000000000e+00 0.000000000000000000e+00 0.000000000000000000e+00 0.000000000000000000e+00 0.000000000000000000e+00
2.985117956995964050e-02 1.073625460267066956e-01 1.434865593910217285e-01 1.241198778152465820e-01 1.091980189085006714e-01 1.015361696481704712e-01 9.225961565971374512e-02 7.334683835506439209e-02 6.309796869754791260e-02 6.898635625839233398e-02 6.763704121112823486e-02 6.751301884651184082e-02 6.899379938840866089e-02 9.436295926570892334e-02 1.015088930726051331e-01 1.457933038473129272e-01 2.175651043653488159e-01 2.536940872669219971e-01 1.966779530048370361e-01 1.551269143819808960e-01 1.225944608449935913e-01 1.279396414756774902e-01 1.711823046207427979e-01 1.787474155426025391e-01 8.623480796813964844e-02 1.702521741390228271e-02 7.852831855416297913e-03 6.091773509979248047e-03 1.612236519576981664e-04 4.960727528668940067e-05 2.480363718859734945e-06 0.000000000000000000e+00 0.000000000000000000e+00 0.000000000000000000e+00 0.000000000000000000e+00 0.000000000000000000e+00 0.000000000000000000e+00 0.000000000000000000e+00 0.000000000000000000e+00 0.000000000000000000e+00 0.000000000000000000e+00 0.000000000000000000e+00 0.000000000000000000e+00 0.000000000000000000e+00 0.000000000000000000e+00 0.000000000000000000e+00 0.000000000000000000e+00 2.240595349576324224e-04 3.809822201728820801e-01 5.664820075035095215e-01 4.846878722310066223e-02 3.827201435342431068e-03 1.570897074998356402e-05 0.000000000000000000e+00 0.000000000000000000e+00 0.000000000000000000e+00 0.000000000000000000e+00 0.000000000000000000e+00 0.000000000000000000e+00 0.000000000000000000e+00 0.000000000000000000e+00 0.000000000000000000e+00 0.000000000000000000e+00 0.000000000000000000e+00 0.000000000000000000e+00 0.000000000000000000e+00 0.000000000000000000e+00 0.000000000000000000e+00 0.000000000000000000e+00 0.000000000000000000e+00 0.000000000000000000e+00 0.000000000000000000e+00 0.000000000000000000e+00 0.000000000000000000e+00 0.000000000000000000e+00 2.728400249907281250e-05 6.432409863919019699e-04 1.399090513586997986e-02 4.669781029224395752e-01 5.153666734695434570e-01 2.993799047544598579e-03 0.000000000000000000e+00 0.000000000000000000e+00 0.000000000000000000e+00 0.000000000000000000e+00 0.000000000000000000e+00 0.000000000000000000e+00 0.000000000000000000e+00 0.000000000000000000e+00 0.000000000000000000e+00 0.000000000000000000e+00 0.000000000000000000e+00 0.000000000000000000e+00 0.000000000000000000e+00 0.000000000000000000e+00 0.000000000000000000e+00
1.616043597459793091e-01 1.271858811378479004e-01 9.524922072887420654e-02 9.351505339145660400e-02 8.271546661853790283e-02 7.236240804195404053e-02 8.388888835906982422e-02 9.627725183963775635e-02 9.669262915849685669e-02 8.707684278488159180e-02 7.983385026454925537e-02 7.409657537937164307e-02 6.642264127731323242e-02 6.251297891139984131e-02 6.029595434665679932e-02 6.798026710748672485e-02 8.879543095827102661e-02 1.211162954568862915e-01 1.706386208534240723e-01 1.918120533227920532e-01 1.868795454502105713e-01 1.418691575527191162e-01 1.301921159029006958e-01 1.267912685871124268e-01 1.148130893707275391e-01 9.735202789306640625e-02 7.844756543636322021e-02 5.558151751756668091e-02 4.057632386684417725e-02 2.930945158004760742e-02 1.550363469868898392e-02 2.611630130559206009e-03 0.000000000000000000e+00 0.000000000000000000e+00 0.000000000000000000e+00 0.000000000000000000e+00 0.000000000000000000e+00 0.000000000000000000e+00 0.000000000000000000e+00 0.000000000000000000e+00 0.000000000000000000e+00 0.000000000000000000e+00 0.000000000000000000e+00 0.000000000000000000e+00 0.000000000000000000e+00 0.000000000000000000e+00 0.000000000000000000e+00 1.751471078023314476e-03 2.032952606678009033e-01 5.235115885734558105e-01 1.547230929136276245e-01 1.046988591551780701e-01 9.418483823537826538e-03 2.601246116682887077e-03 0.000000000000000000e+00 0.000000000000000000e+00 0.000000000000000000e+00 0.000000000000000000e+00 0.000000000000000000e+00 0.000000000000000000e+00 0.000000000000000000e+00 0.000000000000000000e+00 0.000000000000000000e+00 0.000000000000000000e+00 0.000000000000000000e+00 0.000000000000000000e+00 0.000000000000000000e+00 0.000000000000000000e+00 0.000000000000000000e+00 0.000000000000000000e+00 0.000000000000000000e+00 0.000000000000000000e+00 0.000000000000000000e+00 0.000000000000000000e+00 0.000000000000000000e+00 2.050882671028375626e-03 6.262720376253128052e-02 1.777068227529525757e-01 5.167341828346252441e-01 2.053392231464385986e-01 3.554170951247215271e-02 0.000000000000000000e+00 0.000000000000000000e+00 0.000000000000000000e+00 0.000000000000000000e+00 0.000000000000000000e+00 0.000000000000000000e+00 0.000000000000000000e+00 0.000000000000000000e+00 0.000000000000000000e+00 0.000000000000000000e+00 0.000000000000000000e+00 0.000000000000000000e+00 0.000000000000000000e+00 0.000000000000000000e+00 0.000000000000000000e+00
1.208459287881851196e-01 2.810941338539123535e-01 3.074751794338226318e-01 2.992099523544311523e-01 3.711463212966918945e-01 3.184319138526916504e-01 2.902009189128875732e-01 2.376009523868560791e-01 1.208459287881851196e-01 7.732175290584564209e-02 6.643176823854446411e-02 5.902715027332305908e-02 5.170835182070732117e-02 3.351626545190811157e-02 3.006427176296710968e-02 1.807766035199165344e-02 2.109576947987079620e-02 2.256667986512184143e-02 4.419168829917907715e-02 6.976455450057983398e-02 6.368543207645416260e-02 4.087558388710021973e-02 2.304585836827754974e-02 1.166477520018815994e-02 6.458180025219917297e-03 4.608218092471361160e-03 3.361400682479143143e-03 3.380472538992762566e-03 1.499518519267439842e-03 6.460564327426254749e-04 1.549581938888877630e-04 2.383972059760708362e-06 0.000000000000000000e+00 0.000000000000000000e+00 0.000000000000000000e+00 0.000000000000000000e+00 0.000000000000000000e+00 0.000000000000000000e+00 0.000000000000000000e+00 0.000000000000000000e+00 0.000000000000000000e+00 0.000000000000000000e+00 0.000000000000000000e+00 0.000000000000000000e+00 0.000000000000000000e+00 0.000000000000000000e+00 1.533688773633912206e-04 1.275186706334352493e-02 7.747313380241394043e-01 7.492426782846450806e-02 2.227503992617130280e-02 2.550691179931163788e-02 3.761828318238258362e-02 2.062771655619144440e-02 3.655423875898122787e-03 1.964393071830272675e-03 1.797514967620372772e-03 2.014456316828727722e-03 2.396686701104044914e-03 3.156379098072648048e-03 9.861697442829608917e-03 4.897473379969596863e-03 1.667191158048808575e-03 0.000000000000000000e+00 0.000000000000000000e+00 0.000000000000000000e+00 0.000000000000000000e+00 0.000000000000000000e+00 0.000000000000000000e+00 0.000000000000000000e+00 0.000000000000000000e+00 0.000000000000000000e+00 0.000000000000000000e+00 5.618227296508848667e-04 1.728697679936885834e-02 2.752375230193138123e-02 5.362268537282943726e-02 3.902164846658706665e-02 6.645004451274871826e-02 4.620837271213531494e-01 3.334358334541320801e-01 1.350917500531068072e-05 0.000000000000000000e+00 0.000000000000000000e+00 0.000000000000000000e+00 0.000000000000000000e+00 0.000000000000000000e+00 0.000000000000000000e+00 0.000000000000000000e+00 0.000000000000000000e+00 0.000000000000000000e+00 0.000000000000000000e+00 0.000000000000000000e+00 0.000000000000000000e+00 0.000000000000000000e+00 0.000000000000000000e+00
1.373125761747360229e-01 1.200187727808952332e-01 1.175028383731842041e-01 1.160540655255317688e-01 1.284693777561187744e-01 1.449301987886428833e-01 1.367322057485580444e-01 1.354970932006835938e-01 1.292591392993927002e-01 1.194171607494354248e-01 1.151406615972518921e-01 1.103776991367340088e-01 1.031831055879592896e-01 1.009045466780662537e-01 9.725658595561981201e-02 1.023019403219223022e-01 1.251863539218902588e-01 1.316149383783340454e-01 1.276477426290512085e-01 1.368562132120132446e-01 1.357940137386322021e-01 1.103521808981895447e-01 8.795635402202606201e-02 6.431759893894195557e-02 5.150226876139640808e-02 4.008432477712631226e-02 2.956490963697433472e-02 1.911422982811927795e-02 1.106894854456186295e-02 6.292871199548244476e-03 4.852961748838424683e-03 3.436082508414983749e-03 0.000000000000000000e+00 0.000000000000000000e+00 0.000000000000000000e+00 0.000000000000000000e+00 0.000000000000000000e+00 0.000000000000000000e+00 0.000000000000000000e+00 0.000000000000000000e+00 0.000000000000000000e+00 0.000000000000000000e+00 0.000000000000000000e+00 0.000000000000000000e+00 0.000000000000000000e+00 0.000000000000000000e+00 3.787556779570877552e-04 2.569739706814289093e-02 1.338381022214889526e-01 2.934795320034027100e-01 2.306710630655288696e-01 2.099606692790985107e-01 8.763251453638076782e-02 1.822467893362045288e-02 1.172760748886503279e-04 0.000000000000000000e+00 0.000000000000000000e+00 0.000000000000000000e+00 0.000000000000000000e+00 0.000000000000000000e+00 0.000000000000000000e+00 0.000000000000000000e+00 0.000000000000000000e+00 0.000000000000000000e+00 0.000000000000000000e+00 0.000000000000000000e+00 0.000000000000000000e+00 0.000000000000000000e+00 0.000000000000000000e+00 0.000000000000000000e+00 2.952569957415107638e-06 2.819113724399358034e-04 1.787840155884623528e-03 8.918650448322296143e-03 3.440665081143379211e-02 9.500779211521148682e-02 1.559037268161773682e-01 1.909495443105697632e-01 2.229843437671661377e-01 2.584604024887084961e-01 3.129180893301963806e-02 4.369803264125948772e-06 0.000000000000000000e+00 0.000000000000000000e+00 0.000000000000000000e+00 0.000000000000000000e+00 0.000000000000000000e+00 0.000000000000000000e+00 0.000000000000000000e+00 0.000000000000000000e+00 0.000000000000000000e+00 0.000000000000000000e+00 0.000000000000000000e+00 0.000000000000000000e+00 0.000000000000000000e+00 0.000000000000000000e+00
8.133173920214176178e-03 5.939062312245368958e-02 8.996453881263732910e-02 1.206804066896438599e-01 2.086407542228698730e-01 2.976713180541992188e-01 4.892934560775756836e-01 4.063095152378082275e-01 2.534910142421722412e-01 1.602079123258590698e-01 1.067021340131759644e-01 6.171276420354843140e-02 5.869511514902114868e-02 3.800591081380844116e-02 3.489458188414573669e-02 4.029398784041404724e-02 4.956267774105072021e-02 5.904996395111083984e-02 6.362895667552947998e-02 6.544295698404312134e-02 7.230433821678161621e-02 8.482062816619873047e-02 8.104501664638519287e-02 4.722350835800170898e-02 2.691186219453811646e-02 7.431989070028066635e-03 1.867933198809623718e-03 1.413724385201931000e-03 1.311527565121650696e-03 9.822262218222022057e-04 8.317696047015488148e-04 2.083682222291827202e-03 0.000000000000000000e+00 0.000000000000000000e+00 0.000000000000000000e+00 0.000000000000000000e+00 0.000000000000000000e+00 0.000000000000000000e+00 0.000000000000000000e+00 0.000000000000000000e+00 0.000000000000000000e+00 0.000000000000000000e+00 0.000000000000000000e+00 3.794535004999488592e-04 1.470405980944633484e-02 7.620012760162353516e-02 3.808047771453857422e-01 1.197644174098968506e-01 1.805734932422637939e-01 5.584022402763366699e-02 3.409971669316291809e-02 3.634142503142356873e-02 4.052582383155822754e-02 3.161197528243064880e-02 1.963033154606819153e-02 1.115650054998695850e-03 3.419812768697738647e-03 4.332961514592170715e-03 3.945937787648290396e-04 2.611699746921658516e-04 0.000000000000000000e+00 0.000000000000000000e+00 0.000000000000000000e+00 0.000000000000000000e+00 0.000000000000000000e+00 0.000000000000000000e+00 4.239280824549496174e-04 8.931824006140232086e-03 2.326683886349201202e-02 2.917912229895591736e-02 2.620594762265682220e-02 1.974104344844818115e-02 1.520558167248964310e-02 1.473150122910737991e-02 1.398868113756179810e-02 1.533900480717420578e-02 2.073746547102928162e-02 4.005174338817596436e-02 4.419355839490890503e-02 2.395354509353637695e-01 2.498223334550857544e-01 6.600219756364822388e-03 5.118364002555608749e-03 1.406343560665845871e-02 1.815434247255325317e-01 3.132052719593048096e-02 0.000000000000000000e+00 0.000000000000000000e+00 0.000000000000000000e+00 0.000000000000000000e+00 0.000000000000000000e+00 0.000000000000000000e+00 0.000000000000000000e+00 0.000000000000000000e+00 0.000000000000000000e+00 0.000000000000000000e+00
8.044924587011337280e-02 9.024557471275329590e-02 6.375642120838165283e-02 7.754404842853546143e-02 1.130243241786956787e-01 1.382080167531967163e-01 1.376836895942687988e-01 1.352493315935134888e-01 1.290028840303421021e-01 1.278873533010482788e-01 1.251640766859054565e-01 1.205066666007041931e-01 1.241448521614074707e-01 1.295218616724014282e-01 1.388901770114898682e-01 1.315014660358428955e-01 1.242545247077941895e-01 1.298000812530517578e-01 1.290777921676635742e-01 1.401929557323455811e-01 1.379110813140869141e-01 1.067966222763061523e-01 8.085853606462478638e-02 7.197442650794982910e-02 6.877764314413070679e-02 6.082180142402648926e-02 4.986713081598281860e-02 2.713386341929435730e-02 7.428841665387153625e-03 1.995648257434368134e-03 3.103152848780155182e-04 1.872592292784247547e-05 0.000000000000000000e+00 0.000000000000000000e+00 0.000000000000000000e+00 0.000000000000000000e+00 0.000000000000000000e+00 0.000000000000000000e+00 0.000000000000000000e+00 0.000000000000000000e+00 0.000000000000000000e+00 0.000000000000000000e+00 0.000000000000000000e+00 0.000000000000000000e+00 0.000000000000000000e+00 0.000000000000000000e+00 6.241974460863275453e-06 2.218932844698429108e-02 2.290679812431335449e-01 1.300765126943588257e-01 1.492866277694702148e-01 1.607290655374526978e-01 1.751658618450164795e-01 5.917302891612052917e-02 3.976405411958694458e-02 2.453274279832839966e-02 7.898773066699504852e-03 2.043800894170999527e-03 6.598659092560410500e-05 0.000000000000000000e+00 0.000000000000000000e+00 0.000000000000000000e+00 0.000000000000000000e+00 0.000000000000000000e+00 0.000000000000000000e+00 0.000000000000000000e+00 0.000000000000000000e+00 0.000000000000000000e+00 0.000000000000000000e+00 0.000000000000000000e+00 7.133685357985086739e-06 8.032529614865779877e-03 3.349265083670616150e-02 4.682194441556930542e-02 4.136556386947631836e-02 4.539253190159797668e-02 6.943661719560623169e-02 1.408813595771789551e-01 2.319508790969848633e-01 3.234716057777404785e-01 5.914716795086860657e-02 0.000000000000000000e+00 0.000000000000000000e+00 0.000000000000000000e+00 0.000000000000000000e+00 0.000000000000000000e+00 0.000000000000000000e+00 0.000000000000000000e+00 0.000000000000000000e+00 0.000000000000000000e+00 0.000000000000000000e+00 0.000000000000000000e+00 0.000000000000000000e+00 0.000000000000000000e+00 0.000000000000000000e+00 0.000000000000000000e+00
6.203764677047729492e-02 1.837703436613082886e-01 2.188887000083923340e-01 2.984341382980346680e-01 4.399967193603515625e-01 4.289001822471618652e-01 2.921667098999023438e-01 2.022028565406799316e-01 1.324593126773834229e-01 1.014507710933685303e-01 9.321058541536331177e-02 8.351142704486846924e-02 6.902433186769485474e-02 5.593457445502281189e-02 4.728341102600097656e-02 3.781028836965560913e-02 3.536495193839073181e-02 3.507726639509201050e-02 3.363882750272750854e-02 3.228259086608886719e-02 3.945421427488327026e-02 4.391336441040039062e-02 1.841196790337562561e-02 5.116718821227550507e-03 3.596087452024221420e-03 2.917967969551682472e-03 1.643925672397017479e-03 1.479533268138766289e-03 2.054907054116483778e-05 0.000000000000000000e+00 0.000000000000000000e+00 0.000000000000000000e+00 0.000000000000000000e+00 0.000000000000000000e+00 0.000000000000000000e+00 0.000000000000000000e+00 0.000000000000000000e+00 0.000000000000000000e+00 0.000000000000000000e+00 0.000000000000000000e+00 0.000000000000000000e+00 0.000000000000000000e+00 0.000000000000000000e+00 6.438709096983075142e-04 1.452134363353252411e-02 2.832346968352794647e-02 4.141322895884513855e-02 6.916132569313049316e-02 6.309249997138977051e-01 2.076072692871093750e-01 7.404515519738197327e-03 0.000000000000000000e+00 0.000000000000000000e+00 0.000000000000000000e+00 0.000000000000000000e+00 0.000000000000000000e+00 0.000000000000000000e+00 0.000000000000000000e+00 0.000000000000000000e+00 0.000000000000000000e+00 0.000000000000000000e+00 0.000000000000000000e+00 0.000000000000000000e+00 0.000000000000000000e+00 0.000000000000000000e+00 0.000000000000000000e+00 0.000000000000000000e+00 0.000000000000000000e+00 0.000000000000000000e+00 0.000000000000000000e+00 0.000000000000000000e+00 0.000000000000000000e+00 0.000000000000000000e+00 0.000000000000000000e+00 0.000000000000000000e+00 0.000000000000000000e+00 0.000000000000000000e+00 6.722286343574523926e-02 1.789207607507705688e-01 5.474340915679931641e-01 7.979204505681991577e-02 3.503616526722908020e-02 2.699463069438934326e-02 1.999424584209918976e-02 1.796673797070980072e-02 1.638446003198623657e-02 1.025398634374141693e-02 0.000000000000000000e+00 0.000000000000000000e+00 0.000000000000000000e+00 0.000000000000000000e+00 0.000000000000000000e+00 0.000000000000000000e+00 0.000000000000000000e+00 0.000000000000000000e+00 0.000000000000000000e+00
4.999848315492272377e-04 4.085027799010276794e-02 1.205418035387992859e-01 1.278325021266937256e-01 2.065391838550567627e-01 2.035635262727737427e-01 3.052392303943634033e-01 2.940638065338134766e-01 9.847277402877807617e-02 4.199266806244850159e-02 3.228386864066123962e-02 3.971394896507263184e-02 6.166479736566543579e-02 7.478561252355575562e-02 9.305475652217864990e-02 1.011181473731994629e-01 1.089239716529846191e-01 1.224417462944984436e-01 1.247295588254928589e-01 1.148843988776206970e-01 1.171267628669738770e-01 1.149571239948272705e-01 1.206387653946876526e-01 1.417320668697357178e-01 1.105936169624328613e-01 6.493742763996124268e-02 1.640859432518482208e-02 4.090785223525017500e-04 0.000000000000000000e+00 0.000000000000000000e+00 0.000000000000000000e+00 0.000000000000000000e+00 0.000000000000000000e+00 0.000000000000000000e+00 0.000000000000000000e+00 0.000000000000000000e+00 0.000000000000000000e+00 0.000000000000000000e+00 0.000000000000000000e+00 0.000000000000000000e+00 0.000000000000000000e+00 0.000000000000000000e+00 0.000000000000000000e+00 0.000000000000000000e+00 0.000000000000000000e+00 0.000000000000000000e+00 0.000000000000000000e+00 1.454501325497403741e-04 2.715907692909240723e-01 4.038362577557563782e-02 2.757512331008911133e-01 4.116723835468292236e-01 4.565518174786120653e-04 0.000000000000000000e+00 0.000000000000000000e+00 0.000000000000000000e+00 0.000000000000000000e+00 0.000000000000000000e+00 0.000000000000000000e+00 0.000000000000000000e+00 0.000000000000000000e+00 0.000000000000000000e+00 0.000000000000000000e+00 0.000000000000000000e+00 0.000000000000000000e+00 0.000000000000000000e+00 0.000000000000000000e+00 0.000000000000000000e+00 0.000000000000000000e+00 0.000000000000000000e+00 0.000000000000000000e+00 0.000000000000000000e+00 0.000000000000000000e+00 0.000000000000000000e+00 0.000000000000000000e+00 2.717089373618364334e-04 4.643061459064483643e-01 1.938789784908294678e-01 6.651818752288818359e-02 2.716604471206665039e-01 3.364544594660401344e-03 0.000000000000000000e+00 0.000000000000000000e+00 0.000000000000000000e+00 0.000000000000000000e+00 0.000000000000000000e+00 0.000000000000000000e+00 0.000000000000000000e+00 0.000000000000000000e+00 0.000000000000000000e+00 0.000000000000000000e+00 0.000000000000000000e+00 0.000000000000000000e+00 0.000000000000000000e+00 0.000000000000000000e+00 0.000000000000000000e+00
2.596918493509292603e-04 2.996444236487150192e-04 8.789569837972521782e-04 4.594547674059867859e-03 2.344550937414169312e-02 8.204929530620574951e-02 1.374036073684692383e-01 1.600700616836547852e-01 1.571202129125595093e-01 5.014716088771820068e-02 2.735420688986778259e-02 3.531143069267272949e-02 4.453381896018981934e-02 2.269972860813140869e-02 1.299124956130981445e-02 1.158625073730945587e-02 1.375035010278224945e-02 1.540838275104761124e-02 1.724620163440704346e-02 3.379989042878150940e-02 5.570057034492492676e-02 7.379242777824401855e-02 7.176150381565093994e-02 8.344098925590515137e-02 8.193610608577728271e-02 1.002876609563827515e-01 1.399938762187957764e-01 1.590445935726165771e-01 2.234881371259689331e-01 3.139474391937255859e-01 2.751734554767608643e-01 5.704830288887023926e-01 0.000000000000000000e+00 0.000000000000000000e+00 0.000000000000000000e+00 0.000000000000000000e+00 0.000000000000000000e+00 0.000000000000000000e+00 0.000000000000000000e+00 0.000000000000000000e+00 0.000000000000000000e+00 0.000000000000000000e+00 0.000000000000000000e+00 0.000000000000000000e+00 0.000000000000000000e+00 0.000000000000000000e+00 0.000000000000000000e+00 4.960780031979084015e-03 7.679575681686401367e-01 9.719799458980560303e-02 4.779883474111557007e-02 7.342176139354705811e-02 8.663053624331951141e-03 0.000000000000000000e+00 0.000000000000000000e+00 0.000000000000000000e+00 0.000000000000000000e+00 0.000000000000000000e+00 0.000000000000000000e+00 0.000000000000000000e+00 0.000000000000000000e+00 0.000000000000000000e+00 0.000000000000000000e+00 0.000000000000000000e+00 0.000000000000000000e+00 0.000000000000000000e+00 0.000000000000000000e+00 0.000000000000000000e+00 0.000000000000000000e+00 0.000000000000000000e+00 0.000000000000000000e+00 0.000000000000000000e+00 0.000000000000000000e+00 0.000000000000000000e+00 0.000000000000000000e+00 7.482232060283422470e-03 6.845432519912719727e-02 7.422081381082534790e-02 9.231933951377868652e-02 4.709034264087677002e-01 2.866198718547821045e-01 0.000000000000000000e+00 0.000000000000000000e+00 0.000000000000000000e+00 0.000000000000000000e+00 0.000000000000000000e+00 0.000000000000000000e+00 0.000000000000000000e+00 0.000000000000000000e+00 0.000000000000000000e+00 0.000000000000000000e+00 0.000000000000000000e+00 0.000000000000000000e+00 0.000000000000000000e+00 0.000000000000000000e+00 0.000000000000000000e+00
2.407526224851608276e-01 2.007412612438201904e-01 1.399586945772171021e-01 1.262842416763305664e-01 1.199729293584823608e-01 1.266290843486785889e-01 1.262274980545043945e-01 1.169792264699935913e-01 1.047790944576263428e-01 9.451400488615036011e-02 9.304089844226837158e-02 9.894500672817230225e-02 1.047171279788017273e-01 1.105934679508209229e-01 1.116851270198822021e-01 1.151089668273925781e-01 1.172830164432525635e-01 1.127538383007049561e-01 1.084254533052444458e-01 1.076062172651290894e-01 1.062184050679206848e-01 9.412731975317001343e-02 7.806434482336044312e-02 6.218888610601425171e-02 5.024386197328567505e-02 4.060246050357818604e-02 3.152237460017204285e-02 2.246321178972721100e-02 1.535800285637378693e-02 1.178527995944023132e-02 9.572597220540046692e-03 8.554578525945544243e-04 0.000000000000000000e+00 0.000000000000000000e+00 0.000000000000000000e+00 0.000000000000000000e+00 0.000000000000000000e+00 0.000000000000000000e+00 0.000000000000000000e+00 0.000000000000000000e+00 0.000000000000000000e+00 0.000000000000000000e+00 0.000000000000000000e+00 0.000000000000000000e+00 0.000000000000000000e+00 0.000000000000000000e+00 0.000000000000000000e+00 1.748068630695343018e-02 4.346989095211029053e-01 2.723951637744903564e-01 2.006605118513107300e-01 4.373122379183769226e-02 2.851821109652519226e-02 2.512320410460233688e-03 2.950779617094667628e-06 0.000000000000000000e+00 0.000000000000000000e+00 0.000000000000000000e+00 0.000000000000000000e+00 0.000000000000000000e+00 0.000000000000000000e+00 0.000000000000000000e+00 0.000000000000000000e+00 0.000000000000000000e+00 0.000000000000000000e+00 0.000000000000000000e+00 0.000000000000000000e+00 0.000000000000000000e+00 0.000000000000000000e+00 0.000000000000000000e+00 0.000000000000000000e+00 0.000000000000000000e+00 2.776415203697979450e-04 7.426307071000337601e-03 2.299958281219005585e-02 5.011563748121261597e-02 1.205955445766448975e-01 1.148448735475540161e-01 2.691122889518737793e-01 1.762041896581649780e-01 2.384239286184310913e-01 0.000000000000000000e+00 0.000000000000000000e+00 0.000000000000000000e+00 0.000000000000000000e+00 0.000000000000000000e+00 0.000000000000000000e+00 0.000000000000000000e+00 0.000000000000000000e+00 0.000000000000000000e+00 0.000000000000000000e+00 0.000000000000000000e+00 0.000000000000000000e+00 0.000000000000000000e+00 0.000000000000000000e+00 0.000000000000000000e+00
2.433556690812110901e-02 1.582549884915351868e-02 1.795062981545925140e-02 2.271606028079986572e-02 3.149704262614250183e-02 4.217361658811569214e-02 5.493593961000442505e-02 7.084338366985321045e-02 9.467054903507232666e-02 1.230164915323257446e-01 1.562981307506561279e-01 1.931159645318984985e-01 2.207374870777130127e-01 2.815169095993041992e-01 3.186573982238769531e-01 2.490496039390563965e-01 2.038410604000091553e-01 1.625275313854217529e-01 1.242739856243133545e-01 1.267408430576324463e-01 1.453239917755126953e-01 9.744092822074890137e-02 5.271214619278907776e-02 3.677884116768836975e-02 3.264633566141128540e-02 3.015083447098731995e-02 2.969056181609630585e-02 2.506476640701293945e-02 1.334750652313232422e-02 2.057502046227455139e-03 6.285485142143443227e-05 0.000000000000000000e+00 0.000000000000000000e+00 0.000000000000000000e+00 0.000000000000000000e+00 0.000000000000000000e+00 0.000000000000000000e+00 0.000000000000000000e+00 0.000000000000000000e+00 0.000000000000000000e+00 0.000000000000000000e+00 0.000000000000000000e+00 0.000000000000000000e+00 3.315129333714139648e-06 1.986425486393272877e-04 2.280145883560180664e-03 2.179843373596668243e-02 6.800841540098190308e-02 3.018215596675872803e-01 3.302607536315917969e-01 1.033323183655738831e-01 1.461895108222961426e-01 2.003160305321216583e-02 5.135267972946166992e-03 9.361925185658037663e-04 3.845550054393243045e-06 0.000000000000000000e+00 0.000000000000000000e+00 0.000000000000000000e+00 0.000000000000000000e+00 0.000000000000000000e+00 0.000000000000000000e+00 0.000000000000000000e+00 0.000000000000000000e+00 0.000000000000000000e+00 0.000000000000000000e+00 0.000000000000000000e+00 0.000000000000000000e+00 0.000000000000000000e+00 5.304206638356845360e-07 3.341650153743103147e-05 2.482368727214634418e-04 2.676900709047913551e-03 2.391401678323745728e-02 6.406673043966293335e-02 6.595635414123535156e-02 5.551489070057868958e-02 1.648733168840408325e-01 3.679040372371673584e-01 1.580604612827301025e-01 5.552921071648597717e-02 3.410790488123893738e-02 5.329401697963476181e-03 1.548828440718352795e-03 2.357719931751489639e-04 0.000000000000000000e+00 0.000000000000000000e+00 0.000000000000000000e+00 0.000000000000000000e+00 0.000000000000000000e+00 0.000000000000000000e+00 0.000000000000000000e+00 0.000000000000000000e+00 0.000000000000000000e+00 0.000000000000000000e+00 0.000000000000000000e+00
9.001907706260681152e-02 2.672397717833518982e-02 6.684221327304840088e-02 5.930741876363754272e-02 1.070895418524742126e-01 2.145270556211471558e-01 3.027837872505187988e-01 2.342241704463958740e-01 1.920770108699798584e-01 1.925933659076690674e-01 2.019129395484924316e-01 1.888694465160369873e-01 1.704379618167877197e-01 1.583850979804992676e-01 1.467194855213165283e-01 1.296855062246322632e-01 1.235454231500625610e-01 1.179329082369804382e-01 9.650994837284088135e-02 6.563551723957061768e-02 4.927785694599151611e-02 3.208392485976219177e-02 1.824066415429115295e-02 8.772356435656547546e-03 3.594813868403434753e-03 1.529409550130367279e-03 5.612512468360364437e-04 8.699393947608768940e-05 2.245004907308612019e-05 2.806256134135765024e-06 2.806256134135765024e-06 2.806256134135765024e-06 0.000000000000000000e+00 0.000000000000000000e+00 0.000000000000000000e+00 0.000000000000000000e+00 0.000000000000000000e+00 0.000000000000000000e+00 0.000000000000000000e+00 0.000000000000000000e+00 0.000000000000000000e+00 0.000000000000000000e+00 0.000000000000000000e+00 1.964379225682932884e-05 1.636982779018580914e-04 3.302028053440153599e-04 1.826872699894011021e-03 5.436653271317481995e-03 7.680058479309082031e-01 2.207045555114746094e-01 1.285265316255390644e-03 6.828556652180850506e-04 7.548828725703060627e-04 3.788445610553026199e-04 8.044600690482184291e-05 6.454389222199097276e-05 7.670433114981278777e-05 6.360847328323870897e-05 1.253461086889728904e-04 0.000000000000000000e+00 0.000000000000000000e+00 0.000000000000000000e+00 0.000000000000000000e+00 0.000000000000000000e+00 0.000000000000000000e+00 0.000000000000000000e+00 0.000000000000000000e+00 0.000000000000000000e+00 0.000000000000000000e+00 9.167103416984900832e-05 2.245004870928823948e-04 2.441442920826375484e-04 3.152361023239791393e-04 2.478859678376466036e-04 3.386215539649128914e-04 7.492703734897077084e-04 8.961310959421098232e-04 1.284329919144511223e-03 1.224266663193702698e-01 8.299474120140075684e-01 4.132399335503578186e-02 1.604243065230548382e-03 3.058818983845412731e-04 0.000000000000000000e+00 0.000000000000000000e+00 0.000000000000000000e+00 0.000000000000000000e+00 0.000000000000000000e+00 0.000000000000000000e+00 0.000000000000000000e+00 0.000000000000000000e+00 0.000000000000000000e+00 0.000000000000000000e+00 0.000000000000000000e+00 0.000000000000000000e+00 0.000000000000000000e+00
6.568696349859237671e-02 6.790039688348770142e-02 9.028944373130798340e-02 1.125862449407577515e-01 1.261759847402572632e-01 1.383792161941528320e-01 1.329261809587478638e-01 1.361070573329925537e-01 1.418026089668273926e-01 1.444195806980133057e-01 1.581030040979385376e-01 1.621493697166442871e-01 1.510151922702789307e-01 1.450090557336807251e-01 1.567611843347549438e-01 1.944712847471237183e-01 1.934101581573486328e-01 1.655050069093704224e-01 1.366788744926452637e-01 1.152871847152709961e-01 8.946179598569869995e-02 6.960109621286392212e-02 4.380091652274131775e-02 2.257353067398071289e-02 1.363045163452625275e-02 7.772048469632863998e-03 5.139208398759365082e-03 3.527148161083459854e-03 2.277567051351070404e-03 1.633679494261741638e-03 1.618546200916171074e-03 4.300029017031192780e-03 0.000000000000000000e+00 0.000000000000000000e+00 0.000000000000000000e+00 0.000000000000000000e+00 0.000000000000000000e+00 0.000000000000000000e+00 0.000000000000000000e+00 0.000000000000000000e+00 0.000000000000000000e+00 0.000000000000000000e+00 0.000000000000000000e+00 0.000000000000000000e+00 4.591646138578653336e-04 8.894678205251693726e-03 7.083782553672790527e-02 1.997289210557937622e-01 1.274068355560302734e-01 1.763937920331954956e-01 2.402224838733673096e-01 1.505135148763656616e-01 2.521682158112525940e-02 3.259672375861555338e-04 0.000000000000000000e+00 0.000000000000000000e+00 0.000000000000000000e+00 0.000000000000000000e+00 0.000000000000000000e+00 0.000000000000000000e+00 0.000000000000000000e+00 0.000000000000000000e+00 0.000000000000000000e+00 0.000000000000000000e+00 0.000000000000000000e+00 0.000000000000000000e+00 0.000000000000000000e+00 0.000000000000000000e+00 0.000000000000000000e+00 0.000000000000000000e+00 0.000000000000000000e+00 0.000000000000000000e+00 1.189047816296806559e-05 2.847349038347601891e-03 2.803126163780689240e-02 5.574748292565345764e-02 8.261071890592575073e-02 1.519455313682556152e-01 2.955183684825897217e-01 2.255967110395431519e-01 1.504099816083908081e-01 7.107743527740240097e-03 1.729524083202704787e-04 0.000000000000000000e+00 0.000000000000000000e+00 0.000000000000000000e+00 0.000000000000000000e+00 0.000000000000000000e+00 0.000000000000000000e+00 0.000000000000000000e+00 0.000000000000000000e+00 0.000000000000000000e+00 0.000000000000000000e+00 0.000000000000000000e+00 0.000000000000000000e+00 0.000000000000000000e+00
3.090475685894489288e-03 1.670527490205131471e-05 2.505791235307697207e-05 1.670527490205131471e-05 1.670527490205131471e-05 8.352637451025657356e-06 6.423178128898143768e-03 1.751548051834106445e-01 1.437906622886657715e-01 4.325788915157318115e-01 7.562937140464782715e-01 4.341784119606018066e-01 2.924592494964599609e-01 2.007848620414733887e-01 1.501386463642120361e-01 1.181396991014480591e-01 9.599268436431884766e-02 1.057652682065963745e-01 3.064165078103542328e-02 2.458598837256431580e-02 1.792058348655700684e-02 8.214819245040416718e-03 3.161473199725151062e-03 5.470977630466222763e-04 4.176318907411769032e-05 1.252895617653848603e-05 0.000000000000000000e+00 0.000000000000000000e+00 0.000000000000000000e+00 0.000000000000000000e+00 0.000000000000000000e+00 0.000000000000000000e+00 0.000000000000000000e+00 0.000000000000000000e+00 0.000000000000000000e+00 0.000000000000000000e+00 0.000000000000000000e+00 0.000000000000000000e+00 0.000000000000000000e+00 0.000000000000000000e+00 0.000000000000000000e+00 0.000000000000000000e+00 0.000000000000000000e+00 0.000000000000000000e+00 0.000000000000000000e+00 0.000000000000000000e+00 0.000000000000000000e+00 3.820022940635681152e-01 4.683546423912048340e-01 1.398426294326782227e-01 9.800427593290805817e-03 0.000000000000000000e+00 0.000000000000000000e+00 0.000000000000000000e+00 0.000000000000000000e+00 0.000000000000000000e+00 0.000000000000000000e+00 0.000000000000000000e+00 0.000000000000000000e+00 0.000000000000000000e+00 0.000000000000000000e+00 0.000000000000000000e+00 0.000000000000000000e+00 0.000000000000000000e+00 0.000000000000000000e+00 0.000000000000000000e+00 0.000000000000000000e+00 0.000000000000000000e+00 0.000000000000000000e+00 0.000000000000000000e+00 0.000000000000000000e+00 0.000000000000000000e+00 0.000000000000000000e+00 0.000000000000000000e+00 0.000000000000000000e+00 0.000000000000000000e+00 0.000000000000000000e+00 1.392106241837609559e-06 3.271922767162322998e-01 5.228305459022521973e-01 2.908249013125896454e-02 1.208932846784591675e-01 0.000000000000000000e+00 0.000000000000000000e+00 0.000000000000000000e+00 0.000000000000000000e+00 0.000000000000000000e+00 0.000000000000000000e+00 0.000000000000000000e+00 0.000000000000000000e+00 0.000000000000000000e+00 0.000000000000000000e+00 0.000000000000000000e+00 0.000000000000000000e+00 0.000000000000000000e+00 0.000000000000000000e+00
1.881546527147293091e-02 9.681059978902339935e-03 9.293112903833389282e-03 9.927935898303985596e-03 1.018362864851951599e-02 1.143564190715551376e-02 1.581768691539764404e-02 2.576325833797454834e-02 2.467876672744750977e-02 2.019091695547103882e-02 1.341946609318256378e-02 1.386913284659385681e-02 1.856859028339385986e-02 2.386760339140892029e-02 2.743848785758018494e-02 1.028502434492111206e-01 1.690835058689117432e-01 1.737565100193023682e-01 1.564399302005767822e-01 8.248298615217208862e-02 2.695884108543395996e-01 3.519479632377624512e-01 4.906921982765197754e-01 7.866522073745727539e-01 1.487867832183837891e-01 1.181477308273315430e-02 2.936059143394231796e-03 1.763398904586210847e-05 0.000000000000000000e+00 0.000000000000000000e+00 0.000000000000000000e+00 0.000000000000000000e+00 0.000000000000000000e+00 0.000000000000000000e+00 0.000000000000000000e+00 0.000000000000000000e+00 0.000000000000000000e+00 0.000000000000000000e+00 0.000000000000000000e+00 0.000000000000000000e+00 0.000000000000000000e+00 0.000000000000000000e+00 0.000000000000000000e+00 0.000000000000000000e+00 0.000000000000000000e+00 0.000000000000000000e+00 0.000000000000000000e+00 1.880958880065008998e-04 4.544043838977813721e-01 5.454075336456298828e-01 0.000000000000000000e+00 0.000000000000000000e+00 0.000000000000000000e+00 0.000000000000000000e+00 0.000000000000000000e+00 0.000000000000000000e+00 0.000000000000000000e+00 0.000000000000000000e+00 0.000000000000000000e+00 0.000000000000000000e+00 0.000000000000000000e+00 0.000000000000000000e+00 0.000000000000000000e+00 0.000000000000000000e+00 0.000000000000000000e+00 0.000000000000000000e+00 0.000000000000000000e+00 0.000000000000000000e+00 0.000000000000000000e+00 0.000000000000000000e+00 0.000000000000000000e+00 0.000000000000000000e+00 0.000000000000000000e+00 0.000000000000000000e+00 0.000000000000000000e+00 0.000000000000000000e+00 0.000000000000000000e+00 1.616449007997289300e-04 5.229241847991943359e-01 4.752947688102722168e-01 1.619388000108301640e-03 0.000000000000000000e+00 0.000000000000000000e+00 0.000000000000000000e+00 0.000000000000000000e+00 0.000000000000000000e+00 0.000000000000000000e+00 0.000000000000000000e+00 0.000000000000000000e+00 0.000000000000000000e+00 0.000000000000000000e+00 0.000000000000000000e+00 0.000000000000000000e+00 0.000000000000000000e+00 0.000000000000000000e+00 0.000000000000000000e+00
1.147467494010925293e-01 7.090313732624053955e-02 5.756396055221557617e-02 5.725111439824104309e-02 6.508848071098327637e-02 1.006245613098144531e-01 1.500940322875976562e-01 1.110806763172149658e-01 1.058090180158615112e-01 1.105592697858810425e-01 8.023462444543838501e-02 1.087361127138137817e-01 1.373437047004699707e-01 2.483263760805130005e-01 2.517811954021453857e-01 2.443699389696121216e-01 1.589103937149047852e-01 3.761812672019004822e-02 2.625133097171783447e-02 3.828248009085655212e-02 4.397037252783775330e-02 5.351942032575607300e-02 6.733955442905426025e-02 6.634257733821868896e-02 4.845901578664779663e-02 4.807065054774284363e-02 5.132858455181121826e-02 5.503960698843002319e-02 6.834191828966140747e-02 7.065951079130172729e-02 6.669317930936813354e-02 8.466033637523651123e-02 0.000000000000000000e+00 0.000000000000000000e+00 0.000000000000000000e+00 0.000000000000000000e+00 0.000000000000000000e+00 0.000000000000000000e+00 0.000000000000000000e+00 0.000000000000000000e+00 0.000000000000000000e+00 0.000000000000000000e+00 0.000000000000000000e+00 0.000000000000000000e+00 0.000000000000000000e+00 0.000000000000000000e+00 1.521985628642141819e-03 2.069423943758010864e-01 7.356764078140258789e-01 3.223558887839317322e-02 1.606790162622928619e-02 2.377521945163607597e-03 1.401221612468361855e-03 1.171380514279007912e-03 1.105155097320675850e-03 1.079384237527847290e-03 4.156318318564444780e-04 5.393924311647424474e-06 0.000000000000000000e+00 0.000000000000000000e+00 0.000000000000000000e+00 0.000000000000000000e+00 0.000000000000000000e+00 0.000000000000000000e+00 0.000000000000000000e+00 0.000000000000000000e+00 0.000000000000000000e+00 0.000000000000000000e+00 0.000000000000000000e+00 2.696962155823712237e-06 2.313394215889275074e-04 1.871392014436423779e-03 4.181489814072847366e-03 4.335816018283367157e-03 3.798221703618764877e-03 4.659751430153846741e-03 5.791576579213142395e-03 7.546100299805402756e-03 3.402196764945983887e-01 3.987320661544799805e-01 2.120762169361114502e-01 1.591147668659687042e-02 6.409779889509081841e-04 1.198649897560244426e-06 0.000000000000000000e+00 0.000000000000000000e+00 0.000000000000000000e+00 0.000000000000000000e+00 0.000000000000000000e+00 0.000000000000000000e+00 0.000000000000000000e+00 0.000000000000000000e+00 0.000000000000000000e+00 0.000000000000000000e+00 0.000000000000000000e+00 0.000000000000000000e+00
4.418332874774932861e-02 4.107059538364410400e-02 4.903644695878028870e-02 5.794353038072586060e-02 7.593098282814025879e-02 9.661564230918884277e-02 1.146491765975952148e-01 1.700167953968048096e-01 2.624346315860748291e-01 3.036764264106750488e-01 2.655525803565979004e-01 2.127962261438369751e-01 1.484349071979522705e-01 1.324397772550582886e-01 1.378591656684875488e-01 1.292147636413574219e-01 1.075819432735443115e-01 9.045185893774032593e-02 8.255983144044876099e-02 8.991331607103347778e-02 1.034863889217376709e-01 9.574510157108306885e-02 7.860393822193145752e-02 5.585659295320510864e-02 3.127633780241012573e-02 1.310452632606029510e-02 3.420817200094461441e-03 1.421903725713491440e-03 9.412358631379902363e-04 1.954554580152034760e-03 1.167880953289568424e-03 6.587957614101469517e-04 0.000000000000000000e+00 0.000000000000000000e+00 0.000000000000000000e+00 0.000000000000000000e+00 0.000000000000000000e+00 0.000000000000000000e+00 0.000000000000000000e+00 0.000000000000000000e+00 0.000000000000000000e+00 0.000000000000000000e+00 0.000000000000000000e+00 1.270691427635028958e-06 5.569094209931790829e-04 9.940388612449169159e-03 1.579007506370544434e-02 5.216084420680999756e-02 2.077913284301757812e-01 2.038297653198242188e-01 1.640566736459732056e-01 7.081517577171325684e-02 5.060933157801628113e-02 7.621526718139648438e-02 1.022861599922180176e-01 4.290963336825370789e-02 3.036721609532833099e-03 4.620696358870191034e-07 0.000000000000000000e+00 0.000000000000000000e+00 0.000000000000000000e+00 0.000000000000000000e+00 0.000000000000000000e+00 0.000000000000000000e+00 0.000000000000000000e+00 0.000000000000000000e+00 0.000000000000000000e+00 0.000000000000000000e+00 0.000000000000000000e+00 2.194830813095904887e-06 1.087018827092833817e-04 7.723493617959320545e-04 3.291668603196740150e-03 4.500627517700195312e-02 8.220045268535614014e-02 8.578599989414215088e-02 1.111537367105484009e-01 3.287624120712280273e-01 1.882504075765609741e-01 1.004124656319618225e-01 2.459746785461902618e-02 1.343710068613290787e-02 7.782638538628816605e-03 7.696924731135368347e-03 6.197508773766458035e-04 1.194450014736503363e-04 0.000000000000000000e+00 0.000000000000000000e+00 0.000000000000000000e+00 0.000000000000000000e+00 0.000000000000000000e+00 0.000000000000000000e+00 0.000000000000000000e+00 0.000000000000000000e+00 0.000000000000000000e+00 0.000000000000000000e+00
1.029498651623725891e-01 1.107593029737472534e-01 1.209863349795341492e-01 1.271760612726211548e-01 1.123725548386573792e-01 9.930440783500671387e-02 8.760493248701095581e-02 8.467147499322891235e-02 8.287469297647476196e-02 7.964705675840377808e-02 8.165483176708221436e-02 8.025297522544860840e-02 7.773580402135848999e-02 8.155601471662521362e-02 9.118284285068511963e-02 1.033157855272293091e-01 1.187038272619247437e-01 1.231906265020370483e-01 1.084760427474975586e-01 1.022348105907440186e-01 1.019993871450424194e-01 1.214953362941741943e-01 1.658012866973876953e-01 2.758703231811523438e-01 1.778292804956436157e-01 6.964476406574249268e-02 3.994200378656387329e-02 5.779075250029563904e-02 1.156593393534421921e-02 8.466879953630268574e-04 3.983516362495720387e-04 1.655982923693954945e-04 0.000000000000000000e+00 0.000000000000000000e+00 0.000000000000000000e+00 0.000000000000000000e+00 0.000000000000000000e+00 0.000000000000000000e+00 0.000000000000000000e+00 0.000000000000000000e+00 0.000000000000000000e+00 0.000000000000000000e+00 0.000000000000000000e+00 0.000000000000000000e+00 0.000000000000000000e+00 1.422975212335586548e-03 2.360627800226211548e-02 1.122420653700828552e-01 2.971705794334411621e-01 3.330700695514678955e-01 1.845989823341369629e-01 4.261866584420204163e-02 5.268111359328031540e-03 2.289377334818709642e-06 0.000000000000000000e+00 0.000000000000000000e+00 0.000000000000000000e+00 0.000000000000000000e+00 0.000000000000000000e+00 0.000000000000000000e+00 0.000000000000000000e+00 0.000000000000000000e+00 0.000000000000000000e+00 0.000000000000000000e+00 0.000000000000000000e+00 0.000000000000000000e+00 0.000000000000000000e+00 0.000000000000000000e+00 0.000000000000000000e+00 0.000000000000000000e+00 0.000000000000000000e+00 5.977818545943591744e-06 2.219424059148877859e-04 1.988705713301897049e-03 9.397766552865505219e-03 2.526111528277397156e-02 6.810617446899414062e-02 1.982980966567993164e-01 2.754088938236236572e-01 2.655285894870758057e-01 1.387405842542648315e-01 1.583397015929222107e-02 7.959401700645685196e-04 3.904660115949809551e-04 2.174908513552509248e-05 0.000000000000000000e+00 0.000000000000000000e+00 0.000000000000000000e+00 0.000000000000000000e+00 0.000000000000000000e+00 0.000000000000000000e+00 0.000000000000000000e+00 0.000000000000000000e+00 0.000000000000000000e+00 0.000000000000000000e+00 0.000000000000000000e+00
8.397767087444663048e-04 1.780820637941360474e-02 1.664275228977203369e-01 1.990411877632141113e-01 3.322622478008270264e-01 2.511638104915618896e-01 1.784772574901580811e-01 1.851072609424591064e-01 1.480441689491271973e-01 1.147494912147521973e-01 1.280694752931594849e-01 1.457083225250244141e-01 1.583120226860046387e-01 1.560714393854141235e-01 1.430549025535583496e-01 1.179251223802566528e-01 9.403735399246215820e-02 7.864262163639068604e-02 6.861469149589538574e-02 6.076031550765037537e-02 5.117345228791236877e-02 4.058097675442695618e-02 3.063067793846130371e-02 2.409241721034049988e-02 2.050748839974403381e-02 1.768470928072929382e-02 1.289657130837440491e-02 1.208149362355470657e-02 1.241669803857803345e-02 1.168630458414554596e-02 1.056777872145175934e-02 1.056424994021654129e-02 0.000000000000000000e+00 0.000000000000000000e+00 0.000000000000000000e+00 0.000000000000000000e+00 0.000000000000000000e+00 0.000000000000000000e+00 0.000000000000000000e+00 0.000000000000000000e+00 0.000000000000000000e+00 0.000000000000000000e+00 0.000000000000000000e+00 0.000000000000000000e+00 0.000000000000000000e+00 0.000000000000000000e+00 0.000000000000000000e+00 9.303409024141728878e-04 6.050332784652709961e-01 6.611771136522293091e-02 3.540588170289993286e-02 7.548463344573974609e-02 1.289233714342117310e-01 4.879996553063392639e-02 3.831334412097930908e-02 9.915010305121541023e-04 0.000000000000000000e+00 0.000000000000000000e+00 0.000000000000000000e+00 0.000000000000000000e+00 0.000000000000000000e+00 0.000000000000000000e+00 0.000000000000000000e+00 0.000000000000000000e+00 0.000000000000000000e+00 0.000000000000000000e+00 0.000000000000000000e+00 0.000000000000000000e+00 0.000000000000000000e+00 0.000000000000000000e+00 0.000000000000000000e+00 0.000000000000000000e+00 2.217057626694440842e-03 3.079534135758876801e-02 1.202950775623321533e-01 9.354101121425628662e-02 4.148191213607788086e-02 4.534088447690010071e-02 6.331140547990798950e-02 6.019082069396972656e-01 1.109116827137768269e-03 0.000000000000000000e+00 0.000000000000000000e+00 0.000000000000000000e+00 0.000000000000000000e+00 0.000000000000000000e+00 0.000000000000000000e+00 0.000000000000000000e+00 0.000000000000000000e+00 0.000000000000000000e+00 0.000000000000000000e+00 0.000000000000000000e+00 0.000000000000000000e+00 0.000000000000000000e+00 0.000000000000000000e+00 0.000000000000000000e+00
8.809164166450500488e-02 1.327544003725051880e-01 1.612378954887390137e-01 1.384659409523010254e-01 1.252519488334655762e-01 1.543343663215637207e-01 2.591020464897155762e-01 3.068337142467498779e-01 2.493060231208801270e-01 2.377903461456298828e-01 2.082309722900390625e-01 1.597651839256286621e-01 1.731687784194946289e-01 1.642663627862930298e-01 7.714182883501052856e-02 4.057164490222930908e-02 3.681931272149085999e-02 3.482115268707275391e-02 2.739365026354789734e-02 2.680500596761703491e-02 2.924923971295356750e-02 3.250919654965400696e-02 3.608809784054756165e-02 2.635819464921951294e-02 1.879253238439559937e-02 3.734034299850463867e-02 1.294503547251224518e-02 4.484280943870544434e-03 8.083757711574435234e-05 0.000000000000000000e+00 0.000000000000000000e+00 0.000000000000000000e+00 0.000000000000000000e+00 0.000000000000000000e+00 0.000000000000000000e+00 0.000000000000000000e+00 0.000000000000000000e+00 0.000000000000000000e+00 0.000000000000000000e+00 0.000000000000000000e+00 0.000000000000000000e+00 0.000000000000000000e+00 0.000000000000000000e+00 0.000000000000000000e+00 0.000000000000000000e+00 0.000000000000000000e+00 0.000000000000000000e+00 7.141289114952087402e-02 3.507096469402313232e-01 3.837864398956298828e-01 1.455242931842803955e-01 4.804348573088645935e-02 5.232396069914102554e-04 0.000000000000000000e+00 0.000000000000000000e+00 0.000000000000000000e+00 0.000000000000000000e+00 0.000000000000000000e+00 0.000000000000000000e+00 0.000000000000000000e+00 0.000000000000000000e+00 0.000000000000000000e+00 0.000000000000000000e+00 0.000000000000000000e+00 0.000000000000000000e+00 0.000000000000000000e+00 0.000000000000000000e+00 0.000000000000000000e+00 0.000000000000000000e+00 0.000000000000000000e+00 0.000000000000000000e+00 8.328719559358432889e-05 1.338474219664931297e-03 4.303008783608675003e-03 7.968135178089141846e-03 3.026362881064414978e-02 8.661428093910217285e-02 1.359428316354751587e-01 2.440814673900604248e-01 2.823668718338012695e-01 2.066629827022552490e-01 3.750373434741050005e-04 0.000000000000000000e+00 0.000000000000000000e+00 0.000000000000000000e+00 0.000000000000000000e+00 0.000000000000000000e+00 0.000000000000000000e+00 0.000000000000000000e+00 0.000000000000000000e+00 0.000000000000000000e+00 0.000000000000000000e+00 0.000000000000000000e+00 0.000000000000000000e+00 0.000000000000000000e+00 0.000000000000000000e+00
2.248650162073317915e-05 2.026595873758196831e-03 1.623862683773040771e-01 6.842585802078247070e-01 5.887275338172912598e-01 3.641604483127593994e-01 2.124777585268020630e-01 9.507574141025543213e-02 7.025626301765441895e-02 9.195292741060256958e-02 1.050569266080856323e-01 9.387271106243133545e-02 5.732371285557746887e-02 4.714575782418251038e-02 3.991916030645370483e-02 3.153169900178909302e-02 3.653775155544281006e-02 4.021710529923439026e-02 4.287613555788993835e-02 4.412132501602172852e-02 3.484845533967018127e-02 3.228499367833137512e-02 2.379352971911430359e-02 2.036433853209018707e-02 2.328758314251899719e-02 2.272823080420494080e-02 1.684520021080970764e-02 7.389626465737819672e-03 2.625299151986837387e-03 2.248650183901190758e-03 2.231785329058766365e-03 1.405406277626752853e-03 0.000000000000000000e+00 0.000000000000000000e+00 0.000000000000000000e+00 0.000000000000000000e+00 0.000000000000000000e+00 0.000000000000000000e+00 0.000000000000000000e+00 0.000000000000000000e+00 0.000000000000000000e+00 0.000000000000000000e+00 0.000000000000000000e+00 0.000000000000000000e+00 0.000000000000000000e+00 0.000000000000000000e+00 6.421769969165325165e-03 2.673448324203491211e-01 3.288847506046295166e-01 2.411293089389801025e-01 5.453819781541824341e-02 6.709784269332885742e-02 3.441559150815010071e-02 1.677118270890787244e-04 0.000000000000000000e+00 0.000000000000000000e+00 0.000000000000000000e+00 0.000000000000000000e+00 0.000000000000000000e+00 0.000000000000000000e+00 0.000000000000000000e+00 0.000000000000000000e+00 0.000000000000000000e+00 0.000000000000000000e+00 0.000000000000000000e+00 0.000000000000000000e+00 0.000000000000000000e+00 0.000000000000000000e+00 0.000000000000000000e+00 0.000000000000000000e+00 0.000000000000000000e+00 0.000000000000000000e+00 0.000000000000000000e+00 3.948254976421594620e-03 1.906480453908443451e-02 2.806034311652183533e-02 4.942720383405685425e-02 8.095515519380569458e-02 1.229140236973762512e-01 3.118474781513214111e-01 3.725479245185852051e-01 1.123200729489326477e-02 2.810812702591647394e-06 0.000000000000000000e+00 0.000000000000000000e+00 0.000000000000000000e+00 0.000000000000000000e+00 0.000000000000000000e+00 0.000000000000000000e+00 0.000000000000000000e+00 0.000000000000000000e+00 0.000000000000000000e+00 0.000000000000000000e+00 0.000000000000000000e+00 0.000000000000000000e+00 0.000000000000000000e+00
9.584216773509979248e-02 1.452933847904205322e-01 9.943084418773651123e-02 8.018118143081665039e-02 8.592990785837173462e-02 9.612104296684265137e-02 1.042573153972625732e-01 1.348527371883392334e-01 3.231538832187652588e-01 3.590161204338073730e-01 3.243525624275207520e-01 2.906870841979980469e-01 2.039621174335479736e-01 1.563211381435394287e-01 1.550711095333099365e-01 1.012679785490036011e-01 7.406308501958847046e-02 7.207427173852920532e-02 5.313285067677497864e-02 1.950406096875667572e-02 2.207019180059432983e-02 2.500081667676568031e-03 6.776150548830628395e-04 1.859160547610372305e-04 5.137153857504017651e-05 0.000000000000000000e+00 0.000000000000000000e+00 0.000000000000000000e+00 0.000000000000000000e+00 0.000000000000000000e+00 0.000000000000000000e+00 0.000000000000000000e+00 0.000000000000000000e+00 0.000000000000000000e+00 0.000000000000000000e+00 0.000000000000000000e+00 0.000000000000000000e+00 0.000000000000000000e+00 0.000000000000000000e+00 0.000000000000000000e+00 0.000000000000000000e+00 0.000000000000000000e+00 1.934179221279919147e-03 1.895609684288501740e-02 9.747545234858989716e-03 2.492824383080005646e-02 5.995792523026466370e-02 9.375713765621185303e-02 1.838204078376293182e-02 2.226915396749973297e-02 1.933445408940315247e-02 3.468231111764907837e-02 2.458576560020446777e-01 1.617771238088607788e-01 1.164462342858314514e-01 8.217325806617736816e-02 5.681366100907325745e-02 2.608940191566944122e-02 6.845461204648017883e-03 4.810985410585999489e-05 0.000000000000000000e+00 0.000000000000000000e+00 0.000000000000000000e+00 0.000000000000000000e+00 0.000000000000000000e+00 0.000000000000000000e+00 0.000000000000000000e+00 0.000000000000000000e+00 0.000000000000000000e+00 0.000000000000000000e+00 4.892527431366033852e-05 1.587625220417976379e-02 1.091278269886970520e-01 1.149491146206855774e-01 1.913190186023712158e-01 2.270923703908920288e-01 5.047457665205001831e-02 4.320590943098068237e-02 4.075882956385612488e-02 5.062787607312202454e-02 8.388482779264450073e-02 6.375044584274291992e-02 8.884014561772346497e-03 0.000000000000000000e+00 0.000000000000000000e+00 0.000000000000000000e+00 0.000000000000000000e+00 0.000000000000000000e+00 0.000000000000000000e+00 0.000000000000000000e+00 0.000000000000000000e+00 0.000000000000000000e+00 0.000000000000000000e+00 0.000000000000000000e+00 0.000000000000000000e+00 0.000000000000000000e+00
2.313774973154067993e-01 3.520811796188354492e-01 3.659513294696807861e-01 3.033849596977233887e-01 2.703166604042053223e-01 1.677340269088745117e-01 7.947533577680587769e-02 7.346944510936737061e-02 6.918691098690032959e-02 6.645251810550689697e-02 5.426266789436340332e-02 5.145072937011718750e-02 5.076425895094871521e-02 4.571196064352989197e-02 4.337681457400321960e-02 4.389669373631477356e-02 4.391105473041534424e-02 3.737667202949523926e-02 4.215610772371292114e-02 4.887718707323074341e-02 5.749108269810676575e-02 6.957466900348663330e-02 7.806218415498733521e-02 9.121999144554138184e-02 1.034701690077781677e-01 6.628306210041046143e-02 3.029943257570266724e-02 2.429067157208919525e-02 2.031834237277507782e-02 1.341631077229976654e-02 1.151774777099490166e-03 3.208310343325138092e-03 0.000000000000000000e+00 0.000000000000000000e+00 0.000000000000000000e+00 0.000000000000000000e+00 0.000000000000000000e+00 0.000000000000000000e+00 0.000000000000000000e+00 0.000000000000000000e+00 0.000000000000000000e+00 0.000000000000000000e+00 0.000000000000000000e+00 0.000000000000000000e+00 0.000000000000000000e+00 0.000000000000000000e+00 0.000000000000000000e+00 3.215969773009419441e-03 9.391694664955139160e-01 5.650398507714271545e-02 1.110605779103934765e-03 0.000000000000000000e+00 0.000000000000000000e+00 0.000000000000000000e+00 0.000000000000000000e+00 0.000000000000000000e+00 0.000000000000000000e+00 0.000000000000000000e+00 0.000000000000000000e+00 0.000000000000000000e+00 0.000000000000000000e+00 0.000000000000000000e+00 0.000000000000000000e+00 0.000000000000000000e+00 0.000000000000000000e+00 0.000000000000000000e+00 0.000000000000000000e+00 0.000000000000000000e+00 0.000000000000000000e+00 0.000000000000000000e+00 0.000000000000000000e+00 0.000000000000000000e+00 0.000000000000000000e+00 0.000000000000000000e+00 0.000000000000000000e+00 0.000000000000000000e+00 0.000000000000000000e+00 1.244644408870954067e-05 1.435840968042612076e-02 9.561071395874023438e-01 2.952200919389724731e-02 0.000000000000000000e+00 0.000000000000000000e+00 0.000000000000000000e+00 0.000000000000000000e+00 0.000000000000000000e+00 0.000000000000000000e+00 0.000000000000000000e+00 0.000000000000000000e+00 0.000000000000000000e+00 0.000000000000000000e+00 0.000000000000000000e+00 0.000000000000000000e+00 0.000000000000000000e+00 0.000000000000000000e+00 0.000000000000000000e+00
4.757902771234512329e-02 7.125982642173767090e-02 8.788177371025085449e-02 9.810441732406616211e-02 1.078515350818634033e-01 1.339099705219268799e-01 1.702173203229904175e-01 2.037121355533599854e-01 2.479911446571350098e-01 2.559126317501068115e-01 2.153279185295104980e-01 1.628000438213348389e-01 1.507063657045364380e-01 1.880221068859100342e-01 1.996092200279235840e-01 1.826312243938446045e-01 1.544604003429412842e-01 1.027210950851440430e-01 6.861454993486404419e-02 4.771523550152778625e-02 2.960696071386337280e-02 1.751565933227539062e-02 1.291809789836406708e-02 1.099926047027111053e-02 8.796063251793384552e-03 6.516398862004280090e-03 4.392057657241821289e-03 2.965475432574748993e-03 2.382416510954499245e-03 1.830422203056514263e-03 1.971407793462276459e-03 3.077785950154066086e-03 0.000000000000000000e+00 0.000000000000000000e+00 0.000000000000000000e+00 0.000000000000000000e+00 0.000000000000000000e+00 0.000000000000000000e+00 0.000000000000000000e+00 0.000000000000000000e+00 0.000000000000000000e+00 0.000000000000000000e+00 0.000000000000000000e+00 4.779170467372750863e-06 1.178862075903452933e-04 1.585091522429138422e-04 3.998572647105902433e-04 1.014872789382934570e-01 2.701760530471801758e-01 1.955548971891403198e-01 2.944399118423461914e-01 1.025155931711196899e-01 3.468562662601470947e-02 4.595968930516391993e-04 0.000000000000000000e+00 0.000000000000000000e+00 0.000000000000000000e+00 0.000000000000000000e+00 0.000000000000000000e+00 0.000000000000000000e+00 0.000000000000000000e+00 0.000000000000000000e+00 0.000000000000000000e+00 0.000000000000000000e+00 0.000000000000000000e+00 0.000000000000000000e+00 0.000000000000000000e+00 0.000000000000000000e+00 0.000000000000000000e+00 0.000000000000000000e+00 0.000000000000000000e+00 3.194079035893082619e-04 1.612173509784042835e-03 4.137168638408184052e-03 8.461521007120609283e-03 3.509504348039627075e-02 8.757670223712921143e-02 2.668816149234771729e-01 1.560168117284774780e-01 2.699108123779296875e-01 1.688751727342605591e-01 7.598880911245942116e-04 1.728466595523059368e-04 1.083278621081262827e-04 7.248408655868843198e-05 0.000000000000000000e+00 0.000000000000000000e+00 0.000000000000000000e+00 0.000000000000000000e+00 0.000000000000000000e+00 0.000000000000000000e+00 0.000000000000000000e+00 0.000000000000000000e+00 0.000000000000000000e+00 0.000000000000000000e+00 0.000000000000000000e+00
1.130654849112033844e-02 1.270001232624053955e-01 1.168655455112457275e-01 5.379812419414520264e-02 3.068782016634941101e-02 2.231929451227188110e-02 1.533906720578670502e-02 1.403471454977989197e-02 1.668862067162990570e-02 9.259617887437343597e-03 9.288676083087921143e-03 8.139294572174549103e-03 2.803391218185424805e-02 1.351943016052246094e-01 3.046343326568603516e-01 2.786828577518463135e-01 3.099130988121032715e-01 3.139197826385498047e-01 2.228410243988037109e-01 1.922726780176162720e-01 1.963052004575729370e-01 2.094165384769439697e-01 1.842560768127441406e-01 1.485961973667144775e-01 3.951480612158775330e-02 1.653041923418641090e-03 2.905737892433535308e-05 3.228597506677033380e-06 3.228597506677033380e-06 3.228597506677033380e-06 0.000000000000000000e+00 0.000000000000000000e+00 0.000000000000000000e+00 0.000000000000000000e+00 0.000000000000000000e+00 0.000000000000000000e+00 0.000000000000000000e+00 0.000000000000000000e+00 0.000000000000000000e+00 0.000000000000000000e+00 0.000000000000000000e+00 0.000000000000000000e+00 0.000000000000000000e+00 0.000000000000000000e+00 3.088691737502813339e-04 2.985376631841063499e-03 1.824372820556163788e-02 7.698913663625717163e-02 7.016603648662567139e-02 8.313068747520446777e-01 0.000000000000000000e+00 0.000000000000000000e+00 0.000000000000000000e+00 0.000000000000000000e+00 0.000000000000000000e+00 0.000000000000000000e+00 0.000000000000000000e+00 0.000000000000000000e+00 0.000000000000000000e+00 0.000000000000000000e+00 0.000000000000000000e+00 0.000000000000000000e+00 0.000000000000000000e+00 0.000000000000000000e+00 0.000000000000000000e+00 0.000000000000000000e+00 0.000000000000000000e+00 0.000000000000000000e+00 0.000000000000000000e+00 0.000000000000000000e+00 0.000000000000000000e+00 0.000000000000000000e+00 0.000000000000000000e+00 0.000000000000000000e+00 3.809164166450500488e-01 4.529604017734527588e-01 1.438125036656856537e-02 1.094279345124959946e-02 1.012703496962785721e-02 3.980968520045280457e-02 5.973228439688682556e-02 2.397018484771251678e-02 6.823102943599224091e-03 3.368503530509769917e-04 0.000000000000000000e+00 0.000000000000000000e+00 0.000000000000000000e+00 0.000000000000000000e+00 0.000000000000000000e+00 0.000000000000000000e+00 0.000000000000000000e+00 0.000000000000000000e+00 0.000000000000000000e+00 0.000000000000000000e+00 0.000000000000000000e+00 0.000000000000000000e+00
1.926231743709649891e-05 9.607080719433724880e-04 5.080436356365680695e-03 7.408768869936466217e-03 7.952929474413394928e-03 8.610256016254425049e-03 1.381108164787292480e-02 4.560353606939315796e-02 2.359585762023925781e-01 3.423563838005065918e-01 3.393779695034027100e-01 3.253790736198425293e-01 2.747408449649810791e-01 2.186369299888610840e-01 1.532172858715057373e-01 1.300206482410430908e-01 1.031472980976104736e-01 7.506766170263290405e-02 6.712435930967330933e-02 7.833984494209289551e-02 9.923946857452392578e-02 9.508361667394638062e-02 7.209403812885284424e-02 7.942335307598114014e-02 9.102889895439147949e-02 5.214790999889373779e-02 2.139080315828323364e-02 1.258310861885547638e-02 9.176086634397506714e-03 7.490633986890316010e-03 1.050518639385700226e-02 1.702307164669036865e-02 0.000000000000000000e+00 0.000000000000000000e+00 0.000000000000000000e+00 0.000000000000000000e+00 0.000000000000000000e+00 0.000000000000000000e+00 0.000000000000000000e+00 0.000000000000000000e+00 0.000000000000000000e+00 0.000000000000000000e+00 0.000000000000000000e+00 0.000000000000000000e+00 0.000000000000000000e+00 0.000000000000000000e+00 0.000000000000000000e+00 2.728828403633087873e-04 1.109589710831642151e-01 3.264962732791900635e-01 5.083044767379760742e-01 5.387910827994346619e-02 8.828561840346083045e-05 0.000000000000000000e+00 0.000000000000000000e+00 0.000000000000000000e+00 0.000000000000000000e+00 0.000000000000000000e+00 0.000000000000000000e+00 0.000000000000000000e+00 0.000000000000000000e+00 0.000000000000000000e+00 0.000000000000000000e+00 0.000000000000000000e+00 0.000000000000000000e+00 0.000000000000000000e+00 0.000000000000000000e+00 0.000000000000000000e+00 0.000000000000000000e+00 0.000000000000000000e+00 0.000000000000000000e+00 9.631158718548249453e-06 2.528179029468446970e-04 8.838996291160583496e-03 3.790743649005889893e-02 1.984620690345764160e-01 4.169208109378814697e-01 1.124453842639923096e-01 1.307847201824188232e-01 9.401375055313110352e-02 3.643788513727486134e-04 0.000000000000000000e+00 0.000000000000000000e+00 0.000000000000000000e+00 0.000000000000000000e+00 0.000000000000000000e+00 0.000000000000000000e+00 0.000000000000000000e+00 0.000000000000000000e+00 0.000000000000000000e+00 0.000000000000000000e+00 0.000000000000000000e+00 0.000000000000000000e+00 0.000000000000000000e+00 0.000000000000000000e+00 0.000000000000000000e+00
1.287331222556531429e-03 2.106040716171264648e-02 2.571905963122844696e-02 1.812738925218582153e-02 1.362310722470283508e-02 7.701934315264225006e-03 1.123313698917627335e-02 1.755126006901264191e-02 2.628416195511817932e-02 4.199125617742538452e-02 1.102887243032455444e-01 1.539752930402755737e-01 2.112601399421691895e-01 3.103846311569213867e-01 3.944994807243347168e-01 3.302872776985168457e-01 1.594168096780776978e-01 2.207263112068176270e-01 2.533037662506103516e-01 2.878081202507019043e-01 2.193617820739746094e-01 7.695043087005615234e-02 5.283571034669876099e-02 2.174404449760913849e-02 6.899764761328697205e-03 3.671788377687335014e-03 1.698064268566668034e-03 3.004691679961979389e-04 8.269793397630564868e-06 0.000000000000000000e+00 0.000000000000000000e+00 0.000000000000000000e+00 0.000000000000000000e+00 0.000000000000000000e+00 0.000000000000000000e+00 0.000000000000000000e+00 0.000000000000000000e+00 0.000000000000000000e+00 0.000000000000000000e+00 0.000000000000000000e+00 0.000000000000000000e+00 0.000000000000000000e+00 0.000000000000000000e+00 0.000000000000000000e+00 0.000000000000000000e+00 0.000000000000000000e+00 0.000000000000000000e+00 3.135501444339752197e-01 1.412195861339569092e-01 1.072105243802070618e-01 1.363881975412368774e-01 2.784448862075805664e-01 2.318666316568851471e-02 0.000000000000000000e+00 0.000000000000000000e+00 0.000000000000000000e+00 0.000000000000000000e+00 0.000000000000000000e+00 0.000000000000000000e+00 0.000000000000000000e+00 0.000000000000000000e+00 0.000000000000000000e+00 0.000000000000000000e+00 0.000000000000000000e+00 0.000000000000000000e+00 0.000000000000000000e+00 0.000000000000000000e+00 0.000000000000000000e+00 0.000000000000000000e+00 0.000000000000000000e+00 0.000000000000000000e+00 0.000000000000000000e+00 0.000000000000000000e+00 2.161999791860580444e-02 1.398523151874542236e-01 1.745294034481048584e-01 7.128010690212249756e-02 5.510990694165229797e-02 5.673537775874137878e-02 5.557852610945701599e-02 3.557711243629455566e-01 6.907574832439422607e-02 4.474877205211669207e-04 0.000000000000000000e+00 0.000000000000000000e+00 0.000000000000000000e+00 0.000000000000000000e+00 0.000000000000000000e+00 0.000000000000000000e+00 0.000000000000000000e+00 0.000000000000000000e+00 0.000000000000000000e+00 0.000000000000000000e+00 0.000000000000000000e+00 0.000000000000000000e+00 0.000000000000000000e+00
1.756148412823677063e-04 3.166732378304004669e-03 1.058079376816749573e-01 1.290939003229141235e-01 1.027205139398574829e-01 8.294685184955596924e-02 7.103054225444793701e-02 6.253021955490112305e-02 6.455545127391815186e-02 5.371831357479095459e-02 4.778706282377243042e-02 4.573633521795272827e-02 5.391658842563629150e-02 4.927412420511245728e-02 5.147497728466987610e-02 7.125996798276901245e-02 1.485503315925598145e-01 2.329049259424209595e-01 2.208554744720458984e-01 1.956207752227783203e-01 1.605601161718368530e-01 2.446597963571548462e-01 1.943291425704956055e-01 2.952425479888916016e-01 2.244527637958526611e-01 5.963256955146789551e-02 7.602423429489135742e-03 5.492212250828742981e-03 3.580276854336261749e-03 3.690744051709771156e-03 3.979658707976341248e-03 3.651089267805218697e-03 0.000000000000000000e+00 0.000000000000000000e+00 0.000000000000000000e+00 0.000000000000000000e+00 0.000000000000000000e+00 0.000000000000000000e+00 0.000000000000000000e+00 0.000000000000000000e+00 0.000000000000000000e+00 0.000000000000000000e+00 0.000000000000000000e+00 0.000000000000000000e+00 0.000000000000000000e+00 1.616600714623928070e-02 5.257492884993553162e-02 6.041339412331581116e-02 1.438191086053848267e-01 5.656119585037231445e-01 8.050335198640823364e-02 9.872198104858398438e-03 8.193470537662506104e-03 1.964620128273963928e-02 1.631612889468669891e-02 7.368269842118024826e-03 1.001287810504436493e-02 7.118065841495990753e-03 2.344363601878285408e-03 3.965496580349281430e-05 0.000000000000000000e+00 0.000000000000000000e+00 0.000000000000000000e+00 0.000000000000000000e+00 0.000000000000000000e+00 0.000000000000000000e+00 0.000000000000000000e+00 0.000000000000000000e+00 0.000000000000000000e+00 0.000000000000000000e+00 2.462384523823857307e-03 1.845277659595012665e-02 2.285919897258281708e-02 9.809882380068302155e-03 5.715979728847742081e-03 6.440155208110809326e-03 3.542604669928550720e-02 5.987210273742675781e-01 4.611400142312049866e-02 9.992956370115280151e-02 6.302495300769805908e-02 7.189916819334030151e-02 1.914484985172748566e-02 0.000000000000000000e+00 0.000000000000000000e+00 0.000000000000000000e+00 0.000000000000000000e+00 0.000000000000000000e+00 0.000000000000000000e+00 0.000000000000000000e+00 0.000000000000000000e+00 0.000000000000000000e+00 0.000000000000000000e+00 0.000000000000000000e+00 0.000000000000000000e+00 0.000000000000000000e+00
3.963644121540710330e-05 2.164759644074365497e-04 1.145249307155609131e-01 4.577551782131195068e-01 9.337339997291564941e-01 3.343120515346527100e-01 1.807970553636550903e-01 1.370414793491363525e-01 8.596839010715484619e-02 6.466533243656158447e-02 7.627271115779876709e-02 7.821794599294662476e-02 7.335790991783142090e-02 6.216213852167129517e-02 6.712584197521209717e-02 6.830883026123046875e-02 5.537211149930953979e-02 2.959317713975906372e-02 2.436726540327072144e-02 2.377881668508052826e-02 1.780590787529945374e-02 1.458925940096378326e-02 1.297026313841342926e-02 8.902953937649726868e-03 5.085660144686698914e-03 3.350803628563880920e-03 2.872117562219500542e-03 3.271530847996473312e-03 3.847783897072076797e-03 3.933154512196779251e-03 4.966751206666231155e-03 5.079257860779762268e-02 0.000000000000000000e+00 0.000000000000000000e+00 0.000000000000000000e+00 0.000000000000000000e+00 0.000000000000000000e+00 0.000000000000000000e+00 0.000000000000000000e+00 0.000000000000000000e+00 0.000000000000000000e+00 0.000000000000000000e+00 0.000000000000000000e+00 0.000000000000000000e+00 0.000000000000000000e+00 0.000000000000000000e+00 0.000000000000000000e+00 8.635662496089935303e-03 9.652246236801147461e-01 1.093457639217376709e-02 1.317454408854246140e-02 2.026540227234363556e-03 4.065276243636617437e-06 0.000000000000000000e+00 0.000000000000000000e+00 0.000000000000000000e+00 0.000000000000000000e+00 0.000000000000000000e+00 0.000000000000000000e+00 0.000000000000000000e+00 0.000000000000000000e+00 0.000000000000000000e+00 0.000000000000000000e+00 0.000000000000000000e+00 0.000000000000000000e+00 0.000000000000000000e+00 0.000000000000000000e+00 0.000000000000000000e+00 0.000000000000000000e+00 0.000000000000000000e+00 0.000000000000000000e+00 0.000000000000000000e+00 0.000000000000000000e+00 0.000000000000000000e+00 0.000000000000000000e+00 0.000000000000000000e+00 1.189093236462213099e-04 7.271762471646070480e-03 6.115394830703735352e-02 8.642248511314392090e-01 6.723052263259887695e-02 0.000000000000000000e+00 0.000000000000000000e+00 0.000000000000000000e+00 0.000000000000000000e+00 0.000000000000000000e+00 0.000000000000000000e+00 0.000000000000000000e+00 0.000000000000000000e+00 0.000000000000000000e+00 0.000000000000000000e+00 0.000000000000000000e+00 0.000000000000000000e+00 0.000000000000000000e+00 0.000000000000000000e+00 0.000000000000000000e+00
2.929972708225250244e-01 1.048160493373870850e-01 3.197769522666931152e-01 4.276219904422760010e-01 3.543640375137329102e-01 2.473778426647186279e-01 1.583581268787384033e-01 1.001500487327575684e-01 7.112239301204681396e-02 5.037187412381172180e-02 5.284753069281578064e-02 6.102092564105987549e-02 7.650600373744964600e-02 9.902319312095642090e-02 1.271084249019622803e-01 1.379851549863815308e-01 1.239526271820068359e-01 8.949236571788787842e-02 5.006349831819534302e-02 2.514847368001937866e-02 1.691167056560516357e-02 7.801617495715618134e-03 2.755207475274801254e-03 1.092283986508846283e-03 5.360549548640847206e-04 2.420893288217484951e-04 2.363253151997923851e-04 2.075051452266052365e-04 5.475830403156578541e-05 4.899426858173683286e-05 8.646048627269919962e-06 0.000000000000000000e+00 0.000000000000000000e+00 0.000000000000000000e+00 0.000000000000000000e+00 0.000000000000000000e+00 0.000000000000000000e+00 0.000000000000000000e+00 0.000000000000000000e+00 0.000000000000000000e+00 0.000000000000000000e+00 0.000000000000000000e+00 0.000000000000000000e+00 0.000000000000000000e+00 0.000000000000000000e+00 0.000000000000000000e+00 0.000000000000000000e+00 8.122481405735015869e-03 6.523568034172058105e-01 5.924176052212715149e-02 2.230190485715866089e-01 4.117248207330703735e-02 9.096602909266948700e-03 6.883215159177780151e-03 1.075952677638269961e-04 0.000000000000000000e+00 0.000000000000000000e+00 0.000000000000000000e+00 0.000000000000000000e+00 0.000000000000000000e+00 0.000000000000000000e+00 0.000000000000000000e+00 0.000000000000000000e+00 0.000000000000000000e+00 0.000000000000000000e+00 0.000000000000000000e+00 0.000000000000000000e+00 0.000000000000000000e+00 0.000000000000000000e+00 0.000000000000000000e+00 0.000000000000000000e+00 0.000000000000000000e+00 0.000000000000000000e+00 5.571897781919687986e-05 4.863882437348365784e-03 5.390618741512298584e-02 1.974229067564010620e-01 5.380435660481452942e-02 2.899596281349658966e-02 5.640748739242553711e-01 9.687608480453491211e-02 0.000000000000000000e+00 0.000000000000000000e+00 0.000000000000000000e+00 0.000000000000000000e+00 0.000000000000000000e+00 0.000000000000000000e+00 0.000000000000000000e+00 0.000000000000000000e+00 0.000000000000000000e+00 0.000000000000000000e+00 0.000000000000000000e+00 0.000000000000000000e+00 0.000000000000000000e+00 0.000000000000000000e+00 0.000000000000000000e+00
6.304687261581420898e-02 6.422262638807296753e-02 3.960157558321952820e-02 2.794864587485790253e-02 6.572796404361724854e-02 1.115062013268470764e-01 8.923664689064025879e-02 6.408952176570892334e-02 6.946755200624465942e-02 1.077063977718353271e-01 9.801517426967620850e-02 8.974371105432510376e-02 8.378256112337112427e-02 6.360147148370742798e-02 6.416241079568862915e-02 1.709275841712951660e-01 1.507052928209304810e-01 1.824505776166915894e-01 2.255160212516784668e-01 2.871114313602447510e-01 2.518579065799713135e-01 1.332021355628967285e-01 1.165736541152000427e-01 1.462716609239578247e-01 1.550311744213104248e-01 7.349552959203720093e-02 4.839276894927024841e-03 1.584570127306506038e-04 0.000000000000000000e+00 0.000000000000000000e+00 0.000000000000000000e+00 0.000000000000000000e+00 0.000000000000000000e+00 0.000000000000000000e+00 0.000000000000000000e+00 0.000000000000000000e+00 0.000000000000000000e+00 0.000000000000000000e+00 0.000000000000000000e+00 2.831098681781440973e-04 1.419774838723242283e-03 1.524356426671147346e-03 1.222548633813858032e-02 3.593805059790611267e-02 3.308054059743881226e-02 1.655241847038269043e-02 1.335053145885467529e-02 1.752957142889499664e-02 1.164437159895896912e-01 5.038320422172546387e-01 3.461757302284240723e-02 2.091421186923980713e-02 3.108187019824981689e-02 2.560031414031982422e-02 3.266538307070732117e-02 1.088810898363590240e-02 2.406222559511661530e-02 4.288797453045845032e-02 2.297837845981121063e-02 2.124380320310592651e-03 0.000000000000000000e+00 0.000000000000000000e+00 0.000000000000000000e+00 0.000000000000000000e+00 0.000000000000000000e+00 0.000000000000000000e+00 0.000000000000000000e+00 6.669983733445405960e-03 7.268951274454593658e-03 7.586921565234661102e-03 1.894089393317699432e-03 3.069840371608734131e-03 2.929658815264701843e-02 4.315523803234100342e-02 2.518621273338794708e-02 2.884128876030445099e-02 2.567954361438751221e-02 7.703229039907455444e-02 5.074532628059387207e-01 1.570308953523635864e-01 1.747041381895542145e-02 1.070429943501949310e-02 8.973948657512664795e-03 4.242422524839639664e-03 9.240156039595603943e-03 2.424814738333225250e-02 4.758992232382297516e-03 1.964866969501599669e-04 0.000000000000000000e+00 0.000000000000000000e+00 0.000000000000000000e+00 0.000000000000000000e+00 0.000000000000000000e+00 0.000000000000000000e+00 0.000000000000000000e+00 0.000000000000000000e+00
7.254286902025341988e-05 4.594381898641586304e-04 2.121015219017863274e-03 1.332025229930877686e-02 3.414350748062133789e-02 3.493457287549972534e-02 2.476475387811660767e-02 2.487874776124954224e-02 2.962858043611049652e-02 3.525928780436515808e-02 6.185834109783172607e-02 2.053446918725967407e-01 1.547822952270507812e-01 7.177253067493438721e-02 1.224385499954223633e-01 9.986734390258789062e-02 6.042820960283279419e-02 5.358500033617019653e-02 8.134819567203521729e-02 1.286046952009201050e-01 3.441537320613861084e-01 5.765811204910278320e-01 3.705869913101196289e-01 1.741581559181213379e-01 1.694497764110565186e-01 7.085710763931274414e-02 3.070981428027153015e-02 1.138232089579105377e-02 9.313123300671577454e-03 2.203921321779489517e-03 9.050586959347128868e-04 8.636056008981540799e-05 0.000000000000000000e+00 0.000000000000000000e+00 0.000000000000000000e+00 0.000000000000000000e+00 0.000000000000000000e+00 0.000000000000000000e+00 0.000000000000000000e+00 0.000000000000000000e+00 0.000000000000000000e+00 0.000000000000000000e+00 0.000000000000000000e+00 0.000000000000000000e+00 0.000000000000000000e+00 0.000000000000000000e+00 8.751203131396323442e-05 1.271227374672889709e-03 1.542295962572097778e-01 6.915753483772277832e-01 1.051526144146919250e-01 4.728183150291442871e-02 3.189583367202430964e-04 8.290613914141431451e-05 0.000000000000000000e+00 0.000000000000000000e+00 0.000000000000000000e+00 0.000000000000000000e+00 0.000000000000000000e+00 0.000000000000000000e+00 0.000000000000000000e+00 0.000000000000000000e+00 0.000000000000000000e+00 0.000000000000000000e+00 0.000000000000000000e+00 0.000000000000000000e+00 0.000000000000000000e+00 0.000000000000000000e+00 0.000000000000000000e+00 0.000000000000000000e+00 0.000000000000000000e+00 0.000000000000000000e+00 0.000000000000000000e+00 0.000000000000000000e+00 0.000000000000000000e+00 2.190103754401206970e-03 1.086335256695747375e-01 6.968490779399871826e-02 7.077892422676086426e-01 1.056788414716720581e-01 5.995725747197866440e-03 2.763537850114516914e-05 0.000000000000000000e+00 0.000000000000000000e+00 0.000000000000000000e+00 0.000000000000000000e+00 0.000000000000000000e+00 0.000000000000000000e+00 0.000000000000000000e+00 0.000000000000000000e+00 0.000000000000000000e+00 0.000000000000000000e+00 0.000000000000000000e+00 0.000000000000000000e+00 0.000000000000000000e+00 0.000000000000000000e+00
9.544597007334232330e-03 2.198281930759549141e-03 3.507896792143583298e-03 6.186370737850666046e-03 1.395363360643386841e-02 4.020829126238822937e-02 6.275549530982971191e-02 1.343789547681808472e-01 1.970408856868743896e-01 1.548432409763336182e-01 7.509393244981765747e-02 6.746387481689453125e-02 1.025428399443626404e-01 1.535460948944091797e-01 1.918211579322814941e-01 1.914126724004745483e-01 1.780358850955963135e-01 1.203723102807998657e-01 1.084953397512435913e-01 2.136043906211853027e-01 1.669883579015731812e-01 1.652889698743820190e-01 1.982320100069046021e-01 3.806644678115844727e-01 5.450180172920227051e-02 4.265602212399244308e-03 2.974696224555373192e-03 7.795325655024498701e-05 0.000000000000000000e+00 0.000000000000000000e+00 0.000000000000000000e+00 0.000000000000000000e+00 0.000000000000000000e+00 0.000000000000000000e+00 0.000000000000000000e+00 0.000000000000000000e+00 0.000000000000000000e+00 0.000000000000000000e+00 0.000000000000000000e+00 0.000000000000000000e+00 0.000000000000000000e+00 0.000000000000000000e+00 0.000000000000000000e+00 0.000000000000000000e+00 0.000000000000000000e+00 0.000000000000000000e+00 0.000000000000000000e+00 2.899861137848347425e-04 2.610883414745330811e-01 3.886011540889739990e-01 1.300655305385589600e-01 2.164304703474044800e-01 3.524526720866560936e-03 0.000000000000000000e+00 0.000000000000000000e+00 0.000000000000000000e+00 0.000000000000000000e+00 0.000000000000000000e+00 0.000000000000000000e+00 0.000000000000000000e+00 0.000000000000000000e+00 0.000000000000000000e+00 0.000000000000000000e+00 0.000000000000000000e+00 0.000000000000000000e+00 0.000000000000000000e+00 0.000000000000000000e+00 0.000000000000000000e+00 0.000000000000000000e+00 0.000000000000000000e+00 0.000000000000000000e+00 0.000000000000000000e+00 0.000000000000000000e+00 0.000000000000000000e+00 0.000000000000000000e+00 0.000000000000000000e+00 1.852325350046157837e-01 1.681628525257110596e-01 4.478944838047027588e-01 1.268548965454101562e-01 7.185523211956024170e-02 0.000000000000000000e+00 0.000000000000000000e+00 0.000000000000000000e+00 0.000000000000000000e+00 0.000000000000000000e+00 0.000000000000000000e+00 0.000000000000000000e+00 0.000000000000000000e+00 0.000000000000000000e+00 0.000000000000000000e+00 0.000000000000000000e+00 0.000000000000000000e+00 0.000000000000000000e+00 0.000000000000000000e+00 0.000000000000000000e+00
3.291476517915725708e-03 2.030605683103203773e-03 2.989901695400476456e-03 3.972174599766731262e-03 6.913249846547842026e-03 1.093712262809276581e-02 2.068230696022510529e-02 2.753236889839172363e-02 5.401927605271339417e-02 1.107900738716125488e-01 1.831939369440078735e-01 2.151034623384475708e-01 1.877462863922119141e-01 2.503762543201446533e-01 4.411325454711914062e-01 5.165923833847045898e-01 3.079138994216918945e-01 1.934302449226379395e-01 1.517813056707382202e-01 1.080098301172256470e-01 1.155377179384231567e-01 6.026618927717208862e-02 9.015658870339393616e-03 7.283756509423255920e-03 5.724182352423667908e-03 1.950185513123869896e-03 1.312569598667323589e-03 9.478074207436293364e-05 3.733786797965876758e-05 4.595429709297604859e-05 3.159358311677351594e-05 2.613650867715477943e-04 0.000000000000000000e+00 0.000000000000000000e+00 0.000000000000000000e+00 0.000000000000000000e+00 0.000000000000000000e+00 0.000000000000000000e+00 0.000000000000000000e+00 0.000000000000000000e+00 0.000000000000000000e+00 0.000000000000000000e+00 0.000000000000000000e+00 0.000000000000000000e+00 0.000000000000000000e+00 0.000000000000000000e+00 0.000000000000000000e+00 2.776405563054140657e-05 1.317739486694335938e-02 8.883961439132690430e-01 8.726912736892700195e-02 1.112955622375011444e-02 0.000000000000000000e+00 0.000000000000000000e+00 0.000000000000000000e+00 0.000000000000000000e+00 0.000000000000000000e+00 0.000000000000000000e+00 0.000000000000000000e+00 0.000000000000000000e+00 0.000000000000000000e+00 0.000000000000000000e+00 0.000000000000000000e+00 0.000000000000000000e+00 0.000000000000000000e+00 0.000000000000000000e+00 0.000000000000000000e+00 0.000000000000000000e+00 0.000000000000000000e+00 0.000000000000000000e+00 0.000000000000000000e+00 0.000000000000000000e+00 0.000000000000000000e+00 0.000000000000000000e+00 0.000000000000000000e+00 1.148857427324401215e-05 1.867371983826160431e-02 8.402647823095321655e-02 8.810721635818481445e-01 1.612325757741928101e-02 9.286597924074158072e-05 0.000000000000000000e+00 0.000000000000000000e+00 0.000000000000000000e+00 0.000000000000000000e+00 0.000000000000000000e+00 0.000000000000000000e+00 0.000000000000000000e+00 0.000000000000000000e+00 0.000000000000000000e+00 0.000000000000000000e+00 0.000000000000000000e+00 0.000000000000000000e+00 0.000000000000000000e+00 0.000000000000000000e+00 0.000000000000000000e+00
2.375569939613342285e-02 3.637475520372390747e-02 6.010265648365020752e-02 2.637216150760650635e-01 5.177519321441650391e-01 4.542767405509948730e-01 2.738112807273864746e-01 2.150427997112274170e-01 1.825501322746276855e-01 1.098747402429580688e-01 8.894488960504531860e-02 7.833635807037353516e-02 5.713783204555511475e-02 3.525367751717567444e-02 2.467294223606586456e-02 3.416039794683456421e-02 5.025386065244674683e-02 6.962717324495315552e-02 6.800578534603118896e-02 5.127302557229995728e-02 3.959900885820388794e-02 4.190601408481597900e-02 3.815365210175514221e-02 3.664344176650047302e-02 4.125745967030525208e-02 3.954341635107994080e-02 3.980283811688423157e-02 2.412630245089530945e-02 3.270577639341354370e-03 6.948819500394165516e-04 7.412074774038046598e-05 0.000000000000000000e+00 0.000000000000000000e+00 0.000000000000000000e+00 0.000000000000000000e+00 0.000000000000000000e+00 0.000000000000000000e+00 0.000000000000000000e+00 0.000000000000000000e+00 0.000000000000000000e+00 0.000000000000000000e+00 0.000000000000000000e+00 0.000000000000000000e+00 0.000000000000000000e+00 0.000000000000000000e+00 0.000000000000000000e+00 0.000000000000000000e+00 1.204462096211500466e-04 6.450203061103820801e-01 1.721763014793395996e-01 1.069284379482269287e-01 7.000086456537246704e-02 5.753622855991125107e-03 0.000000000000000000e+00 0.000000000000000000e+00 0.000000000000000000e+00 0.000000000000000000e+00 0.000000000000000000e+00 0.000000000000000000e+00 0.000000000000000000e+00 0.000000000000000000e+00 0.000000000000000000e+00 0.000000000000000000e+00 0.000000000000000000e+00 0.000000000000000000e+00 0.000000000000000000e+00 0.000000000000000000e+00 0.000000000000000000e+00 0.000000000000000000e+00 0.000000000000000000e+00 0.000000000000000000e+00 0.000000000000000000e+00 0.000000000000000000e+00 0.000000000000000000e+00 0.000000000000000000e+00 0.000000000000000000e+00 3.443834930658340454e-02 7.897873967885971069e-02 2.736692130565643311e-01 6.101588606834411621e-01 2.754820976406335831e-03 0.000000000000000000e+00 0.000000000000000000e+00 0.000000000000000000e+00 0.000000000000000000e+00 0.000000000000000000e+00 0.000000000000000000e+00 0.000000000000000000e+00 0.000000000000000000e+00 0.000000000000000000e+00 0.000000000000000000e+00 0.000000000000000000e+00 0.000000000000000000e+00 0.000000000000000000e+00 0.000000000000000000e+00 0.000000000000000000e+00
5.282256461214274168e-05 5.511919152922928333e-05 9.186532406602054834e-05 1.240181882167235017e-04 1.077120890840888023e-03 6.598227191716432571e-03 2.225437387824058533e-02 6.213081628084182739e-02 1.075329557061195374e-01 8.595608919858932495e-02 3.450231999158859253e-02 3.084148652851581573e-02 3.370079398155212402e-02 3.055899962782859802e-02 2.179045416414737701e-02 1.897018961608409882e-02 1.132699474692344666e-02 8.107114583253860474e-03 9.489688090980052948e-03 1.690321974456310272e-02 4.429516196250915527e-02 1.142299398779869080e-01 2.141725122928619385e-01 2.776836156845092773e-01 3.648936748504638672e-01 3.604726493358612061e-01 3.694295287132263184e-01 4.103187918663024902e-01 3.080933094024658203e-01 2.752055414021015167e-02 6.214689463376998901e-03 6.109044188633561134e-04 0.000000000000000000e+00 0.000000000000000000e+00 0.000000000000000000e+00 0.000000000000000000e+00 0.000000000000000000e+00 0.000000000000000000e+00 0.000000000000000000e+00 0.000000000000000000e+00 0.000000000000000000e+00 0.000000000000000000e+00 0.000000000000000000e+00 0.000000000000000000e+00 0.000000000000000000e+00 0.000000000000000000e+00 0.000000000000000000e+00 4.378913727123290300e-04 7.510066777467727661e-02 6.128466129302978516e-01 2.176090478897094727e-01 9.389325231313705444e-02 1.125350245274603367e-04 0.000000000000000000e+00 0.000000000000000000e+00 0.000000000000000000e+00 0.000000000000000000e+00 0.000000000000000000e+00 0.000000000000000000e+00 0.000000000000000000e+00 0.000000000000000000e+00 0.000000000000000000e+00 0.000000000000000000e+00 0.000000000000000000e+00 0.000000000000000000e+00 0.000000000000000000e+00 0.000000000000000000e+00 0.000000000000000000e+00 0.000000000000000000e+00 0.000000000000000000e+00 0.000000000000000000e+00 0.000000000000000000e+00 0.000000000000000000e+00 0.000000000000000000e+00 0.000000000000000000e+00 1.338937086984515190e-03 9.352349489927291870e-02 2.354783862829208374e-01 5.904949903488159180e-01 7.860150188207626343e-02 5.626751226373016834e-04 0.000000000000000000e+00 0.000000000000000000e+00 0.000000000000000000e+00 0.000000000000000000e+00 0.000000000000000000e+00 0.000000000000000000e+00 0.000000000000000000e+00 0.000000000000000000e+00 0.000000000000000000e+00 0.000000000000000000e+00 0.000000000000000000e+00 0.000000000000000000e+00 0.000000000000000000e+00 0.000000000000000000e+00 0.000000000000000000e+00
8.666080981492996216e-02 9.495368599891662598e-02 9.466624259948730469e-02 1.069977656006813049e-01 1.344346851110458374e-01 1.599001884460449219e-01 2.224105894565582275e-01 3.006970584392547607e-01 2.811458110809326172e-01 2.276924252510070801e-01 1.931172162294387817e-01 1.582785099744796753e-01 1.294905841350555420e-01 1.140665933489799500e-01 9.800782799720764160e-02 8.416959643363952637e-02 7.247285544872283936e-02 6.117374449968338013e-02 4.635100439190864563e-02 3.569626063108444214e-02 2.599488943815231323e-02 2.166160941123962402e-02 2.304854616522789001e-02 2.716145105659961700e-02 3.089108690619468689e-02 4.281779006123542786e-02 3.389971330761909485e-02 2.654822915792465210e-02 2.474449016153812408e-02 2.263414114713668823e-02 1.322740316390991211e-02 4.987224470824003220e-03 0.000000000000000000e+00 0.000000000000000000e+00 0.000000000000000000e+00 0.000000000000000000e+00 0.000000000000000000e+00 0.000000000000000000e+00 0.000000000000000000e+00 0.000000000000000000e+00 0.000000000000000000e+00 0.000000000000000000e+00 0.000000000000000000e+00 0.000000000000000000e+00 0.000000000000000000e+00 0.000000000000000000e+00 0.000000000000000000e+00 4.279782879166305065e-04 4.615290760993957520e-01 5.039619803428649902e-01 3.274752572178840637e-02 1.333439839072525501e-03 0.000000000000000000e+00 0.000000000000000000e+00 0.000000000000000000e+00 0.000000000000000000e+00 0.000000000000000000e+00 0.000000000000000000e+00 0.000000000000000000e+00 0.000000000000000000e+00 0.000000000000000000e+00 0.000000000000000000e+00 0.000000000000000000e+00 0.000000000000000000e+00 0.000000000000000000e+00 0.000000000000000000e+00 0.000000000000000000e+00 0.000000000000000000e+00 0.000000000000000000e+00 0.000000000000000000e+00 0.000000000000000000e+00 0.000000000000000000e+00 0.000000000000000000e+00 0.000000000000000000e+00 0.000000000000000000e+00 0.000000000000000000e+00 4.080964718014001846e-03 4.914643988013267517e-02 4.984964728355407715e-01 4.381906688213348389e-01 1.008543558418750763e-02 0.000000000000000000e+00 0.000000000000000000e+00 0.000000000000000000e+00 0.000000000000000000e+00 0.000000000000000000e+00 0.000000000000000000e+00 0.000000000000000000e+00 0.000000000000000000e+00 0.000000000000000000e+00 0.000000000000000000e+00 0.000000000000000000e+00 0.000000000000000000e+00 0.000000000000000000e+00 0.000000000000000000e+00 0.000000000000000000e+00
6.403263658285140991e-03 5.206615477800369263e-02 7.831574976444244385e-02 7.870618999004364014e-02 9.391690045595169067e-02 1.305357217788696289e-01 1.528004109859466553e-01 2.214426696300506592e-01 2.715731561183929443e-01 1.154764518141746521e-01 3.465476632118225098e-02 2.690269798040390015e-02 2.857805415987968445e-02 3.654782101511955261e-02 3.802677243947982788e-02 8.089266717433929443e-02 1.156420856714248657e-01 1.615250408649444580e-01 1.793600022792816162e-01 1.830041408538818359e-01 1.652590930461883545e-01 1.562481522560119629e-01 1.403961777687072754e-01 1.216596513986587524e-01 9.669732302427291870e-02 7.276435941457748413e-02 5.887879058718681335e-02 5.143671110272407532e-02 3.605089336633682251e-02 1.307865418493747711e-02 1.159497071057558060e-03 0.000000000000000000e+00 0.000000000000000000e+00 0.000000000000000000e+00 0.000000000000000000e+00 0.000000000000000000e+00 0.000000000000000000e+00 0.000000000000000000e+00 0.000000000000000000e+00 0.000000000000000000e+00 0.000000000000000000e+00 0.000000000000000000e+00 0.000000000000000000e+00 0.000000000000000000e+00 0.000000000000000000e+00 0.000000000000000000e+00 1.104283001041039824e-05 4.485597461462020874e-02 4.956708252429962158e-01 4.238143265247344971e-01 2.514452300965785980e-02 9.757917374372482300e-03 7.453910075128078461e-04 0.000000000000000000e+00 0.000000000000000000e+00 0.000000000000000000e+00 0.000000000000000000e+00 0.000000000000000000e+00 0.000000000000000000e+00 0.000000000000000000e+00 0.000000000000000000e+00 0.000000000000000000e+00 0.000000000000000000e+00 0.000000000000000000e+00 0.000000000000000000e+00 0.000000000000000000e+00 0.000000000000000000e+00 0.000000000000000000e+00 0.000000000000000000e+00 0.000000000000000000e+00 0.000000000000000000e+00 0.000000000000000000e+00 0.000000000000000000e+00 0.000000000000000000e+00 0.000000000000000000e+00 0.000000000000000000e+00 5.205905472394078970e-05 5.123872775584459305e-03 2.921530306339263916e-01 6.465687155723571777e-01 5.483395978808403015e-02 1.268347841687500477e-03 0.000000000000000000e+00 0.000000000000000000e+00 0.000000000000000000e+00 0.000000000000000000e+00 0.000000000000000000e+00 0.000000000000000000e+00 0.000000000000000000e+00 0.000000000000000000e+00 0.000000000000000000e+00 0.000000000000000000e+00 0.000000000000000000e+00 0.000000000000000000e+00 0.000000000000000000e+00 0.000000000000000000e+00
1.113725593313574791e-04 2.931718714535236359e-03 9.542006999254226685e-03 1.929365843534469604e-02 2.990680560469627380e-02 6.248655915260314941e-02 8.208157122135162354e-02 7.293920218944549561e-02 7.828180491924285889e-02 8.079750835895538330e-02 7.962810248136520386e-02 8.954353630542755127e-02 8.380129933357238770e-02 1.146023645997047424e-01 8.672647178173065186e-02 4.587566852569580078e-02 4.806381091475486755e-02 4.555792734026908875e-02 4.892203211784362793e-02 4.919064044952392578e-02 3.509546071290969849e-02 2.696198597550392151e-02 3.078795969486236572e-02 9.225250780582427979e-02 4.050161540508270264e-01 3.684728145599365234e-01 5.296158194541931152e-01 3.433779478073120117e-01 2.182574570178985596e-02 4.294394515454769135e-03 8.651027455925941467e-03 3.364106640219688416e-03 0.000000000000000000e+00 0.000000000000000000e+00 0.000000000000000000e+00 0.000000000000000000e+00 0.000000000000000000e+00 0.000000000000000000e+00 0.000000000000000000e+00 0.000000000000000000e+00 0.000000000000000000e+00 0.000000000000000000e+00 0.000000000000000000e+00 0.000000000000000000e+00 0.000000000000000000e+00 0.000000000000000000e+00 0.000000000000000000e+00 2.108435379341244698e-03 2.704092860221862793e-01 6.314059495925903320e-01 2.157679572701454163e-02 1.328609138727188110e-02 1.350774429738521576e-02 1.821924000978469849e-02 2.581113576889038086e-02 3.674202598631381989e-03 1.091887838811089750e-06 0.000000000000000000e+00 0.000000000000000000e+00 0.000000000000000000e+00 0.000000000000000000e+00 0.000000000000000000e+00 0.000000000000000000e+00 0.000000000000000000e+00 0.000000000000000000e+00 0.000000000000000000e+00 0.000000000000000000e+00 0.000000000000000000e+00 0.000000000000000000e+00 0.000000000000000000e+00 0.000000000000000000e+00 0.000000000000000000e+00 0.000000000000000000e+00 1.277508708881214261e-04 4.296578466892242432e-03 5.815394688397645950e-03 3.061544336378574371e-02 1.110548153519630432e-01 5.093154311180114746e-01 3.332332372665405273e-01 5.541330669075250626e-03 0.000000000000000000e+00 0.000000000000000000e+00 0.000000000000000000e+00 0.000000000000000000e+00 0.000000000000000000e+00 0.000000000000000000e+00 0.000000000000000000e+00 0.000000000000000000e+00 0.000000000000000000e+00 0.000000000000000000e+00 0.000000000000000000e+00 0.000000000000000000e+00 0.000000000000000000e+00 0.000000000000000000e+00 0.000000000000000000e+00
2.042296081781387329e-01 1.496112346649169922e-01 9.165816009044647217e-02 8.731080591678619385e-02 1.061202436685562134e-01 1.142911761999130249e-01 7.373332977294921875e-02 5.069002881646156311e-02 5.538947880268096924e-02 5.313723161816596985e-02 6.425005197525024414e-02 7.162658125162124634e-02 7.390210777521133423e-02 8.770946413278579712e-02 1.094549596309661865e-01 1.322131007909774780e-01 1.491514891386032104e-01 1.652110815048217773e-01 1.734780371189117432e-01 1.670763045549392700e-01 1.567520797252655029e-01 1.610732376575469971e-01 1.534144431352615356e-01 1.428807079792022705e-01 1.124346703290939331e-01 6.904552131891250610e-02 2.256317436695098877e-02 1.475306809879839420e-03 9.602589125279337168e-05 1.745925146678928286e-05 2.909875547629781067e-06 0.000000000000000000e+00 0.000000000000000000e+00 0.000000000000000000e+00 0.000000000000000000e+00 0.000000000000000000e+00 0.000000000000000000e+00 0.000000000000000000e+00 0.000000000000000000e+00 0.000000000000000000e+00 0.000000000000000000e+00 0.000000000000000000e+00 0.000000000000000000e+00 0.000000000000000000e+00 0.000000000000000000e+00 0.000000000000000000e+00 0.000000000000000000e+00 8.807222475297749043e-04 8.986063599586486816e-01 2.905122563242912292e-02 1.712267659604549408e-02 4.102245345711708069e-02 1.331655960530042648e-02 0.000000000000000000e+00 0.000000000000000000e+00 0.000000000000000000e+00 0.000000000000000000e+00 0.000000000000000000e+00 0.000000000000000000e+00 0.000000000000000000e+00 0.000000000000000000e+00 0.000000000000000000e+00 0.000000000000000000e+00 0.000000000000000000e+00 0.000000000000000000e+00 0.000000000000000000e+00 0.000000000000000000e+00 0.000000000000000000e+00 0.000000000000000000e+00 0.000000000000000000e+00 0.000000000000000000e+00 0.000000000000000000e+00 0.000000000000000000e+00 0.000000000000000000e+00 1.183349304483272135e-04 1.867946051061153412e-02 3.727162256836891174e-02 1.569489762187004089e-02 1.370754987001419067e-01 7.557227611541748047e-01 3.543743118643760681e-02 0.000000000000000000e+00 0.000000000000000000e+00 0.000000000000000000e+00 0.000000000000000000e+00 0.000000000000000000e+00 0.000000000000000000e+00 0.000000000000000000e+00 0.000000000000000000e+00 0.000000000000000000e+00 0.000000000000000000e+00 0.000000000000000000e+00 0.000000000000000000e+00 0.000000000000000000e+00 0.000000000000000000e+00 0.000000000000000000e+00
8.931635878980159760e-03 6.308990716934204102e-02 1.200019270181655884e-01 7.386631518602371216e-02 6.175725907087326050e-02 5.608616769313812256e-02 5.612906813621520996e-02 5.987762287259101868e-02 6.565061211585998535e-02 7.599264383316040039e-02 9.184488654136657715e-02 1.116494685411453247e-01 1.286439746618270874e-01 1.428069621324539185e-01 1.380394995212554932e-01 1.187229156494140625e-01 1.037394404411315918e-01 9.610290080308914185e-02 1.230238303542137146e-01 1.710793077945709229e-01 2.182713747024536133e-01 2.361802458763122559e-01 1.710444390773773193e-01 1.001598089933395386e-01 1.634856760501861572e-01 1.055842190980911255e-01 5.420920997858047485e-02 6.465582549571990967e-02 1.895726844668388367e-02 4.022051580250263214e-04 1.340683957096189260e-05 0.000000000000000000e+00 0.000000000000000000e+00 0.000000000000000000e+00 0.000000000000000000e+00 0.000000000000000000e+00 0.000000000000000000e+00 0.000000000000000000e+00 0.000000000000000000e+00 0.000000000000000000e+00 0.000000000000000000e+00 0.000000000000000000e+00 0.000000000000000000e+00 0.000000000000000000e+00 0.000000000000000000e+00 0.000000000000000000e+00 2.207659417763352394e-04 2.835903875529766083e-02 5.681648254394531250e-01 2.295510023832321167e-01 1.554085016250610352e-01 1.826369017362594604e-02 3.217641278752125800e-05 0.000000000000000000e+00 0.000000000000000000e+00 0.000000000000000000e+00 0.000000000000000000e+00 0.000000000000000000e+00 0.000000000000000000e+00 0.000000000000000000e+00 0.000000000000000000e+00 0.000000000000000000e+00 0.000000000000000000e+00 0.000000000000000000e+00 0.000000000000000000e+00 0.000000000000000000e+00 0.000000000000000000e+00 0.000000000000000000e+00 0.000000000000000000e+00 0.000000000000000000e+00 0.000000000000000000e+00 0.000000000000000000e+00 0.000000000000000000e+00 0.000000000000000000e+00 0.000000000000000000e+00 0.000000000000000000e+00 1.328170765191316605e-03 9.919809550046920776e-02 3.641788959503173828e-01 5.208789110183715820e-01 1.441592629998922348e-02 0.000000000000000000e+00 0.000000000000000000e+00 0.000000000000000000e+00 0.000000000000000000e+00 0.000000000000000000e+00 0.000000000000000000e+00 0.000000000000000000e+00 0.000000000000000000e+00 0.000000000000000000e+00 0.000000000000000000e+00 0.000000000000000000e+00 0.000000000000000000e+00 0.000000000000000000e+00 0.000000000000000000e+00 0.000000000000000000e+00
6.927523761987686157e-03 5.947875604033470154e-02 9.786131978034973145e-02 1.075413674116134644e-01 9.690327197313308716e-02 1.255607008934020996e-01 1.321590542793273926e-01 1.621546447277069092e-01 1.617414504289627075e-01 1.681438982486724854e-01 1.904848217964172363e-01 1.887565255165100098e-01 1.653916984796524048e-01 1.288110613822937012e-01 9.084266424179077148e-02 8.084738254547119141e-02 6.228576600551605225e-02 6.913123279809951782e-02 1.442860960960388184e-01 2.025058418512344360e-01 1.093913018703460693e-01 6.526271998882293701e-02 6.596195697784423828e-02 7.386439293622970581e-02 6.626422703266143799e-02 7.701615989208221436e-02 6.063529103994369507e-02 1.647362485527992249e-02 9.086861275136470795e-03 6.273689679801464081e-03 6.352175958454608917e-03 1.602476346306502819e-03 0.000000000000000000e+00 0.000000000000000000e+00 0.000000000000000000e+00 0.000000000000000000e+00 0.000000000000000000e+00 0.000000000000000000e+00 0.000000000000000000e+00 0.000000000000000000e+00 0.000000000000000000e+00 0.000000000000000000e+00 0.000000000000000000e+00 0.000000000000000000e+00 0.000000000000000000e+00 4.054028249811381102e-05 2.778566069900989532e-02 1.054411679506301880e-01 1.622208058834075928e-01 1.975892335176467896e-01 2.576709091663360596e-01 2.229982465505599976e-01 2.623950876295566559e-02 1.394585706293582916e-05 0.000000000000000000e+00 0.000000000000000000e+00 0.000000000000000000e+00 0.000000000000000000e+00 0.000000000000000000e+00 0.000000000000000000e+00 0.000000000000000000e+00 0.000000000000000000e+00 0.000000000000000000e+00 0.000000000000000000e+00 0.000000000000000000e+00 0.000000000000000000e+00 0.000000000000000000e+00 0.000000000000000000e+00 0.000000000000000000e+00 0.000000000000000000e+00 5.167534618522040546e-05 5.629153456538915634e-04 9.826207533478736877e-03 4.141443967819213867e-02 6.797870248556137085e-02 1.053305715322494507e-01 1.372892856597900391e-01 2.342489957809448242e-01 1.044070124626159668e-01 1.230980232357978821e-01 1.237089410424232483e-01 5.078356713056564331e-02 1.299667404964566231e-03 0.000000000000000000e+00 0.000000000000000000e+00 0.000000000000000000e+00 0.000000000000000000e+00 0.000000000000000000e+00 0.000000000000000000e+00 0.000000000000000000e+00 0.000000000000000000e+00 0.000000000000000000e+00 0.000000000000000000e+00 0.000000000000000000e+00 0.000000000000000000e+00 0.000000000000000000e+00
3.375735133886337280e-02 2.637824788689613342e-02 3.068260848522186279e-02 3.931855037808418274e-02 5.242437124252319336e-02 7.111396640539169312e-02 9.349920600652694702e-02 1.167102679610252380e-01 1.456032842397689819e-01 1.858669668436050415e-01 2.068939805030822754e-01 2.176308631896972656e-01 1.957869827747344971e-01 1.655697822570800781e-01 1.568532288074493408e-01 1.367853283882141113e-01 1.316712647676467896e-01 1.127781718969345093e-01 7.964708656072616577e-02 5.841944366693496704e-02 4.773236066102981567e-02 5.857744812965393066e-02 1.015346795320510864e-01 1.608057469129562378e-01 1.973243504762649536e-01 1.253594756126403809e-01 3.098893538117408752e-02 1.506811566650867462e-02 4.155671223998069763e-03 8.376550395041704178e-04 2.246405638288706541e-04 0.000000000000000000e+00 0.000000000000000000e+00 0.000000000000000000e+00 0.000000000000000000e+00 0.000000000000000000e+00 0.000000000000000000e+00 0.000000000000000000e+00 0.000000000000000000e+00 0.000000000000000000e+00 0.000000000000000000e+00 0.000000000000000000e+00 0.000000000000000000e+00 0.000000000000000000e+00 1.597324619069695473e-03 2.173472195863723755e-02 4.100174084305763245e-02 1.075125485658645630e-01 3.746805489063262939e-01 1.435879617929458618e-01 1.225608438253402710e-01 1.588463187217712402e-01 2.418558485805988312e-02 4.031587857753038406e-03 2.608266950119286776e-04 0.000000000000000000e+00 0.000000000000000000e+00 0.000000000000000000e+00 0.000000000000000000e+00 0.000000000000000000e+00 0.000000000000000000e+00 0.000000000000000000e+00 0.000000000000000000e+00 0.000000000000000000e+00 0.000000000000000000e+00 0.000000000000000000e+00 0.000000000000000000e+00 0.000000000000000000e+00 0.000000000000000000e+00 5.374176453187828884e-06 1.152462282334454358e-04 1.345454948022961617e-03 4.816098138689994812e-03 2.116637304425239563e-02 5.294471606612205505e-02 8.821424096822738647e-02 9.734496474266052246e-02 1.119854152202606201e-01 2.424520254135131836e-01 2.631947994232177734e-01 9.210944175720214844e-02 1.661349087953567505e-02 4.376490600407123566e-03 2.970366971567273140e-03 3.454998368397355080e-04 0.000000000000000000e+00 0.000000000000000000e+00 0.000000000000000000e+00 0.000000000000000000e+00 0.000000000000000000e+00 0.000000000000000000e+00 0.000000000000000000e+00 0.000000000000000000e+00 0.000000000000000000e+00 0.000000000000000000e+00 0.000000000000000000e+00
1.885266829049214721e-05 8.483701094519346952e-05 4.398956079967319965e-04 2.258130814880132675e-03 1.532931439578533173e-02 2.156954817473888397e-02 2.041220292448997498e-02 1.623529009521007538e-02 1.884847879409790039e-02 1.638087257742881775e-02 1.170855481177568436e-02 1.007989421486854553e-02 1.047265715897083282e-02 1.555554661899805069e-02 2.868433296680450439e-02 5.114833265542984009e-02 1.449979692697525024e-01 5.134660601615905762e-01 8.008781075477600098e-01 7.648066878318786621e-01 3.288397789001464844e-01 1.165775656700134277e-01 5.006326362490653992e-02 2.762963250279426575e-02 8.049041964113712311e-03 2.315736142918467522e-03 8.043805137276649475e-04 1.214949734276160598e-04 1.005475642159581184e-04 1.225423475261777639e-04 2.911689807660877705e-04 1.709308591671288013e-03 0.000000000000000000e+00 0.000000000000000000e+00 0.000000000000000000e+00 0.000000000000000000e+00 0.000000000000000000e+00 0.000000000000000000e+00 0.000000000000000000e+00 0.000000000000000000e+00 0.000000000000000000e+00 0.000000000000000000e+00 0.000000000000000000e+00 0.000000000000000000e+00 0.000000000000000000e+00 0.000000000000000000e+00 0.000000000000000000e+00 5.791958537884056568e-04 3.851809725165367126e-02 7.932588458061218262e-01 1.349247097969055176e-01 3.271810710430145264e-02 1.047370460582897067e-06 0.000000000000000000e+00 0.000000000000000000e+00 0.000000000000000000e+00 0.000000000000000000e+00 0.000000000000000000e+00 0.000000000000000000e+00 0.000000000000000000e+00 0.000000000000000000e+00 0.000000000000000000e+00 0.000000000000000000e+00 0.000000000000000000e+00 0.000000000000000000e+00 0.000000000000000000e+00 0.000000000000000000e+00 0.000000000000000000e+00 0.000000000000000000e+00 0.000000000000000000e+00 0.000000000000000000e+00 0.000000000000000000e+00 0.000000000000000000e+00 0.000000000000000000e+00 0.000000000000000000e+00 0.000000000000000000e+00 8.112233132123947144e-03 2.223804891109466553e-01 7.042438983917236328e-01 5.230498313903808594e-02 1.295841671526432037e-02 0.000000000000000000e+00 0.000000000000000000e+00 0.000000000000000000e+00 0.000000000000000000e+00 0.000000000000000000e+00 0.000000000000000000e+00 0.000000000000000000e+00 0.000000000000000000e+00 0.000000000000000000e+00 0.000000000000000000e+00 0.000000000000000000e+00 0.000000000000000000e+00 0.000000000000000000e+00 0.000000000000000000e+00 0.000000000000000000e+00
4.692107439041137695e-02 6.154807657003402710e-02 7.428487390279769897e-02 9.161801636219024658e-02 1.110870689153671265e-01 1.283162534236907959e-01 1.281020343303680420e-01 1.412672698497772217e-01 1.412011086940765381e-01 1.514019072055816650e-01 1.448303014039993286e-01 1.445562243461608887e-01 1.425746679306030273e-01 1.489068269729614258e-01 1.483303308486938477e-01 1.467488557100296021e-01 1.594257950782775879e-01 1.711891442537307739e-01 1.713781654834747314e-01 1.413743793964385986e-01 1.197410374879837036e-01 8.930566906929016113e-02 6.527492403984069824e-02 6.914667785167694092e-02 3.809068724513053894e-02 1.275885198265314102e-02 6.184105295687913895e-03 3.553576767444610596e-03 8.442894322797656059e-04 3.780400584219023585e-05 0.000000000000000000e+00 0.000000000000000000e+00 0.000000000000000000e+00 0.000000000000000000e+00 0.000000000000000000e+00 0.000000000000000000e+00 0.000000000000000000e+00 0.000000000000000000e+00 0.000000000000000000e+00 0.000000000000000000e+00 0.000000000000000000e+00 0.000000000000000000e+00 0.000000000000000000e+00 0.000000000000000000e+00 0.000000000000000000e+00 7.560801168438047171e-05 7.294703274965286255e-02 4.170097038149833679e-02 1.516098231077194214e-01 2.784443795680999756e-01 3.061967194080352783e-01 7.934536039829254150e-02 6.329966336488723755e-02 5.905826110392808914e-03 3.108329547103494406e-04 8.190868538804352283e-05 8.190868538804352283e-05 0.000000000000000000e+00 0.000000000000000000e+00 0.000000000000000000e+00 0.000000000000000000e+00 0.000000000000000000e+00 0.000000000000000000e+00 0.000000000000000000e+00 0.000000000000000000e+00 0.000000000000000000e+00 0.000000000000000000e+00 0.000000000000000000e+00 0.000000000000000000e+00 0.000000000000000000e+00 0.000000000000000000e+00 0.000000000000000000e+00 0.000000000000000000e+00 0.000000000000000000e+00 1.627672463655471802e-04 1.443063002079725266e-02 8.179526776075363159e-02 2.855567634105682373e-01 2.755712568759918213e-01 2.162525653839111328e-01 3.709938377141952515e-02 8.462007343769073486e-02 4.511278122663497925e-03 0.000000000000000000e+00 0.000000000000000000e+00 0.000000000000000000e+00 0.000000000000000000e+00 0.000000000000000000e+00 0.000000000000000000e+00 0.000000000000000000e+00 0.000000000000000000e+00 0.000000000000000000e+00 0.000000000000000000e+00 0.000000000000000000e+00 0.000000000000000000e+00 0.000000000000000000e+00
9.036997705698013306e-02 1.130788922309875488e-01 6.267026066780090332e-02 9.730163216590881348e-02 2.218130528926849365e-01 2.178290337324142456e-01 2.148840725421905518e-01 2.631122767925262451e-01 2.422769218683242798e-01 1.876016110181808472e-01 1.519177109003067017e-01 1.358281970024108887e-01 1.351363658905029297e-01 1.482674777507781982e-01 1.494896113872528076e-01 1.134261488914489746e-01 6.779834628105163574e-02 5.939690396189689636e-02 6.207804381847381592e-02 6.493415683507919312e-02 6.790602207183837891e-02 8.222426474094390869e-02 4.272054880857467651e-02 5.790289491415023804e-03 3.687911084853112698e-04 6.460574513766914606e-05 1.534386392449960113e-04 6.649007555097341537e-04 6.433654925785958767e-04 2.530391502659767866e-04 0.000000000000000000e+00 0.000000000000000000e+00 0.000000000000000000e+00 0.000000000000000000e+00 0.000000000000000000e+00 0.000000000000000000e+00 0.000000000000000000e+00 0.000000000000000000e+00 0.000000000000000000e+00 0.000000000000000000e+00 0.000000000000000000e+00 0.000000000000000000e+00 0.000000000000000000e+00 0.000000000000000000e+00 0.000000000000000000e+00 0.000000000000000000e+00 0.000000000000000000e+00 1.665356606245040894e-01 4.728646874427795410e-01 1.882692128419876099e-01 5.728555470705032349e-02 3.373048081994056702e-02 6.655558198690414429e-02 1.393868960440158844e-02 8.201340097002685070e-04 0.000000000000000000e+00 0.000000000000000000e+00 0.000000000000000000e+00 0.000000000000000000e+00 0.000000000000000000e+00 0.000000000000000000e+00 0.000000000000000000e+00 0.000000000000000000e+00 0.000000000000000000e+00 0.000000000000000000e+00 0.000000000000000000e+00 0.000000000000000000e+00 1.713846868369728327e-04 1.922918134368956089e-03 1.170620135962963104e-02 2.742065116763114929e-02 1.823048479855060577e-02 1.081248931586742401e-02 6.768349092453718185e-03 4.731473512947559357e-03 5.192686803638935089e-03 7.620785851031541824e-03 3.647532686591148376e-02 1.573033183813095093e-01 4.051058292388916016e-01 3.053751885890960693e-01 1.162903383374214172e-03 0.000000000000000000e+00 0.000000000000000000e+00 0.000000000000000000e+00 0.000000000000000000e+00 0.000000000000000000e+00 0.000000000000000000e+00 0.000000000000000000e+00 0.000000000000000000e+00 0.000000000000000000e+00 0.000000000000000000e+00 0.000000000000000000e+00 0.000000000000000000e+00 0.000000000000000000e+00 0.000000000000000000e+00
3.475413471460342407e-02 6.488786637783050537e-02 7.359524071216583252e-02 7.280799001455307007e-02 8.203490078449249268e-02 9.211055189371109009e-02 9.386155009269714355e-02 9.479553997516632080e-02 9.328052401542663574e-02 9.540234506130218506e-02 1.016170755028724670e-01 1.093012094497680664e-01 1.175564602017402649e-01 1.366944313049316406e-01 1.483346819877624512e-01 1.464765965938568115e-01 1.457845270633697510e-01 1.473114490509033203e-01 1.499547809362411499e-01 1.565304398536682129e-01 1.733582019805908203e-01 1.763525307178497314e-01 1.527686715126037598e-01 1.193471103906631470e-01 9.181904792785644531e-02 6.025556847453117371e-02 3.766915202140808105e-02 2.101191505789756775e-02 7.830884307622909546e-03 2.320114988833665848e-03 1.745043846312910318e-04 0.000000000000000000e+00 0.000000000000000000e+00 0.000000000000000000e+00 0.000000000000000000e+00 0.000000000000000000e+00 0.000000000000000000e+00 0.000000000000000000e+00 0.000000000000000000e+00 0.000000000000000000e+00 0.000000000000000000e+00 0.000000000000000000e+00 0.000000000000000000e+00 0.000000000000000000e+00 0.000000000000000000e+00 0.000000000000000000e+00 0.000000000000000000e+00 3.828255832195281982e-02 6.361735463142395020e-01 2.754122018814086914e-01 4.148313030600547791e-02 7.503027562052011490e-03 8.467428269796073437e-04 2.326725079910829663e-04 5.221911487751640379e-05 1.388103009958285838e-05 0.000000000000000000e+00 0.000000000000000000e+00 0.000000000000000000e+00 0.000000000000000000e+00 0.000000000000000000e+00 0.000000000000000000e+00 0.000000000000000000e+00 0.000000000000000000e+00 0.000000000000000000e+00 0.000000000000000000e+00 0.000000000000000000e+00 0.000000000000000000e+00 0.000000000000000000e+00 0.000000000000000000e+00 0.000000000000000000e+00 0.000000000000000000e+00 0.000000000000000000e+00 0.000000000000000000e+00 0.000000000000000000e+00 5.089710975880734622e-05 1.768839894793927670e-03 2.450927160680294037e-02 2.246182113885879517e-01 6.251553297042846680e-01 1.234122738242149353e-01 4.825310606975108385e-04 2.644005689944606274e-06 0.000000000000000000e+00 0.000000000000000000e+00 0.000000000000000000e+00 0.000000000000000000e+00 0.000000000000000000e+00 0.000000000000000000e+00 0.000000000000000000e+00 0.000000000000000000e+00 0.000000000000000000e+00 0.000000000000000000e+00 0.000000000000000000e+00 0.000000000000000000e+00 0.000000000000000000e+00
2.369229332543909550e-04 2.478159440215677023e-04 2.804949763230979443e-04 4.438901087269186974e-04 1.657371222972869873e-02 1.649964004755020142e-01 7.395835518836975098e-01 4.926036596298217773e-01 3.466700315475463867e-01 2.686706185340881348e-01 1.832666993141174316e-01 1.323092132806777954e-01 1.008529216051101685e-01 9.415917098522186279e-02 9.707577526569366455e-02 8.387617021799087524e-02 5.732718110084533691e-02 2.998572960495948792e-02 2.068582363426685333e-02 1.467288285493850708e-02 1.128788013011217117e-02 1.169364526867866516e-02 1.469466928392648697e-02 1.975174807012081146e-02 2.614321932196617126e-02 3.568549826741218567e-02 2.394010871648788452e-02 8.602753281593322754e-03 2.957451855763792992e-03 7.134921033866703510e-04 1.089300894818734378e-05 0.000000000000000000e+00 0.000000000000000000e+00 0.000000000000000000e+00 0.000000000000000000e+00 0.000000000000000000e+00 0.000000000000000000e+00 0.000000000000000000e+00 0.000000000000000000e+00 0.000000000000000000e+00 0.000000000000000000e+00 0.000000000000000000e+00 0.000000000000000000e+00 0.000000000000000000e+00 0.000000000000000000e+00 0.000000000000000000e+00 0.000000000000000000e+00 7.661416311748325825e-04 8.658335208892822266e-01 4.419656842947006226e-02 1.522297970950603485e-02 1.766392216086387634e-02 1.481449231505393982e-02 1.663453318178653717e-02 1.468377560377120972e-02 9.728364646434783936e-03 4.556908679660409689e-04 0.000000000000000000e+00 0.000000000000000000e+00 0.000000000000000000e+00 0.000000000000000000e+00 0.000000000000000000e+00 0.000000000000000000e+00 0.000000000000000000e+00 0.000000000000000000e+00 0.000000000000000000e+00 0.000000000000000000e+00 0.000000000000000000e+00 0.000000000000000000e+00 0.000000000000000000e+00 0.000000000000000000e+00 0.000000000000000000e+00 0.000000000000000000e+00 0.000000000000000000e+00 0.000000000000000000e+00 0.000000000000000000e+00 0.000000000000000000e+00 0.000000000000000000e+00 1.086849942803382874e-01 8.845041394233703613e-01 6.810853723436594009e-03 0.000000000000000000e+00 0.000000000000000000e+00 0.000000000000000000e+00 0.000000000000000000e+00 0.000000000000000000e+00 0.000000000000000000e+00 0.000000000000000000e+00 0.000000000000000000e+00 0.000000000000000000e+00 0.000000000000000000e+00 0.000000000000000000e+00 0.000000000000000000e+00 0.000000000000000000e+00 0.000000000000000000e+00 0.000000000000000000e+00
3.937251493334770203e-02 3.514416217803955078e-01 4.104766249656677246e-01 4.579256772994995117e-01 3.446017801761627197e-01 1.664577722549438477e-01 8.639962226152420044e-02 4.506006836891174316e-02 2.602246031165122986e-02 2.417143434286117554e-02 2.004749700427055359e-02 1.679897494614124298e-02 2.401850000023841858e-02 3.446809202432632446e-02 4.703766107559204102e-02 5.852878093719482422e-02 7.019919902086257935e-02 7.931457459926605225e-02 8.974043279886245728e-02 1.007094681262969971e-01 1.060779690742492676e-01 1.041451990604400635e-01 8.463561534881591797e-02 7.477402687072753906e-02 6.799748539924621582e-02 3.851819410920143127e-02 1.708374731242656708e-02 1.061570737510919571e-02 3.269616980105638504e-03 8.965078450273722410e-05 0.000000000000000000e+00 0.000000000000000000e+00 0.000000000000000000e+00 0.000000000000000000e+00 0.000000000000000000e+00 0.000000000000000000e+00 0.000000000000000000e+00 0.000000000000000000e+00 0.000000000000000000e+00 0.000000000000000000e+00 0.000000000000000000e+00 0.000000000000000000e+00 0.000000000000000000e+00 0.000000000000000000e+00 0.000000000000000000e+00 0.000000000000000000e+00 0.000000000000000000e+00 3.164145350456237793e-02 7.481471896171569824e-01 1.689750254154205322e-01 1.091454364359378815e-02 4.892120137810707092e-03 1.539268810302019119e-02 1.412263512611389160e-02 5.476608406752347946e-03 4.377067671157419682e-04 0.000000000000000000e+00 0.000000000000000000e+00 0.000000000000000000e+00 0.000000000000000000e+00 0.000000000000000000e+00 0.000000000000000000e+00 0.000000000000000000e+00 0.000000000000000000e+00 0.000000000000000000e+00 0.000000000000000000e+00 0.000000000000000000e+00 0.000000000000000000e+00 0.000000000000000000e+00 0.000000000000000000e+00 0.000000000000000000e+00 0.000000000000000000e+00 0.000000000000000000e+00 0.000000000000000000e+00 0.000000000000000000e+00 0.000000000000000000e+00 1.770866662263870239e-02 5.740286782383918762e-02 9.930846095085144043e-02 8.177021741867065430e-01 7.877842523157596588e-03 0.000000000000000000e+00 0.000000000000000000e+00 0.000000000000000000e+00 0.000000000000000000e+00 0.000000000000000000e+00 0.000000000000000000e+00 0.000000000000000000e+00 0.000000000000000000e+00 0.000000000000000000e+00 0.000000000000000000e+00 0.000000000000000000e+00 0.000000000000000000e+00 0.000000000000000000e+00 0.000000000000000000e+00 0.000000000000000000e+00
1.934040896594524384e-02 3.136022388935089111e-02 4.502020031213760376e-02 6.074360013008117676e-02 7.382639497518539429e-02 8.216908574104309082e-02 8.843150734901428223e-02 9.764718264341354370e-02 1.041188389062881470e-01 1.095395386219024658e-01 1.084500998258590698e-01 1.072789058089256287e-01 1.107636392116546631e-01 1.260589659214019775e-01 1.430714130401611328e-01 1.521476060152053833e-01 1.592252850532531738e-01 1.732892990112304688e-01 1.870959699153900146e-01 1.946666836738586426e-01 1.925695836544036865e-01 1.660889536142349243e-01 1.365444362163543701e-01 1.124855652451515198e-01 9.091339260339736938e-02 6.548851728439331055e-02 3.594882413744926453e-02 1.714952290058135986e-02 6.892515812069177628e-03 1.411691075190901756e-03 2.380876103416085243e-04 2.404925180599093437e-05 0.000000000000000000e+00 0.000000000000000000e+00 0.000000000000000000e+00 0.000000000000000000e+00 0.000000000000000000e+00 0.000000000000000000e+00 0.000000000000000000e+00 0.000000000000000000e+00 0.000000000000000000e+00 0.000000000000000000e+00 0.000000000000000000e+00 0.000000000000000000e+00 0.000000000000000000e+00 0.000000000000000000e+00 1.122298453992698342e-05 8.930289186537265778e-04 7.237702608108520508e-02 2.671447098255157471e-01 4.323686957359313965e-01 1.728067100048065186e-01 3.725950792431831360e-02 1.090713776648044586e-02 4.186173435300588608e-03 1.968832220882177353e-03 7.695760723436251283e-05 0.000000000000000000e+00 0.000000000000000000e+00 0.000000000000000000e+00 0.000000000000000000e+00 0.000000000000000000e+00 0.000000000000000000e+00 0.000000000000000000e+00 0.000000000000000000e+00 0.000000000000000000e+00 0.000000000000000000e+00 0.000000000000000000e+00 0.000000000000000000e+00 0.000000000000000000e+00 0.000000000000000000e+00 0.000000000000000000e+00 0.000000000000000000e+00 2.805746225931216031e-05 2.799333073198795319e-03 4.360690712928771973e-02 2.472944557666778564e-01 4.184602200984954834e-01 1.909109801054000854e-01 9.356602281332015991e-02 3.298755967989563942e-03 3.527223816490732133e-05 0.000000000000000000e+00 0.000000000000000000e+00 0.000000000000000000e+00 0.000000000000000000e+00 0.000000000000000000e+00 0.000000000000000000e+00 0.000000000000000000e+00 0.000000000000000000e+00 0.000000000000000000e+00 0.000000000000000000e+00 0.000000000000000000e+00 0.000000000000000000e+00 0.000000000000000000e+00 0.000000000000000000e+00
1.986754978133831173e-05 4.845474380999803543e-03 2.622958272695541382e-02 1.470861025154590607e-02 1.682560704648494720e-02 3.077924810349941254e-02 4.626490175724029541e-02 6.454746425151824951e-02 8.326048403978347778e-02 1.118962466716766357e-01 1.467284858226776123e-01 1.065430417656898499e-01 7.691390812397003174e-02 1.077196449041366577e-01 1.066931560635566711e-01 1.476666629314422607e-01 3.441192209720611572e-01 5.661346912384033203e-01 5.271037220954895020e-01 2.733863294124603271e-01 9.189625084400177002e-02 5.422075092792510986e-02 2.745916321873664856e-02 1.263134647160768509e-02 6.834437139332294464e-03 3.448123577982187271e-03 8.543046424165368080e-04 2.008830051636323333e-04 2.428256266284734011e-05 3.311258478788658977e-05 1.103752765629906207e-05 0.000000000000000000e+00 0.000000000000000000e+00 0.000000000000000000e+00 0.000000000000000000e+00 0.000000000000000000e+00 0.000000000000000000e+00 0.000000000000000000e+00 0.000000000000000000e+00 0.000000000000000000e+00 0.000000000000000000e+00 0.000000000000000000e+00 0.000000000000000000e+00 0.000000000000000000e+00 0.000000000000000000e+00 0.000000000000000000e+00 0.000000000000000000e+00 1.968138292431831360e-02 3.157718777656555176e-01 4.411979317665100098e-01 2.149558514356613159e-01 8.362030610442161560e-03 3.090507743763737381e-05 0.000000000000000000e+00 0.000000000000000000e+00 0.000000000000000000e+00 0.000000000000000000e+00 0.000000000000000000e+00 0.000000000000000000e+00 0.000000000000000000e+00 0.000000000000000000e+00 0.000000000000000000e+00 0.000000000000000000e+00 0.000000000000000000e+00 0.000000000000000000e+00 0.000000000000000000e+00 0.000000000000000000e+00 0.000000000000000000e+00 0.000000000000000000e+00 0.000000000000000000e+00 0.000000000000000000e+00 0.000000000000000000e+00 0.000000000000000000e+00 0.000000000000000000e+00 6.100073806010186672e-04 1.554819755256175995e-02 2.299050837755203247e-01 3.845401108264923096e-01 2.653554081916809082e-01 8.466225117444992065e-02 1.937821879982948303e-02 7.358351581387978513e-07 0.000000000000000000e+00 0.000000000000000000e+00 0.000000000000000000e+00 0.000000000000000000e+00 0.000000000000000000e+00 0.000000000000000000e+00 0.000000000000000000e+00 0.000000000000000000e+00 0.000000000000000000e+00 0.000000000000000000e+00 0.000000000000000000e+00 0.000000000000000000e+00 0.000000000000000000e+00 0.000000000000000000e+00
2.862858399748802185e-02 1.144897378981113434e-02 1.281399652361869812e-02 1.879673078656196594e-02 6.430362910032272339e-02 1.194763779640197754e-01 1.921238601207733154e-01 2.609222233295440674e-01 3.734812736511230469e-01 4.293733835220336914e-01 4.475306272506713867e-01 4.170328378677368164e-01 2.323797345161437988e-01 2.295390069484710693e-01 1.073387414216995239e-01 1.411138288676738739e-02 8.460680022835731506e-03 7.237079087644815445e-03 5.429346580058336258e-03 4.242638126015663147e-03 4.033580422401428223e-03 2.859168918803334236e-03 1.801583915948867798e-03 2.065980341285467148e-03 1.887666410766541958e-03 1.475700060836970806e-03 3.689250152092427015e-04 6.148750544525682926e-04 1.967600255738943815e-04 2.459500319673679769e-05 0.000000000000000000e+00 0.000000000000000000e+00 0.000000000000000000e+00 0.000000000000000000e+00 0.000000000000000000e+00 0.000000000000000000e+00 0.000000000000000000e+00 0.000000000000000000e+00 0.000000000000000000e+00 0.000000000000000000e+00 0.000000000000000000e+00 0.000000000000000000e+00 0.000000000000000000e+00 0.000000000000000000e+00 0.000000000000000000e+00 0.000000000000000000e+00 6.148750799184199423e-06 8.366400375962257385e-03 2.394487410783767700e-01 6.063078045845031738e-01 1.450592726469039917e-01 2.992391819134354591e-04 1.557683426653966308e-04 1.414212601957842708e-04 1.209254260174930096e-04 7.993375766091048717e-05 1.434708428860176355e-05 0.000000000000000000e+00 0.000000000000000000e+00 0.000000000000000000e+00 0.000000000000000000e+00 0.000000000000000000e+00 0.000000000000000000e+00 0.000000000000000000e+00 0.000000000000000000e+00 0.000000000000000000e+00 0.000000000000000000e+00 0.000000000000000000e+00 0.000000000000000000e+00 0.000000000000000000e+00 0.000000000000000000e+00 0.000000000000000000e+00 0.000000000000000000e+00 0.000000000000000000e+00 0.000000000000000000e+00 1.311733503825962543e-04 3.060028189793229103e-03 9.748844057321548462e-02 6.712775230407714844e-01 2.259276360273361206e-01 2.115170238539576530e-03 0.000000000000000000e+00 0.000000000000000000e+00 0.000000000000000000e+00 0.000000000000000000e+00 0.000000000000000000e+00 0.000000000000000000e+00 0.000000000000000000e+00 0.000000000000000000e+00 0.000000000000000000e+00 0.000000000000000000e+00 0.000000000000000000e+00 0.000000000000000000e+00 0.000000000000000000e+00 0.000000000000000000e+00 0.000000000000000000e+00
5.255588144063949585e-02 1.072744876146316528e-01 1.721318066120147705e-01 2.493683248758316040e-01 2.582206726074218750e-01 1.862249374389648438e-01 1.712907552719116211e-01 1.717501580715179443e-01 1.530771255493164062e-01 1.527484655380249023e-01 1.517695933580398560e-01 1.302058398723602295e-01 1.068786978721618652e-01 1.028642132878303528e-01 9.401184320449829102e-02 6.992843747138977051e-02 5.362664535641670227e-02 7.480872422456741333e-02 1.109673976898193359e-01 1.015142649412155151e-01 1.076738238334655762e-01 9.993815422058105469e-02 6.508702039718627930e-02 3.340931236743927002e-02 1.416732929646968842e-02 5.929851904511451721e-03 1.964837778359651566e-03 5.300821503624320030e-04 8.127926412271335721e-05 0.000000000000000000e+00 0.000000000000000000e+00 0.000000000000000000e+00 0.000000000000000000e+00 0.000000000000000000e+00 0.000000000000000000e+00 0.000000000000000000e+00 0.000000000000000000e+00 0.000000000000000000e+00 0.000000000000000000e+00 0.000000000000000000e+00 0.000000000000000000e+00 0.000000000000000000e+00 0.000000000000000000e+00 0.000000000000000000e+00 0.000000000000000000e+00 9.581529535353183746e-03 3.997055068612098694e-02 7.358718197792768478e-03 2.762481868267059326e-01 3.153199553489685059e-01 1.913207918405532837e-01 7.238330692052841187e-02 3.429985046386718750e-02 3.393585979938507080e-02 1.936802454292774200e-02 2.132108202204108238e-04 0.000000000000000000e+00 0.000000000000000000e+00 0.000000000000000000e+00 0.000000000000000000e+00 0.000000000000000000e+00 0.000000000000000000e+00 0.000000000000000000e+00 0.000000000000000000e+00 0.000000000000000000e+00 0.000000000000000000e+00 0.000000000000000000e+00 0.000000000000000000e+00 0.000000000000000000e+00 5.889801741432165727e-06 9.894867253024131060e-05 6.832170183770358562e-04 1.774008269421756268e-03 2.139176009222865105e-03 4.287775605916976929e-03 2.307035401463508606e-02 1.554589569568634033e-01 2.821108996868133545e-01 2.076838314533233643e-01 2.628536224365234375e-01 8.167977444827556610e-03 3.066819719970226288e-02 2.099714428186416626e-02 0.000000000000000000e+00 0.000000000000000000e+00 0.000000000000000000e+00 0.000000000000000000e+00 0.000000000000000000e+00 0.000000000000000000e+00 0.000000000000000000e+00 0.000000000000000000e+00 0.000000000000000000e+00 0.000000000000000000e+00 0.000000000000000000e+00 0.000000000000000000e+00 0.000000000000000000e+00
1.486915061832405627e-05 7.434575309162028134e-06 4.460745549295097589e-05 2.267545496579259634e-04 2.167178783565759659e-03 3.672680351883172989e-03 3.349276492372155190e-03 3.059328068047761917e-03 2.951526548713445663e-03 4.323205910623073578e-03 7.549811154603958130e-03 2.267173863947391510e-02 8.011870831251144409e-02 9.996902942657470703e-02 1.897935569286346436e-01 2.291299104690551758e-01 2.469617426395416260e-01 2.951824069023132324e-01 4.007570743560791016e-01 4.207300543785095215e-01 4.048126637935638428e-01 2.309067696332931519e-01 1.182320564985275269e-01 5.421664193272590637e-02 5.019082129001617432e-02 1.588025316596031189e-02 1.991350948810577393e-02 7.241277024149894714e-03 1.073552761226892471e-02 1.166856661438941956e-02 8.668715134263038635e-03 5.485229939222335815e-02 0.000000000000000000e+00 0.000000000000000000e+00 0.000000000000000000e+00 0.000000000000000000e+00 0.000000000000000000e+00 0.000000000000000000e+00 0.000000000000000000e+00 0.000000000000000000e+00 0.000000000000000000e+00 0.000000000000000000e+00 0.000000000000000000e+00 0.000000000000000000e+00 0.000000000000000000e+00 0.000000000000000000e+00 8.797581540420651436e-05 5.439011752605438232e-02 3.325188457965850830e-01 3.403189480304718018e-01 1.030828729271888733e-01 1.277470737695693970e-01 9.356413967907428741e-03 5.667624995112419128e-03 3.846153849735856056e-03 4.599524196237325668e-03 5.759317893534898758e-03 6.917872931808233261e-03 4.991078283637762070e-03 7.161974790506064892e-04 0.000000000000000000e+00 0.000000000000000000e+00 0.000000000000000000e+00 0.000000000000000000e+00 0.000000000000000000e+00 0.000000000000000000e+00 0.000000000000000000e+00 0.000000000000000000e+00 0.000000000000000000e+00 0.000000000000000000e+00 0.000000000000000000e+00 0.000000000000000000e+00 0.000000000000000000e+00 8.194141089916229248e-03 1.048399042338132858e-02 6.014571990817785263e-03 4.512787610292434692e-02 1.102783009409904480e-01 4.024224281311035156e-01 3.312264680862426758e-01 8.506146073341369629e-02 1.190771232359111309e-03 0.000000000000000000e+00 0.000000000000000000e+00 0.000000000000000000e+00 0.000000000000000000e+00 0.000000000000000000e+00 0.000000000000000000e+00 0.000000000000000000e+00 0.000000000000000000e+00 0.000000000000000000e+00 0.000000000000000000e+00 0.000000000000000000e+00 0.000000000000000000e+00 0.000000000000000000e+00 0.000000000000000000e+00
4.859412834048271179e-02 6.026527285575866699e-02 8.514979481697082520e-02 7.321699708700180054e-02 6.788586080074310303e-02 8.248800039291381836e-02 8.129547536373138428e-02 8.802041411399841309e-02 9.160050004720687866e-02 9.216909110546112061e-02 9.311505407094955444e-02 1.027357578277587891e-01 1.123212426900863647e-01 1.337892115116119385e-01 1.782296299934387207e-01 2.037582099437713623e-01 1.983868181705474854e-01 2.028550207614898682e-01 1.970030963420867920e-01 2.002133429050445557e-01 1.934003531932830811e-01 1.790674179792404175e-01 1.355528384447097778e-01 7.140556722879409790e-02 1.987541280686855316e-02 3.288249019533395767e-03 2.382533857598900795e-03 1.695699873380362988e-03 9.308738663094118237e-05 4.780162998940795660e-05 5.283337668515741825e-05 4.528575300355441868e-05 0.000000000000000000e+00 0.000000000000000000e+00 0.000000000000000000e+00 0.000000000000000000e+00 0.000000000000000000e+00 0.000000000000000000e+00 0.000000000000000000e+00 0.000000000000000000e+00 0.000000000000000000e+00 0.000000000000000000e+00 0.000000000000000000e+00 0.000000000000000000e+00 0.000000000000000000e+00 9.895776020130142570e-05 2.315443707630038261e-03 2.216821536421775818e-02 2.365140765905380249e-01 4.428124725818634033e-01 2.784436345100402832e-01 1.762789860367774963e-02 1.928837627929169685e-05 0.000000000000000000e+00 0.000000000000000000e+00 0.000000000000000000e+00 0.000000000000000000e+00 0.000000000000000000e+00 0.000000000000000000e+00 0.000000000000000000e+00 0.000000000000000000e+00 0.000000000000000000e+00 0.000000000000000000e+00 0.000000000000000000e+00 0.000000000000000000e+00 0.000000000000000000e+00 0.000000000000000000e+00 0.000000000000000000e+00 0.000000000000000000e+00 0.000000000000000000e+00 0.000000000000000000e+00 0.000000000000000000e+00 0.000000000000000000e+00 0.000000000000000000e+00 0.000000000000000000e+00 3.824130399152636528e-04 1.769247278571128845e-02 4.090913534164428711e-01 2.985974848270416260e-01 2.182983011007308960e-01 4.741418361663818359e-02 6.800410803407430649e-03 1.590871717780828476e-03 1.325027551501989365e-04 0.000000000000000000e+00 0.000000000000000000e+00 0.000000000000000000e+00 0.000000000000000000e+00 0.000000000000000000e+00 0.000000000000000000e+00 0.000000000000000000e+00 0.000000000000000000e+00 0.000000000000000000e+00 0.000000000000000000e+00 0.000000000000000000e+00 0.000000000000000000e+00
7.405927777290344238e-02 5.481984466314315796e-02 4.625685513019561768e-02 4.694431275129318237e-02 4.815199971199035645e-02 4.830528795719146729e-02 3.683687373995780945e-02 3.558970242738723755e-02 5.720038712024688721e-02 7.137914001941680908e-02 9.710526466369628906e-02 1.565677523612976074e-01 1.929122507572174072e-01 1.403475403785705566e-01 9.572106599807739258e-02 8.428284525871276855e-02 9.082759171724319458e-02 9.271344542503356934e-02 1.121572628617286682e-01 1.588112562894821167e-01 2.249740958213806152e-01 2.287133038043975830e-01 2.061875462532043457e-01 2.493369281291961670e-01 2.410781979560852051e-01 1.056032180786132812e-01 2.194744767621159554e-03 6.363598513416945934e-04 1.161240506917238235e-04 1.393488637404516339e-04 2.786977347568608820e-05 2.322481122973840684e-06 0.000000000000000000e+00 0.000000000000000000e+00 0.000000000000000000e+00 0.000000000000000000e+00 0.000000000000000000e+00 0.000000000000000000e+00 0.000000000000000000e+00 0.000000000000000000e+00 0.000000000000000000e+00 0.000000000000000000e+00 0.000000000000000000e+00 0.000000000000000000e+00 0.000000000000000000e+00 0.000000000000000000e+00 2.327126218006014824e-03 2.605514228343963623e-02 5.269988179206848145e-01 3.460643887519836426e-01 8.372312039136886597e-02 1.483136508613824844e-02 0.000000000000000000e+00 0.000000000000000000e+00 0.000000000000000000e+00 0.000000000000000000e+00 0.000000000000000000e+00 0.000000000000000000e+00 0.000000000000000000e+00 0.000000000000000000e+00 0.000000000000000000e+00 0.000000000000000000e+00 0.000000000000000000e+00 0.000000000000000000e+00 0.000000000000000000e+00 0.000000000000000000e+00 0.000000000000000000e+00 0.000000000000000000e+00 0.000000000000000000e+00 0.000000000000000000e+00 0.000000000000000000e+00 0.000000000000000000e+00 0.000000000000000000e+00 0.000000000000000000e+00 7.602255209349095821e-04 1.330239791423082352e-02 4.328717663884162903e-02 7.404689490795135498e-02 3.721071481704711914e-01 4.640836119651794434e-01 1.877958327531814575e-02 1.307789143174886703e-02 5.550729692913591862e-04 0.000000000000000000e+00 0.000000000000000000e+00 0.000000000000000000e+00 0.000000000000000000e+00 0.000000000000000000e+00 0.000000000000000000e+00 0.000000000000000000e+00 0.000000000000000000e+00 0.000000000000000000e+00 0.000000000000000000e+00 0.000000000000000000e+00 0.000000000000000000e+00 0.000000000000000000e+00
3.934118151664733887e-01 2.170338928699493408e-01 1.936868280172348022e-01 2.607056498527526855e-01 2.406317293643951416e-01 1.055511385202407837e-01 2.386412024497985840e-02 2.014270238578319550e-02 2.057542465627193451e-02 2.820910140872001648e-02 2.123893424868583679e-02 1.689395122230052948e-02 1.477693580090999603e-02 1.526069920510053635e-02 1.674527116119861603e-02 1.786147430539131165e-02 1.433089934289455414e-02 1.523406989872455597e-02 2.150966413319110870e-02 3.922689706087112427e-02 6.849229335784912109e-02 8.788271993398666382e-02 1.016588509082794189e-01 1.653712093830108643e-01 3.467287421226501465e-01 3.241783380508422852e-01 2.059406638145446777e-01 2.853752812370657921e-03 2.219092493760399520e-06 0.000000000000000000e+00 0.000000000000000000e+00 0.000000000000000000e+00 0.000000000000000000e+00 0.000000000000000000e+00 0.000000000000000000e+00 0.000000000000000000e+00 0.000000000000000000e+00 0.000000000000000000e+00 0.000000000000000000e+00 0.000000000000000000e+00 0.000000000000000000e+00 0.000000000000000000e+00 0.000000000000000000e+00 0.000000000000000000e+00 0.000000000000000000e+00 0.000000000000000000e+00 3.619339782744646072e-03 2.914704009890556335e-02 4.309877157211303711e-01 4.047262370586395264e-01 8.751361072063446045e-02 5.910182837396860123e-03 1.607066765427589417e-02 1.084692403674125671e-02 3.168864175677299500e-03 3.970696125179529190e-03 3.795387921854853630e-03 2.433604822726920247e-04 0.000000000000000000e+00 0.000000000000000000e+00 0.000000000000000000e+00 0.000000000000000000e+00 0.000000000000000000e+00 0.000000000000000000e+00 0.000000000000000000e+00 0.000000000000000000e+00 0.000000000000000000e+00 0.000000000000000000e+00 0.000000000000000000e+00 0.000000000000000000e+00 0.000000000000000000e+00 0.000000000000000000e+00 0.000000000000000000e+00 5.303631187416613102e-04 3.478797385469079018e-03 1.479986775666475296e-02 1.638429984450340271e-02 9.211896359920501709e-02 4.050590991973876953e-01 3.805625140666961670e-01 8.121287077665328979e-02 5.853226408362388611e-03 0.000000000000000000e+00 0.000000000000000000e+00 0.000000000000000000e+00 0.000000000000000000e+00 0.000000000000000000e+00 0.000000000000000000e+00 0.000000000000000000e+00 0.000000000000000000e+00 0.000000000000000000e+00 0.000000000000000000e+00 0.000000000000000000e+00 0.000000000000000000e+00 0.000000000000000000e+00 0.000000000000000000e+00
1.710759252309799194e-01 8.885719627141952515e-02 4.248623177409172058e-02 4.042092710733413696e-02 3.968331962823867798e-02 4.371557757258415222e-02 6.658142805099487305e-02 1.321302056312561035e-01 1.901062130928039551e-01 2.666207551956176758e-01 2.629327178001403809e-01 1.517014205455780029e-01 1.490952074527740479e-01 1.335070729255676270e-01 2.343135327100753784e-01 1.782061308622360229e-01 1.790912598371505737e-01 1.489968597888946533e-01 1.104445308446884155e-01 1.268194317817687988e-01 1.699449270963668823e-01 7.100708037614822388e-02 2.261998364701867104e-03 0.000000000000000000e+00 0.000000000000000000e+00 0.000000000000000000e+00 0.000000000000000000e+00 0.000000000000000000e+00 0.000000000000000000e+00 0.000000000000000000e+00 0.000000000000000000e+00 0.000000000000000000e+00 0.000000000000000000e+00 0.000000000000000000e+00 0.000000000000000000e+00 0.000000000000000000e+00 0.000000000000000000e+00 0.000000000000000000e+00 0.000000000000000000e+00 0.000000000000000000e+00 0.000000000000000000e+00 0.000000000000000000e+00 0.000000000000000000e+00 0.000000000000000000e+00 0.000000000000000000e+00 0.000000000000000000e+00 0.000000000000000000e+00 6.654865108430385590e-03 6.462103128433227539e-01 3.468397557735443115e-01 2.950432826764881611e-04 0.000000000000000000e+00 0.000000000000000000e+00 0.000000000000000000e+00 0.000000000000000000e+00 0.000000000000000000e+00 0.000000000000000000e+00 0.000000000000000000e+00 0.000000000000000000e+00 0.000000000000000000e+00 0.000000000000000000e+00 0.000000000000000000e+00 0.000000000000000000e+00 0.000000000000000000e+00 0.000000000000000000e+00 0.000000000000000000e+00 0.000000000000000000e+00 0.000000000000000000e+00 0.000000000000000000e+00 0.000000000000000000e+00 0.000000000000000000e+00 0.000000000000000000e+00 0.000000000000000000e+00 0.000000000000000000e+00 0.000000000000000000e+00 0.000000000000000000e+00 0.000000000000000000e+00 8.195646660169586539e-05 2.044649869203567505e-01 7.174960374832153320e-01 7.795698940753936768e-02 0.000000000000000000e+00 0.000000000000000000e+00 0.000000000000000000e+00 0.000000000000000000e+00 0.000000000000000000e+00 0.000000000000000000e+00 0.000000000000000000e+00 0.000000000000000000e+00 0.000000000000000000e+00 0.000000000000000000e+00 0.000000000000000000e+00 0.000000000000000000e+00 0.000000000000000000e+00 0.000000000000000000e+00 0.000000000000000000e+00
5.460502579808235168e-04 5.460502579808235168e-04 5.320489290170371532e-04 6.160566699691116810e-04 5.320489290170371532e-04 8.540785638615489006e-04 1.451933570206165314e-02 3.770546987652778625e-02 4.865447804331779480e-02 4.784239828586578369e-02 7.122455537319183350e-02 7.531292736530303955e-02 1.049116551876068115e-01 1.103441566228866577e-01 1.088180094957351685e-01 8.012937009334564209e-02 7.801517844200134277e-02 8.858615159988403320e-02 5.537509173154830933e-02 4.180784523487091064e-02 1.123043373227119446e-01 3.413513898849487305e-01 5.760970115661621094e-01 5.214639902114868164e-01 2.735291719436645508e-01 2.043767869472503662e-01 1.820167526602745056e-03 1.666153315454721451e-03 5.180476582609117031e-04 0.000000000000000000e+00 0.000000000000000000e+00 0.000000000000000000e+00 0.000000000000000000e+00 0.000000000000000000e+00 0.000000000000000000e+00 0.000000000000000000e+00 0.000000000000000000e+00 0.000000000000000000e+00 0.000000000000000000e+00 0.000000000000000000e+00 0.000000000000000000e+00 0.000000000000000000e+00 0.000000000000000000e+00 0.000000000000000000e+00 0.000000000000000000e+00 0.000000000000000000e+00 0.000000000000000000e+00 1.519606448709964752e-02 7.894299626350402832e-01 7.020712643861770630e-02 7.089785486459732056e-02 5.426899343729019165e-02 0.000000000000000000e+00 0.000000000000000000e+00 0.000000000000000000e+00 0.000000000000000000e+00 0.000000000000000000e+00 0.000000000000000000e+00 0.000000000000000000e+00 0.000000000000000000e+00 0.000000000000000000e+00 0.000000000000000000e+00 0.000000000000000000e+00 0.000000000000000000e+00 0.000000000000000000e+00 0.000000000000000000e+00 0.000000000000000000e+00 0.000000000000000000e+00 0.000000000000000000e+00 0.000000000000000000e+00 0.000000000000000000e+00 0.000000000000000000e+00 0.000000000000000000e+00 0.000000000000000000e+00 0.000000000000000000e+00 0.000000000000000000e+00 2.285476960241794586e-02 9.154975414276123047e-02 5.873073637485504150e-02 7.650350332260131836e-01 6.182968989014625549e-02 0.000000000000000000e+00 0.000000000000000000e+00 0.000000000000000000e+00 0.000000000000000000e+00 0.000000000000000000e+00 0.000000000000000000e+00 0.000000000000000000e+00 0.000000000000000000e+00 0.000000000000000000e+00 0.000000000000000000e+00 0.000000000000000000e+00 0.000000000000000000e+00 0.000000000000000000e+00 0.000000000000000000e+00 0.000000000000000000e+00
1.951921731233596802e-03 2.629913389682769775e-02 1.226378157734870911e-01 3.337197899818420410e-01 3.428772985935211182e-01 3.870601952075958252e-01 2.446903288364410400e-01 1.531600356101989746e-01 9.101219475269317627e-02 6.439941376447677612e-02 5.917095020413398743e-02 5.297913402318954468e-02 5.334319174289703369e-02 5.879008769989013672e-02 6.772075593471527100e-02 5.441296845674514771e-02 4.687972739338874817e-02 4.078312218189239502e-02 4.394764453172683716e-02 5.272708833217620850e-02 6.014551222324371338e-02 6.485868990421295166e-02 7.727033644914627075e-02 8.766004443168640137e-02 1.124469339847564697e-01 1.166896224021911621e-01 1.066499724984169006e-01 7.224071025848388672e-02 3.396959742531180382e-03 7.001153426244854927e-05 8.401384548051282763e-06 0.000000000000000000e+00 0.000000000000000000e+00 0.000000000000000000e+00 0.000000000000000000e+00 0.000000000000000000e+00 0.000000000000000000e+00 0.000000000000000000e+00 0.000000000000000000e+00 0.000000000000000000e+00 0.000000000000000000e+00 0.000000000000000000e+00 0.000000000000000000e+00 0.000000000000000000e+00 0.000000000000000000e+00 0.000000000000000000e+00 0.000000000000000000e+00 6.058611720800399780e-02 6.149467825889587402e-01 1.688575595617294312e-01 6.358167529106140137e-02 7.040360569953918457e-02 2.162422984838485718e-02 0.000000000000000000e+00 0.000000000000000000e+00 0.000000000000000000e+00 0.000000000000000000e+00 0.000000000000000000e+00 0.000000000000000000e+00 0.000000000000000000e+00 0.000000000000000000e+00 0.000000000000000000e+00 0.000000000000000000e+00 0.000000000000000000e+00 0.000000000000000000e+00 0.000000000000000000e+00 0.000000000000000000e+00 0.000000000000000000e+00 0.000000000000000000e+00 0.000000000000000000e+00 0.000000000000000000e+00 0.000000000000000000e+00 0.000000000000000000e+00 1.480510691180825233e-03 3.020297735929489136e-02 4.189023748040199280e-02 4.110797494649887085e-02 1.968911103904247284e-02 7.258889824151992798e-02 6.204926371574401855e-01 1.725476384162902832e-01 0.000000000000000000e+00 0.000000000000000000e+00 0.000000000000000000e+00 0.000000000000000000e+00 0.000000000000000000e+00 0.000000000000000000e+00 0.000000000000000000e+00 0.000000000000000000e+00 0.000000000000000000e+00 0.000000000000000000e+00 0.000000000000000000e+00 0.000000000000000000e+00 0.000000000000000000e+00 0.000000000000000000e+00 0.000000000000000000e+00
2.130231559276580811e-01 1.032791510224342346e-01 8.821468800306320190e-02 1.016349047422409058e-01 1.363649070262908936e-01 8.316984027624130249e-02 6.444320082664489746e-02 6.652186065912246704e-02 6.994581222534179688e-02 6.865190714597702026e-02 8.233837783336639404e-02 8.022234588861465454e-02 9.275971353054046631e-02 1.039237678050994873e-01 1.278774291276931763e-01 1.405128985643386841e-01 1.577541083097457886e-01 1.974448710680007935e-01 2.316190302371978760e-01 1.779801845550537109e-01 1.240143924951553345e-01 1.010790318250656128e-01 8.392657339572906494e-02 8.777092397212982178e-02 7.244955003261566162e-02 5.186846107244491577e-02 5.199458450078964233e-02 3.781296685338020325e-02 1.401345361955463886e-03 0.000000000000000000e+00 0.000000000000000000e+00 0.000000000000000000e+00 0.000000000000000000e+00 0.000000000000000000e+00 0.000000000000000000e+00 0.000000000000000000e+00 0.000000000000000000e+00 0.000000000000000000e+00 0.000000000000000000e+00 0.000000000000000000e+00 0.000000000000000000e+00 0.000000000000000000e+00 0.000000000000000000e+00 0.000000000000000000e+00 0.000000000000000000e+00 0.000000000000000000e+00 0.000000000000000000e+00 5.793784279376268387e-03 2.630496323108673096e-01 5.945472121238708496e-01 6.848841905593872070e-02 3.717768937349319458e-02 1.025940477848052979e-02 5.077540874481201172e-03 5.410749930888414383e-03 4.893809091299772263e-03 3.800759790465235710e-03 1.485425978899002075e-03 1.557050381961744279e-05 0.000000000000000000e+00 0.000000000000000000e+00 0.000000000000000000e+00 0.000000000000000000e+00 0.000000000000000000e+00 0.000000000000000000e+00 0.000000000000000000e+00 0.000000000000000000e+00 0.000000000000000000e+00 0.000000000000000000e+00 0.000000000000000000e+00 0.000000000000000000e+00 0.000000000000000000e+00 0.000000000000000000e+00 0.000000000000000000e+00 6.072496398701332510e-05 7.867774926126003265e-03 6.808046996593475342e-02 5.215744972229003906e-01 1.933311522006988525e-01 1.556988060474395752e-01 5.338658392429351807e-02 0.000000000000000000e+00 0.000000000000000000e+00 0.000000000000000000e+00 0.000000000000000000e+00 0.000000000000000000e+00 0.000000000000000000e+00 0.000000000000000000e+00 0.000000000000000000e+00 0.000000000000000000e+00 0.000000000000000000e+00 0.000000000000000000e+00 0.000000000000000000e+00 0.000000000000000000e+00 0.000000000000000000e+00 0.000000000000000000e+00
6.328846793621778488e-04 1.170836738310754299e-03 1.360702095553278923e-03 4.904856439679861069e-03 1.408168394118547440e-02 1.892325282096862793e-02 3.037846460938453674e-02 5.066242069005966187e-02 8.714821934700012207e-02 1.306590437889099121e-01 1.385384500026702881e-01 1.492025703191757202e-01 1.577781438827514648e-01 1.715433895587921143e-01 1.656575649976730347e-01 1.263870745897293091e-01 1.055018752813339233e-01 9.942618012428283691e-02 1.038247346878051758e-01 1.104067265987396240e-01 1.291084736585617065e-01 1.534428894519805908e-01 2.741340100765228271e-01 3.131830096244812012e-01 2.216995060443878174e-01 1.173684746026992798e-01 5.974431708455085754e-02 2.797350287437438965e-02 1.490443479269742966e-02 1.395510695874691010e-02 6.297202315181493759e-03 0.000000000000000000e+00 0.000000000000000000e+00 0.000000000000000000e+00 0.000000000000000000e+00 0.000000000000000000e+00 0.000000000000000000e+00 0.000000000000000000e+00 0.000000000000000000e+00 0.000000000000000000e+00 0.000000000000000000e+00 0.000000000000000000e+00 0.000000000000000000e+00 0.000000000000000000e+00 0.000000000000000000e+00 0.000000000000000000e+00 0.000000000000000000e+00 2.531538775656372309e-04 2.479958683252334595e-01 7.014577388763427734e-01 4.001940786838531494e-02 2.162355929613113403e-03 1.677144435234367847e-03 1.487278961576521397e-03 1.413442427292466164e-03 1.909202197566628456e-03 1.466182875446975231e-03 1.582211698405444622e-04 0.000000000000000000e+00 0.000000000000000000e+00 0.000000000000000000e+00 0.000000000000000000e+00 0.000000000000000000e+00 0.000000000000000000e+00 0.000000000000000000e+00 0.000000000000000000e+00 0.000000000000000000e+00 0.000000000000000000e+00 0.000000000000000000e+00 0.000000000000000000e+00 0.000000000000000000e+00 0.000000000000000000e+00 0.000000000000000000e+00 0.000000000000000000e+00 1.750980969518423080e-03 3.976625390350818634e-03 6.297202780842781067e-03 1.866060495376586914e-01 6.287287473678588867e-01 1.725876480340957642e-01 5.274038994684815407e-05 0.000000000000000000e+00 0.000000000000000000e+00 0.000000000000000000e+00 0.000000000000000000e+00 0.000000000000000000e+00 0.000000000000000000e+00 0.000000000000000000e+00 0.000000000000000000e+00 0.000000000000000000e+00 0.000000000000000000e+00 0.000000000000000000e+00 0.000000000000000000e+00 0.000000000000000000e+00 0.000000000000000000e+00 0.000000000000000000e+00
5.386160686612129211e-02 4.576115906238555908e-01 4.201860129833221436e-01 2.690029740333557129e-01 2.217410802841186523e-01 1.903720200061798096e-01 1.552455276250839233e-01 1.334449350833892822e-01 1.156770810484886169e-01 9.738095104694366455e-02 8.965030312538146973e-02 8.707588911056518555e-02 8.526785671710968018e-02 9.357142448425292969e-02 1.133407801389694214e-01 1.052157729864120483e-01 8.409970253705978394e-02 6.960565596818923950e-02 5.830357223749160767e-02 4.836309701204299927e-02 3.214285895228385925e-02 1.275297626852989197e-02 3.311011940240859985e-03 1.525297760963439941e-03 6.770833279006183147e-04 3.869047504849731922e-04 1.785714266588911414e-04 7.440476110787130892e-06 0.000000000000000000e+00 0.000000000000000000e+00 0.000000000000000000e+00 0.000000000000000000e+00 0.000000000000000000e+00 0.000000000000000000e+00 0.000000000000000000e+00 0.000000000000000000e+00 0.000000000000000000e+00 0.000000000000000000e+00 0.000000000000000000e+00 0.000000000000000000e+00 0.000000000000000000e+00 0.000000000000000000e+00 0.000000000000000000e+00 0.000000000000000000e+00 0.000000000000000000e+00 0.000000000000000000e+00 0.000000000000000000e+00 1.063988078385591507e-03 7.416517734527587891e-01 2.531051635742187500e-01 2.048611175268888474e-03 1.210317481309175491e-03 7.490079151466488838e-04 1.661706337472423911e-04 4.960317255608970299e-06 0.000000000000000000e+00 0.000000000000000000e+00 0.000000000000000000e+00 0.000000000000000000e+00 0.000000000000000000e+00 0.000000000000000000e+00 0.000000000000000000e+00 0.000000000000000000e+00 0.000000000000000000e+00 0.000000000000000000e+00 0.000000000000000000e+00 0.000000000000000000e+00 0.000000000000000000e+00 0.000000000000000000e+00 0.000000000000000000e+00 0.000000000000000000e+00 0.000000000000000000e+00 0.000000000000000000e+00 0.000000000000000000e+00 0.000000000000000000e+00 0.000000000000000000e+00 0.000000000000000000e+00 2.504960400983691216e-03 1.067782714962959290e-01 6.676735877990722656e-01 2.230431586503982544e-01 0.000000000000000000e+00 0.000000000000000000e+00 0.000000000000000000e+00 0.000000000000000000e+00 0.000000000000000000e+00 0.000000000000000000e+00 0.000000000000000000e+00 0.000000000000000000e+00 0.000000000000000000e+00 0.000000000000000000e+00 0.000000000000000000e+00 0.000000000000000000e+00 0.000000000000000000e+00 0.000000000000000000e+00 0.000000000000000000e+00
1.054713409394025803e-02 1.082475483417510986e-02 1.926393620669841766e-02 4.719553887844085693e-02 9.992138296365737915e-02 1.907598972320556641e-01 2.260644137859344482e-01 1.931061446666717529e-01 1.617718636989593506e-01 1.588900089263916016e-01 1.866275221109390259e-01 2.044664919376373291e-01 1.557796746492385864e-01 8.366213738918304443e-02 2.398594841361045837e-02 7.839716970920562744e-03 8.562022820115089417e-03 1.821241714060306549e-02 3.014519810676574707e-02 5.078003928065299988e-02 1.158587783575057983e-01 2.068275064229965210e-01 2.425349503755569458e-01 2.238311767578125000e-01 1.496032178401947021e-01 1.264575123786926270e-01 4.231874644756317139e-02 3.840011777356266975e-03 3.071026876568794250e-04 1.474092823627870530e-05 0.000000000000000000e+00 0.000000000000000000e+00 0.000000000000000000e+00 0.000000000000000000e+00 0.000000000000000000e+00 0.000000000000000000e+00 0.000000000000000000e+00 0.000000000000000000e+00 0.000000000000000000e+00 0.000000000000000000e+00 0.000000000000000000e+00 0.000000000000000000e+00 0.000000000000000000e+00 0.000000000000000000e+00 0.000000000000000000e+00 0.000000000000000000e+00 0.000000000000000000e+00 7.042887591524049640e-05 8.420984745025634766e-01 1.295940577983856201e-01 1.884873397648334503e-02 8.006780408322811127e-03 1.295563764870166779e-03 8.189404616132378578e-05 4.094702489965129644e-06 0.000000000000000000e+00 0.000000000000000000e+00 0.000000000000000000e+00 0.000000000000000000e+00 0.000000000000000000e+00 0.000000000000000000e+00 0.000000000000000000e+00 0.000000000000000000e+00 0.000000000000000000e+00 0.000000000000000000e+00 0.000000000000000000e+00 0.000000000000000000e+00 0.000000000000000000e+00 0.000000000000000000e+00 0.000000000000000000e+00 0.000000000000000000e+00 0.000000000000000000e+00 0.000000000000000000e+00 0.000000000000000000e+00 0.000000000000000000e+00 0.000000000000000000e+00 0.000000000000000000e+00 5.814477117382921278e-05 2.122431546449661255e-01 7.863588929176330566e-01 1.339786569587886333e-03 0.000000000000000000e+00 0.000000000000000000e+00 0.000000000000000000e+00 0.000000000000000000e+00 0.000000000000000000e+00 0.000000000000000000e+00 0.000000000000000000e+00 0.000000000000000000e+00 0.000000000000000000e+00 0.000000000000000000e+00 0.000000000000000000e+00 0.000000000000000000e+00 0.000000000000000000e+00 0.000000000000000000e+00 0.000000000000000000e+00
2.987150102853775024e-02 3.446067869663238525e-02 4.914455115795135498e-02 6.270134449005126953e-02 7.566889375448226929e-02 9.740325808525085449e-02 1.247676759958267212e-01 1.505072861909866333e-01 1.757321357727050781e-01 1.927375793457031250e-01 2.075541168451309204e-01 2.223327159881591797e-01 2.230014204978942871e-01 2.359359860420227051e-01 2.206582427024841309e-01 1.638806760311126709e-01 1.319146752357482910e-01 1.422523707151412964e-01 1.642297506332397461e-01 1.370544284582138062e-01 7.496540248394012451e-02 2.927089482545852661e-02 1.446250174194574356e-02 9.425973519682884216e-03 7.451734039932489395e-03 6.274640560150146484e-03 4.054906778037548065e-03 2.758968621492385864e-03 2.560657914727926254e-03 2.206607256084680557e-03 2.178936032578349113e-03 2.579459920525550842e-03 0.000000000000000000e+00 0.000000000000000000e+00 0.000000000000000000e+00 0.000000000000000000e+00 0.000000000000000000e+00 0.000000000000000000e+00 0.000000000000000000e+00 0.000000000000000000e+00 0.000000000000000000e+00 0.000000000000000000e+00 0.000000000000000000e+00 0.000000000000000000e+00 1.856577364378608763e-05 8.417626842856407166e-03 7.016786187887191772e-02 1.900439858436584473e-01 1.407355368137359619e-01 1.410627514123916626e-01 1.231305748224258423e-01 2.683612704277038574e-01 5.224006623029708862e-02 5.770999472588300705e-03 5.073068314231932163e-05 0.000000000000000000e+00 0.000000000000000000e+00 0.000000000000000000e+00 0.000000000000000000e+00 0.000000000000000000e+00 0.000000000000000000e+00 0.000000000000000000e+00 0.000000000000000000e+00 0.000000000000000000e+00 0.000000000000000000e+00 0.000000000000000000e+00 0.000000000000000000e+00 0.000000000000000000e+00 0.000000000000000000e+00 5.321400294633349404e-06 2.886563888750970364e-04 8.833524188958108425e-04 6.047948729246854782e-03 9.448441676795482635e-03 1.666650734841823578e-02 9.887800365686416626e-02 2.155329138040542603e-01 8.486403524875640869e-02 1.402457356452941895e-01 2.451169341802597046e-01 1.367487460374832153e-01 3.995934128761291504e-02 5.314068403095006943e-03 0.000000000000000000e+00 0.000000000000000000e+00 0.000000000000000000e+00 0.000000000000000000e+00 0.000000000000000000e+00 0.000000000000000000e+00 0.000000000000000000e+00 0.000000000000000000e+00 0.000000000000000000e+00 0.000000000000000000e+00 0.000000000000000000e+00 0.000000000000000000e+00 0.000000000000000000e+00
1.389714144170284271e-02 1.050925403833389282e-01 2.118561267852783203e-01 2.469391375780105591e-01 2.625191807746887207e-01 4.824367761611938477e-01 5.829451084136962891e-01 4.204056859016418457e-01 1.297129690647125244e-01 9.126176685094833374e-02 6.854706257581710815e-02 4.922190308570861816e-02 3.792262822389602661e-02 3.172188997268676758e-02 2.631283551454544067e-02 2.246581949293613434e-02 2.004573121666908264e-02 2.033016830682754517e-02 2.171917259693145752e-02 2.323854155838489532e-02 2.112185209989547729e-02 1.700462028384208679e-02 1.460823509842157364e-02 1.279731653630733490e-02 1.259109936654567719e-02 1.327137835323810577e-02 8.898152038455009460e-03 6.648725830018520355e-03 7.831512019038200378e-03 6.952125579118728638e-03 5.461199674755334854e-03 4.221526440232992172e-03 0.000000000000000000e+00 0.000000000000000000e+00 0.000000000000000000e+00 0.000000000000000000e+00 0.000000000000000000e+00 0.000000000000000000e+00 0.000000000000000000e+00 0.000000000000000000e+00 0.000000000000000000e+00 0.000000000000000000e+00 0.000000000000000000e+00 0.000000000000000000e+00 0.000000000000000000e+00 0.000000000000000000e+00 0.000000000000000000e+00 1.422187429852783680e-03 9.206261634826660156e-01 4.093687236309051514e-02 2.291301824152469635e-02 1.242043636739253998e-02 1.681341556832194328e-03 0.000000000000000000e+00 0.000000000000000000e+00 0.000000000000000000e+00 0.000000000000000000e+00 0.000000000000000000e+00 0.000000000000000000e+00 0.000000000000000000e+00 0.000000000000000000e+00 0.000000000000000000e+00 0.000000000000000000e+00 0.000000000000000000e+00 0.000000000000000000e+00 0.000000000000000000e+00 0.000000000000000000e+00 0.000000000000000000e+00 0.000000000000000000e+00 0.000000000000000000e+00 0.000000000000000000e+00 0.000000000000000000e+00 0.000000000000000000e+00 0.000000000000000000e+00 0.000000000000000000e+00 0.000000000000000000e+00 8.278710767626762390e-03 1.968860439956188202e-02 4.048730432987213135e-02 7.945105433464050293e-01 1.370348632335662842e-01 0.000000000000000000e+00 0.000000000000000000e+00 0.000000000000000000e+00 0.000000000000000000e+00 0.000000000000000000e+00 0.000000000000000000e+00 0.000000000000000000e+00 0.000000000000000000e+00 0.000000000000000000e+00 0.000000000000000000e+00 0.000000000000000000e+00 0.000000000000000000e+00 0.000000000000000000e+00 0.000000000000000000e+00 0.000000000000000000e+00
2.357143675908446312e-03 1.702068001031875610e-02 5.842330679297447205e-02 9.291095286607742310e-02 1.111448258161544800e-01 1.227202266454696655e-01 1.352933645248413086e-01 1.409977078437805176e-01 1.392561495304107666e-01 1.351959109306335449e-01 1.287579983472824097e-01 1.211197301745414734e-01 1.209196746349334717e-01 1.171954348683357239e-01 1.265291124582290649e-01 1.461993306875228882e-01 1.736514568328857422e-01 2.003161758184432983e-01 2.252598255872726440e-01 2.091599404811859131e-01 1.281167864799499512e-01 7.925542443990707397e-02 6.729016453027725220e-02 5.890037864446640015e-02 4.611691087484359741e-02 3.340013325214385986e-02 2.147078327834606171e-02 1.411464717239141464e-02 1.207298785448074341e-02 8.174337446689605713e-03 6.596924737095832825e-03 6.155761366244405508e-05 0.000000000000000000e+00 0.000000000000000000e+00 0.000000000000000000e+00 0.000000000000000000e+00 0.000000000000000000e+00 0.000000000000000000e+00 0.000000000000000000e+00 0.000000000000000000e+00 0.000000000000000000e+00 0.000000000000000000e+00 0.000000000000000000e+00 0.000000000000000000e+00 0.000000000000000000e+00 0.000000000000000000e+00 0.000000000000000000e+00 5.035754875279963017e-04 9.716039896011352539e-01 2.789243869483470917e-02 0.000000000000000000e+00 0.000000000000000000e+00 0.000000000000000000e+00 0.000000000000000000e+00 0.000000000000000000e+00 0.000000000000000000e+00 0.000000000000000000e+00 0.000000000000000000e+00 0.000000000000000000e+00 0.000000000000000000e+00 0.000000000000000000e+00 0.000000000000000000e+00 0.000000000000000000e+00 0.000000000000000000e+00 0.000000000000000000e+00 0.000000000000000000e+00 0.000000000000000000e+00 0.000000000000000000e+00 0.000000000000000000e+00 0.000000000000000000e+00 0.000000000000000000e+00 0.000000000000000000e+00 0.000000000000000000e+00 0.000000000000000000e+00 0.000000000000000000e+00 0.000000000000000000e+00 0.000000000000000000e+00 0.000000000000000000e+00 2.318507581949234009e-01 7.663974165916442871e-01 1.751827076077461243e-03 0.000000000000000000e+00 0.000000000000000000e+00 0.000000000000000000e+00 0.000000000000000000e+00 0.000000000000000000e+00 0.000000000000000000e+00 0.000000000000000000e+00 0.000000000000000000e+00 0.000000000000000000e+00 0.000000000000000000e+00 0.000000000000000000e+00 0.000000000000000000e+00 0.000000000000000000e+00 0.000000000000000000e+00 0.000000000000000000e+00
2.698630094528198242e-01 1.963161826133728027e-01 1.774818897247314453e-01 1.818156838417053223e-01 2.097072899341583252e-01 1.849422156810760498e-01 1.532554924488067627e-01 1.289048790931701660e-01 1.142798066139221191e-01 1.098782271146774292e-01 1.046911627054214478e-01 9.097480028867721558e-02 8.781854808330535889e-02 9.850190579891204834e-02 1.156056225299835205e-01 1.179416626691818237e-01 1.003523692488670349e-01 1.023985370993614197e-01 9.972520172595977783e-02 8.586923778057098389e-02 7.549579441547393799e-02 6.431384384632110596e-02 5.546659603714942932e-02 3.779181465506553650e-02 1.781003922224044800e-02 6.571647711098194122e-03 3.146562725305557251e-03 1.658106921240687370e-03 1.060988055542111397e-03 8.933406206779181957e-04 1.043288270011544228e-03 4.424290265887975693e-03 0.000000000000000000e+00 0.000000000000000000e+00 0.000000000000000000e+00 0.000000000000000000e+00 0.000000000000000000e+00 0.000000000000000000e+00 0.000000000000000000e+00 0.000000000000000000e+00 0.000000000000000000e+00 0.000000000000000000e+00 0.000000000000000000e+00 5.550400237552821636e-04 2.987375482916831970e-03 3.185190493240952492e-03 1.371258310973644257e-02 9.546109288930892944e-02 5.424153804779052734e-01 2.228826284408569336e-01 7.104890793561935425e-02 3.562197089195251465e-02 7.526102475821971893e-03 4.547854885458946228e-03 5.588249041466042399e-05 0.000000000000000000e+00 0.000000000000000000e+00 0.000000000000000000e+00 0.000000000000000000e+00 0.000000000000000000e+00 0.000000000000000000e+00 0.000000000000000000e+00 0.000000000000000000e+00 0.000000000000000000e+00 0.000000000000000000e+00 0.000000000000000000e+00 0.000000000000000000e+00 0.000000000000000000e+00 0.000000000000000000e+00 0.000000000000000000e+00 0.000000000000000000e+00 0.000000000000000000e+00 0.000000000000000000e+00 0.000000000000000000e+00 1.400401815772056580e-04 3.871098160743713379e-02 3.808692097663879395e-02 9.639473259449005127e-02 1.863451749086380005e-01 4.476203024387359619e-01 1.515746861696243286e-01 2.935901284217834473e-02 5.463570822030305862e-03 3.752587130293250084e-03 1.795698073692619801e-03 7.563060498796403408e-04 0.000000000000000000e+00 0.000000000000000000e+00 0.000000000000000000e+00 0.000000000000000000e+00 0.000000000000000000e+00 0.000000000000000000e+00 0.000000000000000000e+00 0.000000000000000000e+00 0.000000000000000000e+00 0.000000000000000000e+00
6.950880633667111397e-04 8.915897924453020096e-04 5.675085820257663727e-03 2.386410236358642578e-01 1.180972099304199219e+00 3.894252777099609375e-01 1.928737461566925049e-01 1.055771335959434509e-01 1.045740842819213867e-01 1.020958274602890015e-01 1.061636954545974731e-01 8.014629036188125610e-02 6.439976394176483154e-02 4.822210222482681274e-02 3.991330415010452271e-02 3.992797061800956726e-02 4.420408234000205994e-02 4.696683585643768311e-02 4.150877892971038818e-02 3.131708875298500061e-02 1.762356236577033997e-02 1.418331637978553772e-02 1.018875837326049805e-02 6.505085155367851257e-03 5.091446451842784882e-03 2.654239069670438766e-03 2.111659850925207138e-03 2.199645619839429855e-03 2.777419518679380417e-03 3.003249410539865494e-03 4.909609444439411163e-03 6.456106901168823242e-02 0.000000000000000000e+00 0.000000000000000000e+00 0.000000000000000000e+00 0.000000000000000000e+00 0.000000000000000000e+00 0.000000000000000000e+00 0.000000000000000000e+00 0.000000000000000000e+00 0.000000000000000000e+00 0.000000000000000000e+00 0.000000000000000000e+00 0.000000000000000000e+00 0.000000000000000000e+00 0.000000000000000000e+00 0.000000000000000000e+00 4.474568180739879608e-03 9.143135547637939453e-01 6.947067379951477051e-02 1.104710996150970459e-02 6.941104074940085411e-04 0.000000000000000000e+00 0.000000000000000000e+00 0.000000000000000000e+00 0.000000000000000000e+00 0.000000000000000000e+00 0.000000000000000000e+00 0.000000000000000000e+00 0.000000000000000000e+00 0.000000000000000000e+00 0.000000000000000000e+00 0.000000000000000000e+00 0.000000000000000000e+00 0.000000000000000000e+00 0.000000000000000000e+00 0.000000000000000000e+00 0.000000000000000000e+00 0.000000000000000000e+00 0.000000000000000000e+00 0.000000000000000000e+00 0.000000000000000000e+00 0.000000000000000000e+00 0.000000000000000000e+00 0.000000000000000000e+00 0.000000000000000000e+00 1.001083175651729107e-03 9.719501249492168427e-03 9.560344368219375610e-02 8.588707447052001953e-01 3.480523824691772461e-02 0.000000000000000000e+00 0.000000000000000000e+00 0.000000000000000000e+00 0.000000000000000000e+00 0.000000000000000000e+00 0.000000000000000000e+00 0.000000000000000000e+00 0.000000000000000000e+00 0.000000000000000000e+00 0.000000000000000000e+00 0.000000000000000000e+00 0.000000000000000000e+00 0.000000000000000000e+00 0.000000000000000000e+00 0.000000000000000000e+00
1.156296953558921814e-01 1.795864701271057129e-01 1.456453651189804077e-01 1.331202983856201172e-01 1.283302009105682373e-01 1.289066374301910400e-01 9.833019971847534180e-02 7.477443665266036987e-02 5.636278539896011353e-02 6.103383377194404602e-02 8.110275864601135254e-02 1.222619041800498962e-01 1.162782013416290283e-01 1.357957422733306885e-01 1.229448616504669189e-01 1.223308295011520386e-01 1.247838437557220459e-01 1.381578892469406128e-01 1.589912176132202148e-01 1.627067625522613525e-01 1.548276990652084351e-01 1.329041421413421631e-01 1.058521270751953125e-01 6.596491485834121704e-02 4.781955108046531677e-02 3.178258240222930908e-02 2.843984961509704590e-02 1.651629060506820679e-02 5.698621738702058792e-03 2.976190764456987381e-03 1.441102795070037246e-04 0.000000000000000000e+00 0.000000000000000000e+00 0.000000000000000000e+00 0.000000000000000000e+00 0.000000000000000000e+00 0.000000000000000000e+00 0.000000000000000000e+00 0.000000000000000000e+00 0.000000000000000000e+00 0.000000000000000000e+00 0.000000000000000000e+00 5.221386800258187577e-06 4.803675983566790819e-05 9.130116552114486694e-03 4.476190358400344849e-02 8.228487521409988403e-02 1.062385141849517822e-01 1.860254853963851929e-01 5.328602790832519531e-01 3.606516122817993164e-02 2.118838718160986900e-03 4.615705984178930521e-04 0.000000000000000000e+00 0.000000000000000000e+00 0.000000000000000000e+00 0.000000000000000000e+00 0.000000000000000000e+00 0.000000000000000000e+00 0.000000000000000000e+00 0.000000000000000000e+00 0.000000000000000000e+00 0.000000000000000000e+00 0.000000000000000000e+00 0.000000000000000000e+00 0.000000000000000000e+00 0.000000000000000000e+00 0.000000000000000000e+00 0.000000000000000000e+00 0.000000000000000000e+00 0.000000000000000000e+00 0.000000000000000000e+00 0.000000000000000000e+00 0.000000000000000000e+00 0.000000000000000000e+00 2.088554765578010119e-06 1.245822873897850513e-03 1.077725589275360107e-01 5.677297115325927734e-01 2.972347438335418701e-01 1.836466230452060699e-02 3.717627376317977905e-03 1.752297393977642059e-03 9.314953931607306004e-04 5.106516182422637939e-04 4.375522257760167122e-04 1.952798629645258188e-04 1.054720123647712171e-04 0.000000000000000000e+00 0.000000000000000000e+00 0.000000000000000000e+00 0.000000000000000000e+00 0.000000000000000000e+00 0.000000000000000000e+00 0.000000000000000000e+00 0.000000000000000000e+00
1.254783855983987451e-04 6.524876225739717484e-04 3.513394854962825775e-03 4.311437159776687622e-02 1.545182764530181885e-01 2.786456644535064697e-01 3.102034926414489746e-01 2.892402410507202148e-01 2.866930067539215088e-01 2.978354990482330322e-01 3.123073577880859375e-01 3.081832826137542725e-01 2.886630296707153320e-01 2.101093679666519165e-01 1.121693104505538940e-01 5.132066085934638977e-02 2.471087500452995300e-02 1.203756034374237061e-02 6.056423764675855637e-03 4.103143233805894852e-03 2.174958819523453712e-03 8.197921561077237129e-04 3.053307300433516502e-04 3.387916367501020432e-04 3.513394622132182121e-04 3.555220901034772396e-04 5.270092515274882317e-04 6.022962043061852455e-04 3.136959567200392485e-04 8.365225767192896456e-06 0.000000000000000000e+00 0.000000000000000000e+00 0.000000000000000000e+00 0.000000000000000000e+00 0.000000000000000000e+00 0.000000000000000000e+00 0.000000000000000000e+00 0.000000000000000000e+00 0.000000000000000000e+00 0.000000000000000000e+00 0.000000000000000000e+00 0.000000000000000000e+00 0.000000000000000000e+00 0.000000000000000000e+00 0.000000000000000000e+00 2.188900718465447426e-03 7.822462171316146851e-02 3.996291458606719971e-01 3.297488391399383545e-01 1.846024096012115479e-01 5.105576012283563614e-03 5.005193524993956089e-04 0.000000000000000000e+00 0.000000000000000000e+00 0.000000000000000000e+00 0.000000000000000000e+00 0.000000000000000000e+00 0.000000000000000000e+00 0.000000000000000000e+00 0.000000000000000000e+00 0.000000000000000000e+00 0.000000000000000000e+00 0.000000000000000000e+00 0.000000000000000000e+00 0.000000000000000000e+00 0.000000000000000000e+00 0.000000000000000000e+00 0.000000000000000000e+00 0.000000000000000000e+00 0.000000000000000000e+00 0.000000000000000000e+00 0.000000000000000000e+00 0.000000000000000000e+00 0.000000000000000000e+00 0.000000000000000000e+00 0.000000000000000000e+00 0.000000000000000000e+00 1.014980720356106758e-03 1.640825122594833374e-01 2.854968011379241943e-01 2.907348275184631348e-01 1.489595770835876465e-01 6.698454171419143677e-02 3.042711503803730011e-02 8.752814494073390961e-03 3.266620682552456856e-03 2.802350500132888556e-04 0.000000000000000000e+00 0.000000000000000000e+00 0.000000000000000000e+00 0.000000000000000000e+00 0.000000000000000000e+00 0.000000000000000000e+00 0.000000000000000000e+00 0.000000000000000000e+00 0.000000000000000000e+00
9.710149466991424561e-02 7.585646212100982666e-02 3.479844704270362854e-02 2.649591863155364990e-02 3.093984536826610565e-02 4.582018032670021057e-02 7.603831589221954346e-02 1.403786391019821167e-01 1.332553029060363770e-01 8.347421884536743164e-02 7.516032457351684570e-02 6.330322474241256714e-02 6.347938627004623413e-02 9.761011600494384766e-02 1.250522136688232422e-01 1.497836261987686157e-01 1.437826156616210938e-01 1.776490956544876099e-01 2.804134786128997803e-01 2.020935416221618652e-01 3.778758049011230469e-01 4.562270343303680420e-01 2.758985385298728943e-02 7.714361418038606644e-03 4.759320523589849472e-03 2.395287854596972466e-03 4.773527616634964943e-04 1.278623385587707162e-04 1.164967980002984405e-04 1.704831229289993644e-04 5.966909520793706179e-05 0.000000000000000000e+00 0.000000000000000000e+00 0.000000000000000000e+00 0.000000000000000000e+00 0.000000000000000000e+00 0.000000000000000000e+00 0.000000000000000000e+00 0.000000000000000000e+00 0.000000000000000000e+00 0.000000000000000000e+00 0.000000000000000000e+00 0.000000000000000000e+00 0.000000000000000000e+00 0.000000000000000000e+00 0.000000000000000000e+00 1.231267015100456774e-05 1.040231157094240189e-02 2.900789380073547363e-01 5.893071293830871582e-01 2.557152137160301208e-02 3.161136060953140259e-02 3.939770162105560303e-02 1.360265910625457764e-02 1.610118306416552514e-05 0.000000000000000000e+00 0.000000000000000000e+00 0.000000000000000000e+00 0.000000000000000000e+00 0.000000000000000000e+00 0.000000000000000000e+00 0.000000000000000000e+00 0.000000000000000000e+00 0.000000000000000000e+00 0.000000000000000000e+00 0.000000000000000000e+00 0.000000000000000000e+00 0.000000000000000000e+00 0.000000000000000000e+00 0.000000000000000000e+00 0.000000000000000000e+00 0.000000000000000000e+00 0.000000000000000000e+00 0.000000000000000000e+00 2.485265024006366730e-03 1.709282770752906799e-02 3.996692597866058350e-02 4.124649614095687866e-02 6.339168548583984375e-01 2.347571551799774170e-01 3.050795383751392365e-02 2.651959584909491241e-05 0.000000000000000000e+00 0.000000000000000000e+00 0.000000000000000000e+00 0.000000000000000000e+00 0.000000000000000000e+00 0.000000000000000000e+00 0.000000000000000000e+00 0.000000000000000000e+00 0.000000000000000000e+00 0.000000000000000000e+00 0.000000000000000000e+00 0.000000000000000000e+00 0.000000000000000000e+00 0.000000000000000000e+00
1.813017129898071289e-01 3.490462303161621094e-01 5.024107694625854492e-01 4.497511982917785645e-01 3.916517496109008789e-01 3.361138999462127686e-01 2.538914084434509277e-01 1.500452458858489990e-01 8.411964774131774902e-02 5.613160505890846252e-02 2.666767314076423645e-02 2.335683070123195648e-02 2.037962153553962708e-02 1.889242790639400482e-02 1.832695677876472473e-02 1.800463721156120300e-02 1.605941168963909149e-02 1.520837657153606415e-02 1.894332095980644226e-02 1.075528189539909363e-02 8.402917534112930298e-03 7.905302569270133972e-03 1.164024695754051208e-02 1.352326944470405579e-02 1.011912617832422256e-02 2.428703475743532181e-03 9.839218109846115112e-04 1.139426603913307190e-03 7.153223850764334202e-04 6.446383777074515820e-04 1.063087838701903820e-03 3.760390682145953178e-04 0.000000000000000000e+00 0.000000000000000000e+00 0.000000000000000000e+00 0.000000000000000000e+00 0.000000000000000000e+00 0.000000000000000000e+00 0.000000000000000000e+00 0.000000000000000000e+00 0.000000000000000000e+00 0.000000000000000000e+00 0.000000000000000000e+00 0.000000000000000000e+00 6.597176252398639917e-06 3.590748819988220930e-04 2.846210496500134468e-03 1.430277228355407715e-01 3.705652952194213867e-01 2.185776531696319580e-01 1.584274172782897949e-01 8.284074068069458008e-02 2.334552258253097534e-02 3.769815066334558651e-06 0.000000000000000000e+00 0.000000000000000000e+00 0.000000000000000000e+00 0.000000000000000000e+00 0.000000000000000000e+00 0.000000000000000000e+00 0.000000000000000000e+00 0.000000000000000000e+00 0.000000000000000000e+00 0.000000000000000000e+00 0.000000000000000000e+00 0.000000000000000000e+00 0.000000000000000000e+00 0.000000000000000000e+00 0.000000000000000000e+00 0.000000000000000000e+00 0.000000000000000000e+00 0.000000000000000000e+00 0.000000000000000000e+00 0.000000000000000000e+00 4.825363284908235073e-04 5.664146970957517624e-03 6.566452234983444214e-02 8.524306118488311768e-02 2.537773549556732178e-01 4.393314123153686523e-01 1.331423223018646240e-01 1.590861938893795013e-02 7.860064506530761719e-04 0.000000000000000000e+00 0.000000000000000000e+00 0.000000000000000000e+00 0.000000000000000000e+00 0.000000000000000000e+00 0.000000000000000000e+00 0.000000000000000000e+00 0.000000000000000000e+00 0.000000000000000000e+00 0.000000000000000000e+00 0.000000000000000000e+00 0.000000000000000000e+00 0.000000000000000000e+00
2.566402405500411987e-02 3.386437892913818359e-02 4.945256933569908142e-02 4.421569406986236572e-02 2.980733290314674377e-02 2.579202502965927124e-02 1.802297309041023254e-02 1.389079540967941284e-02 1.520418841391801834e-02 3.082576766610145569e-02 5.993744730949401855e-02 1.126762777566909790e-01 1.536363214254379272e-01 2.165511548519134521e-01 2.288920283317565918e-01 2.657338082790374756e-01 2.612093091011047363e-01 2.265796959400177002e-01 2.126582860946655273e-01 1.683646738529205322e-01 1.910568773746490479e-01 1.839166879653930664e-01 1.317176818847656250e-01 1.246804594993591309e-01 8.249051123857498169e-02 5.927797034382820129e-02 3.232003003358840942e-02 1.118609798140823841e-03 1.502610102761536837e-04 2.420871751382946968e-04 5.008700100006535649e-05 0.000000000000000000e+00 0.000000000000000000e+00 0.000000000000000000e+00 0.000000000000000000e+00 0.000000000000000000e+00 0.000000000000000000e+00 0.000000000000000000e+00 0.000000000000000000e+00 0.000000000000000000e+00 0.000000000000000000e+00 0.000000000000000000e+00 0.000000000000000000e+00 0.000000000000000000e+00 2.179712173528969288e-04 3.051597159355878830e-04 3.135075385216623545e-04 3.284408943727612495e-03 1.181877031922340393e-01 8.776894211769104004e-01 1.855074174272886012e-06 0.000000000000000000e+00 0.000000000000000000e+00 0.000000000000000000e+00 0.000000000000000000e+00 0.000000000000000000e+00 0.000000000000000000e+00 0.000000000000000000e+00 0.000000000000000000e+00 0.000000000000000000e+00 0.000000000000000000e+00 0.000000000000000000e+00 0.000000000000000000e+00 0.000000000000000000e+00 0.000000000000000000e+00 0.000000000000000000e+00 0.000000000000000000e+00 0.000000000000000000e+00 0.000000000000000000e+00 0.000000000000000000e+00 0.000000000000000000e+00 0.000000000000000000e+00 0.000000000000000000e+00 0.000000000000000000e+00 0.000000000000000000e+00 0.000000000000000000e+00 0.000000000000000000e+00 1.855074151535518467e-05 8.679233789443969727e-01 1.204833611845970154e-01 9.697400033473968506e-03 1.275363494642078876e-03 3.552467096596956253e-04 2.235364372609183192e-04 2.318842780368868262e-05 0.000000000000000000e+00 0.000000000000000000e+00 0.000000000000000000e+00 0.000000000000000000e+00 0.000000000000000000e+00 0.000000000000000000e+00 0.000000000000000000e+00 0.000000000000000000e+00 0.000000000000000000e+00 0.000000000000000000e+00 0.000000000000000000e+00
6.350503861904144287e-02 4.969787970185279846e-02 5.510871112346649170e-02 8.101070672273635864e-02 1.064117699861526489e-01 1.276470273733139038e-01 1.331872940063476562e-01 1.427021473646163940e-01 1.533819288015365601e-01 1.560807675123214722e-01 1.543600261211395264e-01 1.428783833980560303e-01 1.363541632890701294e-01 1.381955593824386597e-01 1.329375654458999634e-01 1.236856207251548767e-01 1.191761121153831482e-01 1.170762106776237488e-01 9.614992141723632812e-02 9.382404386997222900e-02 1.017633080482482910e-01 1.023052036762237549e-01 1.116496548056602478e-01 1.289765238761901855e-01 1.097325682640075684e-01 6.199491769075393677e-02 2.850064635276794434e-02 1.115183904767036438e-02 6.546527147293090820e-03 5.896042101085186005e-03 5.895677022635936737e-03 2.216180553659796715e-03 0.000000000000000000e+00 0.000000000000000000e+00 0.000000000000000000e+00 0.000000000000000000e+00 0.000000000000000000e+00 0.000000000000000000e+00 0.000000000000000000e+00 0.000000000000000000e+00 0.000000000000000000e+00 0.000000000000000000e+00 0.000000000000000000e+00 0.000000000000000000e+00 2.657027835084591061e-05 1.014180248603224754e-03 1.013729255646467209e-02 9.044133126735687256e-02 3.442594110965728760e-01 2.171924114227294922e-01 1.969723105430603027e-01 1.074287593364715576e-01 2.897172048687934875e-02 3.556029638275504112e-03 0.000000000000000000e+00 0.000000000000000000e+00 0.000000000000000000e+00 0.000000000000000000e+00 0.000000000000000000e+00 0.000000000000000000e+00 0.000000000000000000e+00 0.000000000000000000e+00 0.000000000000000000e+00 0.000000000000000000e+00 0.000000000000000000e+00 0.000000000000000000e+00 0.000000000000000000e+00 0.000000000000000000e+00 3.656460307865927462e-07 5.550506757572293282e-04 2.962829777970910072e-03 5.937604233622550964e-03 6.672430783510208130e-03 1.313632167875766754e-02 2.377186715602874756e-02 4.438796639442443848e-02 9.069996327161788940e-02 1.462261229753494263e-01 2.345776557922363281e-01 2.998474240303039551e-01 1.260441690683364868e-01 5.002159625291824341e-03 1.652720093261450529e-04 1.279761181649519131e-05 0.000000000000000000e+00 0.000000000000000000e+00 0.000000000000000000e+00 0.000000000000000000e+00 0.000000000000000000e+00 0.000000000000000000e+00 0.000000000000000000e+00 0.000000000000000000e+00 0.000000000000000000e+00 0.000000000000000000e+00 0.000000000000000000e+00 0.000000000000000000e+00
6.247793510556221008e-02 1.087481230497360229e-01 1.716615110635757446e-01 1.919395923614501953e-01 4.413177818059921265e-02 3.395900130271911621e-02 3.766544163227081299e-02 4.756631702184677124e-02 5.776362121105194092e-02 5.514887720346450806e-02 6.173174455761909485e-02 6.982131302356719971e-02 8.421570807695388794e-02 1.103386431932449341e-01 1.413680613040924072e-01 1.525793820619583130e-01 1.687237620353698730e-01 1.976515650749206543e-01 2.003480941057205200e-01 1.846064627170562744e-01 1.553249657154083252e-01 1.408283561468124390e-01 1.404010802507400513e-01 1.099870055913925171e-01 1.172159016132354736e-01 8.941861987113952637e-02 4.818576201796531677e-02 1.395485736429691315e-02 2.023924607783555984e-03 1.942149829119443893e-04 1.839931428548879921e-05 0.000000000000000000e+00 0.000000000000000000e+00 0.000000000000000000e+00 0.000000000000000000e+00 0.000000000000000000e+00 0.000000000000000000e+00 0.000000000000000000e+00 0.000000000000000000e+00 0.000000000000000000e+00 0.000000000000000000e+00 0.000000000000000000e+00 0.000000000000000000e+00 0.000000000000000000e+00 0.000000000000000000e+00 0.000000000000000000e+00 0.000000000000000000e+00 4.838338281842879951e-05 5.129858255386352539e-01 4.661479890346527100e-01 1.958709210157394409e-02 1.230709720402956009e-03 0.000000000000000000e+00 0.000000000000000000e+00 0.000000000000000000e+00 0.000000000000000000e+00 0.000000000000000000e+00 0.000000000000000000e+00 0.000000000000000000e+00 0.000000000000000000e+00 0.000000000000000000e+00 0.000000000000000000e+00 0.000000000000000000e+00 0.000000000000000000e+00 0.000000000000000000e+00 0.000000000000000000e+00 0.000000000000000000e+00 0.000000000000000000e+00 0.000000000000000000e+00 0.000000000000000000e+00 0.000000000000000000e+00 0.000000000000000000e+00 0.000000000000000000e+00 0.000000000000000000e+00 0.000000000000000000e+00 6.187621038407087326e-04 9.753680787980556488e-03 3.857586532831192017e-02 7.153115272521972656e-01 2.324248999357223511e-01 3.315283916890621185e-03 0.000000000000000000e+00 0.000000000000000000e+00 0.000000000000000000e+00 0.000000000000000000e+00 0.000000000000000000e+00 0.000000000000000000e+00 0.000000000000000000e+00 0.000000000000000000e+00 0.000000000000000000e+00 0.000000000000000000e+00 0.000000000000000000e+00 0.000000000000000000e+00 0.000000000000000000e+00 0.000000000000000000e+00 0.000000000000000000e+00
1.583934724330902100e-01 2.887475192546844482e-01 2.565630972385406494e-01 2.470239847898483276e-01 2.600488364696502686e-01 2.347937822341918945e-01 1.728029996156692505e-01 1.188643425703048706e-01 9.719736874103546143e-02 9.690839052200317383e-02 9.913589060306549072e-02 1.086268499493598938e-01 1.149150282144546509e-01 1.158511936664581299e-01 1.149180531501770020e-01 1.193429455161094666e-01 1.246257349848747253e-01 9.775724261999130249e-02 4.203657805919647217e-02 1.869596727192401886e-02 1.328976079821586609e-02 1.803072728216648102e-02 1.682667247951030731e-02 1.566777005791664124e-02 1.258839759975671768e-02 1.112848147749900818e-02 9.457853622734546661e-03 7.389889098703861237e-03 5.051011685281991959e-03 3.037229413166642189e-03 2.829529985319823027e-04 0.000000000000000000e+00 0.000000000000000000e+00 0.000000000000000000e+00 0.000000000000000000e+00 0.000000000000000000e+00 0.000000000000000000e+00 0.000000000000000000e+00 0.000000000000000000e+00 0.000000000000000000e+00 0.000000000000000000e+00 0.000000000000000000e+00 8.348116534762084484e-04 8.302964270114898682e-03 6.423334032297134399e-02 1.823531687259674072e-01 2.208448052406311035e-01 2.742777764797210693e-01 1.361204534769058228e-01 3.249644860625267029e-02 3.061812184751033783e-02 1.031775027513504028e-02 1.106727495789527893e-02 1.076325029134750366e-02 8.668194524943828583e-03 6.020276341587305069e-03 3.081378061324357986e-03 0.000000000000000000e+00 0.000000000000000000e+00 0.000000000000000000e+00 0.000000000000000000e+00 0.000000000000000000e+00 0.000000000000000000e+00 0.000000000000000000e+00 0.000000000000000000e+00 0.000000000000000000e+00 0.000000000000000000e+00 0.000000000000000000e+00 0.000000000000000000e+00 0.000000000000000000e+00 0.000000000000000000e+00 0.000000000000000000e+00 0.000000000000000000e+00 2.191380597651004791e-03 1.091676764190196991e-02 9.761878289282321930e-03 3.304931148886680603e-02 2.785080112516880035e-02 5.150847882032394409e-02 7.623275369405746460e-02 3.084368109703063965e-01 1.793169379234313965e-01 1.728240698575973511e-01 8.791811019182205200e-02 3.249444067478179932e-02 7.498254068195819855e-03 0.000000000000000000e+00 0.000000000000000000e+00 0.000000000000000000e+00 0.000000000000000000e+00 0.000000000000000000e+00 0.000000000000000000e+00 0.000000000000000000e+00 0.000000000000000000e+00 0.000000000000000000e+00 0.000000000000000000e+00
6.991035491228103638e-02 2.875040844082832336e-02 2.687822282314300537e-02 2.875372022390365601e-02 3.364969417452812195e-02 4.223791882395744324e-02 5.500485002994537354e-02 6.624871492385864258e-02 7.401625812053680420e-02 8.226859569549560547e-02 8.327707648277282715e-02 9.815114736557006836e-02 1.225507706403732300e-01 1.214893385767936707e-01 1.203501522541046143e-01 1.276808679103851318e-01 1.338235884904861450e-01 1.516056358814239502e-01 1.814695894718170166e-01 1.870364993810653687e-01 1.490360200405120850e-01 1.300113797187805176e-01 1.100245863199234009e-01 9.288867563009262085e-02 8.350044488906860352e-02 1.099708154797554016e-01 9.687130898237228394e-02 9.985373914241790771e-02 1.062951087951660156e-01 7.998275756835937500e-02 3.848445042967796326e-02 6.792731583118438721e-02 0.000000000000000000e+00 0.000000000000000000e+00 0.000000000000000000e+00 0.000000000000000000e+00 0.000000000000000000e+00 0.000000000000000000e+00 0.000000000000000000e+00 0.000000000000000000e+00 0.000000000000000000e+00 0.000000000000000000e+00 0.000000000000000000e+00 0.000000000000000000e+00 2.349538553971797228e-04 4.507418721914291382e-03 2.370138280093669891e-02 7.013234496116638184e-02 2.533764839172363281e-01 2.863695919513702393e-01 2.251379042863845825e-01 1.167182922363281250e-01 1.502215489745140076e-02 2.141609787940979004e-03 2.657846547663211823e-03 0.000000000000000000e+00 0.000000000000000000e+00 0.000000000000000000e+00 0.000000000000000000e+00 0.000000000000000000e+00 0.000000000000000000e+00 0.000000000000000000e+00 0.000000000000000000e+00 0.000000000000000000e+00 0.000000000000000000e+00 0.000000000000000000e+00 0.000000000000000000e+00 0.000000000000000000e+00 0.000000000000000000e+00 0.000000000000000000e+00 0.000000000000000000e+00 0.000000000000000000e+00 5.184427573112770915e-05 5.702319089323282242e-03 2.878129482269287109e-02 8.034594357013702393e-02 1.302251070737838745e-01 2.007495909929275513e-01 2.401156723499298096e-01 2.033346295356750488e-01 8.945040404796600342e-02 1.943167671561241150e-02 1.804070547223091125e-03 7.445720711984904483e-06 0.000000000000000000e+00 0.000000000000000000e+00 0.000000000000000000e+00 0.000000000000000000e+00 0.000000000000000000e+00 0.000000000000000000e+00 0.000000000000000000e+00 0.000000000000000000e+00 0.000000000000000000e+00 0.000000000000000000e+00 0.000000000000000000e+00 0.000000000000000000e+00
5.202294886112213135e-02 1.216922476887702942e-01 9.305259585380554199e-02 9.823386371135711670e-02 8.171387016773223877e-02 2.462980337440967560e-02 2.482503652572631836e-02 4.959000647068023682e-02 7.585678994655609131e-02 9.860931336879730225e-02 1.049019321799278259e-01 6.436789035797119141e-02 3.260445222258567810e-02 3.380590677261352539e-02 1.308833658695220947e-01 2.255278825759887695e-01 3.393206000328063965e-01 4.298350811004638672e-01 3.122428059577941895e-01 3.145856559276580811e-01 2.241011559963226318e-01 2.874478138983249664e-02 9.010903537273406982e-03 1.237497292459011078e-02 1.198450103402137756e-02 5.376505665481090546e-03 1.051272047334350646e-04 0.000000000000000000e+00 0.000000000000000000e+00 0.000000000000000000e+00 0.000000000000000000e+00 0.000000000000000000e+00 0.000000000000000000e+00 0.000000000000000000e+00 0.000000000000000000e+00 0.000000000000000000e+00 0.000000000000000000e+00 0.000000000000000000e+00 0.000000000000000000e+00 0.000000000000000000e+00 0.000000000000000000e+00 0.000000000000000000e+00 0.000000000000000000e+00 0.000000000000000000e+00 0.000000000000000000e+00 0.000000000000000000e+00 0.000000000000000000e+00 1.767138252034783363e-03 4.725517928600311279e-01 3.640805482864379883e-01 1.548523753881454468e-01 4.905936308205127716e-03 1.757126068696379662e-03 8.510297629982233047e-05 0.000000000000000000e+00 0.000000000000000000e+00 0.000000000000000000e+00 0.000000000000000000e+00 0.000000000000000000e+00 0.000000000000000000e+00 0.000000000000000000e+00 0.000000000000000000e+00 0.000000000000000000e+00 0.000000000000000000e+00 0.000000000000000000e+00 0.000000000000000000e+00 0.000000000000000000e+00 0.000000000000000000e+00 0.000000000000000000e+00 0.000000000000000000e+00 0.000000000000000000e+00 0.000000000000000000e+00 0.000000000000000000e+00 0.000000000000000000e+00 0.000000000000000000e+00 0.000000000000000000e+00 0.000000000000000000e+00 6.084862723946571350e-02 6.818400025367736816e-01 2.228946983814239502e-01 3.441664576530456543e-02 0.000000000000000000e+00 0.000000000000000000e+00 0.000000000000000000e+00 0.000000000000000000e+00 0.000000000000000000e+00 0.000000000000000000e+00 0.000000000000000000e+00 0.000000000000000000e+00 0.000000000000000000e+00 0.000000000000000000e+00 0.000000000000000000e+00 0.000000000000000000e+00 0.000000000000000000e+00 0.000000000000000000e+00 0.000000000000000000e+00
2.735741734504699707e-01 5.792539119720458984e-01 4.075210094451904297e-01 3.022671639919281006e-01 2.107559740543365479e-01 1.789071559906005859e-01 1.175195872783660889e-01 8.884344995021820068e-02 5.177695304155349731e-02 3.907781839370727539e-02 3.590934723615646362e-02 3.297230228781700134e-02 3.272825479507446289e-02 3.203817456960678101e-02 3.073796443641185760e-02 2.885286882519721985e-02 2.791873924434185028e-02 3.188669309020042419e-02 3.502991795539855957e-02 3.895999863743782043e-02 4.215792566537857056e-02 4.535164684057235718e-02 4.939112812280654907e-02 5.773519724607467651e-02 5.646023154258728027e-02 4.981612041592597961e-02 5.507586523890495300e-02 3.802587091922760010e-02 1.622526906430721283e-02 8.579700253903865814e-03 4.148888867348432541e-03 5.007279687561094761e-04 0.000000000000000000e+00 0.000000000000000000e+00 0.000000000000000000e+00 0.000000000000000000e+00 0.000000000000000000e+00 0.000000000000000000e+00 0.000000000000000000e+00 0.000000000000000000e+00 0.000000000000000000e+00 0.000000000000000000e+00 0.000000000000000000e+00 0.000000000000000000e+00 0.000000000000000000e+00 0.000000000000000000e+00 0.000000000000000000e+00 4.569668322801589966e-03 3.916435837745666504e-01 2.634614408016204834e-01 1.093999370932579041e-01 7.442472130060195923e-02 4.628858342766761780e-02 3.601033613085746765e-02 2.727073803544044495e-02 2.601120434701442719e-02 1.519996859133243561e-02 5.266760475933551788e-03 4.193772037979215384e-04 3.366238161106593907e-05 0.000000000000000000e+00 0.000000000000000000e+00 0.000000000000000000e+00 0.000000000000000000e+00 0.000000000000000000e+00 0.000000000000000000e+00 0.000000000000000000e+00 0.000000000000000000e+00 0.000000000000000000e+00 0.000000000000000000e+00 0.000000000000000000e+00 1.262339355889707804e-05 6.311696779448539019e-05 1.206235392601229250e-04 1.977664942387491465e-04 2.235743217170238495e-03 3.320092707872390747e-02 1.410972774028778076e-01 2.907013297080993652e-01 4.505920410156250000e-01 8.177714794874191284e-02 1.402599309585639276e-06 0.000000000000000000e+00 0.000000000000000000e+00 0.000000000000000000e+00 0.000000000000000000e+00 0.000000000000000000e+00 0.000000000000000000e+00 0.000000000000000000e+00 0.000000000000000000e+00 0.000000000000000000e+00 0.000000000000000000e+00 0.000000000000000000e+00 0.000000000000000000e+00 0.000000000000000000e+00 0.000000000000000000e+00
2.383047491312026978e-01 4.363926649093627930e-01 4.038358032703399658e-01 3.552209138870239258e-01 2.891735434532165527e-01 1.950563788414001465e-01 1.440108269453048706e-01 1.372969448566436768e-01 1.094703525304794312e-01 9.767477214336395264e-02 5.490255355834960938e-02 2.841708809137344360e-02 2.339570410549640656e-02 2.453721128404140472e-02 2.475345320999622345e-02 2.528990060091018677e-02 3.065020218491554260e-02 3.145902976393699646e-02 3.219508379697799683e-02 3.386056050658226013e-02 3.415581583976745605e-02 3.155883401632308960e-02 3.708755597472190857e-02 3.556970506906509399e-02 4.219419136643409729e-02 4.210062325000762939e-02 3.951611742377281189e-02 1.925384066998958588e-02 2.426482969895005226e-03 2.391135640209540725e-04 0.000000000000000000e+00 0.000000000000000000e+00 0.000000000000000000e+00 0.000000000000000000e+00 0.000000000000000000e+00 0.000000000000000000e+00 0.000000000000000000e+00 0.000000000000000000e+00 0.000000000000000000e+00 0.000000000000000000e+00 0.000000000000000000e+00 0.000000000000000000e+00 0.000000000000000000e+00 2.079248406516853720e-05 1.621813862584531307e-04 1.358442386845126748e-04 9.356618102174252272e-05 2.228677086532115936e-02 8.086460828781127930e-01 6.406442075967788696e-02 8.447501063346862793e-02 1.997741870582103729e-02 1.379234890919178724e-04 0.000000000000000000e+00 0.000000000000000000e+00 0.000000000000000000e+00 0.000000000000000000e+00 0.000000000000000000e+00 0.000000000000000000e+00 0.000000000000000000e+00 0.000000000000000000e+00 0.000000000000000000e+00 0.000000000000000000e+00 0.000000000000000000e+00 0.000000000000000000e+00 0.000000000000000000e+00 0.000000000000000000e+00 0.000000000000000000e+00 0.000000000000000000e+00 0.000000000000000000e+00 0.000000000000000000e+00 0.000000000000000000e+00 0.000000000000000000e+00 0.000000000000000000e+00 0.000000000000000000e+00 0.000000000000000000e+00 4.900788888335227966e-03 9.242883324623107910e-02 7.440382987260818481e-02 7.594171166419982910e-01 6.878015398979187012e-02 6.930828385520726442e-05 0.000000000000000000e+00 0.000000000000000000e+00 0.000000000000000000e+00 0.000000000000000000e+00 0.000000000000000000e+00 0.000000000000000000e+00 0.000000000000000000e+00 0.000000000000000000e+00 0.000000000000000000e+00 0.000000000000000000e+00 0.000000000000000000e+00 0.000000000000000000e+00 0.000000000000000000e+00 0.000000000000000000e+00
2.450977452099323273e-02 2.214260026812553406e-02 2.303460054099559784e-02 2.721051312983036041e-02 3.784517943859100342e-02 5.531002581119537354e-02 7.221680879592895508e-02 8.686585724353790283e-02 1.055648848414421082e-01 1.258410364389419556e-01 1.197960376739501953e-01 1.052301973104476929e-01 1.066330373287200928e-01 1.178055256605148315e-01 1.190472096204757690e-01 1.015182733535766602e-01 9.442724287509918213e-02 1.150669306516647339e-01 1.796721220016479492e-01 3.062893748283386230e-01 4.042834639549255371e-01 3.341231346130371094e-01 1.725162565708160400e-01 6.162898987531661987e-02 2.057447843253612518e-02 9.218712337315082550e-03 6.188159342855215073e-03 6.208023987710475922e-03 7.094027474522590637e-03 7.275425828993320465e-03 1.596456021070480347e-02 8.897516876459121704e-03 0.000000000000000000e+00 0.000000000000000000e+00 0.000000000000000000e+00 0.000000000000000000e+00 0.000000000000000000e+00 0.000000000000000000e+00 0.000000000000000000e+00 0.000000000000000000e+00 0.000000000000000000e+00 0.000000000000000000e+00 0.000000000000000000e+00 0.000000000000000000e+00 0.000000000000000000e+00 0.000000000000000000e+00 2.374420408159494400e-03 1.991809532046318054e-02 9.825485199689865112e-02 5.161159634590148926e-01 1.906679719686508179e-01 1.310827136039733887e-01 4.042173922061920166e-02 1.164223067462444305e-03 0.000000000000000000e+00 0.000000000000000000e+00 0.000000000000000000e+00 0.000000000000000000e+00 0.000000000000000000e+00 0.000000000000000000e+00 0.000000000000000000e+00 0.000000000000000000e+00 0.000000000000000000e+00 0.000000000000000000e+00 0.000000000000000000e+00 0.000000000000000000e+00 0.000000000000000000e+00 0.000000000000000000e+00 0.000000000000000000e+00 0.000000000000000000e+00 0.000000000000000000e+00 0.000000000000000000e+00 6.246501925488701090e-06 6.099084275774657726e-04 1.326307281851768494e-02 9.509812295436859131e-02 1.130640581250190735e-01 1.467963010072708130e-01 5.185298919677734375e-01 6.134477257728576660e-02 4.091871157288551331e-02 8.515231311321258545e-03 1.853711903095245361e-03 0.000000000000000000e+00 0.000000000000000000e+00 0.000000000000000000e+00 0.000000000000000000e+00 0.000000000000000000e+00 0.000000000000000000e+00 0.000000000000000000e+00 0.000000000000000000e+00 0.000000000000000000e+00 0.000000000000000000e+00 0.000000000000000000e+00 0.000000000000000000e+00 0.000000000000000000e+00
3.731029480695724487e-02 1.154910475015640259e-01 9.607850015163421631e-02 1.006399542093276978e-01 1.136995553970336914e-01 1.620982587337493896e-01 1.707818210124969482e-01 1.912669837474822998e-01 2.350186407566070557e-01 2.586360275745391846e-01 2.422530502080917358e-01 1.977454423904418945e-01 1.325672268867492676e-01 1.002206057310104370e-01 8.956296741962432861e-02 6.977958232164382935e-02 6.925468891859054565e-02 9.359095990657806396e-02 1.215415969491004944e-01 1.267220675945281982e-01 1.148520410060882568e-01 8.580598235130310059e-02 4.616789147257804871e-02 1.824578642845153809e-02 6.392871960997581482e-03 2.735727000981569290e-03 1.012703985907137394e-03 3.423224552534520626e-04 1.084021205315366387e-04 3.993762220488861203e-05 3.423224552534520626e-05 2.852687202903325669e-06 0.000000000000000000e+00 0.000000000000000000e+00 0.000000000000000000e+00 0.000000000000000000e+00 0.000000000000000000e+00 0.000000000000000000e+00 0.000000000000000000e+00 0.000000000000000000e+00 0.000000000000000000e+00 0.000000000000000000e+00 0.000000000000000000e+00 0.000000000000000000e+00 1.806701948225963861e-05 1.089060865342617035e-02 5.926457792520523071e-02 5.962591618299484253e-02 4.974002540111541748e-01 2.875575423240661621e-01 4.381822794675827026e-02 1.983948796987533569e-02 1.746224984526634216e-02 2.921151695773005486e-03 1.142025808803737164e-03 5.990643330733291805e-05 0.000000000000000000e+00 0.000000000000000000e+00 0.000000000000000000e+00 0.000000000000000000e+00 0.000000000000000000e+00 0.000000000000000000e+00 0.000000000000000000e+00 0.000000000000000000e+00 0.000000000000000000e+00 0.000000000000000000e+00 0.000000000000000000e+00 0.000000000000000000e+00 0.000000000000000000e+00 6.656270215898985043e-06 1.949336292454972863e-04 3.946217475458979607e-04 3.223536477889865637e-04 3.955726278945803642e-04 2.638735575601458549e-03 1.681183651089668274e-02 8.954489976167678833e-02 1.388469487428665161e-01 1.444068253040313721e-01 2.110170722007751465e-01 2.312397807836532593e-01 1.040555685758590698e-01 2.545452862977981567e-02 3.370830416679382324e-02 9.404359152540564537e-04 2.091970600304193795e-05 0.000000000000000000e+00 0.000000000000000000e+00 0.000000000000000000e+00 0.000000000000000000e+00 0.000000000000000000e+00 0.000000000000000000e+00 0.000000000000000000e+00 0.000000000000000000e+00 0.000000000000000000e+00 0.000000000000000000e+00
3.770197741687297821e-03 2.058515511453151703e-02 3.291769325733184814e-02 5.147467553615570068e-02 7.570058107376098633e-02 8.004621416330337524e-02 7.790274918079376221e-02 6.764397770166397095e-02 6.942163407802581787e-02 7.590550184249877930e-02 8.748965710401535034e-02 8.881032466888427734e-02 8.287779241800308228e-02 8.566063642501831055e-02 8.933597803115844727e-02 9.283155202865600586e-02 1.063988208770751953e-01 1.241078451275825500e-01 1.382479220628738403e-01 1.579678356647491455e-01 1.866436600685119629e-01 2.195676416158676147e-01 2.466817349195480347e-01 2.551481723785400391e-01 2.198123931884765625e-01 1.434666663408279419e-01 6.544443219900131226e-02 2.471277303993701935e-02 1.002451218664646149e-02 5.470822565257549286e-03 5.840819329023361206e-03 8.089627139270305634e-03 0.000000000000000000e+00 0.000000000000000000e+00 0.000000000000000000e+00 0.000000000000000000e+00 0.000000000000000000e+00 0.000000000000000000e+00 0.000000000000000000e+00 0.000000000000000000e+00 0.000000000000000000e+00 0.000000000000000000e+00 5.188345676288008690e-05 1.811553665902465582e-04 2.026424626819789410e-04 2.317461185157299042e-03 3.413896635174751282e-02 1.010371819138526917e-01 4.791363775730133057e-01 2.201217710971832275e-01 1.256531774997711182e-01 3.398506343364715576e-02 3.023914527148008347e-03 1.504096144344657660e-04 0.000000000000000000e+00 0.000000000000000000e+00 0.000000000000000000e+00 0.000000000000000000e+00 0.000000000000000000e+00 0.000000000000000000e+00 0.000000000000000000e+00 0.000000000000000000e+00 0.000000000000000000e+00 0.000000000000000000e+00 0.000000000000000000e+00 0.000000000000000000e+00 0.000000000000000000e+00 0.000000000000000000e+00 1.921609509736299515e-06 6.428657070500776172e-05 1.591442123753950000e-04 2.917352539952844381e-04 5.518512916751205921e-04 2.739516319707036018e-03 1.860642060637474060e-02 4.161280393600463867e-02 5.566378682851791382e-02 8.442241698503494263e-02 2.623954415321350098e-01 3.957944214344024658e-01 9.969974309206008911e-02 3.056389838457107544e-02 5.796098150312900543e-03 1.508114044554531574e-03 1.030681451084092259e-04 2.428215702821034938e-05 1.048150693350180518e-06 0.000000000000000000e+00 0.000000000000000000e+00 0.000000000000000000e+00 0.000000000000000000e+00 0.000000000000000000e+00 0.000000000000000000e+00 0.000000000000000000e+00 0.000000000000000000e+00 0.000000000000000000e+00
1.249448116868734360e-02 4.477102309465408325e-02 5.938799679279327393e-02 1.041102260351181030e-01 1.797427982091903687e-01 2.472896575927734375e-01 1.297335028648376465e-01 9.998025000095367432e-02 1.417086720466613770e-01 1.565487086772918701e-01 1.379620730876922607e-01 1.290259957313537598e-01 1.595494747161865234e-01 1.824751943349838257e-01 2.059864401817321777e-01 2.090812921524047852e-01 1.956597566604614258e-01 1.967506259679794312e-01 7.030367851257324219e-02 4.983503371477127075e-02 6.100164726376533508e-02 4.511954262852668762e-02 4.161690548062324524e-02 5.561700090765953064e-02 3.667139261960983276e-02 2.297102659940719604e-02 7.012245245277881622e-03 3.934803418815135956e-03 5.820302292704582214e-03 5.391621496528387070e-03 2.240990754216909409e-03 2.056274388451129198e-04 0.000000000000000000e+00 0.000000000000000000e+00 0.000000000000000000e+00 0.000000000000000000e+00 0.000000000000000000e+00 0.000000000000000000e+00 0.000000000000000000e+00 0.000000000000000000e+00 0.000000000000000000e+00 0.000000000000000000e+00 0.000000000000000000e+00 0.000000000000000000e+00 8.015985804377123713e-05 1.068798010237514973e-03 6.467389874160289764e-03 2.936638891696929932e-02 2.472583055496215820e-01 2.690931558609008789e-01 1.014126688241958618e-01 2.338123619556427002e-01 1.112444549798965454e-01 1.847161911427974701e-04 1.161737054644618183e-05 0.000000000000000000e+00 0.000000000000000000e+00 0.000000000000000000e+00 0.000000000000000000e+00 0.000000000000000000e+00 0.000000000000000000e+00 0.000000000000000000e+00 0.000000000000000000e+00 0.000000000000000000e+00 0.000000000000000000e+00 0.000000000000000000e+00 0.000000000000000000e+00 0.000000000000000000e+00 0.000000000000000000e+00 0.000000000000000000e+00 0.000000000000000000e+00 0.000000000000000000e+00 0.000000000000000000e+00 0.000000000000000000e+00 3.951067570596933365e-03 1.484118998050689697e-01 1.924254745244979858e-01 1.383117586374282837e-01 1.689212173223495483e-01 3.091382086277008057e-01 3.882757574319839478e-02 1.277910723729291931e-05 0.000000000000000000e+00 0.000000000000000000e+00 0.000000000000000000e+00 0.000000000000000000e+00 0.000000000000000000e+00 0.000000000000000000e+00 0.000000000000000000e+00 0.000000000000000000e+00 0.000000000000000000e+00 0.000000000000000000e+00 0.000000000000000000e+00 0.000000000000000000e+00 0.000000000000000000e+00 0.000000000000000000e+00
1.491270773112773895e-02 3.755925688892602921e-03 4.654626362025737762e-03 4.837231244891881943e-03 5.195279605686664581e-03 8.088309317827224731e-03 1.282170601189136505e-02 1.944559812545776367e-02 1.485900022089481354e-02 2.096372283995151520e-02 4.013720527291297913e-02 7.596350461244583130e-02 1.167845875024795532e-01 1.603375673294067383e-01 2.761876583099365234e-01 3.643319606781005859e-01 2.243745028972625732e-01 1.774128824472427368e-01 1.953367888927459717e-01 3.626562952995300293e-01 2.464410066604614258e-01 2.556571662425994873e-01 2.951606214046478271e-01 6.226816400885581970e-02 1.428254321217536926e-02 8.836629800498485565e-03 1.178694702684879303e-02 2.298669423907995224e-03 2.112484507961198688e-04 0.000000000000000000e+00 0.000000000000000000e+00 0.000000000000000000e+00 0.000000000000000000e+00 0.000000000000000000e+00 0.000000000000000000e+00 0.000000000000000000e+00 0.000000000000000000e+00 0.000000000000000000e+00 0.000000000000000000e+00 0.000000000000000000e+00 0.000000000000000000e+00 0.000000000000000000e+00 0.000000000000000000e+00 0.000000000000000000e+00 0.000000000000000000e+00 0.000000000000000000e+00 0.000000000000000000e+00 1.168430666439235210e-03 8.512238413095474243e-02 6.534726023674011230e-01 1.983109712600708008e-01 5.922833457589149475e-02 1.453675678931176662e-03 1.038339803926646709e-03 2.052809722954407334e-04 0.000000000000000000e+00 0.000000000000000000e+00 0.000000000000000000e+00 0.000000000000000000e+00 0.000000000000000000e+00 0.000000000000000000e+00 0.000000000000000000e+00 0.000000000000000000e+00 0.000000000000000000e+00 0.000000000000000000e+00 0.000000000000000000e+00 0.000000000000000000e+00 0.000000000000000000e+00 0.000000000000000000e+00 0.000000000000000000e+00 0.000000000000000000e+00 0.000000000000000000e+00 0.000000000000000000e+00 0.000000000000000000e+00 0.000000000000000000e+00 3.819180710706859827e-05 3.616048023104667664e-02 1.733251661062240601e-01 4.218500256538391113e-01 3.617898225784301758e-01 6.836333777755498886e-03 0.000000000000000000e+00 0.000000000000000000e+00 0.000000000000000000e+00 0.000000000000000000e+00 0.000000000000000000e+00 0.000000000000000000e+00 0.000000000000000000e+00 0.000000000000000000e+00 0.000000000000000000e+00 0.000000000000000000e+00 0.000000000000000000e+00 0.000000000000000000e+00 0.000000000000000000e+00 0.000000000000000000e+00 0.000000000000000000e+00
1.424680277705192566e-02 1.022669486701488495e-02 1.420453935861587524e-02 2.604075148701667786e-02 7.124061137437820435e-02 1.552646905183792114e-01 1.984711587429046631e-01 1.745133548974990845e-01 1.648139953613281250e-01 1.667360216379165649e-01 1.662804335355758667e-01 1.703963130712509155e-01 1.810871362686157227e-01 1.828381717205047607e-01 1.582309007644653320e-01 1.288617849349975586e-01 1.134668737649917603e-01 1.191364377737045288e-01 1.309904754161834717e-01 1.102203056216239929e-01 8.451651036739349365e-02 7.313666492700576782e-02 6.529070436954498291e-02 5.642847716808319092e-02 5.271429568529129028e-02 5.159449577331542969e-02 4.588887467980384827e-02 3.769743815064430237e-02 3.154784813523292542e-02 2.581236883997917175e-02 1.529603265225887299e-02 2.808802761137485504e-03 0.000000000000000000e+00 0.000000000000000000e+00 0.000000000000000000e+00 0.000000000000000000e+00 0.000000000000000000e+00 0.000000000000000000e+00 0.000000000000000000e+00 0.000000000000000000e+00 6.113398558227345347e-05 6.554131978191435337e-04 2.427394036203622818e-03 3.834121860563755035e-03 7.674835622310638428e-03 3.081204555928707123e-02 1.488912403583526611e-01 2.020178288221359253e-01 8.073524385690689087e-02 1.548420488834381104e-01 3.353947401046752930e-01 3.168911859393119812e-02 9.533282718621194363e-04 1.150301159213995561e-05 0.000000000000000000e+00 0.000000000000000000e+00 0.000000000000000000e+00 0.000000000000000000e+00 0.000000000000000000e+00 0.000000000000000000e+00 0.000000000000000000e+00 0.000000000000000000e+00 0.000000000000000000e+00 0.000000000000000000e+00 0.000000000000000000e+00 0.000000000000000000e+00 0.000000000000000000e+00 0.000000000000000000e+00 0.000000000000000000e+00 0.000000000000000000e+00 0.000000000000000000e+00 0.000000000000000000e+00 4.523656389210373163e-05 2.464746357873082161e-04 3.280038712546229362e-03 6.540535390377044678e-02 2.105164974927902222e-01 1.409588158130645752e-01 1.090793162584304810e-01 8.806305378675460815e-02 3.065629005432128906e-01 5.515435710549354553e-02 9.024048224091529846e-03 4.254434257745742798e-03 3.098704619333148003e-03 2.618292346596717834e-03 1.407891162671148777e-03 2.486718585714697838e-04 3.593075598473660648e-05 0.000000000000000000e+00 0.000000000000000000e+00 0.000000000000000000e+00 0.000000000000000000e+00 0.000000000000000000e+00 0.000000000000000000e+00 0.000000000000000000e+00
8.308999985456466675e-02 1.460466235876083374e-01 1.988133788108825684e-01 3.260994851589202881e-01 5.215723514556884766e-01 4.630287289619445801e-01 3.753274679183959961e-01 3.138037621974945068e-01 2.432828545570373535e-01 1.259282529354095459e-01 7.512316107749938965e-02 4.695385694503784180e-02 2.883621677756309509e-02 2.227829769253730774e-02 1.496635470539331436e-02 4.025474656373262405e-03 1.195625984109938145e-03 4.446046659722924232e-04 3.995433798991143703e-04 3.995433798991143703e-04 3.064167394768446684e-04 4.446046659722924232e-04 8.862052345648407936e-04 1.015380956232547760e-03 6.098293815739452839e-04 5.407353746704757214e-04 7.390050450339913368e-04 9.342705598101019859e-04 1.447969232685863972e-03 1.237683231011033058e-03 2.223023329861462116e-04 0.000000000000000000e+00 0.000000000000000000e+00 0.000000000000000000e+00 0.000000000000000000e+00 0.000000000000000000e+00 0.000000000000000000e+00 0.000000000000000000e+00 0.000000000000000000e+00 0.000000000000000000e+00 0.000000000000000000e+00 0.000000000000000000e+00 0.000000000000000000e+00 0.000000000000000000e+00 0.000000000000000000e+00 0.000000000000000000e+00 0.000000000000000000e+00 3.061163239181041718e-03 9.963640570640563965e-01 5.747816758230328560e-04 0.000000000000000000e+00 0.000000000000000000e+00 0.000000000000000000e+00 0.000000000000000000e+00 0.000000000000000000e+00 0.000000000000000000e+00 0.000000000000000000e+00 0.000000000000000000e+00 0.000000000000000000e+00 0.000000000000000000e+00 0.000000000000000000e+00 0.000000000000000000e+00 0.000000000000000000e+00 0.000000000000000000e+00 0.000000000000000000e+00 0.000000000000000000e+00 0.000000000000000000e+00 0.000000000000000000e+00 0.000000000000000000e+00 0.000000000000000000e+00 0.000000000000000000e+00 0.000000000000000000e+00 0.000000000000000000e+00 0.000000000000000000e+00 0.000000000000000000e+00 0.000000000000000000e+00 0.000000000000000000e+00 4.506128243519924581e-05 4.297845065593719482e-03 9.651626348495483398e-01 3.049447201192378998e-02 0.000000000000000000e+00 0.000000000000000000e+00 0.000000000000000000e+00 0.000000000000000000e+00 0.000000000000000000e+00 0.000000000000000000e+00 0.000000000000000000e+00 0.000000000000000000e+00 0.000000000000000000e+00 0.000000000000000000e+00 0.000000000000000000e+00 0.000000000000000000e+00 0.000000000000000000e+00 0.000000000000000000e+00 0.000000000000000000e+00
5.122168362140655518e-02 7.357130944728851318e-02 9.266934543848037720e-02 1.108737885951995850e-01 1.123808622360229492e-01 1.315253227949142456e-01 1.347334980964660645e-01 1.461093425750732422e-01 1.743501871824264526e-01 1.969180107116699219e-01 2.211695909500122070e-01 2.381210327148437500e-01 2.360008955001831055e-01 2.230247408151626587e-01 1.891097426414489746e-01 1.475737392902374268e-01 1.141219809651374817e-01 9.791763871908187866e-02 7.785692811012268066e-02 6.132527813315391541e-02 4.500390961766242981e-02 3.322827070951461792e-02 2.759943343698978424e-02 2.417569421231746674e-02 1.385502330958843231e-02 6.928266957402229309e-03 4.593676421791315079e-03 3.269332693889737129e-03 2.842356218025088310e-03 3.509436268359422684e-03 3.629110287874937057e-03 7.905291859060525894e-04 0.000000000000000000e+00 0.000000000000000000e+00 0.000000000000000000e+00 0.000000000000000000e+00 0.000000000000000000e+00 0.000000000000000000e+00 0.000000000000000000e+00 0.000000000000000000e+00 0.000000000000000000e+00 0.000000000000000000e+00 0.000000000000000000e+00 0.000000000000000000e+00 9.941388270817697048e-06 7.241106126457452774e-03 6.129193305969238281e-02 4.666399583220481873e-02 1.386149227619171143e-01 2.761526405811309814e-01 2.386819124221801758e-01 1.640464961528778076e-01 4.646391049027442932e-02 1.350644603371620178e-02 6.422011181712150574e-03 9.046663763001561165e-04 0.000000000000000000e+00 0.000000000000000000e+00 0.000000000000000000e+00 0.000000000000000000e+00 0.000000000000000000e+00 0.000000000000000000e+00 0.000000000000000000e+00 0.000000000000000000e+00 0.000000000000000000e+00 0.000000000000000000e+00 0.000000000000000000e+00 0.000000000000000000e+00 0.000000000000000000e+00 0.000000000000000000e+00 1.015531743178144097e-04 2.572177036199718714e-04 3.471306292340159416e-03 2.421986497938632965e-02 7.922933995723724365e-02 1.121628955006599426e-01 1.274147480726242065e-01 2.450846731662750244e-01 1.859818547964096069e-01 1.489367187023162842e-01 7.133160531520843506e-02 1.808200147934257984e-03 0.000000000000000000e+00 0.000000000000000000e+00 0.000000000000000000e+00 0.000000000000000000e+00 0.000000000000000000e+00 0.000000000000000000e+00 0.000000000000000000e+00 0.000000000000000000e+00 0.000000000000000000e+00 0.000000000000000000e+00 0.000000000000000000e+00 0.000000000000000000e+00 0.000000000000000000e+00 0.000000000000000000e+00
1.076616942882537842e-01 1.210997030138969421e-01 2.755666375160217285e-01 5.244182348251342773e-01 8.327219486236572266e-01 4.399399757385253906e-01 3.172680139541625977e-01 1.348494291305541992e-01 1.179311648011207581e-01 4.443827643990516663e-02 2.838322520256042480e-02 1.550013199448585510e-02 1.076959446072578430e-02 7.357852533459663391e-03 5.268332082778215408e-03 4.367440473288297653e-03 2.517700893804430962e-03 1.904546516016125679e-03 1.397580956108868122e-03 1.150948926806449890e-03 1.072163810022175312e-03 9.968040976673364639e-04 1.233159680850803852e-03 7.330449298024177551e-04 3.836496616713702679e-04 5.138164851814508438e-04 5.514963995665311813e-04 3.425443537707906216e-06 0.000000000000000000e+00 0.000000000000000000e+00 0.000000000000000000e+00 0.000000000000000000e+00 0.000000000000000000e+00 0.000000000000000000e+00 0.000000000000000000e+00 0.000000000000000000e+00 0.000000000000000000e+00 0.000000000000000000e+00 0.000000000000000000e+00 0.000000000000000000e+00 0.000000000000000000e+00 0.000000000000000000e+00 0.000000000000000000e+00 0.000000000000000000e+00 0.000000000000000000e+00 0.000000000000000000e+00 0.000000000000000000e+00 5.115328822284936905e-04 9.724137783050537109e-01 2.707470580935478210e-02 0.000000000000000000e+00 0.000000000000000000e+00 0.000000000000000000e+00 0.000000000000000000e+00 0.000000000000000000e+00 0.000000000000000000e+00 0.000000000000000000e+00 0.000000000000000000e+00 0.000000000000000000e+00 0.000000000000000000e+00 0.000000000000000000e+00 0.000000000000000000e+00 0.000000000000000000e+00 0.000000000000000000e+00 0.000000000000000000e+00 0.000000000000000000e+00 0.000000000000000000e+00 0.000000000000000000e+00 0.000000000000000000e+00 0.000000000000000000e+00 0.000000000000000000e+00 0.000000000000000000e+00 0.000000000000000000e+00 0.000000000000000000e+00 0.000000000000000000e+00 0.000000000000000000e+00 0.000000000000000000e+00 3.425443355808965862e-05 1.456498540937900543e-02 9.351974725723266602e-01 5.020330101251602173e-02 0.000000000000000000e+00 0.000000000000000000e+00 0.000000000000000000e+00 0.000000000000000000e+00 0.000000000000000000e+00 0.000000000000000000e+00 0.000000000000000000e+00 0.000000000000000000e+00 0.000000000000000000e+00 0.000000000000000000e+00 0.000000000000000000e+00 0.000000000000000000e+00 0.000000000000000000e+00 0.000000000000000000e+00 0.000000000000000000e+00
1.022903472185134888e-01 9.014895558357238770e-02 1.120505556464195251e-01 1.333436220884323120e-01 1.396669745445251465e-01 1.531100869178771973e-01 1.936404705047607422e-01 1.969185769557952881e-01 2.007469832897186279e-01 2.149811685085296631e-01 2.381606698036193848e-01 2.389173656702041626e-01 2.078323364257812500e-01 1.768954694271087646e-01 1.414317041635513306e-01 1.111430525779724121e-01 8.680471777915954590e-02 7.169479131698608398e-02 6.237377598881721497e-02 5.375124514102935791e-02 3.771529719233512878e-02 1.743290945887565613e-02 4.955507349222898483e-03 2.690737135708332062e-03 1.997548155486583710e-03 3.595586866140365601e-03 5.537574179470539093e-03 1.719743595458567142e-04 0.000000000000000000e+00 0.000000000000000000e+00 0.000000000000000000e+00 0.000000000000000000e+00 0.000000000000000000e+00 0.000000000000000000e+00 0.000000000000000000e+00 0.000000000000000000e+00 0.000000000000000000e+00 0.000000000000000000e+00 0.000000000000000000e+00 0.000000000000000000e+00 0.000000000000000000e+00 0.000000000000000000e+00 0.000000000000000000e+00 0.000000000000000000e+00 0.000000000000000000e+00 0.000000000000000000e+00 4.939632490277290344e-03 1.373607665300369263e-01 4.264514148235321045e-01 2.683487832546234131e-01 1.389843821525573730e-01 2.334706112742424011e-02 5.679563037119805813e-04 0.000000000000000000e+00 0.000000000000000000e+00 0.000000000000000000e+00 0.000000000000000000e+00 0.000000000000000000e+00 0.000000000000000000e+00 0.000000000000000000e+00 0.000000000000000000e+00 0.000000000000000000e+00 0.000000000000000000e+00 0.000000000000000000e+00 0.000000000000000000e+00 0.000000000000000000e+00 0.000000000000000000e+00 0.000000000000000000e+00 0.000000000000000000e+00 0.000000000000000000e+00 0.000000000000000000e+00 0.000000000000000000e+00 0.000000000000000000e+00 0.000000000000000000e+00 0.000000000000000000e+00 1.146495706052519381e-04 8.792740292847156525e-03 9.033063054084777832e-02 2.653978765010833740e-01 4.695746600627899170e-01 1.621374189853668213e-01 3.652029670774936676e-03 0.000000000000000000e+00 0.000000000000000000e+00 0.000000000000000000e+00 0.000000000000000000e+00 0.000000000000000000e+00 0.000000000000000000e+00 0.000000000000000000e+00 0.000000000000000000e+00 0.000000000000000000e+00 0.000000000000000000e+00 0.000000000000000000e+00 0.000000000000000000e+00 0.000000000000000000e+00 0.000000000000000000e+00
1.738803088665008545e-01 1.850812137126922607e-01 1.307561993598937988e-01 1.552160531282424927e-01 2.208839356899261475e-01 2.534931302070617676e-01 2.417599707841873169e-01 2.507254481315612793e-01 2.758713364601135254e-01 2.495308220386505127e-01 1.789071112871170044e-01 1.418624818325042725e-01 1.050070971250534058e-01 1.158650070428848267e-01 7.494086027145385742e-02 3.704462945461273193e-02 2.758240140974521637e-02 1.975240558385848999e-02 2.050938270986080170e-02 1.599116809666156769e-02 8.054723031818866730e-03 3.962308634072542191e-03 2.542974194511771202e-03 2.708563348278403282e-03 3.844030899927020073e-03 1.222993154078722000e-02 4.328970238566398621e-02 3.152105212211608887e-02 1.528150215744972229e-02 1.797823701053857803e-03 1.064500829670578241e-04 0.000000000000000000e+00 0.000000000000000000e+00 0.000000000000000000e+00 0.000000000000000000e+00 0.000000000000000000e+00 0.000000000000000000e+00 0.000000000000000000e+00 0.000000000000000000e+00 0.000000000000000000e+00 0.000000000000000000e+00 0.000000000000000000e+00 0.000000000000000000e+00 0.000000000000000000e+00 0.000000000000000000e+00 0.000000000000000000e+00 0.000000000000000000e+00 6.446144077926874161e-03 4.079955816268920898e-01 3.291555047035217285e-01 1.935538500547409058e-01 3.126872703433036804e-02 7.688061799854040146e-03 5.992745514959096909e-03 6.099195685237646103e-03 5.011039320379495621e-03 6.229301448911428452e-03 5.598486168310046196e-04 0.000000000000000000e+00 0.000000000000000000e+00 0.000000000000000000e+00 0.000000000000000000e+00 0.000000000000000000e+00 0.000000000000000000e+00 0.000000000000000000e+00 0.000000000000000000e+00 0.000000000000000000e+00 0.000000000000000000e+00 0.000000000000000000e+00 0.000000000000000000e+00 0.000000000000000000e+00 0.000000000000000000e+00 0.000000000000000000e+00 0.000000000000000000e+00 5.913893619435839355e-05 2.404983388260006905e-04 2.206276543438434601e-02 1.074278503656387329e-01 4.077905714511871338e-01 4.304447174072265625e-01 3.197445347905158997e-02 0.000000000000000000e+00 0.000000000000000000e+00 0.000000000000000000e+00 0.000000000000000000e+00 0.000000000000000000e+00 0.000000000000000000e+00 0.000000000000000000e+00 0.000000000000000000e+00 0.000000000000000000e+00 0.000000000000000000e+00 0.000000000000000000e+00 0.000000000000000000e+00 0.000000000000000000e+00 0.000000000000000000e+00 0.000000000000000000e+00
1.968498341739177704e-02 8.073706924915313721e-02 9.685902297496795654e-02 7.717051357030868530e-02 9.057424962520599365e-02 8.498935401439666748e-02 1.363032162189483643e-01 1.801234334707260132e-01 1.453945785760879517e-01 7.979682087898254395e-02 6.296084821224212646e-02 9.831534326076507568e-02 1.379822343587875366e-01 1.199408993124961853e-01 2.084861993789672852e-01 2.812100052833557129e-01 1.421602964401245117e-01 1.587877273559570312e-01 2.568238079547882080e-01 2.885834872722625732e-01 1.655532270669937134e-01 4.762359336018562317e-02 1.111676637083292007e-02 7.656252942979335785e-03 5.644984543323516846e-03 4.453776404261589050e-03 5.648518912494182587e-03 5.125377327203750610e-03 2.933836658485233784e-04 0.000000000000000000e+00 0.000000000000000000e+00 0.000000000000000000e+00 0.000000000000000000e+00 0.000000000000000000e+00 0.000000000000000000e+00 0.000000000000000000e+00 0.000000000000000000e+00 0.000000000000000000e+00 0.000000000000000000e+00 0.000000000000000000e+00 0.000000000000000000e+00 0.000000000000000000e+00 0.000000000000000000e+00 0.000000000000000000e+00 1.461027131881564856e-04 3.277885029092431068e-03 8.776177465915679932e-02 1.726710200309753418e-01 4.807957261800765991e-02 2.684425115585327148e-01 3.101725280284881592e-01 4.969495162367820740e-02 2.473730966448783875e-02 2.278141863644123077e-02 6.347220391035079956e-03 4.130936227738857269e-03 1.756767276674509048e-03 0.000000000000000000e+00 0.000000000000000000e+00 0.000000000000000000e+00 0.000000000000000000e+00 0.000000000000000000e+00 0.000000000000000000e+00 0.000000000000000000e+00 0.000000000000000000e+00 0.000000000000000000e+00 0.000000000000000000e+00 0.000000000000000000e+00 0.000000000000000000e+00 0.000000000000000000e+00 0.000000000000000000e+00 0.000000000000000000e+00 6.135135423392057419e-03 1.484827697277069092e-02 8.584712632000446320e-03 3.637250512838363647e-03 7.708096411079168320e-03 1.085519567131996155e-01 4.751318991184234619e-01 9.283412992954254150e-02 2.340447604656219482e-01 4.668217152357101440e-02 1.841601100750267506e-03 0.000000000000000000e+00 0.000000000000000000e+00 0.000000000000000000e+00 0.000000000000000000e+00 0.000000000000000000e+00 0.000000000000000000e+00 0.000000000000000000e+00 0.000000000000000000e+00 0.000000000000000000e+00 0.000000000000000000e+00 0.000000000000000000e+00 0.000000000000000000e+00 0.000000000000000000e+00
1.885690093040466309e-01 1.490399539470672607e-01 1.242669373750686646e-01 1.330619603395462036e-01 1.526545733213424683e-01 1.653377562761306763e-01 1.647349596023559570e-01 1.542134732007980347e-01 1.446422636508941650e-01 1.342850476503372192e-01 1.237529963254928589e-01 1.104590147733688354e-01 9.982388466596603394e-02 9.996993839740753174e-02 1.060372665524482727e-01 1.106214523315429688e-01 1.223722100257873535e-01 1.376399546861648560e-01 1.369482874870300293e-01 1.137811392545700073e-01 9.265512973070144653e-02 7.600112259387969971e-02 6.010325253009796143e-02 4.298412427306175232e-02 2.706221491098403931e-02 1.545059494674205780e-02 7.456496357917785645e-03 3.258757293224334717e-03 1.381884911097586155e-03 7.091538864187896252e-04 4.829676472581923008e-04 2.422122925054281950e-04 0.000000000000000000e+00 0.000000000000000000e+00 0.000000000000000000e+00 0.000000000000000000e+00 0.000000000000000000e+00 0.000000000000000000e+00 0.000000000000000000e+00 0.000000000000000000e+00 0.000000000000000000e+00 0.000000000000000000e+00 0.000000000000000000e+00 0.000000000000000000e+00 0.000000000000000000e+00 4.029708448797464371e-03 1.467248052358627319e-02 6.959579139947891235e-02 4.027543663978576660e-01 2.785838544368743896e-01 1.815123111009597778e-01 3.653763234615325928e-02 8.685041218996047974e-03 3.343986580148339272e-03 2.848270814865827560e-04 0.000000000000000000e+00 0.000000000000000000e+00 0.000000000000000000e+00 0.000000000000000000e+00 0.000000000000000000e+00 0.000000000000000000e+00 0.000000000000000000e+00 0.000000000000000000e+00 0.000000000000000000e+00 0.000000000000000000e+00 0.000000000000000000e+00 0.000000000000000000e+00 0.000000000000000000e+00 0.000000000000000000e+00 0.000000000000000000e+00 9.239275823347270489e-05 4.629350733011960983e-04 7.856420124880969524e-04 2.488898346200585365e-03 9.443973191082477570e-03 1.815803162753582001e-02 6.738819926977157593e-02 1.536355614662170410e-01 2.222937047481536865e-01 2.864225506782531738e-01 2.079807221889495850e-01 1.504921447485685349e-02 1.122905965894460678e-02 4.562332760542631149e-03 6.798941740271402523e-06 0.000000000000000000e+00 0.000000000000000000e+00 0.000000000000000000e+00 0.000000000000000000e+00 0.000000000000000000e+00 0.000000000000000000e+00 0.000000000000000000e+00 0.000000000000000000e+00 0.000000000000000000e+00 0.000000000000000000e+00 0.000000000000000000e+00
2.631809711456298828e-01 1.170070543885231018e-01 2.738051861524581909e-02 4.054844379425048828e-02 8.494123816490173340e-02 7.755027711391448975e-02 8.984069526195526123e-02 1.063097417354583740e-01 1.089840680360794067e-01 1.174040213227272034e-01 1.223452687263488770e-01 1.005327850580215454e-01 7.151736319065093994e-02 5.370070785284042358e-02 4.375554993748664856e-02 3.138678520917892456e-02 1.065395623445510864e-01 6.753826141357421875e-01 5.144215226173400879e-01 2.029302716255187988e-01 1.222773548215627670e-02 9.731000289320945740e-03 7.584225386381149292e-03 4.497257992625236511e-03 2.831026446074247360e-03 1.728910952806472778e-03 1.081222319044172764e-03 1.002872828394174576e-03 1.295377383939921856e-03 1.295377383939921856e-03 8.043876150622963905e-04 2.611647942103445530e-04 0.000000000000000000e+00 0.000000000000000000e+00 0.000000000000000000e+00 0.000000000000000000e+00 0.000000000000000000e+00 0.000000000000000000e+00 0.000000000000000000e+00 0.000000000000000000e+00 0.000000000000000000e+00 0.000000000000000000e+00 0.000000000000000000e+00 0.000000000000000000e+00 0.000000000000000000e+00 0.000000000000000000e+00 1.479933853261172771e-04 3.307373523712158203e-01 3.852563798427581787e-01 2.002367824316024780e-01 6.540959328413009644e-02 1.807086355984210968e-02 1.410289842169731855e-04 0.000000000000000000e+00 0.000000000000000000e+00 0.000000000000000000e+00 0.000000000000000000e+00 0.000000000000000000e+00 0.000000000000000000e+00 0.000000000000000000e+00 0.000000000000000000e+00 0.000000000000000000e+00 0.000000000000000000e+00 0.000000000000000000e+00 0.000000000000000000e+00 0.000000000000000000e+00 0.000000000000000000e+00 0.000000000000000000e+00 0.000000000000000000e+00 0.000000000000000000e+00 0.000000000000000000e+00 0.000000000000000000e+00 0.000000000000000000e+00 0.000000000000000000e+00 0.000000000000000000e+00 8.183163299690932035e-05 1.049708388745784760e-02 4.166623204946517944e-02 1.421937793493270874e-01 3.642221689224243164e-01 2.284060269594192505e-01 2.129328846931457520e-01 0.000000000000000000e+00 0.000000000000000000e+00 0.000000000000000000e+00 0.000000000000000000e+00 0.000000000000000000e+00 0.000000000000000000e+00 0.000000000000000000e+00 0.000000000000000000e+00 0.000000000000000000e+00 0.000000000000000000e+00 0.000000000000000000e+00 0.000000000000000000e+00 0.000000000000000000e+00 0.000000000000000000e+00
2.562647871673107147e-02 5.059101432561874390e-02 6.983451545238494873e-02 1.637825071811676025e-01 3.223167955875396729e-01 5.110165476799011230e-01 4.884160757064819336e-01 5.038298368453979492e-01 3.266666531562805176e-01 1.763593256473541260e-01 9.319148957729339600e-02 6.193853169679641724e-02 4.434988275170326233e-02 4.846335947513580322e-02 2.420803718268871307e-02 1.494089886546134949e-02 1.503546070307493210e-02 1.484633609652519226e-02 8.841607719659805298e-03 8.321512490510940552e-03 5.390070844441652298e-03 3.498818026855587959e-03 3.167848801240324974e-03 1.796690281480550766e-03 2.647754270583391190e-03 2.600472886115312576e-03 1.087470445781946182e-03 1.560283824801445007e-03 6.619385676458477974e-04 1.087470445781946182e-03 2.884160727262496948e-03 1.040189061313867569e-03 0.000000000000000000e+00 0.000000000000000000e+00 0.000000000000000000e+00 0.000000000000000000e+00 0.000000000000000000e+00 0.000000000000000000e+00 0.000000000000000000e+00 0.000000000000000000e+00 0.000000000000000000e+00 0.000000000000000000e+00 0.000000000000000000e+00 0.000000000000000000e+00 0.000000000000000000e+00 0.000000000000000000e+00 0.000000000000000000e+00 0.000000000000000000e+00 2.858313620090484619e-01 5.788179636001586914e-01 1.310953497886657715e-01 4.255319014191627502e-03 0.000000000000000000e+00 0.000000000000000000e+00 0.000000000000000000e+00 0.000000000000000000e+00 0.000000000000000000e+00 0.000000000000000000e+00 0.000000000000000000e+00 0.000000000000000000e+00 0.000000000000000000e+00 0.000000000000000000e+00 0.000000000000000000e+00 0.000000000000000000e+00 0.000000000000000000e+00 0.000000000000000000e+00 0.000000000000000000e+00 0.000000000000000000e+00 0.000000000000000000e+00 0.000000000000000000e+00 0.000000000000000000e+00 0.000000000000000000e+00 0.000000000000000000e+00 0.000000000000000000e+00 0.000000000000000000e+00 1.371158403344452381e-03 1.725768297910690308e-02 1.739637553691864014e-01 5.667769908905029297e-01 2.404412925243377686e-01 1.891252904897555709e-04 0.000000000000000000e+00 0.000000000000000000e+00 0.000000000000000000e+00 0.000000000000000000e+00 0.000000000000000000e+00 0.000000000000000000e+00 0.000000000000000000e+00 0.000000000000000000e+00 0.000000000000000000e+00 0.000000000000000000e+00 0.000000000000000000e+00 0.000000000000000000e+00 0.000000000000000000e+00 0.000000000000000000e+00 0.000000000000000000e+00
5.095925182104110718e-02 9.583429992198944092e-02 1.173602938652038574e-01 1.475581526756286621e-01 1.225900799036026001e-01 1.484424918889999390e-01 1.859027743339538574e-01 2.419176697731018066e-01 2.440563887357711792e-01 2.243670970201492310e-01 2.521704733371734619e-01 2.639579176902770996e-01 2.406251728534698486e-01 1.909774541854858398e-01 8.957323431968688965e-02 4.922051727771759033e-02 3.753646090626716614e-02 4.418663308024406433e-02 8.146732300519943237e-02 6.802548468112945557e-02 7.292059808969497681e-02 2.706325799226760864e-02 2.389054978266358376e-03 6.993019487708806992e-04 1.986343995667994022e-04 0.000000000000000000e+00 0.000000000000000000e+00 0.000000000000000000e+00 0.000000000000000000e+00 0.000000000000000000e+00 0.000000000000000000e+00 0.000000000000000000e+00 0.000000000000000000e+00 0.000000000000000000e+00 0.000000000000000000e+00 0.000000000000000000e+00 0.000000000000000000e+00 0.000000000000000000e+00 0.000000000000000000e+00 0.000000000000000000e+00 0.000000000000000000e+00 0.000000000000000000e+00 0.000000000000000000e+00 0.000000000000000000e+00 0.000000000000000000e+00 0.000000000000000000e+00 5.068351980298757553e-03 1.265772879123687744e-01 6.905657052993774414e-01 4.851849749684333801e-02 2.716393582522869110e-02 2.327197045087814331e-02 3.233024477958679199e-02 3.075931034982204437e-02 1.574472524225711823e-02 0.000000000000000000e+00 0.000000000000000000e+00 0.000000000000000000e+00 0.000000000000000000e+00 0.000000000000000000e+00 0.000000000000000000e+00 0.000000000000000000e+00 0.000000000000000000e+00 0.000000000000000000e+00 0.000000000000000000e+00 0.000000000000000000e+00 0.000000000000000000e+00 0.000000000000000000e+00 0.000000000000000000e+00 0.000000000000000000e+00 0.000000000000000000e+00 0.000000000000000000e+00 1.814012830436695367e-05 7.528153219027444720e-05 2.512407954782247543e-04 1.227633189409971237e-02 4.072186723351478577e-02 5.255286023020744324e-02 4.790626466274261475e-02 4.137074053287506104e-01 3.984560966491699219e-01 3.403450921177864075e-02 0.000000000000000000e+00 0.000000000000000000e+00 0.000000000000000000e+00 0.000000000000000000e+00 0.000000000000000000e+00 0.000000000000000000e+00 0.000000000000000000e+00 0.000000000000000000e+00 0.000000000000000000e+00 0.000000000000000000e+00 0.000000000000000000e+00 0.000000000000000000e+00 0.000000000000000000e+00 0.000000000000000000e+00
1.650184392929077148e-01 7.377962768077850342e-02 6.040899083018302917e-02 6.420544534921646118e-02 6.906314939260482788e-02 7.311315089464187622e-02 7.499989122152328491e-02 8.008889853954315186e-02 9.107015281915664673e-02 1.025814861059188843e-01 1.094160005450248718e-01 1.141725033521652222e-01 1.273385286331176758e-01 1.431734263896942139e-01 1.555217355489730835e-01 1.623543947935104370e-01 1.577665358781814575e-01 1.539115160703659058e-01 1.506651490926742554e-01 1.561255604028701782e-01 1.466032713651657104e-01 1.271079778671264648e-01 1.183244436979293823e-01 1.302183121442794800e-01 1.233626604080200195e-01 4.164724797010421753e-02 1.086931861937046051e-02 5.926360376179218292e-03 3.842422273010015488e-03 2.346375957131385803e-03 2.196993678808212280e-03 2.780066337436437607e-03 0.000000000000000000e+00 0.000000000000000000e+00 0.000000000000000000e+00 0.000000000000000000e+00 0.000000000000000000e+00 0.000000000000000000e+00 0.000000000000000000e+00 0.000000000000000000e+00 0.000000000000000000e+00 0.000000000000000000e+00 0.000000000000000000e+00 3.072405699640512466e-03 3.397179394960403442e-02 6.976829469203948975e-02 6.916323304176330566e-02 1.364282369613647461e-01 4.262229800224304199e-01 2.160034924745559692e-01 4.170630872249603271e-02 3.535132389515638351e-03 1.281301665585488081e-04 0.000000000000000000e+00 0.000000000000000000e+00 0.000000000000000000e+00 0.000000000000000000e+00 0.000000000000000000e+00 0.000000000000000000e+00 0.000000000000000000e+00 0.000000000000000000e+00 0.000000000000000000e+00 0.000000000000000000e+00 0.000000000000000000e+00 0.000000000000000000e+00 0.000000000000000000e+00 0.000000000000000000e+00 0.000000000000000000e+00 0.000000000000000000e+00 0.000000000000000000e+00 0.000000000000000000e+00 0.000000000000000000e+00 0.000000000000000000e+00 0.000000000000000000e+00 3.990939876530319452e-05 2.360461745411157608e-03 1.584328897297382355e-02 8.317662030458450317e-02 2.291766852140426636e-01 3.722953796386718750e-01 1.997026652097702026e-01 4.955313727259635925e-02 4.370462149381637573e-02 4.147241357713937759e-03 0.000000000000000000e+00 0.000000000000000000e+00 0.000000000000000000e+00 0.000000000000000000e+00 0.000000000000000000e+00 0.000000000000000000e+00 0.000000000000000000e+00 0.000000000000000000e+00 0.000000000000000000e+00 0.000000000000000000e+00 0.000000000000000000e+00 0.000000000000000000e+00
1.446670154109597206e-03 7.301832083612680435e-03 3.016606718301773071e-02 9.392227232456207275e-02 1.712035536766052246e-01 1.382982432842254639e-01 9.043828397989273071e-02 9.858756512403488159e-02 1.307652741670608521e-01 1.850796043872833252e-01 2.522170841693878174e-01 1.547680199146270752e-01 9.241568297147750854e-02 1.064372509717941284e-01 1.377418339252471924e-01 1.527649313211441040e-01 1.074730306863784790e-01 9.283512830734252930e-02 1.292158961296081543e-01 1.187382340431213379e-01 1.072932630777359009e-01 1.949152648448944092e-01 1.458055078983306885e-01 1.229583919048309326e-01 7.288991659879684448e-02 3.738229721784591675e-02 1.798493415117263794e-02 6.146207917481660843e-03 2.157164737582206726e-03 6.505735218524932861e-04 0.000000000000000000e+00 0.000000000000000000e+00 0.000000000000000000e+00 0.000000000000000000e+00 0.000000000000000000e+00 0.000000000000000000e+00 0.000000000000000000e+00 0.000000000000000000e+00 0.000000000000000000e+00 0.000000000000000000e+00 0.000000000000000000e+00 0.000000000000000000e+00 0.000000000000000000e+00 5.304171517491340637e-02 4.788278415799140930e-02 2.157735638320446014e-02 1.435627490282058716e-01 1.672373414039611816e-01 8.823831379413604736e-02 1.115334108471870422e-01 1.349169611930847168e-01 1.911373585462570190e-01 1.015237160027027130e-02 1.370484475046396255e-02 6.959424819797277451e-03 2.322661690413951874e-03 3.027449594810605049e-03 2.602294087409973145e-03 1.957427477464079857e-03 1.455230230931192636e-04 0.000000000000000000e+00 0.000000000000000000e+00 0.000000000000000000e+00 0.000000000000000000e+00 0.000000000000000000e+00 0.000000000000000000e+00 0.000000000000000000e+00 0.000000000000000000e+00 0.000000000000000000e+00 0.000000000000000000e+00 2.197112335124984384e-04 1.036352198570966721e-02 5.826627835631370544e-03 4.531187471002340317e-03 5.561262369155883789e-03 2.838269621133804321e-02 2.057267576456069946e-01 1.907550096511840820e-01 1.220339015126228333e-01 8.732237666845321655e-02 1.056868135929107666e-01 4.711522161960601807e-02 3.858928382396697998e-02 5.249672010540962219e-02 9.187353402376174927e-02 3.515379736199975014e-03 0.000000000000000000e+00 0.000000000000000000e+00 0.000000000000000000e+00 0.000000000000000000e+00 0.000000000000000000e+00 0.000000000000000000e+00 0.000000000000000000e+00 0.000000000000000000e+00 0.000000000000000000e+00 0.000000000000000000e+00
4.173027627984993160e-05 8.085241279331967235e-05 5.477098966366611421e-05 4.955469921696931124e-05 5.737913306802511215e-05 5.737913306802511215e-05 5.477098966366611421e-05 1.121501118177548051e-04 2.347327972529456019e-04 7.589693414047360420e-04 3.291475586593151093e-03 1.536717452108860016e-02 6.421246379613876343e-02 1.581655740737915039e-01 2.489393502473831177e-01 3.145784735679626465e-01 4.926519989967346191e-01 5.577251315116882324e-01 3.772547543048858643e-01 2.738731801509857178e-01 1.727842092514038086e-01 1.574196368455886841e-01 1.129403859376907349e-01 3.168371319770812988e-02 5.302353296428918839e-03 3.591411747038364410e-03 3.028053324669599533e-03 2.253434853628277779e-03 2.003053203225135803e-03 1.371882855892181396e-03 5.998727283440530300e-05 0.000000000000000000e+00 0.000000000000000000e+00 0.000000000000000000e+00 0.000000000000000000e+00 0.000000000000000000e+00 0.000000000000000000e+00 0.000000000000000000e+00 0.000000000000000000e+00 0.000000000000000000e+00 0.000000000000000000e+00 0.000000000000000000e+00 0.000000000000000000e+00 0.000000000000000000e+00 0.000000000000000000e+00 0.000000000000000000e+00 3.567242994904518127e-02 1.436608284711837769e-01 3.108557872474193573e-02 1.142714079469442368e-02 3.957334160804748535e-02 3.377083539962768555e-01 3.962107300758361816e-01 1.579664880409836769e-03 1.361450296826660633e-03 1.568362931720912457e-03 1.521416270406916738e-04 0.000000000000000000e+00 0.000000000000000000e+00 0.000000000000000000e+00 0.000000000000000000e+00 0.000000000000000000e+00 0.000000000000000000e+00 0.000000000000000000e+00 0.000000000000000000e+00 0.000000000000000000e+00 0.000000000000000000e+00 0.000000000000000000e+00 0.000000000000000000e+00 0.000000000000000000e+00 0.000000000000000000e+00 0.000000000000000000e+00 1.643998920917510986e-02 1.727277040481567383e-01 1.072650700807571411e-01 4.559032618999481201e-01 1.808398962020874023e-02 1.212699245661497116e-02 1.560712326318025589e-02 1.157484874129295349e-01 8.584352582693099976e-02 2.538591797929257154e-04 0.000000000000000000e+00 0.000000000000000000e+00 0.000000000000000000e+00 0.000000000000000000e+00 0.000000000000000000e+00 0.000000000000000000e+00 0.000000000000000000e+00 0.000000000000000000e+00 0.000000000000000000e+00 0.000000000000000000e+00 0.000000000000000000e+00 0.000000000000000000e+00 0.000000000000000000e+00 0.000000000000000000e+00
4.101129015907645226e-04 1.505623664706945419e-02 2.290467172861099243e-02 1.728103123605251312e-02 2.994092367589473724e-02 6.150889396667480469e-02 8.530080318450927734e-02 5.464955419301986694e-02 3.557528555393218994e-02 5.048141628503799438e-02 1.294375360012054443e-01 1.256848573684692383e-01 1.313835531473159790e-01 1.434564143419265747e-01 1.705453246831893921e-01 2.127440571784973145e-01 2.713526785373687744e-01 2.837659716606140137e-01 2.271650135517120361e-01 1.456785351037979126e-01 1.839503794908523560e-01 2.204531133174896240e-01 1.711216121912002563e-01 1.041954830288887024e-01 4.005704075098037720e-02 3.334780782461166382e-02 2.611320093274116516e-02 5.956019274890422821e-03 4.771248204633593559e-04 5.360952854971401393e-06 0.000000000000000000e+00 0.000000000000000000e+00 0.000000000000000000e+00 0.000000000000000000e+00 0.000000000000000000e+00 0.000000000000000000e+00 0.000000000000000000e+00 0.000000000000000000e+00 0.000000000000000000e+00 0.000000000000000000e+00 0.000000000000000000e+00 0.000000000000000000e+00 0.000000000000000000e+00 0.000000000000000000e+00 0.000000000000000000e+00 0.000000000000000000e+00 0.000000000000000000e+00 0.000000000000000000e+00 4.217282985337078571e-04 1.895722374320030212e-02 1.294464617967605591e-01 2.030916661024093628e-01 2.572069168090820312e-01 1.492980718612670898e-01 1.785822808742523193e-01 6.297601014375686646e-02 1.965682713489513844e-05 0.000000000000000000e+00 0.000000000000000000e+00 0.000000000000000000e+00 0.000000000000000000e+00 0.000000000000000000e+00 0.000000000000000000e+00 0.000000000000000000e+00 0.000000000000000000e+00 0.000000000000000000e+00 0.000000000000000000e+00 0.000000000000000000e+00 0.000000000000000000e+00 0.000000000000000000e+00 0.000000000000000000e+00 0.000000000000000000e+00 6.611841672565788031e-05 3.588979318737983704e-02 1.679792106151580811e-01 4.935221672058105469e-01 1.996472477912902832e-01 7.139717042446136475e-02 2.441467344760894775e-02 7.083605974912643433e-03 0.000000000000000000e+00 0.000000000000000000e+00 0.000000000000000000e+00 0.000000000000000000e+00 0.000000000000000000e+00 0.000000000000000000e+00 0.000000000000000000e+00 0.000000000000000000e+00 0.000000000000000000e+00 0.000000000000000000e+00 0.000000000000000000e+00 0.000000000000000000e+00 0.000000000000000000e+00 0.000000000000000000e+00 0.000000000000000000e+00 0.000000000000000000e+00
2.357606310397386551e-03 4.332804679870605469e-02 1.017880290746688843e-01 7.581543177366256714e-02 1.063302084803581238e-01 1.567700058221817017e-01 1.279639601707458496e-01 2.479076981544494629e-01 1.968147158622741699e-01 1.222537904977798462e-01 8.387887477874755859e-02 5.740446969866752625e-02 3.211103379726409912e-02 2.993943728506565094e-02 3.292862325906753540e-02 3.443402796983718872e-02 4.105263203382492065e-02 6.806344538927078247e-02 1.476770043373107910e-01 3.277721703052520752e-01 5.046056509017944336e-01 2.577620744705200195e-01 1.239927858114242554e-01 5.027541518211364746e-02 5.766401998698711395e-03 3.330929903313517570e-03 1.730353338643908501e-03 1.851478125900030136e-03 1.976928673684597015e-03 1.591925043612718582e-03 2.625810913741588593e-03 7.899062708020210266e-03 0.000000000000000000e+00 0.000000000000000000e+00 0.000000000000000000e+00 0.000000000000000000e+00 0.000000000000000000e+00 0.000000000000000000e+00 0.000000000000000000e+00 0.000000000000000000e+00 0.000000000000000000e+00 0.000000000000000000e+00 0.000000000000000000e+00 0.000000000000000000e+00 0.000000000000000000e+00 0.000000000000000000e+00 0.000000000000000000e+00 2.883922206819988787e-05 2.715630829334259033e-01 6.521384119987487793e-01 6.870944797992706299e-02 3.868781495839357376e-03 1.751982723362743855e-03 1.378514803946018219e-03 5.609228392131626606e-04 0.000000000000000000e+00 0.000000000000000000e+00 0.000000000000000000e+00 0.000000000000000000e+00 0.000000000000000000e+00 0.000000000000000000e+00 0.000000000000000000e+00 0.000000000000000000e+00 0.000000000000000000e+00 0.000000000000000000e+00 0.000000000000000000e+00 0.000000000000000000e+00 0.000000000000000000e+00 0.000000000000000000e+00 0.000000000000000000e+00 0.000000000000000000e+00 0.000000000000000000e+00 0.000000000000000000e+00 0.000000000000000000e+00 0.000000000000000000e+00 4.325883310229983181e-06 3.899062750861048698e-03 5.277087092399597168e-01 1.747628003358840942e-01 2.932689189910888672e-01 3.561643825378268957e-04 0.000000000000000000e+00 0.000000000000000000e+00 0.000000000000000000e+00 0.000000000000000000e+00 0.000000000000000000e+00 0.000000000000000000e+00 0.000000000000000000e+00 0.000000000000000000e+00 0.000000000000000000e+00 0.000000000000000000e+00 0.000000000000000000e+00 0.000000000000000000e+00 0.000000000000000000e+00 0.000000000000000000e+00 0.000000000000000000e+00
4.532521218061447144e-02 3.799357265233993530e-02 4.391840845346450806e-02 5.788324773311614990e-02 5.829001218080520630e-02 6.450255960226058960e-02 9.464263916015625000e-02 1.288563013076782227e-01 1.513690948486328125e-01 1.643398553133010864e-01 1.634588688611984253e-01 1.852256059646606445e-01 2.071649730205535889e-01 2.326302677392959595e-01 2.375848293304443359e-01 2.224096208810806274e-01 1.704214513301849365e-01 1.270546466112136841e-01 1.065578013658523560e-01 8.780507743358612061e-02 7.130044698715209961e-02 6.328624486923217773e-02 6.073257327079772949e-02 5.881185829639434814e-02 5.390690267086029053e-02 3.420770540833473206e-02 2.436009421944618225e-02 1.733600534498691559e-02 1.053613238036632538e-02 7.466565817594528198e-03 5.079566501080989838e-03 5.541886668652296066e-03 0.000000000000000000e+00 0.000000000000000000e+00 0.000000000000000000e+00 0.000000000000000000e+00 0.000000000000000000e+00 0.000000000000000000e+00 0.000000000000000000e+00 0.000000000000000000e+00 0.000000000000000000e+00 0.000000000000000000e+00 2.711747765715699643e-05 7.149754674173891544e-04 1.174649782478809357e-02 3.132994845509529114e-02 8.212825655937194824e-02 1.672910302877426147e-01 3.868348002433776855e-01 1.221781298518180847e-01 4.611228033900260925e-02 5.915644764900207520e-02 7.727026194334030151e-02 1.481341850012540817e-02 3.968411474488675594e-04 0.000000000000000000e+00 0.000000000000000000e+00 0.000000000000000000e+00 0.000000000000000000e+00 0.000000000000000000e+00 0.000000000000000000e+00 0.000000000000000000e+00 0.000000000000000000e+00 0.000000000000000000e+00 0.000000000000000000e+00 0.000000000000000000e+00 0.000000000000000000e+00 0.000000000000000000e+00 0.000000000000000000e+00 0.000000000000000000e+00 0.000000000000000000e+00 0.000000000000000000e+00 2.447187143843621016e-04 6.887177936732769012e-03 2.166157402098178864e-02 7.238448411226272583e-02 1.145376116037368774e-01 1.246828585863113403e-01 2.364611029624938965e-01 3.324735164642333984e-01 7.821011543273925781e-02 1.185695175081491470e-02 5.998915294185280800e-04 0.000000000000000000e+00 0.000000000000000000e+00 0.000000000000000000e+00 0.000000000000000000e+00 0.000000000000000000e+00 0.000000000000000000e+00 0.000000000000000000e+00 0.000000000000000000e+00 0.000000000000000000e+00 0.000000000000000000e+00 0.000000000000000000e+00 0.000000000000000000e+00 0.000000000000000000e+00
2.564613707363605499e-02 2.479011565446853638e-02 3.104307055473327637e-01 8.980481624603271484e-01 6.717097759246826172e-01 3.848808109760284424e-01 2.571977972984313965e-01 2.238926142454147339e-01 1.311549842357635498e-01 4.360401630401611328e-02 1.023506093770265579e-02 2.772770822048187256e-03 1.393031561747193336e-03 6.965157808735966682e-04 4.492793232202529907e-04 4.572546458803117275e-04 4.333285614848136902e-04 4.599131061695516109e-04 6.167620886117219925e-04 1.079333713278174400e-03 1.361130154691636562e-03 1.531271380372345448e-03 1.225548796355724335e-03 9.783123387023806572e-04 9.942629840224981308e-04 1.151112024672329426e-03 1.805092673748731613e-03 9.836292592808604240e-04 2.126765866705682129e-05 0.000000000000000000e+00 0.000000000000000000e+00 0.000000000000000000e+00 0.000000000000000000e+00 0.000000000000000000e+00 0.000000000000000000e+00 0.000000000000000000e+00 0.000000000000000000e+00 0.000000000000000000e+00 0.000000000000000000e+00 0.000000000000000000e+00 0.000000000000000000e+00 0.000000000000000000e+00 0.000000000000000000e+00 0.000000000000000000e+00 0.000000000000000000e+00 0.000000000000000000e+00 0.000000000000000000e+00 7.266450120368972421e-05 9.891579151153564453e-01 1.076941099017858505e-02 0.000000000000000000e+00 0.000000000000000000e+00 0.000000000000000000e+00 0.000000000000000000e+00 0.000000000000000000e+00 0.000000000000000000e+00 0.000000000000000000e+00 0.000000000000000000e+00 0.000000000000000000e+00 0.000000000000000000e+00 0.000000000000000000e+00 0.000000000000000000e+00 0.000000000000000000e+00 0.000000000000000000e+00 0.000000000000000000e+00 0.000000000000000000e+00 0.000000000000000000e+00 0.000000000000000000e+00 0.000000000000000000e+00 0.000000000000000000e+00 0.000000000000000000e+00 0.000000000000000000e+00 0.000000000000000000e+00 0.000000000000000000e+00 0.000000000000000000e+00 0.000000000000000000e+00 0.000000000000000000e+00 4.430762146512279287e-06 1.573363691568374634e-02 9.815653562545776367e-01 2.696561859920620918e-03 0.000000000000000000e+00 0.000000000000000000e+00 0.000000000000000000e+00 0.000000000000000000e+00 0.000000000000000000e+00 0.000000000000000000e+00 0.000000000000000000e+00 0.000000000000000000e+00 0.000000000000000000e+00 0.000000000000000000e+00 0.000000000000000000e+00 0.000000000000000000e+00 0.000000000000000000e+00 0.000000000000000000e+00 0.000000000000000000e+00
4.260589776095002890e-05 1.369475212413817644e-04 1.000934280455112457e-02 3.354301676154136658e-02 1.864342838525772095e-01 2.367609739303588867e-01 2.662564218044281006e-01 2.539037466049194336e-01 1.723195612430572510e-01 1.397290825843811035e-01 1.294519305229187012e-01 1.685884892940521240e-01 2.076520174741744995e-01 1.849248111248016357e-01 1.663638651371002197e-01 2.357627749443054199e-01 2.507113814353942871e-01 1.446744203567504883e-01 6.286500394344329834e-02 5.203093215823173523e-02 4.048777744174003601e-02 1.947698183357715607e-02 1.001847255975008011e-02 4.975760355591773987e-03 2.282458823174238205e-03 2.303761662915349007e-03 2.702431287616491318e-03 3.444991074502468109e-03 2.422449644654989243e-03 1.174705452285706997e-03 2.382887061685323715e-03 6.165681872516870499e-03 0.000000000000000000e+00 0.000000000000000000e+00 0.000000000000000000e+00 0.000000000000000000e+00 0.000000000000000000e+00 0.000000000000000000e+00 0.000000000000000000e+00 0.000000000000000000e+00 0.000000000000000000e+00 0.000000000000000000e+00 0.000000000000000000e+00 0.000000000000000000e+00 0.000000000000000000e+00 0.000000000000000000e+00 0.000000000000000000e+00 8.141783997416496277e-03 7.413568496704101562e-01 4.312629997730255127e-02 4.754716902971267700e-02 6.797771155834197998e-02 7.627876102924346924e-02 1.556738372892141342e-02 4.057704700244357809e-06 0.000000000000000000e+00 0.000000000000000000e+00 0.000000000000000000e+00 0.000000000000000000e+00 0.000000000000000000e+00 0.000000000000000000e+00 0.000000000000000000e+00 0.000000000000000000e+00 0.000000000000000000e+00 0.000000000000000000e+00 0.000000000000000000e+00 0.000000000000000000e+00 0.000000000000000000e+00 0.000000000000000000e+00 0.000000000000000000e+00 0.000000000000000000e+00 0.000000000000000000e+00 0.000000000000000000e+00 0.000000000000000000e+00 4.777947324328124523e-04 2.583946287631988525e-02 6.682734936475753784e-02 7.751534879207611084e-02 1.295503377914428711e-01 6.852114200592041016e-01 1.457831822335720062e-02 0.000000000000000000e+00 0.000000000000000000e+00 0.000000000000000000e+00 0.000000000000000000e+00 0.000000000000000000e+00 0.000000000000000000e+00 0.000000000000000000e+00 0.000000000000000000e+00 0.000000000000000000e+00 0.000000000000000000e+00 0.000000000000000000e+00 0.000000000000000000e+00 0.000000000000000000e+00 0.000000000000000000e+00 0.000000000000000000e+00
5.118956416845321655e-02 5.391458421945571899e-02 1.787699311971664429e-01 2.405625283718109131e-01 2.055754512548446655e-01 1.840655207633972168e-01 2.316032648086547852e-01 3.605070114135742188e-01 3.834531307220458984e-01 3.330706954002380371e-01 1.993613541126251221e-01 5.545598268508911133e-02 1.950335130095481873e-02 1.923106424510478973e-02 1.777910813689231873e-02 1.663607731461524963e-02 2.481366321444511414e-02 5.703186988830566406e-02 9.375323355197906494e-02 8.151865005493164062e-02 5.068234354257583618e-02 3.174009174108505249e-02 2.218562737107276917e-02 1.763003133237361908e-02 1.490644551813602448e-02 1.178412698209285736e-02 8.459929376840591431e-03 6.304625421762466431e-03 5.448250565677881241e-03 5.607024766504764557e-03 7.888413965702056885e-03 9.567038156092166901e-03 0.000000000000000000e+00 0.000000000000000000e+00 0.000000000000000000e+00 0.000000000000000000e+00 0.000000000000000000e+00 0.000000000000000000e+00 0.000000000000000000e+00 0.000000000000000000e+00 0.000000000000000000e+00 0.000000000000000000e+00 0.000000000000000000e+00 0.000000000000000000e+00 0.000000000000000000e+00 2.514522020646836609e-05 7.279864698648452759e-02 1.984442770481109619e-01 2.118816375732421875e-01 1.808456145226955414e-02 2.676888136193156242e-03 1.517011132091283798e-02 3.073811531066894531e-02 7.957911491394042969e-02 2.061977386474609375e-01 1.644037514925003052e-01 0.000000000000000000e+00 0.000000000000000000e+00 0.000000000000000000e+00 0.000000000000000000e+00 0.000000000000000000e+00 0.000000000000000000e+00 0.000000000000000000e+00 0.000000000000000000e+00 0.000000000000000000e+00 0.000000000000000000e+00 0.000000000000000000e+00 0.000000000000000000e+00 0.000000000000000000e+00 0.000000000000000000e+00 0.000000000000000000e+00 0.000000000000000000e+00 0.000000000000000000e+00 0.000000000000000000e+00 0.000000000000000000e+00 2.063701748847961426e-01 2.357001602649688721e-01 5.111029371619224548e-02 1.276873052120208740e-01 6.902458518743515015e-02 5.481981113553047180e-02 8.645153790712356567e-02 1.412218958139419556e-01 2.758622169494628906e-02 2.011617652897257358e-05 7.902783181634731591e-06 0.000000000000000000e+00 0.000000000000000000e+00 0.000000000000000000e+00 0.000000000000000000e+00 0.000000000000000000e+00 0.000000000000000000e+00 0.000000000000000000e+00 0.000000000000000000e+00 0.000000000000000000e+00 0.000000000000000000e+00
2.976127155125141144e-02 4.007158800959587097e-02 7.744149863719940186e-02 8.329275995492935181e-02 9.556585550308227539e-02 1.666796654462814331e-01 2.534500956535339355e-01 2.493248283863067627e-01 1.591765731573104858e-01 1.442331820726394653e-01 7.057175785303115845e-02 1.412861496210098267e-01 1.570397764444351196e-01 1.219293475151062012e-01 4.938054829835891724e-02 2.601258270442485809e-02 2.738482132554054260e-02 3.325320035219192505e-02 3.881631791591644287e-02 1.035995781421661377e-01 1.890262961387634277e-01 6.317137926816940308e-02 1.066778302192687988e-01 2.188332080841064453e-01 3.210434317588806152e-01 3.220048546791076660e-02 7.731312070973217487e-04 2.852882516890531406e-06 0.000000000000000000e+00 0.000000000000000000e+00 0.000000000000000000e+00 0.000000000000000000e+00 0.000000000000000000e+00 0.000000000000000000e+00 0.000000000000000000e+00 0.000000000000000000e+00 0.000000000000000000e+00 0.000000000000000000e+00 0.000000000000000000e+00 0.000000000000000000e+00 0.000000000000000000e+00 0.000000000000000000e+00 0.000000000000000000e+00 0.000000000000000000e+00 0.000000000000000000e+00 0.000000000000000000e+00 0.000000000000000000e+00 1.033142879605293274e-01 4.381247758865356445e-01 3.998419642448425293e-01 5.646044760942459106e-02 2.258531982079148293e-03 0.000000000000000000e+00 0.000000000000000000e+00 0.000000000000000000e+00 0.000000000000000000e+00 0.000000000000000000e+00 0.000000000000000000e+00 0.000000000000000000e+00 0.000000000000000000e+00 0.000000000000000000e+00 0.000000000000000000e+00 0.000000000000000000e+00 0.000000000000000000e+00 0.000000000000000000e+00 0.000000000000000000e+00 0.000000000000000000e+00 0.000000000000000000e+00 0.000000000000000000e+00 0.000000000000000000e+00 0.000000000000000000e+00 0.000000000000000000e+00 0.000000000000000000e+00 0.000000000000000000e+00 0.000000000000000000e+00 0.000000000000000000e+00 0.000000000000000000e+00 1.350364414975047112e-03 2.338764518499374390e-01 5.212910771369934082e-01 1.812693029642105103e-01 6.221280992031097412e-02 0.000000000000000000e+00 0.000000000000000000e+00 0.000000000000000000e+00 0.000000000000000000e+00 0.000000000000000000e+00 0.000000000000000000e+00 0.000000000000000000e+00 0.000000000000000000e+00 0.000000000000000000e+00 0.000000000000000000e+00 0.000000000000000000e+00 0.000000000000000000e+00 0.000000000000000000e+00 0.000000000000000000e+00
3.015785478055477142e-05 1.206314191222190857e-04 4.588302108459174633e-04 1.290325308218598366e-03 5.783845670521259308e-03 1.256290078163146973e-02 1.041738502681255341e-02 7.487764582037925720e-03 2.531320974230766296e-02 2.522661387920379639e-01 4.192480444908142090e-01 5.362756252288818359e-01 4.341331124305725098e-01 1.733107268810272217e-01 4.987678304314613342e-02 4.862092435359954834e-02 3.866883367300033569e-02 3.017077967524528503e-02 3.574351966381072998e-02 3.274927660822868347e-02 3.121984377503395081e-02 4.133564978837966919e-02 8.923062682151794434e-02 2.369976639747619629e-01 2.638187706470489502e-01 1.560582816600799561e-01 6.318716704845428467e-02 3.280743490904569626e-03 3.145033551845699549e-04 2.369545836700126529e-05 4.308264578867238015e-06 0.000000000000000000e+00 0.000000000000000000e+00 0.000000000000000000e+00 0.000000000000000000e+00 0.000000000000000000e+00 0.000000000000000000e+00 0.000000000000000000e+00 0.000000000000000000e+00 0.000000000000000000e+00 0.000000000000000000e+00 0.000000000000000000e+00 0.000000000000000000e+00 0.000000000000000000e+00 0.000000000000000000e+00 0.000000000000000000e+00 0.000000000000000000e+00 3.590220785554265603e-06 9.000367522239685059e-01 3.271696344017982483e-02 5.489878356456756592e-02 1.233599893748760223e-02 7.898485819168854505e-06 0.000000000000000000e+00 0.000000000000000000e+00 0.000000000000000000e+00 0.000000000000000000e+00 0.000000000000000000e+00 0.000000000000000000e+00 0.000000000000000000e+00 0.000000000000000000e+00 0.000000000000000000e+00 0.000000000000000000e+00 0.000000000000000000e+00 0.000000000000000000e+00 0.000000000000000000e+00 0.000000000000000000e+00 0.000000000000000000e+00 0.000000000000000000e+00 0.000000000000000000e+00 0.000000000000000000e+00 0.000000000000000000e+00 0.000000000000000000e+00 0.000000000000000000e+00 0.000000000000000000e+00 3.159394327667541802e-05 6.868810392916202545e-03 5.126763507723808289e-02 3.119614720344543457e-02 9.105640053749084473e-01 7.180441753007471561e-05 0.000000000000000000e+00 0.000000000000000000e+00 0.000000000000000000e+00 0.000000000000000000e+00 0.000000000000000000e+00 0.000000000000000000e+00 0.000000000000000000e+00 0.000000000000000000e+00 0.000000000000000000e+00 0.000000000000000000e+00 0.000000000000000000e+00 0.000000000000000000e+00 0.000000000000000000e+00 0.000000000000000000e+00 0.000000000000000000e+00
1.473567038774490356e-01 2.910678684711456299e-01 2.647618353366851807e-01 2.322077155113220215e-01 2.078453153371810913e-01 2.255809903144836426e-01 2.221622318029403687e-01 2.004643231630325317e-01 1.732006818056106567e-01 1.455274373292922974e-01 1.060898602008819580e-01 7.993366569280624390e-02 5.887215211987495422e-02 4.394980520009994507e-02 3.500628843903541565e-02 3.513216972351074219e-02 4.391533881425857544e-02 6.705488264560699463e-02 7.621169835329055786e-02 8.673471212387084961e-02 7.184235006570816040e-02 4.955448955297470093e-02 4.213203117251396179e-02 2.987116202712059021e-02 1.744494959712028503e-02 1.253510825335979462e-02 1.058296021074056625e-02 6.521812640130519867e-03 4.383841063827276230e-03 3.565117716789245605e-03 4.086123779416084290e-03 4.404321778565645218e-03 0.000000000000000000e+00 0.000000000000000000e+00 0.000000000000000000e+00 0.000000000000000000e+00 0.000000000000000000e+00 0.000000000000000000e+00 0.000000000000000000e+00 0.000000000000000000e+00 0.000000000000000000e+00 0.000000000000000000e+00 0.000000000000000000e+00 0.000000000000000000e+00 0.000000000000000000e+00 0.000000000000000000e+00 1.017201691865921021e-03 3.939829021692276001e-02 2.983474731445312500e-01 3.908192515373229980e-01 1.876752972602844238e-01 7.637853920459747314e-02 6.360799074172973633e-03 3.163665496686007828e-06 0.000000000000000000e+00 0.000000000000000000e+00 0.000000000000000000e+00 0.000000000000000000e+00 0.000000000000000000e+00 0.000000000000000000e+00 0.000000000000000000e+00 0.000000000000000000e+00 0.000000000000000000e+00 0.000000000000000000e+00 0.000000000000000000e+00 0.000000000000000000e+00 0.000000000000000000e+00 0.000000000000000000e+00 0.000000000000000000e+00 0.000000000000000000e+00 0.000000000000000000e+00 0.000000000000000000e+00 4.279273707652464509e-05 2.631670096889138222e-03 1.134290639311075211e-02 4.323431849479675293e-02 1.210113689303398132e-01 2.074630260467529297e-01 2.541064321994781494e-01 3.218696415424346924e-01 3.538743034005165100e-02 2.910405630245804787e-03 0.000000000000000000e+00 0.000000000000000000e+00 0.000000000000000000e+00 0.000000000000000000e+00 0.000000000000000000e+00 0.000000000000000000e+00 0.000000000000000000e+00 0.000000000000000000e+00 0.000000000000000000e+00 0.000000000000000000e+00 0.000000000000000000e+00 0.000000000000000000e+00 0.000000000000000000e+00 0.000000000000000000e+00
5.071506649255752563e-02 5.961257964372634888e-02 8.319029211997985840e-02 1.031823009252548218e-01 1.254847943782806396e-01 1.767353713512420654e-01 1.926622241735458374e-01 1.624610871076583862e-01 1.576569378376007080e-01 1.748500615358352661e-01 2.023312151432037354e-01 2.351088076829910278e-01 1.248411387205123901e-01 8.241417258977890015e-02 8.452083915472030640e-02 8.387145400047302246e-02 8.067308366298675537e-02 6.407115608453750610e-02 5.958045274019241333e-02 5.603758245706558228e-02 5.546995252370834351e-02 5.424936860799789429e-02 5.464456975460052490e-02 6.190666556358337402e-02 9.203247725963592529e-02 1.371433585882186890e-01 1.118413358926773071e-01 5.213914066553115845e-02 1.298694871366024017e-02 4.768806509673595428e-03 2.363340463489294052e-03 4.533900646492838860e-04 0.000000000000000000e+00 0.000000000000000000e+00 0.000000000000000000e+00 0.000000000000000000e+00 0.000000000000000000e+00 0.000000000000000000e+00 0.000000000000000000e+00 0.000000000000000000e+00 0.000000000000000000e+00 0.000000000000000000e+00 0.000000000000000000e+00 0.000000000000000000e+00 0.000000000000000000e+00 1.536290277726948261e-03 2.695052884519100189e-02 3.621143102645874023e-01 3.716614544391632080e-01 1.806135922670364380e-01 3.776334598660469055e-02 1.393728237599134445e-02 3.470159601420164108e-03 1.893766340799629688e-03 5.664401032845489681e-05 2.618000507936812937e-06 0.000000000000000000e+00 0.000000000000000000e+00 0.000000000000000000e+00 0.000000000000000000e+00 0.000000000000000000e+00 0.000000000000000000e+00 0.000000000000000000e+00 0.000000000000000000e+00 0.000000000000000000e+00 0.000000000000000000e+00 0.000000000000000000e+00 0.000000000000000000e+00 0.000000000000000000e+00 0.000000000000000000e+00 1.190000148199032992e-06 6.652101001236587763e-05 3.177300386596471071e-04 8.578711422160267830e-04 1.801541307941079140e-03 1.123705320060253143e-02 2.170691266655921936e-02 3.376447036862373352e-02 1.607636660337448120e-01 3.268354535102844238e-01 4.096085429191589355e-01 2.591058798134326935e-02 7.122864946722984314e-03 5.593000878434395418e-06 0.000000000000000000e+00 0.000000000000000000e+00 0.000000000000000000e+00 0.000000000000000000e+00 0.000000000000000000e+00 0.000000000000000000e+00 0.000000000000000000e+00 0.000000000000000000e+00 0.000000000000000000e+00 0.000000000000000000e+00 0.000000000000000000e+00 0.000000000000000000e+00
3.706655651330947876e-02 1.254562884569168091e-01 1.856776624917984009e-01 2.289517968893051147e-01 2.061678767204284668e-01 2.237299978733062744e-01 8.674024045467376709e-02 6.086229532957077026e-02 4.692776501178741455e-02 4.476096853613853455e-02 4.539213702082633972e-02 4.398339241743087769e-02 4.665122181177139282e-02 5.397474020719528198e-02 4.453647881746292114e-02 3.880715370178222656e-02 4.299759864807128906e-02 5.158019810914993286e-02 7.130912691354751587e-02 1.103017181158065796e-01 1.815555393695831299e-01 2.417085766792297363e-01 2.476721704006195068e-01 2.292153239250183105e-01 1.480840444564819336e-01 9.542694687843322754e-02 4.401918128132820129e-02 1.194666884839534760e-02 2.267654985189437866e-03 2.570225624367594719e-04 2.407553256489336491e-04 1.730835530906915665e-03 0.000000000000000000e+00 0.000000000000000000e+00 0.000000000000000000e+00 0.000000000000000000e+00 0.000000000000000000e+00 0.000000000000000000e+00 0.000000000000000000e+00 0.000000000000000000e+00 0.000000000000000000e+00 0.000000000000000000e+00 0.000000000000000000e+00 0.000000000000000000e+00 0.000000000000000000e+00 5.422416961664566770e-06 1.324479654431343079e-02 2.924634888768196106e-02 3.482146263122558594e-01 2.148079723119735718e-01 1.211433038115501404e-01 1.234066262841224670e-01 1.264312416315078735e-01 1.966493763029575348e-02 3.493121126666665077e-03 2.234035928267985582e-04 1.160397296189330518e-04 2.168966830140561797e-06 0.000000000000000000e+00 0.000000000000000000e+00 0.000000000000000000e+00 0.000000000000000000e+00 0.000000000000000000e+00 0.000000000000000000e+00 0.000000000000000000e+00 0.000000000000000000e+00 0.000000000000000000e+00 0.000000000000000000e+00 0.000000000000000000e+00 0.000000000000000000e+00 0.000000000000000000e+00 0.000000000000000000e+00 0.000000000000000000e+00 0.000000000000000000e+00 0.000000000000000000e+00 1.618049223907291889e-03 9.441512636840343475e-03 2.709158957004547119e-01 3.023409545421600342e-01 1.795622557401657104e-01 2.211966663599014282e-01 1.380872726440429688e-02 1.115933409892022610e-03 0.000000000000000000e+00 0.000000000000000000e+00 0.000000000000000000e+00 0.000000000000000000e+00 0.000000000000000000e+00 0.000000000000000000e+00 0.000000000000000000e+00 0.000000000000000000e+00 0.000000000000000000e+00 0.000000000000000000e+00 0.000000000000000000e+00 0.000000000000000000e+00 0.000000000000000000e+00
2.458407729864120483e-02 1.023552566766738892e-01 2.772950232028961182e-01 2.240088880062103271e-01 1.871616542339324951e-01 1.491632014513015747e-01 7.047187536954879761e-02 8.514062315225601196e-02 1.309128850698471069e-01 1.526911258697509766e-01 1.730829626321792603e-01 1.573496311902999878e-01 1.517049670219421387e-01 1.842980384826660156e-01 2.106027603149414062e-01 1.919109374284744263e-01 1.302856951951980591e-01 8.323017507791519165e-02 6.892453879117965698e-02 5.773007869720458984e-02 5.056694149971008301e-02 4.060622304677963257e-02 2.849574014544487000e-02 2.099425718188285828e-02 1.905080117285251617e-02 1.151218079030513763e-02 6.020169239491224289e-03 3.313362598419189453e-03 1.827919622883200645e-03 1.551462337374687195e-03 1.827919622883200645e-03 1.328645972535014153e-03 0.000000000000000000e+00 0.000000000000000000e+00 0.000000000000000000e+00 0.000000000000000000e+00 0.000000000000000000e+00 0.000000000000000000e+00 0.000000000000000000e+00 0.000000000000000000e+00 0.000000000000000000e+00 0.000000000000000000e+00 0.000000000000000000e+00 0.000000000000000000e+00 0.000000000000000000e+00 2.093373797833919525e-03 6.576384603977203369e-02 1.530473530292510986e-01 3.316814601421356201e-01 9.276451915502548218e-02 3.453159034252166748e-01 9.051572531461715698e-03 2.819590154103934765e-04 0.000000000000000000e+00 0.000000000000000000e+00 0.000000000000000000e+00 0.000000000000000000e+00 0.000000000000000000e+00 0.000000000000000000e+00 0.000000000000000000e+00 0.000000000000000000e+00 0.000000000000000000e+00 0.000000000000000000e+00 0.000000000000000000e+00 0.000000000000000000e+00 0.000000000000000000e+00 0.000000000000000000e+00 0.000000000000000000e+00 0.000000000000000000e+00 0.000000000000000000e+00 0.000000000000000000e+00 0.000000000000000000e+00 0.000000000000000000e+00 0.000000000000000000e+00 0.000000000000000000e+00 3.603574004955589771e-04 2.237241715192794800e-02 3.837242126464843750e-01 1.153900101780891418e-01 1.661426424980163574e-01 3.120103478431701660e-01 0.000000000000000000e+00 0.000000000000000000e+00 0.000000000000000000e+00 0.000000000000000000e+00 0.000000000000000000e+00 0.000000000000000000e+00 0.000000000000000000e+00 0.000000000000000000e+00 0.000000000000000000e+00 0.000000000000000000e+00 0.000000000000000000e+00 0.000000000000000000e+00 0.000000000000000000e+00 0.000000000000000000e+00 0.000000000000000000e+00
1.708149095065891743e-03 3.644051402807235718e-02 6.816740334033966064e-02 5.543917044997215271e-02 5.016576871275901794e-02 3.978954628109931946e-02 3.187343850731849670e-02 3.058091551065444946e-02 2.668652683496475220e-02 2.052421681582927704e-02 3.322602435946464539e-02 1.268426924943923950e-01 2.565491199493408203e-01 2.752522826194763184e-01 2.584999203681945801e-01 3.434965312480926514e-01 4.599053263664245605e-01 5.183908343315124512e-01 1.939193755388259888e-01 3.708197176456451416e-02 2.302517741918563843e-02 1.484480127692222595e-02 1.402316056191921234e-02 2.040169201791286469e-02 2.828416228294372559e-02 2.247020974755287170e-02 9.256679564714431763e-03 2.323179040104150772e-03 7.880069315433502197e-04 4.324428300606086850e-05 0.000000000000000000e+00 0.000000000000000000e+00 0.000000000000000000e+00 0.000000000000000000e+00 0.000000000000000000e+00 0.000000000000000000e+00 0.000000000000000000e+00 0.000000000000000000e+00 0.000000000000000000e+00 0.000000000000000000e+00 0.000000000000000000e+00 0.000000000000000000e+00 0.000000000000000000e+00 0.000000000000000000e+00 0.000000000000000000e+00 0.000000000000000000e+00 0.000000000000000000e+00 4.556665953714400530e-04 7.700885534286499023e-01 1.788191050291061401e-01 2.204897813498973846e-02 8.575180545449256897e-03 1.681241579353809357e-02 3.200076986104249954e-03 0.000000000000000000e+00 0.000000000000000000e+00 0.000000000000000000e+00 0.000000000000000000e+00 0.000000000000000000e+00 0.000000000000000000e+00 0.000000000000000000e+00 0.000000000000000000e+00 0.000000000000000000e+00 0.000000000000000000e+00 0.000000000000000000e+00 0.000000000000000000e+00 0.000000000000000000e+00 0.000000000000000000e+00 0.000000000000000000e+00 0.000000000000000000e+00 0.000000000000000000e+00 0.000000000000000000e+00 0.000000000000000000e+00 1.448683440685272217e-03 1.156784500926733017e-02 1.175764016807079315e-02 7.659843657165765762e-03 1.554151438176631927e-02 3.962473571300506592e-01 5.540962219238281250e-01 1.680921297520399094e-03 0.000000000000000000e+00 0.000000000000000000e+00 0.000000000000000000e+00 0.000000000000000000e+00 0.000000000000000000e+00 0.000000000000000000e+00 0.000000000000000000e+00 0.000000000000000000e+00 0.000000000000000000e+00 0.000000000000000000e+00 0.000000000000000000e+00 0.000000000000000000e+00 0.000000000000000000e+00 0.000000000000000000e+00 0.000000000000000000e+00
4.940541461110115051e-03 1.063565909862518311e-01 2.825614213943481445e-01 4.692164659500122070e-01 2.450027465820312500e-01 1.719918549060821533e-01 1.072250008583068848e-01 8.640666306018829346e-02 7.507627457380294800e-02 8.471092581748962402e-02 1.077648252248764038e-01 1.048955470323562622e-01 9.009153395891189575e-02 1.010111868381500244e-01 1.952922046184539795e-01 3.208711445331573486e-01 1.557796150445938110e-01 9.516703337430953979e-02 6.168048828840255737e-02 4.670630395412445068e-02 4.436512291431427002e-02 3.177906572818756104e-02 9.869347326457500458e-03 2.171021769754588604e-04 8.214676927309483290e-05 6.454389222199097276e-05 4.694100789492949843e-05 4.694100789492949843e-05 5.280863842926919460e-05 4.694100789492949843e-05 1.290877844439819455e-04 5.515568773262202740e-04 0.000000000000000000e+00 0.000000000000000000e+00 0.000000000000000000e+00 0.000000000000000000e+00 0.000000000000000000e+00 0.000000000000000000e+00 0.000000000000000000e+00 0.000000000000000000e+00 0.000000000000000000e+00 0.000000000000000000e+00 0.000000000000000000e+00 0.000000000000000000e+00 0.000000000000000000e+00 0.000000000000000000e+00 0.000000000000000000e+00 1.663256883621215820e-01 3.866257369518280029e-01 3.368447721004486084e-01 1.100884079933166504e-01 1.153966513811610639e-04 0.000000000000000000e+00 0.000000000000000000e+00 0.000000000000000000e+00 0.000000000000000000e+00 0.000000000000000000e+00 0.000000000000000000e+00 0.000000000000000000e+00 0.000000000000000000e+00 0.000000000000000000e+00 0.000000000000000000e+00 0.000000000000000000e+00 0.000000000000000000e+00 0.000000000000000000e+00 0.000000000000000000e+00 0.000000000000000000e+00 0.000000000000000000e+00 0.000000000000000000e+00 0.000000000000000000e+00 0.000000000000000000e+00 0.000000000000000000e+00 0.000000000000000000e+00 0.000000000000000000e+00 0.000000000000000000e+00 0.000000000000000000e+00 2.380300499498844147e-02 2.035851180553436279e-01 2.324753552675247192e-01 2.092160880565643311e-01 3.290564715862274170e-01 1.863949350081384182e-03 0.000000000000000000e+00 0.000000000000000000e+00 0.000000000000000000e+00 0.000000000000000000e+00 0.000000000000000000e+00 0.000000000000000000e+00 0.000000000000000000e+00 0.000000000000000000e+00 0.000000000000000000e+00 0.000000000000000000e+00 0.000000000000000000e+00 0.000000000000000000e+00 0.000000000000000000e+00 0.000000000000000000e+00
5.399129167199134827e-02 6.491600722074508667e-02 8.186703175306320190e-02 8.809252083301544189e-02 1.055160164833068848e-01 1.299663335084915161e-01 1.590857803821563721e-01 1.585855185985565186e-01 1.649383902549743652e-01 1.797470897436141968e-01 1.541804373264312744e-01 1.413148939609527588e-01 1.323008984327316284e-01 1.365415453910827637e-01 1.471304446458816528e-01 1.501991748809814453e-01 1.262745857238769531e-01 1.066879257559776306e-01 1.082489266991615295e-01 1.200676262378692627e-01 1.271801590919494629e-01 1.453192979097366333e-01 1.002910435199737549e-01 5.363230407238006592e-02 2.580983936786651611e-02 2.637494914233684540e-02 9.620789438486099243e-03 2.086743013933300972e-03 3.242442107875831425e-05 0.000000000000000000e+00 0.000000000000000000e+00 0.000000000000000000e+00 0.000000000000000000e+00 0.000000000000000000e+00 0.000000000000000000e+00 0.000000000000000000e+00 0.000000000000000000e+00 0.000000000000000000e+00 0.000000000000000000e+00 0.000000000000000000e+00 0.000000000000000000e+00 0.000000000000000000e+00 0.000000000000000000e+00 0.000000000000000000e+00 1.694561913609504700e-03 5.829756334424018860e-02 9.583500772714614868e-02 1.368032544851303101e-01 1.683807820081710815e-01 1.972385197877883911e-01 2.088348865509033203e-01 9.755195677280426025e-02 2.389293722808361053e-02 5.915912799537181854e-03 3.446252550929784775e-03 1.997189829126000404e-03 1.103974282159470022e-04 7.720100256847217679e-07 0.000000000000000000e+00 0.000000000000000000e+00 0.000000000000000000e+00 0.000000000000000000e+00 0.000000000000000000e+00 0.000000000000000000e+00 0.000000000000000000e+00 0.000000000000000000e+00 0.000000000000000000e+00 0.000000000000000000e+00 0.000000000000000000e+00 0.000000000000000000e+00 0.000000000000000000e+00 0.000000000000000000e+00 4.554858969640918076e-05 5.944477015873417258e-05 1.527807791717350483e-03 7.359571289271116257e-03 4.800898581743240356e-02 1.765787601470947266e-01 2.601526975631713867e-01 2.508646547794342041e-01 1.709662526845932007e-01 8.184618502855300903e-02 2.590093528851866722e-03 0.000000000000000000e+00 0.000000000000000000e+00 0.000000000000000000e+00 0.000000000000000000e+00 0.000000000000000000e+00 0.000000000000000000e+00 0.000000000000000000e+00 0.000000000000000000e+00 0.000000000000000000e+00 0.000000000000000000e+00 0.000000000000000000e+00 0.000000000000000000e+00 0.000000000000000000e+00
6.322877109050750732e-02 6.192639470100402832e-02 1.771178841590881348e-01 1.956105977296829224e-01 2.400592267513275146e-01 2.080645412206649780e-01 1.060392558574676514e-01 4.366007819771766663e-02 1.169593632221221924e-02 1.392930559813976288e-02 3.565251082181930542e-02 6.814574450254440308e-02 8.850806951522827148e-02 1.059476807713508606e-01 1.582639813423156738e-01 1.888189017772674561e-01 1.710562407970428467e-01 1.433528065681457520e-01 1.412898600101470947e-01 1.643739491701126099e-01 1.876030266284942627e-01 1.765913367271423340e-01 1.202687174081802368e-01 7.577175647020339966e-02 4.243401437997817993e-02 9.650801308453083038e-03 9.182760259136557579e-04 2.034960562014020979e-05 0.000000000000000000e+00 0.000000000000000000e+00 0.000000000000000000e+00 0.000000000000000000e+00 0.000000000000000000e+00 0.000000000000000000e+00 0.000000000000000000e+00 0.000000000000000000e+00 0.000000000000000000e+00 0.000000000000000000e+00 0.000000000000000000e+00 0.000000000000000000e+00 0.000000000000000000e+00 0.000000000000000000e+00 0.000000000000000000e+00 0.000000000000000000e+00 0.000000000000000000e+00 0.000000000000000000e+00 1.087008160538971424e-03 3.465062975883483887e-01 2.137641422450542450e-02 5.549142360687255859e-01 7.611600309610366821e-02 0.000000000000000000e+00 0.000000000000000000e+00 0.000000000000000000e+00 0.000000000000000000e+00 0.000000000000000000e+00 0.000000000000000000e+00 0.000000000000000000e+00 0.000000000000000000e+00 0.000000000000000000e+00 0.000000000000000000e+00 0.000000000000000000e+00 0.000000000000000000e+00 0.000000000000000000e+00 0.000000000000000000e+00 0.000000000000000000e+00 0.000000000000000000e+00 0.000000000000000000e+00 0.000000000000000000e+00 0.000000000000000000e+00 0.000000000000000000e+00 0.000000000000000000e+00 0.000000000000000000e+00 0.000000000000000000e+00 0.000000000000000000e+00 0.000000000000000000e+00 0.000000000000000000e+00 3.292396664619445801e-03 6.337774395942687988e-01 3.365070223808288574e-01 2.642311528325080872e-02 0.000000000000000000e+00 0.000000000000000000e+00 0.000000000000000000e+00 0.000000000000000000e+00 0.000000000000000000e+00 0.000000000000000000e+00 0.000000000000000000e+00 0.000000000000000000e+00 0.000000000000000000e+00 0.000000000000000000e+00 0.000000000000000000e+00 0.000000000000000000e+00 0.000000000000000000e+00 0.000000000000000000e+00 0.000000000000000000e+00
6.681895256042480469e-02 2.578690648078918457e-02 1.236924994736909866e-02 9.385144338011741638e-03 1.239570043981075287e-02 1.985716819763183594e-02 9.834082424640655518e-02 3.661961555480957031e-01 4.671123325824737549e-01 2.744583487510681152e-01 1.052804887294769287e-01 3.384470939636230469e-02 2.361314743757247925e-02 2.689782902598381042e-02 3.613629192113876343e-02 3.079327568411827087e-02 4.295573011040687561e-02 5.799167603254318237e-02 9.274532645940780640e-02 1.503162086009979248e-01 2.384038269519805908e-01 3.047009706497192383e-01 1.705797612667083740e-01 5.751556903123855591e-02 3.980571031570434570e-02 6.546276807785034180e-02 1.138048022985458374e-01 5.608964711427688599e-02 3.342390700709074736e-04 7.213792741822544485e-06 0.000000000000000000e+00 0.000000000000000000e+00 0.000000000000000000e+00 0.000000000000000000e+00 0.000000000000000000e+00 0.000000000000000000e+00 0.000000000000000000e+00 0.000000000000000000e+00 0.000000000000000000e+00 0.000000000000000000e+00 3.606896279961802065e-05 5.609926301985979080e-03 3.436731174588203430e-02 2.402794212102890015e-01 1.363118290901184082e-01 2.037816308438777924e-02 1.773310638964176178e-02 2.129271253943443298e-02 8.491516113281250000e-02 7.788170874118804932e-02 1.422479748725891113e-02 2.158446982502937317e-02 2.028037607669830322e-02 9.822300076484680176e-02 2.007037401199340820e-01 2.895135432481765747e-03 1.075656618922948837e-03 1.411498757079243660e-03 7.943187374621629715e-04 1.603065015842730645e-06 0.000000000000000000e+00 0.000000000000000000e+00 0.000000000000000000e+00 0.000000000000000000e+00 0.000000000000000000e+00 0.000000000000000000e+00 1.190275768749415874e-03 7.403675466775894165e-02 1.333661973476409912e-01 6.466363370418548584e-02 3.780027478933334351e-02 1.482594758272171021e-02 1.453178469091653824e-02 8.531512692570686340e-03 5.199541337788105011e-03 5.448016803711652756e-03 6.778560578823089600e-03 1.003117952495813370e-02 1.985075511038303375e-02 1.084866300225257874e-01 6.463878601789474487e-02 2.310329377651214600e-01 1.896818727254867554e-01 6.010692566633224487e-03 3.045022021979093552e-03 5.057670059613883495e-04 2.653072588145732880e-04 7.774865662213414907e-05 8.015325079213653225e-07 0.000000000000000000e+00 0.000000000000000000e+00 0.000000000000000000e+00 0.000000000000000000e+00 0.000000000000000000e+00 0.000000000000000000e+00 0.000000000000000000e+00
8.869343250989913940e-02 1.471981853246688843e-01 1.476805210113525391e-01 7.884806394577026367e-02 4.319761693477630615e-02 3.094055876135826111e-02 2.357781305909156799e-02 2.560646831989288330e-02 6.233508512377738953e-02 1.023265719413757324e-01 6.715846061706542969e-02 7.202440500259399414e-02 7.306000590324401855e-02 4.634699970483779907e-02 2.224428951740264893e-02 2.249964512884616852e-02 3.589161485433578491e-02 7.230813056230545044e-02 7.352815866470336914e-01 3.830755949020385742e-01 2.669031023979187012e-01 4.387998282909393311e-01 8.781387470662593842e-03 4.497091751545667648e-03 7.235069060698151588e-04 0.000000000000000000e+00 0.000000000000000000e+00 0.000000000000000000e+00 0.000000000000000000e+00 0.000000000000000000e+00 0.000000000000000000e+00 0.000000000000000000e+00 0.000000000000000000e+00 0.000000000000000000e+00 0.000000000000000000e+00 0.000000000000000000e+00 0.000000000000000000e+00 0.000000000000000000e+00 0.000000000000000000e+00 0.000000000000000000e+00 0.000000000000000000e+00 0.000000000000000000e+00 0.000000000000000000e+00 0.000000000000000000e+00 0.000000000000000000e+00 0.000000000000000000e+00 0.000000000000000000e+00 4.638955928385257721e-03 8.413297533988952637e-01 3.513973578810691833e-02 7.724972814321517944e-02 4.062987491488456726e-02 1.011963817290961742e-03 0.000000000000000000e+00 0.000000000000000000e+00 0.000000000000000000e+00 0.000000000000000000e+00 0.000000000000000000e+00 0.000000000000000000e+00 0.000000000000000000e+00 0.000000000000000000e+00 0.000000000000000000e+00 0.000000000000000000e+00 0.000000000000000000e+00 0.000000000000000000e+00 0.000000000000000000e+00 0.000000000000000000e+00 0.000000000000000000e+00 0.000000000000000000e+00 0.000000000000000000e+00 0.000000000000000000e+00 0.000000000000000000e+00 0.000000000000000000e+00 0.000000000000000000e+00 0.000000000000000000e+00 0.000000000000000000e+00 1.261171791702508926e-02 9.175296872854232788e-02 5.577623471617698669e-02 7.299238443374633789e-01 1.099352166056632996e-01 0.000000000000000000e+00 0.000000000000000000e+00 0.000000000000000000e+00 0.000000000000000000e+00 0.000000000000000000e+00 0.000000000000000000e+00 0.000000000000000000e+00 0.000000000000000000e+00 0.000000000000000000e+00 0.000000000000000000e+00 0.000000000000000000e+00 0.000000000000000000e+00 0.000000000000000000e+00 0.000000000000000000e+00 0.000000000000000000e+00
3.846993204206228256e-04 2.348303049802780151e-02 8.028756827116012573e-02 4.667139425873756409e-02 5.011732131242752075e-02 8.162173628807067871e-02 8.430644869804382324e-02 7.621958106756210327e-02 9.345738589763641357e-02 1.137482225894927979e-01 1.347020715475082397e-01 1.619174927473068237e-01 1.711748391389846802e-01 3.354496359825134277e-01 3.585561513900756836e-01 3.796327710151672363e-01 3.122367262840270996e-01 3.829559087753295898e-01 4.747353494167327881e-02 1.805631443858146667e-02 1.178653351962566376e-02 1.249045133590698242e-02 1.104987505823373795e-02 6.089708302170038223e-03 3.814253024756908417e-03 1.931681763380765915e-03 3.765142755582928658e-04 8.185092156054452062e-06 0.000000000000000000e+00 0.000000000000000000e+00 0.000000000000000000e+00 0.000000000000000000e+00 0.000000000000000000e+00 0.000000000000000000e+00 0.000000000000000000e+00 0.000000000000000000e+00 0.000000000000000000e+00 0.000000000000000000e+00 0.000000000000000000e+00 0.000000000000000000e+00 0.000000000000000000e+00 0.000000000000000000e+00 0.000000000000000000e+00 0.000000000000000000e+00 0.000000000000000000e+00 2.728364052018150687e-06 3.055767738260328770e-04 3.304867446422576904e-02 3.325548470020294189e-01 4.919731616973876953e-01 9.213685244321823120e-02 1.839190162718296051e-02 6.687220185995101929e-03 5.429444368928670883e-03 6.769071333110332489e-03 2.259085420519113541e-03 1.044963486492633820e-03 9.603841463103890419e-04 1.104987459257245064e-03 1.497871824540197849e-03 4.226236138492822647e-03 1.607006415724754333e-03 0.000000000000000000e+00 0.000000000000000000e+00 0.000000000000000000e+00 0.000000000000000000e+00 0.000000000000000000e+00 0.000000000000000000e+00 0.000000000000000000e+00 0.000000000000000000e+00 0.000000000000000000e+00 0.000000000000000000e+00 0.000000000000000000e+00 0.000000000000000000e+00 2.373676688876003027e-04 8.681654930114746094e-03 8.537051267921924591e-03 1.815999113023281097e-02 3.228473290801048279e-02 1.337716877460479736e-01 6.155898571014404297e-01 1.826230436563491821e-01 1.145912901847623289e-04 0.000000000000000000e+00 0.000000000000000000e+00 0.000000000000000000e+00 0.000000000000000000e+00 0.000000000000000000e+00 0.000000000000000000e+00 0.000000000000000000e+00 0.000000000000000000e+00 0.000000000000000000e+00 0.000000000000000000e+00 0.000000000000000000e+00 0.000000000000000000e+00 0.000000000000000000e+00
1.210490763187408447e-01 1.199373677372932434e-01 5.196677893400192261e-02 4.900613799691200256e-02 4.818699136376380920e-02 6.091421842575073242e-02 3.174785152077674866e-02 1.846828684210777283e-02 1.282084360718727112e-02 1.075892895460128784e-02 8.289782330393791199e-03 8.278080262243747711e-03 9.602759033441543579e-03 1.239488646388053894e-02 1.576743647456169128e-02 2.065190114080905914e-02 2.914296090602874756e-02 5.794889479875564575e-02 1.411111801862716675e-01 3.309359550476074219e-01 4.940097033977508545e-01 6.270557641983032227e-01 4.506860971450805664e-01 1.693437248468399048e-01 9.270419180393218994e-02 7.054037880152463913e-03 1.661701098782941699e-04 0.000000000000000000e+00 0.000000000000000000e+00 0.000000000000000000e+00 0.000000000000000000e+00 0.000000000000000000e+00 0.000000000000000000e+00 0.000000000000000000e+00 0.000000000000000000e+00 0.000000000000000000e+00 0.000000000000000000e+00 0.000000000000000000e+00 0.000000000000000000e+00 0.000000000000000000e+00 0.000000000000000000e+00 0.000000000000000000e+00 0.000000000000000000e+00 0.000000000000000000e+00 0.000000000000000000e+00 0.000000000000000000e+00 0.000000000000000000e+00 1.898864051327109337e-03 1.611342877149581909e-01 8.369465470314025879e-01 2.028367453021928668e-05 0.000000000000000000e+00 0.000000000000000000e+00 0.000000000000000000e+00 0.000000000000000000e+00 0.000000000000000000e+00 0.000000000000000000e+00 0.000000000000000000e+00 0.000000000000000000e+00 0.000000000000000000e+00 0.000000000000000000e+00 0.000000000000000000e+00 0.000000000000000000e+00 0.000000000000000000e+00 0.000000000000000000e+00 0.000000000000000000e+00 0.000000000000000000e+00 0.000000000000000000e+00 0.000000000000000000e+00 0.000000000000000000e+00 0.000000000000000000e+00 0.000000000000000000e+00 0.000000000000000000e+00 0.000000000000000000e+00 0.000000000000000000e+00 0.000000000000000000e+00 0.000000000000000000e+00 4.294053837656974792e-02 7.980417013168334961e-01 8.800852298736572266e-02 7.100924849510192871e-02 0.000000000000000000e+00 0.000000000000000000e+00 0.000000000000000000e+00 0.000000000000000000e+00 0.000000000000000000e+00 0.000000000000000000e+00 0.000000000000000000e+00 0.000000000000000000e+00 0.000000000000000000e+00 0.000000000000000000e+00 0.000000000000000000e+00 0.000000000000000000e+00 0.000000000000000000e+00 0.000000000000000000e+00 0.000000000000000000e+00
5.427446588873863220e-02 5.061442404985427856e-02 7.219712436199188232e-02 1.279439032077789307e-01 1.832445412874221802e-01 2.134596109390258789e-01 2.237025201320648193e-01 2.031470537185668945e-01 1.679767966270446777e-01 1.352407634258270264e-01 1.096679866313934326e-01 9.019979834556579590e-02 7.682227343320846558e-02 7.177708297967910767e-02 6.906856596469879150e-02 6.454165279865264893e-02 6.291969120502471924e-02 6.806702911853790283e-02 7.769307494163513184e-02 9.696339070796966553e-02 1.280299723148345947e-01 1.696577072143554688e-01 1.859959065914154053e-01 1.478289067745208740e-01 8.489457517862319946e-02 3.761158138513565063e-02 1.499984320253133774e-02 5.758839659392833710e-03 2.661717589944601059e-03 2.035220852121710777e-03 8.993833325803279877e-04 1.046542165568098426e-04 0.000000000000000000e+00 0.000000000000000000e+00 0.000000000000000000e+00 0.000000000000000000e+00 0.000000000000000000e+00 0.000000000000000000e+00 0.000000000000000000e+00 0.000000000000000000e+00 0.000000000000000000e+00 0.000000000000000000e+00 0.000000000000000000e+00 3.571816478142864071e-07 1.750189949234481901e-05 7.080530631355941296e-04 5.894449539482593536e-03 8.495695888996124268e-02 3.132355511188507080e-01 3.542352318763732910e-01 1.503767967224121094e-01 5.105661600828170776e-02 2.364590018987655640e-02 1.131718140095472336e-02 3.582293633371591568e-03 9.653429151512682438e-04 7.738935892120935023e-06 0.000000000000000000e+00 0.000000000000000000e+00 0.000000000000000000e+00 0.000000000000000000e+00 0.000000000000000000e+00 0.000000000000000000e+00 0.000000000000000000e+00 0.000000000000000000e+00 0.000000000000000000e+00 5.322006472852081060e-05 1.027730642817914486e-03 1.720782020129263401e-03 1.938901026733219624e-03 3.758146194741129875e-03 5.743480753153562546e-03 8.095879107713699341e-03 1.170781906694173813e-02 1.963522657752037048e-02 3.732000291347503662e-02 5.256689712405204773e-02 1.175390705466270447e-01 3.093345463275909424e-01 2.999542355537414551e-01 1.156037449836730957e-01 1.084510609507560730e-02 2.879360225051641464e-03 2.758632763288915157e-04 0.000000000000000000e+00 0.000000000000000000e+00 0.000000000000000000e+00 0.000000000000000000e+00 0.000000000000000000e+00 0.000000000000000000e+00 0.000000000000000000e+00 0.000000000000000000e+00 0.000000000000000000e+00 0.000000000000000000e+00 0.000000000000000000e+00 0.000000000000000000e+00
6.404501199722290039e-02 2.340520173311233521e-02 1.311221066862344742e-02 1.427111774682998657e-02 2.504422701895236969e-02 3.832672536373138428e-02 5.015940964221954346e-02 5.930295586585998535e-02 7.296150922775268555e-02 1.070854216814041138e-01 1.291898041963577271e-01 1.024639829993247986e-01 8.890002965927124023e-02 1.330142021179199219e-01 1.590919792652130127e-01 1.617361903190612793e-01 1.681196391582489014e-01 2.420532107353210449e-01 2.556881010532379150e-01 2.376682758331298828e-01 1.873456686735153198e-01 2.192463874816894531e-01 3.036715984344482422e-01 1.222458183765411377e-01 1.691531948745250702e-02 2.831045538187026978e-03 1.844791579060256481e-03 2.530675556045025587e-04 7.095351975294761360e-06 0.000000000000000000e+00 0.000000000000000000e+00 0.000000000000000000e+00 0.000000000000000000e+00 0.000000000000000000e+00 0.000000000000000000e+00 0.000000000000000000e+00 0.000000000000000000e+00 0.000000000000000000e+00 0.000000000000000000e+00 0.000000000000000000e+00 0.000000000000000000e+00 0.000000000000000000e+00 0.000000000000000000e+00 3.153489842588896863e-06 1.411186676705256104e-04 3.104610601440072060e-03 9.923243895173072815e-03 1.773128472268581390e-02 3.188564479351043701e-01 5.372340679168701172e-01 3.137170523405075073e-02 8.163438737392425537e-02 0.000000000000000000e+00 0.000000000000000000e+00 0.000000000000000000e+00 0.000000000000000000e+00 0.000000000000000000e+00 0.000000000000000000e+00 0.000000000000000000e+00 0.000000000000000000e+00 0.000000000000000000e+00 0.000000000000000000e+00 0.000000000000000000e+00 0.000000000000000000e+00 0.000000000000000000e+00 0.000000000000000000e+00 0.000000000000000000e+00 0.000000000000000000e+00 0.000000000000000000e+00 0.000000000000000000e+00 0.000000000000000000e+00 0.000000000000000000e+00 0.000000000000000000e+00 0.000000000000000000e+00 0.000000000000000000e+00 1.324938703328371048e-02 6.833849102258682251e-02 2.854460105299949646e-02 4.963096380233764648e-01 3.343574404716491699e-01 5.622199177742004395e-02 2.946147928014397621e-03 3.232327071600593626e-05 0.000000000000000000e+00 0.000000000000000000e+00 0.000000000000000000e+00 0.000000000000000000e+00 0.000000000000000000e+00 0.000000000000000000e+00 0.000000000000000000e+00 0.000000000000000000e+00 0.000000000000000000e+00 0.000000000000000000e+00 0.000000000000000000e+00 0.000000000000000000e+00 0.000000000000000000e+00
3.525476157665252686e-01 2.031509876251220703e-01 1.312410235404968262e-01 9.831004589796066284e-02 6.827527284622192383e-02 4.246427491307258606e-02 3.132843226194381714e-02 2.516901120543479919e-02 2.012216858565807343e-02 1.507681421935558319e-02 1.335317455232143402e-02 1.253047864884138107e-02 1.848161779344081879e-02 1.620351374149322510e-01 2.434944510459899902e-01 2.191216647624969482e-01 2.230220139026641846e-01 1.882906556129455566e-01 1.514529883861541748e-01 1.474814713001251221e-01 1.462183594703674316e-01 6.434734165668487549e-02 6.605048477649688721e-02 7.380202412605285645e-02 8.756952732801437378e-02 6.735197454690933228e-02 5.097031965851783752e-02 4.710870981216430664e-02 1.686603203415870667e-02 9.139462374150753021e-03 2.898441627621650696e-03 7.280569407157599926e-04 0.000000000000000000e+00 0.000000000000000000e+00 0.000000000000000000e+00 0.000000000000000000e+00 0.000000000000000000e+00 0.000000000000000000e+00 0.000000000000000000e+00 0.000000000000000000e+00 0.000000000000000000e+00 0.000000000000000000e+00 0.000000000000000000e+00 0.000000000000000000e+00 0.000000000000000000e+00 0.000000000000000000e+00 2.483988339463394368e-07 3.341821208596229553e-02 8.547586202621459961e-01 1.118229404091835022e-01 0.000000000000000000e+00 0.000000000000000000e+00 0.000000000000000000e+00 0.000000000000000000e+00 0.000000000000000000e+00 0.000000000000000000e+00 0.000000000000000000e+00 0.000000000000000000e+00 0.000000000000000000e+00 0.000000000000000000e+00 0.000000000000000000e+00 0.000000000000000000e+00 0.000000000000000000e+00 0.000000000000000000e+00 0.000000000000000000e+00 0.000000000000000000e+00 0.000000000000000000e+00 0.000000000000000000e+00 0.000000000000000000e+00 0.000000000000000000e+00 0.000000000000000000e+00 0.000000000000000000e+00 0.000000000000000000e+00 0.000000000000000000e+00 0.000000000000000000e+00 0.000000000000000000e+00 0.000000000000000000e+00 2.568443887867033482e-04 1.446998864412307739e-01 7.050057649612426758e-01 1.500111520290374756e-01 1.800891368475276977e-05 3.601782964324229397e-06 3.104985353274969384e-06 1.614592292753513902e-06 0.000000000000000000e+00 0.000000000000000000e+00 0.000000000000000000e+00 0.000000000000000000e+00 0.000000000000000000e+00 0.000000000000000000e+00 0.000000000000000000e+00 0.000000000000000000e+00 0.000000000000000000e+00 0.000000000000000000e+00 0.000000000000000000e+00
2.339071797905489802e-04 2.494189422577619553e-03 1.066862978041172028e-02 2.993519604206085205e-02 5.159500241279602051e-02 6.910602748394012451e-02 1.077130287885665894e-01 1.411322057247161865e-01 1.499788165092468262e-01 2.027975320816040039e-01 2.420668601989746094e-01 2.382357120513916016e-01 2.459275424480438232e-01 3.267806470394134521e-01 3.594587147235870361e-01 2.414488494396209717e-01 1.340632885694503784e-01 8.936485648155212402e-02 8.959876000881195068e-02 9.328465163707733154e-02 9.402330219745635986e-02 5.271283537149429321e-02 1.433481741696596146e-02 3.902556840330362320e-03 1.585644437000155449e-03 8.322171634063124657e-04 3.545540384948253632e-04 6.155451992526650429e-04 5.293688736855983734e-04 8.519145194441080093e-04 1.019342918880283833e-03 3.353490494191646576e-03 0.000000000000000000e+00 0.000000000000000000e+00 0.000000000000000000e+00 0.000000000000000000e+00 0.000000000000000000e+00 0.000000000000000000e+00 0.000000000000000000e+00 0.000000000000000000e+00 0.000000000000000000e+00 0.000000000000000000e+00 0.000000000000000000e+00 0.000000000000000000e+00 0.000000000000000000e+00 0.000000000000000000e+00 3.745797788724303246e-03 3.720601648092269897e-02 7.621623277664184570e-01 1.204909235239028931e-01 2.748040109872817993e-02 2.943373098969459534e-02 1.778022944927215576e-02 1.698084059171378613e-03 2.462180873408215120e-06 0.000000000000000000e+00 0.000000000000000000e+00 0.000000000000000000e+00 0.000000000000000000e+00 0.000000000000000000e+00 0.000000000000000000e+00 0.000000000000000000e+00 0.000000000000000000e+00 0.000000000000000000e+00 0.000000000000000000e+00 0.000000000000000000e+00 0.000000000000000000e+00 0.000000000000000000e+00 0.000000000000000000e+00 0.000000000000000000e+00 0.000000000000000000e+00 0.000000000000000000e+00 0.000000000000000000e+00 0.000000000000000000e+00 0.000000000000000000e+00 2.503217197954654694e-03 3.102265857160091400e-02 4.001454263925552368e-02 7.205080240964889526e-02 8.397612571716308594e-01 1.464423164725303650e-02 3.282907755419728346e-06 0.000000000000000000e+00 0.000000000000000000e+00 0.000000000000000000e+00 0.000000000000000000e+00 0.000000000000000000e+00 0.000000000000000000e+00 0.000000000000000000e+00 0.000000000000000000e+00 0.000000000000000000e+00 0.000000000000000000e+00 0.000000000000000000e+00 0.000000000000000000e+00 0.000000000000000000e+00 0.000000000000000000e+00
2.477726340293884277e-02 6.877048313617706299e-02 7.628089934587478638e-02 7.828155905008316040e-02 8.718142658472061157e-02 1.000816226005554199e-01 1.135325580835342407e-01 1.175239607691764832e-01 1.085943505167961121e-01 9.017002582550048828e-02 7.160393148660659790e-02 6.207650154829025269e-02 5.983591824769973755e-02 6.923298537731170654e-02 1.017595827579498291e-01 1.342336386442184448e-01 1.459605097770690918e-01 1.365882307291030884e-01 1.397062093019485474e-01 1.584398448467254639e-01 2.357379496097564697e-01 1.686201244592666626e-01 1.054486110806465149e-01 1.073937490582466125e-01 1.800674200057983398e-01 1.412166208028793335e-01 5.973479896783828735e-02 2.955584973096847534e-02 1.699917390942573547e-02 7.224883884191513062e-03 3.023793920874595642e-03 3.455056285019963980e-04 0.000000000000000000e+00 0.000000000000000000e+00 0.000000000000000000e+00 0.000000000000000000e+00 0.000000000000000000e+00 0.000000000000000000e+00 0.000000000000000000e+00 0.000000000000000000e+00 0.000000000000000000e+00 0.000000000000000000e+00 0.000000000000000000e+00 2.412425601505674422e-05 1.913417072501033545e-04 1.928288111230358481e-04 4.910112358629703522e-03 1.787795722484588623e-01 2.030008286237716675e-01 3.900603055953979492e-01 1.637048870325088501e-01 4.445522278547286987e-02 1.226685382425785065e-02 2.380865858867764473e-03 3.304692654637619853e-05 0.000000000000000000e+00 0.000000000000000000e+00 0.000000000000000000e+00 0.000000000000000000e+00 0.000000000000000000e+00 0.000000000000000000e+00 0.000000000000000000e+00 0.000000000000000000e+00 0.000000000000000000e+00 0.000000000000000000e+00 0.000000000000000000e+00 0.000000000000000000e+00 0.000000000000000000e+00 0.000000000000000000e+00 0.000000000000000000e+00 0.000000000000000000e+00 0.000000000000000000e+00 3.304692654637619853e-06 3.106411022599786520e-04 1.722901477478444576e-03 1.719249784946441650e-02 7.030501961708068848e-02 1.516609340906143188e-01 4.896741509437561035e-01 1.339728981256484985e-01 1.345756798982620239e-01 5.819563521072268486e-04 0.000000000000000000e+00 0.000000000000000000e+00 0.000000000000000000e+00 0.000000000000000000e+00 0.000000000000000000e+00 0.000000000000000000e+00 0.000000000000000000e+00 0.000000000000000000e+00 0.000000000000000000e+00 0.000000000000000000e+00 0.000000000000000000e+00 0.000000000000000000e+00 0.000000000000000000e+00 0.000000000000000000e+00
1.546373963356018066e-01 1.024992987513542175e-01 1.091547459363937378e-01 1.240751296281814575e-01 1.428969055414199829e-01 1.643727272748947144e-01 1.553266048431396484e-01 1.530246436595916748e-01 1.450008600950241089e-01 1.303172111511230469e-01 1.335430890321731567e-01 1.356026828289031982e-01 1.278720647096633911e-01 1.183976531028747559e-01 1.087123304605484009e-01 1.112078726291656494e-01 1.134122312068939209e-01 9.757758677005767822e-02 8.421710878610610962e-02 7.610863447189331055e-02 7.908650487661361694e-02 7.945550978183746338e-02 7.216046005487442017e-02 6.392413377761840820e-02 5.973358824849128723e-02 5.195298045873641968e-02 3.691442683339118958e-02 2.234207279980182648e-02 1.550233364105224609e-02 1.120249275118112564e-02 1.042495667934417725e-02 9.343745186924934387e-03 0.000000000000000000e+00 0.000000000000000000e+00 0.000000000000000000e+00 0.000000000000000000e+00 0.000000000000000000e+00 0.000000000000000000e+00 0.000000000000000000e+00 0.000000000000000000e+00 0.000000000000000000e+00 0.000000000000000000e+00 0.000000000000000000e+00 0.000000000000000000e+00 0.000000000000000000e+00 0.000000000000000000e+00 6.452584329963428900e-06 4.081098362803459167e-02 2.513369023799896240e-01 2.484922409057617188e-01 1.740706861019134521e-01 1.361299008131027222e-01 8.906340599060058594e-02 5.245937407016754150e-02 7.617813535034656525e-03 1.223302388098090887e-05 0.000000000000000000e+00 0.000000000000000000e+00 0.000000000000000000e+00 0.000000000000000000e+00 0.000000000000000000e+00 0.000000000000000000e+00 0.000000000000000000e+00 0.000000000000000000e+00 0.000000000000000000e+00 0.000000000000000000e+00 0.000000000000000000e+00 0.000000000000000000e+00 3.247800632379949093e-04 4.633762000594288111e-04 7.971629966050386429e-04 1.954595325514674187e-03 5.126981530338525772e-03 1.501086167991161346e-02 6.835316866636276245e-02 1.136544719338417053e-01 1.309326142072677612e-01 1.641607284545898438e-01 2.289161831140518188e-01 2.124141007661819458e-01 5.789097398519515991e-02 0.000000000000000000e+00 0.000000000000000000e+00 0.000000000000000000e+00 0.000000000000000000e+00 0.000000000000000000e+00 0.000000000000000000e+00 0.000000000000000000e+00 0.000000000000000000e+00 0.000000000000000000e+00 0.000000000000000000e+00 0.000000000000000000e+00 0.000000000000000000e+00 0.000000000000000000e+00 0.000000000000000000e+00 0.000000000000000000e+00
1.991395801305770874e-01 6.470881402492523193e-02 2.564676478505134583e-02 2.799873426556587219e-02 2.823299355804920197e-02 4.472488537430763245e-02 5.921463668346405029e-02 7.413542270660400391e-02 1.037958413362503052e-01 9.213595092296600342e-02 1.341153085231781006e-01 1.618048250675201416e-01 1.314322501420974731e-01 8.705719560384750366e-02 7.725577056407928467e-02 6.825394183397293091e-02 9.355087578296661377e-02 1.293426603078842163e-01 1.103926002979278564e-01 7.981701195240020752e-02 2.133201360702514648e-01 3.143267035484313965e-01 4.594116210937500000e-01 2.147069424390792847e-01 5.175580270588397980e-03 1.030743296723812819e-04 7.496314356103539467e-05 1.124447153415530920e-04 1.249385695700766519e-05 0.000000000000000000e+00 0.000000000000000000e+00 0.000000000000000000e+00 0.000000000000000000e+00 0.000000000000000000e+00 0.000000000000000000e+00 0.000000000000000000e+00 0.000000000000000000e+00 0.000000000000000000e+00 0.000000000000000000e+00 0.000000000000000000e+00 0.000000000000000000e+00 0.000000000000000000e+00 0.000000000000000000e+00 0.000000000000000000e+00 0.000000000000000000e+00 1.426382077625021338e-04 2.799665089696645737e-03 1.032513193786144257e-02 6.433711647987365723e-01 1.569884419441223145e-01 5.952698364853858948e-02 3.833219408988952637e-02 5.968836322426795959e-02 2.873483113944530487e-02 9.058046271093189716e-05 0.000000000000000000e+00 0.000000000000000000e+00 0.000000000000000000e+00 0.000000000000000000e+00 0.000000000000000000e+00 0.000000000000000000e+00 0.000000000000000000e+00 0.000000000000000000e+00 0.000000000000000000e+00 0.000000000000000000e+00 0.000000000000000000e+00 0.000000000000000000e+00 0.000000000000000000e+00 0.000000000000000000e+00 0.000000000000000000e+00 0.000000000000000000e+00 0.000000000000000000e+00 1.405558869009837508e-04 8.592650294303894043e-03 4.951627925038337708e-02 5.625879764556884766e-02 4.188357293605804443e-02 3.277763351798057556e-02 1.824727803468704224e-01 6.134046316146850586e-01 1.493224129080772400e-02 2.082309583784081042e-05 0.000000000000000000e+00 0.000000000000000000e+00 0.000000000000000000e+00 0.000000000000000000e+00 0.000000000000000000e+00 0.000000000000000000e+00 0.000000000000000000e+00 0.000000000000000000e+00 0.000000000000000000e+00 0.000000000000000000e+00 0.000000000000000000e+00 0.000000000000000000e+00 0.000000000000000000e+00 0.000000000000000000e+00
1.625557057559490204e-02 1.022697426378726959e-02 1.311142556369304657e-02 1.626175455749034882e-02 1.858662813901901245e-02 2.730181813240051270e-02 4.427772760391235352e-02 6.960401684045791626e-02 7.720004767179489136e-02 7.301713526248931885e-02 5.954398959875106812e-02 5.718510970473289490e-02 6.105268746614456177e-02 6.835810840129852295e-02 7.431250810623168945e-02 7.997629791498184204e-02 9.543733298778533936e-02 1.400273144245147705e-01 1.815411597490310669e-01 1.790833473205566406e-01 2.012902200222015381e-01 1.938394904136657715e-01 2.293989360332489014e-01 3.268519937992095947e-01 2.840334773063659668e-01 1.863825768232345581e-01 1.299270838499069214e-01 7.475151121616363525e-02 9.679762646555900574e-03 1.301558688282966614e-03 1.700373541098088026e-04 1.236635398527141660e-05 0.000000000000000000e+00 0.000000000000000000e+00 0.000000000000000000e+00 0.000000000000000000e+00 0.000000000000000000e+00 0.000000000000000000e+00 0.000000000000000000e+00 0.000000000000000000e+00 0.000000000000000000e+00 0.000000000000000000e+00 0.000000000000000000e+00 0.000000000000000000e+00 5.152647190698189661e-06 3.709906013682484627e-05 1.207780442200601101e-03 9.778694249689579010e-03 4.423990845680236816e-01 3.778704106807708740e-01 1.523050367832183838e-01 1.101429853588342667e-02 2.759757917374372482e-03 1.720984117127954960e-03 7.914465968497097492e-04 1.102666501537896693e-04 0.000000000000000000e+00 0.000000000000000000e+00 0.000000000000000000e+00 0.000000000000000000e+00 0.000000000000000000e+00 0.000000000000000000e+00 0.000000000000000000e+00 0.000000000000000000e+00 0.000000000000000000e+00 0.000000000000000000e+00 0.000000000000000000e+00 0.000000000000000000e+00 0.000000000000000000e+00 0.000000000000000000e+00 0.000000000000000000e+00 0.000000000000000000e+00 0.000000000000000000e+00 0.000000000000000000e+00 4.122117752558551729e-05 1.597320660948753357e-04 1.153162447735667229e-03 4.418601095676422119e-02 4.095313549041748047e-01 5.125678181648254395e-01 2.952879108488559723e-02 2.407316816970705986e-03 3.606853133533149958e-04 6.389282498275861144e-05 0.000000000000000000e+00 0.000000000000000000e+00 0.000000000000000000e+00 0.000000000000000000e+00 0.000000000000000000e+00 0.000000000000000000e+00 0.000000000000000000e+00 0.000000000000000000e+00 0.000000000000000000e+00 0.000000000000000000e+00 0.000000000000000000e+00 0.000000000000000000e+00
4.400737211108207703e-02 4.109619557857513428e-02 2.291249856352806091e-02 1.179795339703559875e-01 1.541113555431365967e-01 1.062827557325363159e-01 1.295572817325592041e-01 2.060686647891998291e-01 2.248673290014266968e-01 2.015729695558547974e-01 1.322428137063980103e-01 9.806500375270843506e-02 1.019804626703262329e-01 1.125093027949333191e-01 1.201145648956298828e-01 9.462812542915344238e-02 6.830107420682907104e-02 5.274834483861923218e-02 6.537748873233795166e-02 8.484320342540740967e-02 1.261948049068450928e-01 1.326693296432495117e-01 1.423203498125076294e-01 2.169496268033981323e-01 1.369815319776535034e-01 3.900084272027015686e-02 2.253310382366180420e-02 4.041923210024833679e-03 3.719561573234386742e-05 4.959415491612162441e-06 0.000000000000000000e+00 0.000000000000000000e+00 0.000000000000000000e+00 0.000000000000000000e+00 0.000000000000000000e+00 0.000000000000000000e+00 0.000000000000000000e+00 0.000000000000000000e+00 0.000000000000000000e+00 0.000000000000000000e+00 0.000000000000000000e+00 0.000000000000000000e+00 0.000000000000000000e+00 0.000000000000000000e+00 0.000000000000000000e+00 0.000000000000000000e+00 1.347307843388989568e-04 9.483145922422409058e-02 6.925732493400573730e-01 2.071531265974044800e-01 4.457687959074974060e-03 8.497131639160215855e-04 0.000000000000000000e+00 0.000000000000000000e+00 0.000000000000000000e+00 0.000000000000000000e+00 0.000000000000000000e+00 0.000000000000000000e+00 0.000000000000000000e+00 0.000000000000000000e+00 0.000000000000000000e+00 0.000000000000000000e+00 0.000000000000000000e+00 0.000000000000000000e+00 0.000000000000000000e+00 0.000000000000000000e+00 0.000000000000000000e+00 0.000000000000000000e+00 0.000000000000000000e+00 0.000000000000000000e+00 0.000000000000000000e+00 0.000000000000000000e+00 0.000000000000000000e+00 0.000000000000000000e+00 0.000000000000000000e+00 0.000000000000000000e+00 1.653138497204054147e-06 1.008497085422277451e-02 1.022854670882225037e-01 6.370401978492736816e-01 2.505877017974853516e-01 0.000000000000000000e+00 0.000000000000000000e+00 0.000000000000000000e+00 0.000000000000000000e+00 0.000000000000000000e+00 0.000000000000000000e+00 0.000000000000000000e+00 0.000000000000000000e+00 0.000000000000000000e+00 0.000000000000000000e+00 0.000000000000000000e+00 0.000000000000000000e+00 0.000000000000000000e+00 0.000000000000000000e+00 0.000000000000000000e+00
1.074485108256340027e-01 7.604438811540603638e-02 4.569190740585327148e-02 3.715549781918525696e-02 2.778503112494945526e-02 2.389759197831153870e-02 2.697998285293579102e-02 7.455033063888549805e-02 4.945605248212814331e-02 5.220481753349304199e-02 3.141137212514877319e-02 1.706556417047977448e-02 2.283144742250442505e-02 1.165071129798889160e-01 1.624963730573654175e-01 1.876486837863922119e-01 1.479112356901168823e-01 1.977226585149765015e-01 2.255294620990753174e-01 2.465622127056121826e-01 2.572454214096069336e-01 2.195314764976501465e-01 2.121047377586364746e-01 1.802291870117187500e-01 1.272410750389099121e-01 5.701334029436111450e-02 1.350449584424495697e-02 1.185813732445240021e-02 1.032056845724582672e-02 1.032056845724582672e-02 7.470264099538326263e-03 1.626051589846611023e-02 0.000000000000000000e+00 0.000000000000000000e+00 0.000000000000000000e+00 0.000000000000000000e+00 0.000000000000000000e+00 0.000000000000000000e+00 0.000000000000000000e+00 0.000000000000000000e+00 0.000000000000000000e+00 0.000000000000000000e+00 0.000000000000000000e+00 0.000000000000000000e+00 0.000000000000000000e+00 0.000000000000000000e+00 0.000000000000000000e+00 6.720819976180791855e-03 4.176627099514007568e-01 5.756068229675292969e-01 9.670244253356941044e-06 0.000000000000000000e+00 0.000000000000000000e+00 0.000000000000000000e+00 0.000000000000000000e+00 0.000000000000000000e+00 0.000000000000000000e+00 0.000000000000000000e+00 0.000000000000000000e+00 0.000000000000000000e+00 0.000000000000000000e+00 0.000000000000000000e+00 0.000000000000000000e+00 0.000000000000000000e+00 0.000000000000000000e+00 0.000000000000000000e+00 0.000000000000000000e+00 0.000000000000000000e+00 0.000000000000000000e+00 0.000000000000000000e+00 0.000000000000000000e+00 0.000000000000000000e+00 0.000000000000000000e+00 0.000000000000000000e+00 0.000000000000000000e+00 0.000000000000000000e+00 0.000000000000000000e+00 0.000000000000000000e+00 2.635480165481567383e-01 6.465767621994018555e-01 8.987525105476379395e-02 0.000000000000000000e+00 0.000000000000000000e+00 0.000000000000000000e+00 0.000000000000000000e+00 0.000000000000000000e+00 0.000000000000000000e+00 0.000000000000000000e+00 0.000000000000000000e+00 0.000000000000000000e+00 0.000000000000000000e+00 0.000000000000000000e+00 0.000000000000000000e+00 0.000000000000000000e+00 0.000000000000000000e+00 0.000000000000000000e+00
8.530016057193279266e-03 4.597640410065650940e-02 1.009593904018402100e-01 1.360181421041488647e-01 1.838670969009399414e-01 1.965610384941101074e-01 2.340122312307357788e-01 2.526415586471557617e-01 2.697593569755554199e-01 2.612678408622741699e-01 2.429129183292388916e-01 2.314946204423904419e-01 2.236192971467971802e-01 1.710817068815231323e-01 1.202963367104530334e-01 9.406605362892150879e-02 7.228851318359375000e-02 4.371392726898193359e-02 2.531566470861434937e-02 2.080996707081794739e-02 1.338711939752101898e-02 5.564728286117315292e-03 3.793257754296064377e-03 2.613882068544626236e-03 2.262476133182644844e-03 1.978463260456919670e-03 1.747401664033532143e-03 2.016973216086626053e-03 1.809980836696922779e-03 2.026600996032357216e-03 2.286545000970363617e-03 2.532047778367996216e-02 0.000000000000000000e+00 0.000000000000000000e+00 0.000000000000000000e+00 0.000000000000000000e+00 0.000000000000000000e+00 0.000000000000000000e+00 0.000000000000000000e+00 0.000000000000000000e+00 0.000000000000000000e+00 0.000000000000000000e+00 0.000000000000000000e+00 0.000000000000000000e+00 0.000000000000000000e+00 0.000000000000000000e+00 3.149816067889332771e-03 1.667733788490295410e-01 4.516287446022033691e-01 1.543040871620178223e-01 9.269573539495468140e-02 6.687783449888229370e-02 3.587067499756813049e-02 2.343187108635902405e-02 5.147534422576427460e-03 1.203444771817885339e-04 0.000000000000000000e+00 0.000000000000000000e+00 0.000000000000000000e+00 0.000000000000000000e+00 0.000000000000000000e+00 0.000000000000000000e+00 0.000000000000000000e+00 0.000000000000000000e+00 0.000000000000000000e+00 0.000000000000000000e+00 0.000000000000000000e+00 0.000000000000000000e+00 0.000000000000000000e+00 0.000000000000000000e+00 0.000000000000000000e+00 0.000000000000000000e+00 0.000000000000000000e+00 0.000000000000000000e+00 1.432901481166481972e-03 7.347431499511003494e-03 3.674197196960449219e-02 9.519087523221969604e-02 1.720765531063079834e-01 4.286317229270935059e-01 2.513691186904907227e-01 7.209436502307653427e-03 0.000000000000000000e+00 0.000000000000000000e+00 0.000000000000000000e+00 0.000000000000000000e+00 0.000000000000000000e+00 0.000000000000000000e+00 0.000000000000000000e+00 0.000000000000000000e+00 0.000000000000000000e+00 0.000000000000000000e+00 0.000000000000000000e+00 0.000000000000000000e+00 0.000000000000000000e+00 0.000000000000000000e+00
1.566815227270126343e-01 2.608999609947204590e-01 3.985413908958435059e-01 2.539994120597839355e-01 1.393952220678329468e-01 1.177426055073738098e-01 1.306513696908950806e-01 1.612744033336639404e-01 2.180786430835723877e-01 2.278322428464889526e-01 1.897940039634704590e-01 1.570367515087127686e-01 1.287521272897720337e-01 1.026128977537155151e-01 9.280614554882049561e-02 7.914772629737854004e-02 6.034538894891738892e-02 4.440731555223464966e-02 3.077407926321029663e-02 1.634645834565162659e-02 9.266908280551433563e-03 5.532733164727687836e-03 3.429287346079945564e-03 2.721612341701984406e-03 1.818137825466692448e-03 1.342624775134027004e-03 1.205565175041556358e-03 1.043331343680620193e-03 1.311856321990489960e-03 1.169202383607625961e-03 1.258710748516023159e-03 2.780352253466844559e-03 0.000000000000000000e+00 0.000000000000000000e+00 0.000000000000000000e+00 0.000000000000000000e+00 0.000000000000000000e+00 0.000000000000000000e+00 0.000000000000000000e+00 0.000000000000000000e+00 0.000000000000000000e+00 0.000000000000000000e+00 0.000000000000000000e+00 0.000000000000000000e+00 0.000000000000000000e+00 0.000000000000000000e+00 3.878693969454616308e-04 3.215241432189941406e-01 5.628851652145385742e-01 4.169689118862152100e-02 6.492336839437484741e-02 5.845079664140939713e-03 2.441898919641971588e-03 2.955639210995286703e-04 0.000000000000000000e+00 0.000000000000000000e+00 0.000000000000000000e+00 0.000000000000000000e+00 0.000000000000000000e+00 0.000000000000000000e+00 0.000000000000000000e+00 0.000000000000000000e+00 0.000000000000000000e+00 0.000000000000000000e+00 0.000000000000000000e+00 0.000000000000000000e+00 0.000000000000000000e+00 0.000000000000000000e+00 0.000000000000000000e+00 0.000000000000000000e+00 0.000000000000000000e+00 0.000000000000000000e+00 0.000000000000000000e+00 0.000000000000000000e+00 0.000000000000000000e+00 2.055614441633224487e-02 4.903750494122505188e-02 1.035965606570243835e-02 1.348340213298797607e-01 4.651691317558288574e-01 1.011527925729751587e-01 2.188907265663146973e-01 0.000000000000000000e+00 0.000000000000000000e+00 0.000000000000000000e+00 0.000000000000000000e+00 0.000000000000000000e+00 0.000000000000000000e+00 0.000000000000000000e+00 0.000000000000000000e+00 0.000000000000000000e+00 0.000000000000000000e+00 0.000000000000000000e+00 0.000000000000000000e+00 0.000000000000000000e+00 0.000000000000000000e+00
2.655656933784484863e-01 6.143113970756530762e-02 1.840292662382125854e-02 1.531522721052169800e-02 2.778930030763149261e-02 8.188275992870330811e-02 1.363518983125686646e-01 7.244942337274551392e-02 3.961178660392761230e-02 3.017845377326011658e-02 2.137909457087516785e-02 3.001409024000167847e-02 1.318788379430770874e-01 1.606719493865966797e-01 1.754940748214721680e-01 1.555472910404205322e-01 2.002837210893630981e-01 8.939654380083084106e-02 6.360310316085815430e-02 1.598090231418609619e-01 3.906292915344238281e-01 4.524654746055603027e-01 1.476636826992034912e-01 2.903964370489120483e-02 2.757210657000541687e-02 1.375963725149631500e-02 1.373615581542253494e-03 4.050405113957822323e-04 3.522091355989687145e-05 0.000000000000000000e+00 0.000000000000000000e+00 0.000000000000000000e+00 0.000000000000000000e+00 0.000000000000000000e+00 0.000000000000000000e+00 0.000000000000000000e+00 0.000000000000000000e+00 0.000000000000000000e+00 0.000000000000000000e+00 0.000000000000000000e+00 0.000000000000000000e+00 0.000000000000000000e+00 0.000000000000000000e+00 0.000000000000000000e+00 0.000000000000000000e+00 1.056627370417118073e-03 3.235510587692260742e-01 3.061206042766571045e-01 2.348530441522598267e-01 6.630141288042068481e-02 4.440378770232200623e-02 2.189762517809867859e-02 1.815833733417093754e-03 0.000000000000000000e+00 0.000000000000000000e+00 0.000000000000000000e+00 0.000000000000000000e+00 0.000000000000000000e+00 0.000000000000000000e+00 0.000000000000000000e+00 0.000000000000000000e+00 0.000000000000000000e+00 0.000000000000000000e+00 0.000000000000000000e+00 0.000000000000000000e+00 0.000000000000000000e+00 0.000000000000000000e+00 0.000000000000000000e+00 0.000000000000000000e+00 0.000000000000000000e+00 0.000000000000000000e+00 0.000000000000000000e+00 0.000000000000000000e+00 0.000000000000000000e+00 0.000000000000000000e+00 7.102884119376540184e-04 3.170077875256538391e-02 5.355144292116165161e-02 4.279536753892898560e-02 1.266602724790573120e-01 2.751359939575195312e-01 4.167416691780090332e-01 5.270418524742126465e-02 0.000000000000000000e+00 0.000000000000000000e+00 0.000000000000000000e+00 0.000000000000000000e+00 0.000000000000000000e+00 0.000000000000000000e+00 0.000000000000000000e+00 0.000000000000000000e+00 0.000000000000000000e+00 0.000000000000000000e+00 0.000000000000000000e+00 0.000000000000000000e+00 0.000000000000000000e+00
1.710988144623115659e-04 5.225513875484466553e-02 2.032187283039093018e-01 1.073411777615547180e-01 2.404638379812240601e-01 4.046953618526458740e-01 2.105254232883453369e-01 8.026478439569473267e-02 1.042925119400024414e-01 1.327260136604309082e-01 1.596157550811767578e-01 1.450840234756469727e-01 9.478485584259033203e-02 6.484645605087280273e-02 7.592120766639709473e-02 1.156472414731979370e-01 1.969502866268157959e-01 2.059679627418518066e-01 1.519240885972976685e-01 8.912304043769836426e-02 5.139575153589248657e-02 3.711288794875144958e-02 2.529540471732616425e-02 1.773205772042274475e-02 1.649159193038940430e-02 7.831659168004989624e-03 3.853612113744020462e-03 3.340315539389848709e-03 1.014927169308066368e-03 1.127696741605177522e-04 0.000000000000000000e+00 0.000000000000000000e+00 0.000000000000000000e+00 0.000000000000000000e+00 0.000000000000000000e+00 0.000000000000000000e+00 0.000000000000000000e+00 0.000000000000000000e+00 0.000000000000000000e+00 0.000000000000000000e+00 0.000000000000000000e+00 0.000000000000000000e+00 0.000000000000000000e+00 0.000000000000000000e+00 0.000000000000000000e+00 0.000000000000000000e+00 0.000000000000000000e+00 2.027119100093841553e-01 2.160511463880538940e-01 1.249993517994880676e-01 2.559119760990142822e-01 1.514561474323272705e-01 4.721549525856971741e-02 5.832914030179381371e-04 3.240507794544100761e-04 2.851646859198808670e-04 4.394128627609461546e-04 2.203545409429352731e-05 0.000000000000000000e+00 0.000000000000000000e+00 0.000000000000000000e+00 0.000000000000000000e+00 0.000000000000000000e+00 0.000000000000000000e+00 0.000000000000000000e+00 0.000000000000000000e+00 0.000000000000000000e+00 0.000000000000000000e+00 0.000000000000000000e+00 0.000000000000000000e+00 0.000000000000000000e+00 0.000000000000000000e+00 0.000000000000000000e+00 8.036459621507674456e-05 2.816649386659264565e-03 7.833085209131240845e-02 1.874530166387557983e-01 2.352219820022583008e-01 7.720834016799926758e-02 1.769861727952957153e-01 2.418922483921051025e-01 1.036962567013688385e-05 0.000000000000000000e+00 0.000000000000000000e+00 0.000000000000000000e+00 0.000000000000000000e+00 0.000000000000000000e+00 0.000000000000000000e+00 0.000000000000000000e+00 0.000000000000000000e+00 0.000000000000000000e+00 0.000000000000000000e+00 0.000000000000000000e+00 0.000000000000000000e+00 0.000000000000000000e+00 0.000000000000000000e+00
1.086817532777786255e-01 1.569609493017196655e-01 2.006021738052368164e-01 3.337050080299377441e-01 2.475847601890563965e-01 1.693930327892303467e-01 1.666073501110076904e-01 1.074868589639663696e-01 4.364848881959915161e-02 2.089083939790725708e-02 1.832669973373413086e-02 3.121277317404747009e-02 3.626114875078201294e-02 6.196792423725128174e-02 1.549815535545349121e-01 1.282178759574890137e-01 1.500167101621627808e-01 1.701048910617828369e-01 2.056687027215957642e-01 1.668870002031326294e-01 1.915768384933471680e-01 1.130110099911689758e-01 1.243571378290653229e-02 1.329284976236522198e-03 5.738442996516823769e-04 4.176715156063437462e-04 3.958799643442034721e-04 3.958799643442034721e-04 3.631926083471626043e-04 1.271174114663153887e-04 1.634366781217977405e-04 3.631926119851414114e-06 0.000000000000000000e+00 0.000000000000000000e+00 0.000000000000000000e+00 0.000000000000000000e+00 0.000000000000000000e+00 0.000000000000000000e+00 0.000000000000000000e+00 0.000000000000000000e+00 0.000000000000000000e+00 0.000000000000000000e+00 0.000000000000000000e+00 0.000000000000000000e+00 0.000000000000000000e+00 0.000000000000000000e+00 4.697291005868464708e-04 3.582289675250649452e-03 3.755823075771331787e-01 1.482528001070022583e-01 4.438516199588775635e-01 2.826122753322124481e-02 0.000000000000000000e+00 0.000000000000000000e+00 0.000000000000000000e+00 0.000000000000000000e+00 0.000000000000000000e+00 0.000000000000000000e+00 0.000000000000000000e+00 0.000000000000000000e+00 0.000000000000000000e+00 0.000000000000000000e+00 0.000000000000000000e+00 0.000000000000000000e+00 0.000000000000000000e+00 0.000000000000000000e+00 0.000000000000000000e+00 0.000000000000000000e+00 0.000000000000000000e+00 0.000000000000000000e+00 0.000000000000000000e+00 0.000000000000000000e+00 0.000000000000000000e+00 0.000000000000000000e+00 0.000000000000000000e+00 2.421284079900942743e-06 1.817682087421417236e-01 2.854342758655548096e-01 5.296437814831733704e-02 3.768898248672485352e-01 1.014191135764122009e-01 1.187639776617288589e-03 3.341372066643089056e-04 0.000000000000000000e+00 0.000000000000000000e+00 0.000000000000000000e+00 0.000000000000000000e+00 0.000000000000000000e+00 0.000000000000000000e+00 0.000000000000000000e+00 0.000000000000000000e+00 0.000000000000000000e+00 0.000000000000000000e+00 0.000000000000000000e+00 0.000000000000000000e+00 0.000000000000000000e+00
2.420580014586448669e-02 1.894699782133102417e-02 2.847996354103088379e-02 4.867875203490257263e-02 8.903045952320098877e-02 1.445603668689727783e-01 1.999466419219970703e-01 2.330632209777832031e-01 2.361381649971008301e-01 2.255983352661132812e-01 1.930397152900695801e-01 1.639170944690704346e-01 1.474172174930572510e-01 1.542097926139831543e-01 1.441545039415359497e-01 1.196836754679679871e-01 1.056849136948585510e-01 9.821262955665588379e-02 9.224446117877960205e-02 8.590326458215713501e-02 7.841227203607559204e-02 7.355650514364242554e-02 7.108785212039947510e-02 6.886554509401321411e-02 6.166958808898925781e-02 4.547709971666336060e-02 2.479834482073783875e-02 1.229559071362018585e-02 5.960749927908182144e-03 3.097190055996179581e-03 1.585651189088821411e-03 7.764150359435006976e-05 0.000000000000000000e+00 0.000000000000000000e+00 0.000000000000000000e+00 0.000000000000000000e+00 0.000000000000000000e+00 0.000000000000000000e+00 0.000000000000000000e+00 0.000000000000000000e+00 0.000000000000000000e+00 0.000000000000000000e+00 0.000000000000000000e+00 0.000000000000000000e+00 0.000000000000000000e+00 0.000000000000000000e+00 1.078040571883320808e-03 2.078723013401031494e-01 5.529842376708984375e-01 1.240960657596588135e-01 7.819134742021560669e-02 3.161550313234329224e-02 4.048651549965143204e-03 1.138742081820964813e-04 0.000000000000000000e+00 0.000000000000000000e+00 0.000000000000000000e+00 0.000000000000000000e+00 0.000000000000000000e+00 0.000000000000000000e+00 0.000000000000000000e+00 0.000000000000000000e+00 0.000000000000000000e+00 0.000000000000000000e+00 0.000000000000000000e+00 0.000000000000000000e+00 0.000000000000000000e+00 0.000000000000000000e+00 0.000000000000000000e+00 0.000000000000000000e+00 0.000000000000000000e+00 1.458719179936451837e-05 3.300940443295985460e-04 1.190855982713401318e-03 5.902754142880439758e-03 1.669186539947986603e-02 4.108635708689689636e-02 9.430113434791564941e-02 1.234076470136642456e-01 3.159062266349792480e-01 4.009011983871459961e-01 2.672749978955835104e-04 0.000000000000000000e+00 0.000000000000000000e+00 0.000000000000000000e+00 0.000000000000000000e+00 0.000000000000000000e+00 0.000000000000000000e+00 0.000000000000000000e+00 0.000000000000000000e+00 0.000000000000000000e+00 0.000000000000000000e+00 0.000000000000000000e+00 0.000000000000000000e+00 0.000000000000000000e+00 0.000000000000000000e+00
